family,outcome,horizon_minutes,draw,shift_buckets,shift_days,permuted_coefficient,valid_observations
future_absolute_return,abs_forward_return_5m_bps,5,1,12489,130.09375,-0.05975959401128561,223142
future_absolute_return,abs_forward_return_5m_bps,5,2,24941,259.8020833333333,-0.15512526729248102,223850
future_absolute_return,abs_forward_return_5m_bps,5,3,17919,186.65625,0.07752236057688029,222809
future_absolute_return,abs_forward_return_5m_bps,5,4,14125,147.13541666666666,-0.12714941491247328,223063
future_absolute_return,abs_forward_return_5m_bps,5,5,14045,146.30208333333334,-0.11221552968641238,222874
future_absolute_return,abs_forward_return_5m_bps,5,6,34338,357.6875,0.02263654266290633,226456
future_absolute_return,abs_forward_return_5m_bps,5,7,23729,247.17708333333334,-0.4255343948018817,223310
future_absolute_return,abs_forward_return_5m_bps,5,8,8107,84.44791666666667,-0.2928807919679263,224373
future_absolute_return,abs_forward_return_5m_bps,5,9,31451,327.6145833333333,0.512768281407899,225042
future_absolute_return,abs_forward_return_5m_bps,5,10,29283,305.03125,-0.4541973821441726,225025
future_absolute_return,abs_forward_return_5m_bps,5,11,18790,195.72916666666666,-0.07074163823755852,223194
future_absolute_return,abs_forward_return_5m_bps,5,12,14421,150.21875,-0.057831030270050966,222736
future_absolute_return,abs_forward_return_5m_bps,5,13,17536,182.66666666666666,-0.03866260222945471,222892
future_absolute_return,abs_forward_return_5m_bps,5,14,15116,157.45833333333334,0.04726424894465318,222815
future_absolute_return,abs_forward_return_5m_bps,5,15,27653,288.0520833333333,-0.2231219022813936,224755
future_absolute_return,abs_forward_return_5m_bps,5,16,28301,294.8020833333333,-0.08776003200640606,224764
future_absolute_return,abs_forward_return_5m_bps,5,17,5259,54.78125,-0.045751437058206154,224884
future_absolute_return,abs_forward_return_5m_bps,5,18,22575,235.15625,-0.10944552233386635,223085
future_absolute_return,abs_forward_return_5m_bps,5,19,4144,43.166666666666664,0.1114009626792763,225178
future_absolute_return,abs_forward_return_5m_bps,5,20,24606,256.3125,-0.05201552831352655,223566
future_absolute_return,abs_forward_return_5m_bps,5,21,16893,175.96875,-0.4212233259430957,223322
future_absolute_return,abs_forward_return_5m_bps,5,22,26460,275.625,0.034909830154856276,224068
future_absolute_return,abs_forward_return_5m_bps,5,23,10005,104.21875,-0.07945698037740714,223813
future_absolute_return,abs_forward_return_5m_bps,5,24,16621,173.13541666666666,0.238979012101525,222987
future_absolute_return,abs_forward_return_5m_bps,5,25,10779,112.28125,-0.5401810536148698,223679
future_absolute_return,abs_forward_return_5m_bps,5,26,25760,268.3333333333333,0.070016960428769,224024
future_absolute_return,abs_forward_return_5m_bps,5,27,24612,256.375,-0.10654753943301483,223518
future_absolute_return,abs_forward_return_5m_bps,5,28,22230,231.5625,-0.08951480277675887,223105
future_absolute_return,abs_forward_return_5m_bps,5,29,7721,80.42708333333333,0.018390311323252643,224005
future_absolute_return,abs_forward_return_5m_bps,5,30,16774,174.72916666666666,-0.05263417969085314,223015
future_absolute_return,abs_forward_return_5m_bps,5,31,30620,318.9583333333333,0.13970666268615922,225256
future_absolute_return,abs_forward_return_5m_bps,5,32,1532,15.958333333333334,-0.0059836782212305956,226256
future_absolute_return,abs_forward_return_5m_bps,5,33,26037,271.21875,-0.03327503803959289,224182
future_absolute_return,abs_forward_return_5m_bps,5,34,32296,336.4166666666667,0.2833263266083716,225785
future_absolute_return,abs_forward_return_5m_bps,5,35,11250,117.1875,0.11979802768363257,223316
future_absolute_return,abs_forward_return_5m_bps,5,36,29718,309.5625,0.3163365515827093,224897
future_absolute_return,abs_forward_return_5m_bps,5,37,26602,277.1041666666667,0.1471327908325012,224197
future_absolute_return,abs_forward_return_5m_bps,5,38,7305,76.09375,-0.1220906919426648,224408
future_absolute_return,abs_forward_return_5m_bps,5,39,29281,305.0104166666667,-0.4008015015455342,225037
future_absolute_return,abs_forward_return_5m_bps,5,40,24222,252.3125,-0.2700601789908816,223686
future_absolute_return,abs_forward_return_5m_bps,5,41,8701,90.63541666666667,-0.03201064044250488,224277
future_absolute_return,abs_forward_return_5m_bps,5,42,3982,41.479166666666664,0.1907820143924338,225119
future_absolute_return,abs_forward_return_5m_bps,5,43,6685,69.63541666666667,0.10528829294032452,224638
future_absolute_return,abs_forward_return_5m_bps,5,44,6807,70.90625,-0.26710478864302234,224764
future_absolute_return,abs_forward_return_5m_bps,5,45,5132,53.458333333333336,-0.22020113815994938,224667
future_absolute_return,abs_forward_return_5m_bps,5,46,4266,44.4375,0.22396957300086998,224990
future_absolute_return,abs_forward_return_5m_bps,5,47,24476,254.95833333333334,-0.06499338292362423,223754
future_absolute_return,abs_forward_return_5m_bps,5,48,7332,76.375,0.1862680572366176,224292
future_absolute_return,abs_forward_return_5m_bps,5,49,3015,31.40625,-0.09843065527940029,225463
future_absolute_return,abs_forward_return_5m_bps,5,50,28636,298.2916666666667,-0.20038889667653306,224497
future_absolute_return,abs_forward_return_5m_bps,5,51,16157,168.30208333333334,-0.3109864108795167,223180
future_absolute_return,abs_forward_return_5m_bps,5,52,11077,115.38541666666667,-0.24425715744521473,223325
future_absolute_return,abs_forward_return_5m_bps,5,53,8008,83.41666666666667,-0.03985345306801591,224246
future_absolute_return,abs_forward_return_5m_bps,5,54,31163,324.6145833333333,0.45856377411386195,225017
future_absolute_return,abs_forward_return_5m_bps,5,55,18696,194.75,0.13846070224832324,223090
future_absolute_return,abs_forward_return_5m_bps,5,56,24334,253.47916666666666,-0.03172056507530352,223580
future_absolute_return,abs_forward_return_5m_bps,5,57,32399,337.4895833333333,0.04437735014079438,225771
future_absolute_return,abs_forward_return_5m_bps,5,58,32683,340.4479166666667,0.0850855749110607,225493
future_absolute_return,abs_forward_return_5m_bps,5,59,8087,84.23958333333333,-0.3954928939854485,224402
future_absolute_return,abs_forward_return_5m_bps,5,60,14362,149.60416666666666,0.09315778143925929,222683
future_absolute_return,abs_forward_return_5m_bps,5,61,3266,34.020833333333336,-0.040039726308658846,225845
future_absolute_return,abs_forward_return_5m_bps,5,62,20395,212.44791666666666,-0.17509411441534162,222727
future_absolute_return,abs_forward_return_5m_bps,5,63,21676,225.79166666666666,0.17085139474845415,223128
future_absolute_return,abs_forward_return_5m_bps,5,64,7396,77.04166666666667,-0.14724693141374934,224749
future_absolute_return,abs_forward_return_5m_bps,5,65,15330,159.6875,0.14461283712117085,223022
future_absolute_return,abs_forward_return_5m_bps,5,66,31785,331.09375,-0.15865088794390017,225786
future_absolute_return,abs_forward_return_5m_bps,5,67,18656,194.33333333333334,0.019420487003228085,223024
future_absolute_return,abs_forward_return_5m_bps,5,68,27652,288.0416666666667,-0.08639332431646675,224784
future_absolute_return,abs_forward_return_5m_bps,5,69,23177,241.42708333333334,-0.0021130549072875668,223058
future_absolute_return,abs_forward_return_5m_bps,5,70,29050,302.6041666666667,0.06329231360067968,224827
future_absolute_return,abs_forward_return_5m_bps,5,71,5645,58.802083333333336,0.1997236186416845,224843
future_absolute_return,abs_forward_return_5m_bps,5,72,12429,129.46875,0.10957476212318276,222833
future_absolute_return,abs_forward_return_5m_bps,5,73,22023,229.40625,-0.08055987636067588,222873
future_absolute_return,abs_forward_return_5m_bps,5,74,7631,79.48958333333333,0.03186236668876299,224054
future_absolute_return,abs_forward_return_5m_bps,5,75,4136,43.083333333333336,0.3477002645106759,225381
future_absolute_return,abs_forward_return_5m_bps,5,76,4531,47.197916666666664,0.3130968698451697,224822
future_absolute_return,abs_forward_return_5m_bps,5,77,24371,253.86458333333334,-0.24511009935326492,223673
future_absolute_return,abs_forward_return_5m_bps,5,78,14562,151.6875,-0.026933857116661613,222758
future_absolute_return,abs_forward_return_5m_bps,5,79,26880,280.0,-0.21993991027192603,224553
future_absolute_return,abs_forward_return_5m_bps,5,80,21728,226.33333333333334,0.04315379304188444,222978
future_absolute_return,abs_forward_return_5m_bps,5,81,7082,73.77083333333333,0.26660193346294736,224252
future_absolute_return,abs_forward_return_5m_bps,5,82,28679,298.7395833333333,0.14433209943205852,224470
future_absolute_return,abs_forward_return_5m_bps,5,83,23887,248.82291666666666,-0.19495648252857353,223429
future_absolute_return,abs_forward_return_5m_bps,5,84,16574,172.64583333333334,0.30872191581170577,222825
future_absolute_return,abs_forward_return_5m_bps,5,85,7007,72.98958333333333,-0.2789711155577126,224454
future_absolute_return,abs_forward_return_5m_bps,5,86,28190,293.6458333333333,0.2779196280853456,224424
future_absolute_return,abs_forward_return_5m_bps,5,87,19030,198.22916666666666,0.1818424127485016,222998
future_absolute_return,abs_forward_return_5m_bps,5,88,25404,264.625,0.29222030241456903,223935
future_absolute_return,abs_forward_return_5m_bps,5,89,25542,266.0625,-0.1398360964438932,224278
future_absolute_return,abs_forward_return_5m_bps,5,90,2972,30.958333333333332,-0.009858545699543373,225928
future_absolute_return,abs_forward_return_5m_bps,5,91,8320,86.66666666666667,0.08647334922091368,224056
future_absolute_return,abs_forward_return_5m_bps,5,92,16955,176.61458333333334,-0.10717474661626403,222896
future_absolute_return,abs_forward_return_5m_bps,5,93,13755,143.28125,-0.08593165992412795,222899
future_absolute_return,abs_forward_return_5m_bps,5,94,2060,21.458333333333332,-0.13382414425280678,225692
future_absolute_return,abs_forward_return_5m_bps,5,95,25820,268.9583333333333,-0.07663636398417048,224163
future_absolute_return,abs_forward_return_5m_bps,5,96,14561,151.67708333333334,-0.06954048118064524,222719
future_absolute_return,abs_forward_return_5m_bps,5,97,21960,228.75,0.06429387740011383,222959
future_absolute_return,abs_forward_return_5m_bps,5,98,13381,139.38541666666666,-0.012685431038222101,223117
future_absolute_return,abs_forward_return_5m_bps,5,99,31194,324.9375,0.03208666590835386,225408
future_absolute_return,abs_forward_return_5m_bps,5,100,31968,333.0,0.0844847048325009,225914
future_absolute_return,abs_forward_return_5m_bps,5,101,752,7.833333333333333,-0.1792874912518835,226476
future_absolute_return,abs_forward_return_5m_bps,5,102,18089,188.42708333333334,-0.2702343350336719,222873
future_absolute_return,abs_forward_return_5m_bps,5,103,5540,57.708333333333336,0.2376309715945661,224757
future_absolute_return,abs_forward_return_5m_bps,5,104,25780,268.5416666666667,0.13910842074271643,223941
future_absolute_return,abs_forward_return_5m_bps,5,105,32696,340.5833333333333,0.160979616711523,225457
future_absolute_return,abs_forward_return_5m_bps,5,106,24119,251.23958333333334,-0.49481621755549965,223499
future_absolute_return,abs_forward_return_5m_bps,5,107,20444,212.95833333333334,-0.11908473951536244,222940
future_absolute_return,abs_forward_return_5m_bps,5,108,31383,326.90625,-0.06678693216685261,225412
future_absolute_return,abs_forward_return_5m_bps,5,109,24384,254.0,-0.18152724065361392,223780
future_absolute_return,abs_forward_return_5m_bps,5,110,11725,122.13541666666667,-0.09605909374953596,223212
future_absolute_return,abs_forward_return_5m_bps,5,111,22759,237.07291666666666,-0.1322785062424799,223121
future_absolute_return,abs_forward_return_5m_bps,5,112,14330,149.27083333333334,-0.18508656725568684,222789
future_absolute_return,abs_forward_return_5m_bps,5,113,12464,129.83333333333334,-0.03943858929596865,223112
future_absolute_return,abs_forward_return_5m_bps,5,114,29998,312.4791666666667,0.234272193253772,224651
future_absolute_return,abs_forward_return_5m_bps,5,115,26943,280.65625,-0.09004812403437674,224405
future_absolute_return,abs_forward_return_5m_bps,5,116,14105,146.92708333333334,-0.5814276626439977,223157
future_absolute_return,abs_forward_return_5m_bps,5,117,25114,261.6041666666667,0.2520944898501266,223690
future_absolute_return,abs_forward_return_5m_bps,5,118,2912,30.333333333333332,-0.14034154221324724,225562
future_absolute_return,abs_forward_return_5m_bps,5,119,28495,296.8229166666667,-0.024725568360353462,224463
future_absolute_return,abs_forward_return_5m_bps,5,120,5499,57.28125,-0.10600331824049235,224777
future_absolute_return,abs_forward_return_5m_bps,5,121,17698,184.35416666666666,-0.25013240794610164,222626
future_absolute_return,abs_forward_return_5m_bps,5,122,27057,281.84375,0.08943020651819047,224291
future_absolute_return,abs_forward_return_5m_bps,5,123,32800,341.6666666666667,0.35488074503443945,225633
future_absolute_return,abs_forward_return_5m_bps,5,124,5378,56.020833333333336,-0.32322629161625666,225447
future_absolute_return,abs_forward_return_5m_bps,5,125,7699,80.19791666666667,-0.015825416874972246,224134
future_absolute_return,abs_forward_return_5m_bps,5,126,12872,134.08333333333334,-0.36371723756552815,223259
future_absolute_return,abs_forward_return_5m_bps,5,127,20055,208.90625,-0.5208206232293928,223115
future_absolute_return,abs_forward_return_5m_bps,5,128,11391,118.65625,-0.11059196935082632,223303
future_absolute_return,abs_forward_return_5m_bps,5,129,33721,351.2604166666667,-0.034790866516764336,226236
future_absolute_return,abs_forward_return_5m_bps,5,130,21098,219.77083333333334,0.21783376181882522,222893
future_absolute_return,abs_forward_return_5m_bps,5,131,33623,350.2395833333333,0.2956186341021778,226085
future_absolute_return,abs_forward_return_5m_bps,5,132,12575,130.98958333333334,-0.20352392228618302,223253
future_absolute_return,abs_forward_return_5m_bps,5,133,26078,271.6458333333333,0.28336543819302135,224031
future_absolute_return,abs_forward_return_5m_bps,5,134,27926,290.8958333333333,0.09792158534078069,224317
future_absolute_return,abs_forward_return_5m_bps,5,135,7193,74.92708333333333,-0.19888368890318894,224214
future_absolute_return,abs_forward_return_5m_bps,5,136,3607,37.572916666666664,0.23324086634633434,225035
future_absolute_return,abs_forward_return_5m_bps,5,137,15343,159.82291666666666,0.029785695193730546,223090
future_absolute_return,abs_forward_return_5m_bps,5,138,31011,323.03125,-0.4441772433780228,225720
future_absolute_return,abs_forward_return_5m_bps,5,139,31366,326.7291666666667,-0.12586925480742142,225207
future_absolute_return,abs_forward_return_5m_bps,5,140,29035,302.4479166666667,-0.13441332113672264,224763
future_absolute_return,abs_forward_return_5m_bps,5,141,20955,218.28125,-0.26176018644116006,222976
future_absolute_return,abs_forward_return_5m_bps,5,142,3366,35.0625,-0.03976369588674934,225881
future_absolute_return,abs_forward_return_5m_bps,5,143,17645,183.80208333333334,-0.1551338232296221,222813
future_absolute_return,abs_forward_return_5m_bps,5,144,26891,280.1145833333333,-0.07738181136413128,224531
future_absolute_return,abs_forward_return_5m_bps,5,145,6223,64.82291666666667,0.0952114619474417,224601
future_absolute_return,abs_forward_return_5m_bps,5,146,22691,236.36458333333334,-0.18081537029267467,222873
future_absolute_return,abs_forward_return_5m_bps,5,147,31771,330.9479166666667,-0.4044206729266253,225789
future_absolute_return,abs_forward_return_5m_bps,5,148,24976,260.1666666666667,-0.06990537227034542,223966
future_absolute_return,abs_forward_return_5m_bps,5,149,27129,282.59375,0.16197400181196225,224031
future_absolute_return,abs_forward_return_5m_bps,5,150,12518,130.39583333333334,0.10902690238221716,222926
future_absolute_return,abs_forward_return_5m_bps,5,151,13921,145.01041666666666,-0.4987547648012668,222981
future_absolute_return,abs_forward_return_5m_bps,5,152,8909,92.80208333333333,0.07880479891586277,224160
future_absolute_return,abs_forward_return_5m_bps,5,153,1222,12.729166666666666,0.4128209502479351,225944
future_absolute_return,abs_forward_return_5m_bps,5,154,18020,187.70833333333334,0.162070672297177,222872
future_absolute_return,abs_forward_return_5m_bps,5,155,25281,263.34375,0.0031243458564402704,223743
future_absolute_return,abs_forward_return_5m_bps,5,156,32793,341.59375,0.17360680147985724,225574
future_absolute_return,abs_forward_return_5m_bps,5,157,27700,288.5416666666667,-0.10913553315664751,224277
future_absolute_return,abs_forward_return_5m_bps,5,158,1747,18.197916666666668,0.01307834051709812,225812
future_absolute_return,abs_forward_return_5m_bps,5,159,9695,100.98958333333333,-0.1402709874732649,224138
future_absolute_return,abs_forward_return_5m_bps,5,160,30049,313.0104166666667,-0.05162502353278671,224936
future_absolute_return,abs_forward_return_5m_bps,5,161,18913,197.01041666666666,-0.524773967369113,223402
future_absolute_return,abs_forward_return_5m_bps,5,162,12973,135.13541666666666,0.06973452987833688,223064
future_absolute_return,abs_forward_return_5m_bps,5,163,28222,293.9791666666667,-0.14947368028006272,224789
future_absolute_return,abs_forward_return_5m_bps,5,164,2878,29.979166666666668,-0.11995583539016842,225921
future_absolute_return,abs_forward_return_5m_bps,5,165,18709,194.88541666666666,-0.22339244056982696,223235
future_absolute_return,abs_forward_return_5m_bps,5,166,4919,51.239583333333336,-0.0685735592470404,224635
future_absolute_return,abs_forward_return_5m_bps,5,167,8110,84.47916666666667,-0.2957859081775297,224354
future_absolute_return,abs_forward_return_5m_bps,5,168,10133,105.55208333333333,-0.0364472312165668,223757
future_absolute_return,abs_forward_return_5m_bps,5,169,18555,193.28125,-0.1971520300029177,222968
future_absolute_return,abs_forward_return_5m_bps,5,170,21658,225.60416666666666,0.037937760345319815,223129
future_absolute_return,abs_forward_return_5m_bps,5,171,22919,238.73958333333334,-0.08031981962407994,223227
future_absolute_return,abs_forward_return_5m_bps,5,172,16582,172.72916666666666,0.20494624093574818,222865
future_absolute_return,abs_forward_return_5m_bps,5,173,18781,195.63541666666666,-0.007370286305858907,223112
future_absolute_return,abs_forward_return_5m_bps,5,174,6664,69.41666666666667,-0.027041560488829126,224600
future_absolute_return,abs_forward_return_5m_bps,5,175,27884,290.4583333333333,0.08089260498907495,224128
future_absolute_return,abs_forward_return_5m_bps,5,176,33863,352.7395833333333,0.30931707253188595,225888
future_absolute_return,abs_forward_return_5m_bps,5,177,2999,31.239583333333332,-0.22954208980548227,225597
future_absolute_return,abs_forward_return_5m_bps,5,178,5423,56.489583333333336,-0.19962844128882226,224897
future_absolute_return,abs_forward_return_5m_bps,5,179,27853,290.1354166666667,0.2798878516951722,224158
future_absolute_return,abs_forward_return_5m_bps,5,180,22011,229.28125,-0.050016544573723155,222957
future_absolute_return,abs_forward_return_5m_bps,5,181,11958,124.5625,0.13225812809789766,223028
future_absolute_return,abs_forward_return_5m_bps,5,182,15821,164.80208333333334,-0.1309341592239187,222990
future_absolute_return,abs_forward_return_5m_bps,5,183,11474,119.52083333333333,-0.18595517249137236,223228
future_absolute_return,abs_forward_return_5m_bps,5,184,10418,108.52083333333333,-0.08895292402017575,223459
future_absolute_return,abs_forward_return_5m_bps,5,185,13441,140.01041666666666,-0.5710071141855855,223506
future_absolute_return,abs_forward_return_5m_bps,5,186,28604,297.9583333333333,-0.002421225606279973,224702
future_absolute_return,abs_forward_return_5m_bps,5,187,20404,212.54166666666666,0.11369898665047605,222722
future_absolute_return,abs_forward_return_5m_bps,5,188,29053,302.6354166666667,0.0030846820166200916,224804
future_absolute_return,abs_forward_return_5m_bps,5,189,23052,240.125,0.1514181990083395,223375
future_absolute_return,abs_forward_return_5m_bps,5,190,24699,257.28125,-0.09528083704034479,223634
future_absolute_return,abs_forward_return_5m_bps,5,191,26863,279.8229166666667,-0.17738801331305595,224281
future_absolute_return,abs_forward_return_5m_bps,5,192,4775,49.739583333333336,0.2680894907213909,224885
future_absolute_return,abs_forward_return_5m_bps,5,193,13390,139.47916666666666,0.02820095679454339,223079
future_absolute_return,abs_forward_return_5m_bps,5,194,2171,22.614583333333332,0.12149857419689387,225559
future_absolute_return,abs_forward_return_5m_bps,5,195,15586,162.35416666666666,-0.07599356183216018,223115
future_absolute_return,abs_forward_return_5m_bps,5,196,16296,169.75,0.18366223073029736,223161
future_absolute_return,abs_forward_return_5m_bps,5,197,7861,81.88541666666667,-0.08436019054140344,224270
future_absolute_return,abs_forward_return_5m_bps,5,198,18874,196.60416666666666,-0.09620540995874663,223106
future_absolute_return,abs_forward_return_5m_bps,5,199,30929,322.1770833333333,0.29908028620476834,225323
future_absolute_return,abs_forward_return_15m_bps,15,1,9788,101.95833333333333,-0.1556342324219453,223941
future_absolute_return,abs_forward_return_15m_bps,15,2,23104,240.66666666666666,0.30644068742990777,223143
future_absolute_return,abs_forward_return_15m_bps,15,3,8437,87.88541666666667,0.14239658581833023,224160
future_absolute_return,abs_forward_return_15m_bps,15,4,18601,193.76041666666666,0.03726720258123026,223012
future_absolute_return,abs_forward_return_15m_bps,15,5,5420,56.458333333333336,0.11009836634931024,224907
future_absolute_return,abs_forward_return_15m_bps,15,6,2930,30.520833333333332,0.21624966412811228,225396
future_absolute_return,abs_forward_return_15m_bps,15,7,31647,329.65625,0.2072779333673034,225434
future_absolute_return,abs_forward_return_15m_bps,15,8,33611,350.1145833333333,0.1080224963099998,226241
future_absolute_return,abs_forward_return_15m_bps,15,9,7954,82.85416666666667,0.16787627719140782,224317
future_absolute_return,abs_forward_return_15m_bps,15,10,28106,292.7708333333333,0.1589097564956963,224391
future_absolute_return,abs_forward_return_15m_bps,15,11,28737,299.34375,-0.2009357564745223,224521
future_absolute_return,abs_forward_return_15m_bps,15,12,8522,88.77083333333333,0.20997463144876718,224120
future_absolute_return,abs_forward_return_15m_bps,15,13,1480,15.416666666666666,0.30590585005321214,225829
future_absolute_return,abs_forward_return_15m_bps,15,14,14437,150.38541666666666,-0.0658834893359933,222571
future_absolute_return,abs_forward_return_15m_bps,15,15,31813,331.3854166666667,0.4182992015505403,225276
future_absolute_return,abs_forward_return_15m_bps,15,16,22810,237.60416666666666,-0.16356778178604742,223067
future_absolute_return,abs_forward_return_15m_bps,15,17,29525,307.5520833333333,0.2149848277429322,224643
future_absolute_return,abs_forward_return_15m_bps,15,18,29616,308.5,0.138253553497749,224904
future_absolute_return,abs_forward_return_15m_bps,15,19,9125,95.05208333333333,-0.11346568028141794,224292
future_absolute_return,abs_forward_return_15m_bps,15,20,8716,90.79166666666667,-0.05154413832333002,224436
future_absolute_return,abs_forward_return_15m_bps,15,21,11476,119.54166666666667,-0.18760554130800317,223235
future_absolute_return,abs_forward_return_15m_bps,15,22,18242,190.02083333333334,-0.5973097062912024,223215
future_absolute_return,abs_forward_return_15m_bps,15,23,10199,106.23958333333333,-0.23804997234089856,223695
future_absolute_return,abs_forward_return_15m_bps,15,24,5506,57.354166666666664,0.8815143301388887,224722
future_absolute_return,abs_forward_return_15m_bps,15,25,30202,314.6041666666667,0.6387492437503978,224622
future_absolute_return,abs_forward_return_15m_bps,15,26,11579,120.61458333333333,0.01632752277013711,223034
future_absolute_return,abs_forward_return_15m_bps,15,27,32075,334.1145833333333,0.11431695681873755,225772
future_absolute_return,abs_forward_return_15m_bps,15,28,5139,53.53125,0.13466133320822105,224640
future_absolute_return,abs_forward_return_15m_bps,15,29,14992,156.16666666666666,0.27797310317298235,223079
future_absolute_return,abs_forward_return_15m_bps,15,30,33880,352.9166666666667,0.37914923458711564,226163
future_absolute_return,abs_forward_return_15m_bps,15,31,33034,344.1041666666667,0.1195253027339583,226184
future_absolute_return,abs_forward_return_15m_bps,15,32,2505,26.09375,0.3747509609150393,225789
future_absolute_return,abs_forward_return_15m_bps,15,33,8305,86.51041666666667,-0.006032888869800093,223960
future_absolute_return,abs_forward_return_15m_bps,15,34,6256,65.16666666666667,0.6603471881498819,224561
future_absolute_return,abs_forward_return_15m_bps,15,35,5119,53.322916666666664,0.17371160979561887,224709
future_absolute_return,abs_forward_return_15m_bps,15,36,11698,121.85416666666667,-0.20349043041129855,223186
future_absolute_return,abs_forward_return_15m_bps,15,37,5789,60.302083333333336,0.2307608372273803,224772
future_absolute_return,abs_forward_return_15m_bps,15,38,32799,341.65625,0.35883201497070943,225587
future_absolute_return,abs_forward_return_15m_bps,15,39,10311,107.40625,-0.20303033494215642,223483
future_absolute_return,abs_forward_return_15m_bps,15,40,4182,43.5625,0.6329430773872505,224915
future_absolute_return,abs_forward_return_15m_bps,15,41,1045,10.885416666666666,0.4211958284930025,226043
future_absolute_return,abs_forward_return_15m_bps,15,42,22154,230.77083333333334,0.2122371146647584,223087
future_absolute_return,abs_forward_return_15m_bps,15,43,26533,276.3854166666667,-0.2306466759448025,223970
future_absolute_return,abs_forward_return_15m_bps,15,44,34279,357.0729166666667,0.017584074372719326,226560
future_absolute_return,abs_forward_return_15m_bps,15,45,8857,92.26041666666667,0.18388972163146278,224159
future_absolute_return,abs_forward_return_15m_bps,15,46,27827,289.8645833333333,-0.05740034343230656,224109
future_absolute_return,abs_forward_return_15m_bps,15,47,32418,337.6875,0.5328723140432818,225806
future_absolute_return,abs_forward_return_15m_bps,15,48,28541,297.3020833333333,-0.15418347728067736,224407
future_absolute_return,abs_forward_return_15m_bps,15,49,11584,120.66666666666667,0.26068267209137325,223084
future_absolute_return,abs_forward_return_15m_bps,15,50,21852,227.625,0.29269535397746493,222889
future_absolute_return,abs_forward_return_15m_bps,15,51,25617,266.84375,-0.17629278277561572,224244
future_absolute_return,abs_forward_return_15m_bps,15,52,16750,174.47916666666666,-0.10030201835585384,222774
future_absolute_return,abs_forward_return_15m_bps,15,53,20342,211.89583333333334,-0.33039801337049435,222960
future_absolute_return,abs_forward_return_15m_bps,15,54,31371,326.78125,0.03496952986839623,225252
future_absolute_return,abs_forward_return_15m_bps,15,55,30587,318.6145833333333,0.395476754232578,224856
future_absolute_return,abs_forward_return_15m_bps,15,56,30992,322.8333333333333,0.20912014195331244,225332
future_absolute_return,abs_forward_return_15m_bps,15,57,30128,313.8333333333333,0.24152122650150037,224709
future_absolute_return,abs_forward_return_15m_bps,15,58,18113,188.67708333333334,-0.4877812586999682,222976
future_absolute_return,abs_forward_return_15m_bps,15,59,26994,281.1875,-0.45536302440929977,224599
future_absolute_return,abs_forward_return_15m_bps,15,60,7724,80.45833333333333,0.21924826241130158,224024
future_absolute_return,abs_forward_return_15m_bps,15,61,28213,293.8854166666667,-0.06062367057230329,224647
future_absolute_return,abs_forward_return_15m_bps,15,62,30465,317.34375,0.5517952715184763,224740
future_absolute_return,abs_forward_return_15m_bps,15,63,25233,262.84375,-0.3199561190506386,223809
future_absolute_return,abs_forward_return_15m_bps,15,64,11199,116.65625,-0.006667789431630794,223268
future_absolute_return,abs_forward_return_15m_bps,15,65,29717,309.5520833333333,0.1803381409020124,224917
future_absolute_return,abs_forward_return_15m_bps,15,66,1010,10.520833333333334,0.5824812926835521,225796
future_absolute_return,abs_forward_return_15m_bps,15,67,29775,310.15625,0.16887371953139418,224992
future_absolute_return,abs_forward_return_15m_bps,15,68,10132,105.54166666666667,0.1251096961034081,223757
future_absolute_return,abs_forward_return_15m_bps,15,69,9624,100.25,-0.18505764419037912,224037
future_absolute_return,abs_forward_return_15m_bps,15,70,17659,183.94791666666666,-0.7866570209619625,222926
future_absolute_return,abs_forward_return_15m_bps,15,71,3032,31.583333333333332,0.1310166604901673,225526
future_absolute_return,abs_forward_return_15m_bps,15,72,10517,109.55208333333333,0.08541416001866496,223456
future_absolute_return,abs_forward_return_15m_bps,15,73,1357,14.135416666666666,0.051181763752618126,226385
future_absolute_return,abs_forward_return_15m_bps,15,74,17788,185.29166666666666,-0.5175973356085517,222860
future_absolute_return,abs_forward_return_15m_bps,15,75,19676,204.95833333333334,-0.5086409087470425,223269
future_absolute_return,abs_forward_return_15m_bps,15,76,26666,277.7708333333333,0.022788024266240468,224110
future_absolute_return,abs_forward_return_15m_bps,15,77,32808,341.75,0.6272537113521292,225653
future_absolute_return,abs_forward_return_15m_bps,15,78,33087,344.65625,0.4776576769164489,225617
future_absolute_return,abs_forward_return_15m_bps,15,79,2952,30.75,0.42921762803159846,225754
future_absolute_return,abs_forward_return_15m_bps,15,80,21745,226.51041666666666,-0.08183496740273422,222804
future_absolute_return,abs_forward_return_15m_bps,15,81,24849,258.84375,-0.010526934161605874,223745
future_absolute_return,abs_forward_return_15m_bps,15,82,20114,209.52083333333334,-0.39913638515195043,222917
future_absolute_return,abs_forward_return_15m_bps,15,83,4121,42.927083333333336,0.033102206419879536,225443
future_absolute_return,abs_forward_return_15m_bps,15,84,17180,178.95833333333334,-0.5015670034531389,223094
future_absolute_return,abs_forward_return_15m_bps,15,85,17336,180.58333333333334,0.08668471026827414,222600
future_absolute_return,abs_forward_return_15m_bps,15,86,10312,107.41666666666667,-0.06743015503870367,223505
future_absolute_return,abs_forward_return_15m_bps,15,87,18671,194.48958333333334,-0.36989381712263447,222833
future_absolute_return,abs_forward_return_15m_bps,15,88,32214,335.5625,0.5270776094191351,225508
future_absolute_return,abs_forward_return_15m_bps,15,89,30581,318.5520833333333,0.4449463712473296,224741
future_absolute_return,abs_forward_return_15m_bps,15,90,4690,48.854166666666664,0.22966553589235894,225071
future_absolute_return,abs_forward_return_15m_bps,15,91,10481,109.17708333333333,-0.26355632392521544,223622
future_absolute_return,abs_forward_return_15m_bps,15,92,26724,278.375,-0.10740630736992884,224039
future_absolute_return,abs_forward_return_15m_bps,15,93,9380,97.70833333333333,0.07211358090417021,224296
future_absolute_return,abs_forward_return_15m_bps,15,94,19439,202.48958333333334,-0.5518248904925178,223023
future_absolute_return,abs_forward_return_15m_bps,15,95,1482,15.4375,0.2856852713003766,225814
future_absolute_return,abs_forward_return_15m_bps,15,96,26990,281.1458333333333,-0.4369088215952991,224658
future_absolute_return,abs_forward_return_15m_bps,15,97,2157,22.46875,0.22476651078172544,225441
future_absolute_return,abs_forward_return_15m_bps,15,98,10951,114.07291666666667,-0.4686767833370052,223513
future_absolute_return,abs_forward_return_15m_bps,15,99,21336,222.25,-0.33458810388647664,222872
future_absolute_return,abs_forward_return_15m_bps,15,100,13230,137.8125,0.25387438905360143,222947
future_absolute_return,abs_forward_return_15m_bps,15,101,5410,56.354166666666664,-0.05235869919657816,224957
future_absolute_return,abs_forward_return_15m_bps,15,102,3813,39.71875,0.6469551557333956,225197
future_absolute_return,abs_forward_return_15m_bps,15,103,8518,88.72916666666667,0.10436633954079924,224084
future_absolute_return,abs_forward_return_15m_bps,15,104,18086,188.39583333333334,-0.29992250959875216,222896
future_absolute_return,abs_forward_return_15m_bps,15,105,6489,67.59375,0.5154442202223306,224339
future_absolute_return,abs_forward_return_15m_bps,15,106,28167,293.40625,-0.30132577583878295,224392
future_absolute_return,abs_forward_return_15m_bps,15,107,30384,316.5,0.04473546726064199,224753
future_absolute_return,abs_forward_return_15m_bps,15,108,12274,127.85416666666667,0.2383554470842906,223056
future_absolute_return,abs_forward_return_15m_bps,15,109,18373,191.38541666666666,-0.16155292431923748,222749
future_absolute_return,abs_forward_return_15m_bps,15,110,12545,130.67708333333334,0.15383621297236286,222951
future_absolute_return,abs_forward_return_15m_bps,15,111,16720,174.16666666666666,-0.07557159768177085,222914
future_absolute_return,abs_forward_return_15m_bps,15,112,5383,56.072916666666664,-0.3195895196775272,225298
future_absolute_return,abs_forward_return_15m_bps,15,113,4858,50.604166666666664,0.7034304915868433,224606
future_absolute_return,abs_forward_return_15m_bps,15,114,25880,269.5833333333333,-0.13777738739777026,224015
future_absolute_return,abs_forward_return_15m_bps,15,115,23956,249.54166666666666,-0.21755855983996475,223336
future_absolute_return,abs_forward_return_15m_bps,15,116,21374,222.64583333333334,0.049795451789595116,222931
future_absolute_return,abs_forward_return_15m_bps,15,117,15224,158.58333333333334,0.4640036580601964,222814
future_absolute_return,abs_forward_return_15m_bps,15,118,33679,350.8229166666667,0.1143572662429783,226265
future_absolute_return,abs_forward_return_15m_bps,15,119,18127,188.82291666666666,-0.5585275497525879,223171
future_absolute_return,abs_forward_return_15m_bps,15,120,24528,255.5,0.0017630825767211134,223475
future_absolute_return,abs_forward_return_15m_bps,15,121,22512,234.5,0.11818048547089832,222922
future_absolute_return,abs_forward_return_15m_bps,15,122,5635,58.697916666666664,0.37007576654403795,224729
future_absolute_return,abs_forward_return_15m_bps,15,123,7504,78.16666666666667,0.4391800954042578,224382
future_absolute_return,abs_forward_return_15m_bps,15,124,27021,281.46875,-0.5657901037876716,224225
future_absolute_return,abs_forward_return_15m_bps,15,125,6038,62.895833333333336,-0.035622674221394805,225248
future_absolute_return,abs_forward_return_15m_bps,15,126,1544,16.083333333333332,0.45819549758391637,226119
future_absolute_return,abs_forward_return_15m_bps,15,127,18502,192.72916666666666,-0.0972032368517496,222946
future_absolute_return,abs_forward_return_15m_bps,15,128,16338,170.1875,-0.22432788583439478,223111
future_absolute_return,abs_forward_return_15m_bps,15,129,27215,283.4895833333333,-0.1202034591259795,224020
future_absolute_return,abs_forward_return_15m_bps,15,130,33702,351.0625,-0.14351878191206516,226694
future_absolute_return,abs_forward_return_15m_bps,15,131,9468,98.625,0.06205013338204582,224172
future_absolute_return,abs_forward_return_15m_bps,15,132,21670,225.72916666666666,0.1763631155188386,223123
future_absolute_return,abs_forward_return_15m_bps,15,133,11203,116.69791666666667,0.09813948106291591,223275
future_absolute_return,abs_forward_return_15m_bps,15,134,2334,24.3125,0.31930224855223904,225563
future_absolute_return,abs_forward_return_15m_bps,15,135,22365,232.96875,-0.20082116174997877,223271
future_absolute_return,abs_forward_return_15m_bps,15,136,16464,171.5,-0.11493265604636028,222857
future_absolute_return,abs_forward_return_15m_bps,15,137,9493,98.88541666666667,-0.24112320268079662,224238
future_absolute_return,abs_forward_return_15m_bps,15,138,11484,119.625,-0.08671750530920921,223239
future_absolute_return,abs_forward_return_15m_bps,15,139,15191,158.23958333333334,0.10624946490005187,222956
future_absolute_return,abs_forward_return_15m_bps,15,140,5521,57.510416666666664,0.30374540602927896,224616
future_absolute_return,abs_forward_return_15m_bps,15,141,10067,104.86458333333333,-0.22512487603172204,223947
future_absolute_return,abs_forward_return_15m_bps,15,142,4447,46.322916666666664,0.3698699439841401,224920
future_absolute_return,abs_forward_return_15m_bps,15,143,14336,149.33333333333334,-0.015221503664366871,222731
future_absolute_return,abs_forward_return_15m_bps,15,144,6525,67.96875,0.1425512475003372,224642
future_absolute_return,abs_forward_return_15m_bps,15,145,4004,41.708333333333336,0.48952624174320664,225318
future_absolute_return,abs_forward_return_15m_bps,15,146,30771,320.53125,0.25490761792497796,224921
future_absolute_return,abs_forward_return_15m_bps,15,147,30454,317.2291666666667,0.7438187062174895,224871
future_absolute_return,abs_forward_return_15m_bps,15,148,18500,192.70833333333334,-0.10513822964205381,222929
future_absolute_return,abs_forward_return_15m_bps,15,149,21697,226.01041666666666,-0.39694334541578413,223244
future_absolute_return,abs_forward_return_15m_bps,15,150,17749,184.88541666666666,-0.43911308334464283,222930
future_absolute_return,abs_forward_return_15m_bps,15,151,14688,153.0,-0.3137336271093292,223046
future_absolute_return,abs_forward_return_15m_bps,15,152,2493,25.96875,0.23276164990334464,225935
future_absolute_return,abs_forward_return_15m_bps,15,153,30750,320.3125,0.4601139444435112,225095
future_absolute_return,abs_forward_return_15m_bps,15,154,17107,178.19791666666666,-0.3019036773760827,222930
future_absolute_return,abs_forward_return_15m_bps,15,155,27542,286.8958333333333,-0.08619157253537622,224458
future_absolute_return,abs_forward_return_15m_bps,15,156,8890,92.60416666666667,0.5109864306522208,224134
future_absolute_return,abs_forward_return_15m_bps,15,157,14040,146.25,0.12724336167200082,222896
future_absolute_return,abs_forward_return_15m_bps,15,158,33655,350.5729166666667,0.11646199080147134,225909
future_absolute_return,abs_forward_return_15m_bps,15,159,20226,210.6875,-0.10545976774850016,223045
future_absolute_return,abs_forward_return_15m_bps,15,160,24463,254.82291666666666,-0.13232041833382796,223607
future_absolute_return,abs_forward_return_15m_bps,15,161,23429,244.05208333333334,-0.3838786989604634,223208
future_absolute_return,abs_forward_return_15m_bps,15,162,8233,85.76041666666667,0.1974901608015752,224187
future_absolute_return,abs_forward_return_15m_bps,15,163,16077,167.46875,-0.15158427409864017,222929
future_absolute_return,abs_forward_return_15m_bps,15,164,11570,120.52083333333333,-0.036620915092989016,223061
future_absolute_return,abs_forward_return_15m_bps,15,165,11244,117.125,0.12716311911522218,223406
future_absolute_return,abs_forward_return_15m_bps,15,166,28903,301.0729166666667,-0.2847855859646687,224974
future_absolute_return,abs_forward_return_15m_bps,15,167,16556,172.45833333333334,-0.019157786533856982,222790
future_absolute_return,abs_forward_return_15m_bps,15,168,4139,43.114583333333336,0.2185923742492705,225259
future_absolute_return,abs_forward_return_15m_bps,15,169,20270,211.14583333333334,-0.5469322645777822,223186
future_absolute_return,abs_forward_return_15m_bps,15,170,18880,196.66666666666666,-0.14273680140506548,223175
future_absolute_return,abs_forward_return_15m_bps,15,171,12097,126.01041666666667,-0.5924220636698613,223501
future_absolute_return,abs_forward_return_15m_bps,15,172,5701,59.385416666666664,0.24418601536312118,224575
future_absolute_return,abs_forward_return_15m_bps,15,173,6755,70.36458333333333,-0.0934095769000444,224649
future_absolute_return,abs_forward_return_15m_bps,15,174,21133,220.13541666666666,-0.3737059311161031,222878
future_absolute_return,abs_forward_return_15m_bps,15,175,30812,320.9583333333333,0.16843872973907295,225298
future_absolute_return,abs_forward_return_15m_bps,15,176,11350,118.22916666666667,-0.08467422264107817,223308
future_absolute_return,abs_forward_return_15m_bps,15,177,13841,144.17708333333334,0.016105511506727226,222928
future_absolute_return,abs_forward_return_15m_bps,15,178,7339,76.44791666666667,-0.0431603063328598,224251
future_absolute_return,abs_forward_return_15m_bps,15,179,9616,100.16666666666667,-0.22757951269818336,224085
future_absolute_return,abs_forward_return_15m_bps,15,180,19433,202.42708333333334,-0.4372837287116427,223031
future_absolute_return,abs_forward_return_15m_bps,15,181,20475,213.28125,-0.3568109102751827,222741
future_absolute_return,abs_forward_return_15m_bps,15,182,8063,83.98958333333333,-0.5476387352249321,224720
future_absolute_return,abs_forward_return_15m_bps,15,183,7483,77.94791666666667,0.0015194886598137313,224601
future_absolute_return,abs_forward_return_15m_bps,15,184,1600,16.666666666666668,0.4255226825253148,225799
future_absolute_return,abs_forward_return_15m_bps,15,185,8653,90.13541666666667,0.39638771661911354,224176
future_absolute_return,abs_forward_return_15m_bps,15,186,33238,346.2291666666667,0.47530580656239013,225670
future_absolute_return,abs_forward_return_15m_bps,15,187,11446,119.22916666666667,-0.2880084536466726,223330
future_absolute_return,abs_forward_return_15m_bps,15,188,12449,129.67708333333334,0.38561333253515845,222933
future_absolute_return,abs_forward_return_15m_bps,15,189,25136,261.8333333333333,0.11710359341373522,223813
future_absolute_return,abs_forward_return_15m_bps,15,190,11324,117.95833333333333,0.055843176589912676,223491
future_absolute_return,abs_forward_return_15m_bps,15,191,6970,72.60416666666667,0.4821132884725384,224234
future_absolute_return,abs_forward_return_15m_bps,15,192,25197,262.46875,-0.4706811489288596,223619
future_absolute_return,abs_forward_return_15m_bps,15,193,25217,262.6770833333333,-0.24855772946601895,223716
future_absolute_return,abs_forward_return_15m_bps,15,194,23673,246.59375,-0.11641610373976875,223305
future_absolute_return,abs_forward_return_15m_bps,15,195,15193,158.26041666666666,0.29041859488089217,222927
future_absolute_return,abs_forward_return_15m_bps,15,196,23049,240.09375,-0.3900728916079035,223380
future_absolute_return,abs_forward_return_15m_bps,15,197,11399,118.73958333333333,-0.04990011835262615,223331
future_absolute_return,abs_forward_return_15m_bps,15,198,29059,302.6979166666667,-0.029830294672043463,224822
future_absolute_return,abs_forward_return_15m_bps,15,199,13910,144.89583333333334,-0.1522851547312083,222926
future_absolute_return,abs_forward_return_30m_bps,30,1,25138,261.8541666666667,0.0575981862652462,223827
future_absolute_return,abs_forward_return_30m_bps,30,2,24161,251.67708333333334,-0.1660856291262313,223495
future_absolute_return,abs_forward_return_30m_bps,30,3,15692,163.45833333333334,0.5999369376268753,222816
future_absolute_return,abs_forward_return_30m_bps,30,4,3621,37.71875,0.7879236552258982,225225
future_absolute_return,abs_forward_return_30m_bps,30,5,25961,270.4270833333333,-0.5158215241589834,223970
future_absolute_return,abs_forward_return_30m_bps,30,6,5374,55.979166666666664,-0.48399572883407016,225475
future_absolute_return,abs_forward_return_30m_bps,30,7,22251,231.78125,0.14105355823281945,223219
future_absolute_return,abs_forward_return_30m_bps,30,8,1151,11.989583333333334,0.2961879767078653,226197
future_absolute_return,abs_forward_return_30m_bps,30,9,24443,254.61458333333334,0.20327755721897237,223482
future_absolute_return,abs_forward_return_30m_bps,30,10,32082,334.1875,0.37099423821491057,225732
future_absolute_return,abs_forward_return_30m_bps,30,11,22168,230.91666666666666,-0.3375288178114525,223231
future_absolute_return,abs_forward_return_30m_bps,30,12,15391,160.32291666666666,0.1991825885820807,223049
future_absolute_return,abs_forward_return_30m_bps,30,13,12265,127.76041666666667,0.2810585982599636,223019
future_absolute_return,abs_forward_return_30m_bps,30,14,15927,165.90625,-0.747565390613281,223020
future_absolute_return,abs_forward_return_30m_bps,30,15,10127,105.48958333333333,0.04910277307695216,223696
future_absolute_return,abs_forward_return_30m_bps,30,16,5147,53.614583333333336,0.2798143299056043,224684
future_absolute_return,abs_forward_return_30m_bps,30,17,28294,294.7291666666667,0.02557828009291936,224718
future_absolute_return,abs_forward_return_30m_bps,30,18,8172,85.125,-0.11907431832683216,224340
future_absolute_return,abs_forward_return_30m_bps,30,19,18819,196.03125,-1.2418289660668633,223377
future_absolute_return,abs_forward_return_30m_bps,30,20,4757,49.552083333333336,0.10223551651993935,224736
future_absolute_return,abs_forward_return_30m_bps,30,21,21140,220.20833333333334,-0.2624721774702806,222872
future_absolute_return,abs_forward_return_30m_bps,30,22,9515,99.11458333333333,-0.20587210013077553,224173
future_absolute_return,abs_forward_return_30m_bps,30,23,11994,124.9375,-0.30326276511193356,223399
future_absolute_return,abs_forward_return_30m_bps,30,24,8358,87.0625,-0.23466369440200563,224213
future_absolute_return,abs_forward_return_30m_bps,30,25,23673,246.59375,0.022864670514624045,223291
future_absolute_return,abs_forward_return_30m_bps,30,26,8982,93.5625,0.1592144427220486,224003
future_absolute_return,abs_forward_return_30m_bps,30,27,14477,150.80208333333334,0.09379360296313712,222748
future_absolute_return,abs_forward_return_30m_bps,30,28,16341,170.21875,-0.6638434466029188,223056
future_absolute_return,abs_forward_return_30m_bps,30,29,18846,196.3125,-0.7675742057733538,223200
future_absolute_return,abs_forward_return_30m_bps,30,30,27466,286.1041666666667,-0.22309949844860544,224286
future_absolute_return,abs_forward_return_30m_bps,30,31,6100,63.541666666666664,-0.035285236683341506,224787
future_absolute_return,abs_forward_return_30m_bps,30,32,23259,242.28125,0.03476432009555878,223112
future_absolute_return,abs_forward_return_30m_bps,30,33,23844,248.375,-0.106912936649328,223299
future_absolute_return,abs_forward_return_30m_bps,30,34,9070,94.47916666666667,0.20462647429669611,223969
future_absolute_return,abs_forward_return_30m_bps,30,35,21908,228.20833333333334,0.37215312224156477,223089
future_absolute_return,abs_forward_return_30m_bps,30,36,23231,241.98958333333334,-0.6530664230439199,223282
future_absolute_return,abs_forward_return_30m_bps,30,37,26948,280.7083333333333,-0.06743600255554902,224382
future_absolute_return,abs_forward_return_30m_bps,30,38,32565,339.21875,0.5430402263894559,225697
future_absolute_return,abs_forward_return_30m_bps,30,39,27648,288.0,-0.8106926322286432,224763
future_absolute_return,abs_forward_return_30m_bps,30,40,32356,337.0416666666667,-0.6391235444793553,226330
future_absolute_return,abs_forward_return_30m_bps,30,41,19274,200.77083333333334,-0.003377786913372694,222976
future_absolute_return,abs_forward_return_30m_bps,30,42,27573,287.21875,0.010398572434036826,224510
future_absolute_return,abs_forward_return_30m_bps,30,43,25414,264.7291666666667,0.1483327636588971,223960
future_absolute_return,abs_forward_return_30m_bps,30,44,20481,213.34375,-0.22942566640173453,222673
future_absolute_return,abs_forward_return_30m_bps,30,45,19788,206.125,-0.16687177747053691,222991
future_absolute_return,abs_forward_return_30m_bps,30,46,9063,94.40625,-0.3078542531072862,223979
future_absolute_return,abs_forward_return_30m_bps,30,47,19135,199.32291666666666,-0.5565802224630375,222868
future_absolute_return,abs_forward_return_30m_bps,30,48,10872,113.25,0.04023418351325729,223617
future_absolute_return,abs_forward_return_30m_bps,30,49,14791,154.07291666666666,-0.4217044161711431,223221
future_absolute_return,abs_forward_return_30m_bps,30,50,25238,262.8958333333333,-0.21682996651049186,223847
future_absolute_return,abs_forward_return_30m_bps,30,51,24549,255.71875,0.37423993978614417,223552
future_absolute_return,abs_forward_return_30m_bps,30,52,22303,232.32291666666666,-0.37686635863126794,223161
future_absolute_return,abs_forward_return_30m_bps,30,53,2629,27.385416666666668,-0.11266162958136235,225746
future_absolute_return,abs_forward_return_30m_bps,30,54,5039,52.489583333333336,0.034143528356184456,224599
future_absolute_return,abs_forward_return_30m_bps,30,55,10226,106.52083333333333,0.30477560281374905,223525
future_absolute_return,abs_forward_return_30m_bps,30,56,29725,309.6354166666667,0.4375192883051887,224903
future_absolute_return,abs_forward_return_30m_bps,30,57,11211,116.78125,-0.03263127848225818,223304
future_absolute_return,abs_forward_return_30m_bps,30,58,9147,95.28125,0.09809579494847048,224081
future_absolute_return,abs_forward_return_30m_bps,30,59,3310,34.479166666666664,0.19715054056091724,225354
future_absolute_return,abs_forward_return_30m_bps,30,60,28068,292.375,0.046221030613022664,224248
future_absolute_return,abs_forward_return_30m_bps,30,61,18264,190.25,-0.5743173145948187,223022
future_absolute_return,abs_forward_return_30m_bps,30,62,6035,62.864583333333336,-0.15520509608670774,225142
future_absolute_return,abs_forward_return_30m_bps,30,63,2817,29.34375,0.5086464689908694,225565
future_absolute_return,abs_forward_return_30m_bps,30,64,21397,222.88541666666666,-0.5825055957673972,223052
future_absolute_return,abs_forward_return_30m_bps,30,65,11242,117.10416666666667,-0.08701247589152822,223351
future_absolute_return,abs_forward_return_30m_bps,30,66,22428,233.625,0.3953955979525195,222982
future_absolute_return,abs_forward_return_30m_bps,30,67,7069,73.63541666666667,0.6721785507726151,224170
future_absolute_return,abs_forward_return_30m_bps,30,68,12330,128.4375,0.12336821700833253,222844
future_absolute_return,abs_forward_return_30m_bps,30,69,14251,148.44791666666666,-0.08278594262551812,222717
future_absolute_return,abs_forward_return_30m_bps,30,70,27037,281.6354166666667,-0.1317609622392327,224231
future_absolute_return,abs_forward_return_30m_bps,30,71,13145,136.92708333333334,-0.27932599790539003,223153
future_absolute_return,abs_forward_return_30m_bps,30,72,21243,221.28125,-0.4565114987972717,222886
future_absolute_return,abs_forward_return_30m_bps,30,73,12214,127.22916666666667,-0.1355702578221728,223150
future_absolute_return,abs_forward_return_30m_bps,30,74,17095,178.07291666666666,-1.2641942806647248,223021
future_absolute_return,abs_forward_return_30m_bps,30,75,3334,34.729166666666664,0.24075025496009556,225553
future_absolute_return,abs_forward_return_30m_bps,30,76,16437,171.21875,-0.5391150607273333,223026
future_absolute_return,abs_forward_return_30m_bps,30,77,32969,343.4270833333333,0.7063644947614023,225679
future_absolute_return,abs_forward_return_30m_bps,30,78,1532,15.958333333333334,0.44463708726990225,226229
future_absolute_return,abs_forward_return_30m_bps,30,79,9732,101.375,0.012484199300094275,223776
future_absolute_return,abs_forward_return_30m_bps,30,80,26797,279.1354166666667,0.1663564448221604,224181
future_absolute_return,abs_forward_return_30m_bps,30,81,1325,13.802083333333334,0.6687977030978677,226335
future_absolute_return,abs_forward_return_30m_bps,30,82,24392,254.08333333333334,-0.4993261648700982,223701
future_absolute_return,abs_forward_return_30m_bps,30,83,16156,168.29166666666666,-0.3557531511451181,223183
future_absolute_return,abs_forward_return_30m_bps,30,84,8534,88.89583333333333,-0.008727490252886267,224148
future_absolute_return,abs_forward_return_30m_bps,30,85,29804,310.4583333333333,0.20689456014743665,224625
future_absolute_return,abs_forward_return_30m_bps,30,86,19950,207.8125,-0.5608948255238808,222911
future_absolute_return,abs_forward_return_30m_bps,30,87,2294,23.895833333333332,0.37264637474111223,225988
future_absolute_return,abs_forward_return_30m_bps,30,88,8219,85.61458333333333,0.12906736121479936,224125
future_absolute_return,abs_forward_return_30m_bps,30,89,31967,332.9895833333333,-0.35734487694959316,225828
future_absolute_return,abs_forward_return_30m_bps,30,90,24823,258.5729166666667,-0.14892721160145236,223532
future_absolute_return,abs_forward_return_30m_bps,30,91,22216,231.41666666666666,-0.03737539867763532,223104
future_absolute_return,abs_forward_return_30m_bps,30,92,27120,282.5,0.19184774142348218,224019
future_absolute_return,abs_forward_return_30m_bps,30,93,24816,258.5,-0.11159810572253931,223562
future_absolute_return,abs_forward_return_30m_bps,30,94,19338,201.4375,-0.45062689427839187,222833
future_absolute_return,abs_forward_return_30m_bps,30,95,33702,351.0625,-0.15332303043335743,226681
future_absolute_return,abs_forward_return_30m_bps,30,96,23633,246.17708333333334,-0.5704059994584243,223391
future_absolute_return,abs_forward_return_30m_bps,30,97,30419,316.8645833333333,0.6073542900315286,224937
future_absolute_return,abs_forward_return_30m_bps,30,98,31198,324.9791666666667,-0.46354755803723524,225423
future_absolute_return,abs_forward_return_30m_bps,30,99,28304,294.8333333333333,0.024868271437262484,224800
future_absolute_return,abs_forward_return_30m_bps,30,100,29221,304.3854166666667,0.24505081411278737,224588
future_absolute_return,abs_forward_return_30m_bps,30,101,24874,259.1041666666667,-0.34502472203893614,223891
future_absolute_return,abs_forward_return_30m_bps,30,102,5095,53.072916666666664,0.12322753249061588,224999
future_absolute_return,abs_forward_return_30m_bps,30,103,11744,122.33333333333333,-0.23998102085289766,223089
future_absolute_return,abs_forward_return_30m_bps,30,104,23686,246.72916666666666,-0.20617567556723762,223312
future_absolute_return,abs_forward_return_30m_bps,30,105,19244,200.45833333333334,-0.2769207481339979,222855
future_absolute_return,abs_forward_return_30m_bps,30,106,15958,166.22916666666666,0.011214701063101079,222995
future_absolute_return,abs_forward_return_30m_bps,30,107,33819,352.28125,0.5187135729266983,225888
future_absolute_return,abs_forward_return_30m_bps,30,108,9481,98.76041666666667,0.05248551714887779,224183
future_absolute_return,abs_forward_return_30m_bps,30,109,22384,233.16666666666666,0.22231617545726381,223145
future_absolute_return,abs_forward_return_30m_bps,30,110,22960,239.16666666666666,-0.23363309743874416,223401
future_absolute_return,abs_forward_return_30m_bps,30,111,7126,74.22916666666667,0.11976753638823744,224146
future_absolute_return,abs_forward_return_30m_bps,30,112,12295,128.07291666666666,-0.5592729937685531,223103
future_absolute_return,abs_forward_return_30m_bps,30,113,4937,51.427083333333336,0.039050693621055795,224511
future_absolute_return,abs_forward_return_30m_bps,30,114,5239,54.572916666666664,0.1520920749832158,224657
future_absolute_return,abs_forward_return_30m_bps,30,115,29223,304.40625,0.15715414386196955,224571
future_absolute_return,abs_forward_return_30m_bps,30,116,4147,43.197916666666664,0.36075931779506615,225092
future_absolute_return,abs_forward_return_30m_bps,30,117,25572,266.375,-0.2384946193595174,224158
future_absolute_return,abs_forward_return_30m_bps,30,118,13191,137.40625,-0.016775034088060175,222816
future_absolute_return,abs_forward_return_30m_bps,30,119,14009,145.92708333333334,-0.3477640692740979,222954
future_absolute_return,abs_forward_return_30m_bps,30,120,26307,274.03125,-0.8036942248626954,224546
future_absolute_return,abs_forward_return_30m_bps,30,121,18228,189.875,-0.699132733961098,223138
future_absolute_return,abs_forward_return_30m_bps,30,122,29628,308.625,0.43346808493371153,224950
future_absolute_return,abs_forward_return_30m_bps,30,123,10619,110.61458333333333,0.03924249790526168,223422
future_absolute_return,abs_forward_return_30m_bps,30,124,13278,138.3125,-0.030212458253560986,222904
future_absolute_return,abs_forward_return_30m_bps,30,125,13652,142.20833333333334,-0.15939803927597365,223040
future_absolute_return,abs_forward_return_30m_bps,30,126,17493,182.21875,-0.5362445656169845,222843
future_absolute_return,abs_forward_return_30m_bps,30,127,21433,223.26041666666666,-0.26048231235847435,223062
future_absolute_return,abs_forward_return_30m_bps,30,128,25564,266.2916666666667,0.012394544118411979,224181
future_absolute_return,abs_forward_return_30m_bps,30,129,7245,75.46875,0.6038206774610451,224003
future_absolute_return,abs_forward_return_30m_bps,30,130,15086,157.14583333333334,0.05733944112223662,222918
future_absolute_return,abs_forward_return_30m_bps,30,131,24554,255.77083333333334,0.10078240712740094,223600
future_absolute_return,abs_forward_return_30m_bps,30,132,10453,108.88541666666667,-0.2905621816998749,223603
future_absolute_return,abs_forward_return_30m_bps,30,133,16912,176.16666666666666,-0.4660600527908237,223197
future_absolute_return,abs_forward_return_30m_bps,30,134,1849,19.260416666666668,0.7846012252808673,225626
future_absolute_return,abs_forward_return_30m_bps,30,135,22237,231.63541666666666,-0.19572058361377048,223115
future_absolute_return,abs_forward_return_30m_bps,30,136,33206,345.8958333333333,0.5575056912314581,225778
future_absolute_return,abs_forward_return_30m_bps,30,137,19185,199.84375,-0.5645650958820784,223021
future_absolute_return,abs_forward_return_30m_bps,30,138,2073,21.59375,0.390963342576859,225677
future_absolute_return,abs_forward_return_30m_bps,30,139,11538,120.1875,-0.22633845762945384,223201
future_absolute_return,abs_forward_return_30m_bps,30,140,25687,267.5729166666667,-0.2530077139694706,224120
future_absolute_return,abs_forward_return_30m_bps,30,141,5868,61.125,0.7353321120434053,224766
future_absolute_return,abs_forward_return_30m_bps,30,142,14705,153.17708333333334,0.3196343671765133,222911
future_absolute_return,abs_forward_return_30m_bps,30,143,31607,329.2395833333333,0.37642615183636396,225450
future_absolute_return,abs_forward_return_30m_bps,30,144,20746,216.10416666666666,-0.2633468178562307,222934
future_absolute_return,abs_forward_return_30m_bps,30,145,19425,202.34375,-0.6094650517528345,223060
future_absolute_return,abs_forward_return_30m_bps,30,146,30590,318.6458333333333,0.5628886372921953,224900
future_absolute_return,abs_forward_return_30m_bps,30,147,16785,174.84375,-0.14091825557196372,223041
future_absolute_return,abs_forward_return_30m_bps,30,148,27860,290.2083333333333,0.29888861359171637,224139
future_absolute_return,abs_forward_return_30m_bps,30,149,12142,126.47916666666667,-0.13513695038006548,223112
future_absolute_return,abs_forward_return_30m_bps,30,150,26342,274.3958333333333,-0.6069378388947285,224234
future_absolute_return,abs_forward_return_30m_bps,30,151,18397,191.63541666666666,-0.4384162971353394,222810
future_absolute_return,abs_forward_return_30m_bps,30,152,11029,114.88541666666667,-0.19654719009214858,223498
future_absolute_return,abs_forward_return_30m_bps,30,153,27260,283.9583333333333,-0.44795762596660194,224330
future_absolute_return,abs_forward_return_30m_bps,30,154,22355,232.86458333333334,0.0729624948520837,223177
future_absolute_return,abs_forward_return_30m_bps,30,155,30132,313.875,0.43931119485470854,224735
future_absolute_return,abs_forward_return_30m_bps,30,156,1863,19.40625,0.5888368300606618,225431
future_absolute_return,abs_forward_return_30m_bps,30,157,29905,311.5104166666667,0.4696454626252601,224611
future_absolute_return,abs_forward_return_30m_bps,30,158,17839,185.82291666666666,-0.4796466780090722,222903
future_absolute_return,abs_forward_return_30m_bps,30,159,13768,143.41666666666666,-0.2996961890648768,222762
future_absolute_return,abs_forward_return_30m_bps,30,160,19442,202.52083333333334,-0.7502416663276169,222994
future_absolute_return,abs_forward_return_30m_bps,30,161,21653,225.55208333333334,0.17910603609342182,223061
future_absolute_return,abs_forward_return_30m_bps,30,162,23838,248.3125,-0.42703837061107003,223273
future_absolute_return,abs_forward_return_30m_bps,30,163,5373,55.96875,-0.3155441876352336,225439
future_absolute_return,abs_forward_return_30m_bps,30,164,31132,324.2916666666667,0.4114288392574278,225131
future_absolute_return,abs_forward_return_30m_bps,30,165,23244,242.125,0.09216984872803131,223254
future_absolute_return,abs_forward_return_30m_bps,30,166,13634,142.02083333333334,-0.6787553620111787,223163
future_absolute_return,abs_forward_return_30m_bps,30,167,11369,118.42708333333333,-0.3236786804130848,223281
future_absolute_return,abs_forward_return_30m_bps,30,168,19257,200.59375,-0.335916193048584,222827
future_absolute_return,abs_forward_return_30m_bps,30,169,33643,350.4479166666667,0.28434285106195706,225953
future_absolute_return,abs_forward_return_30m_bps,30,170,15393,160.34375,0.29400903959709995,223050
future_absolute_return,abs_forward_return_30m_bps,30,171,25320,263.75,0.24566892439969246,223900
future_absolute_return,abs_forward_return_30m_bps,30,172,32882,342.5208333333333,0.4790891232723286,225463
future_absolute_return,abs_forward_return_30m_bps,30,173,33468,348.625,0.5813877846662484,225739
future_absolute_return,abs_forward_return_30m_bps,30,174,17253,179.71875,-0.014019399923524198,222825
future_absolute_return,abs_forward_return_30m_bps,30,175,12629,131.55208333333334,0.13663380245698575,222864
future_absolute_return,abs_forward_return_30m_bps,30,176,10354,107.85416666666667,0.12218547584889036,223691
future_absolute_return,abs_forward_return_30m_bps,30,177,1990,20.729166666666668,0.30518655322408983,225887
future_absolute_return,abs_forward_return_30m_bps,30,178,10437,108.71875,0.6024904316823099,223556
future_absolute_return,abs_forward_return_30m_bps,30,179,33256,346.4166666666667,0.532909148953434,225540
future_absolute_return,abs_forward_return_30m_bps,30,180,23647,246.32291666666666,-0.5814308062468951,223309
future_absolute_return,abs_forward_return_30m_bps,30,181,10783,112.32291666666667,-0.4129401133100124,223656
future_absolute_return,abs_forward_return_30m_bps,30,182,33902,353.1458333333333,0.2641897547462976,226021
future_absolute_return,abs_forward_return_30m_bps,30,183,28758,299.5625,0.34449665430014526,224398
future_absolute_return,abs_forward_return_30m_bps,30,184,22823,237.73958333333334,-0.06997730386001173,223117
future_absolute_return,abs_forward_return_30m_bps,30,185,11099,115.61458333333333,-0.08210542292294862,223376
future_absolute_return,abs_forward_return_30m_bps,30,186,25478,265.3958333333333,-0.3001814623186592,223983
future_absolute_return,abs_forward_return_30m_bps,30,187,30611,318.8645833333333,0.5907069461916779,225079
future_absolute_return,abs_forward_return_30m_bps,30,188,25906,269.8541666666667,-0.42794675458331893,224212
future_absolute_return,abs_forward_return_30m_bps,30,189,8329,86.76041666666667,0.5892588612555054,224093
future_absolute_return,abs_forward_return_30m_bps,30,190,26307,274.03125,-0.8036942248626954,224546
future_absolute_return,abs_forward_return_30m_bps,30,191,5541,57.71875,0.7576553413056644,224706
future_absolute_return,abs_forward_return_30m_bps,30,192,28990,301.9791666666667,-0.6075313353807482,225260
future_absolute_return,abs_forward_return_30m_bps,30,193,24935,259.7395833333333,0.16630989704645147,223792
future_absolute_return,abs_forward_return_30m_bps,30,194,28161,293.34375,-0.14466705138591485,224405
future_absolute_return,abs_forward_return_30m_bps,30,195,1751,18.239583333333332,0.5201668094685706,225733
future_absolute_return,abs_forward_return_30m_bps,30,196,13670,142.39583333333334,-0.09714035551044788,222873
future_absolute_return,abs_forward_return_30m_bps,30,197,17616,183.5,-0.12186491499950541,222702
future_absolute_return,abs_forward_return_30m_bps,30,198,21437,223.30208333333334,-0.29929091226243154,223029
future_absolute_return,abs_forward_return_30m_bps,30,199,18152,189.08333333333334,-0.6903647900389778,223272
future_realized_volatility,realized_volatility_5m_bps,5,1,33694,350.9791666666667,-0.19003161767018123,226674
future_realized_volatility,realized_volatility_5m_bps,5,2,26024,271.0833333333333,-0.11955863434504348,224355
future_realized_volatility,realized_volatility_5m_bps,5,3,11001,114.59375,-0.03286396219132135,223299
future_realized_volatility,realized_volatility_5m_bps,5,4,17507,182.36458333333334,-0.47821255928374895,222813
future_realized_volatility,realized_volatility_5m_bps,5,5,18945,197.34375,-0.2211202756690868,223068
future_realized_volatility,realized_volatility_5m_bps,5,6,15137,157.67708333333334,0.10528598313565049,222967
future_realized_volatility,realized_volatility_5m_bps,5,7,27416,285.5833333333333,0.0197621711507654,224071
future_realized_volatility,realized_volatility_5m_bps,5,8,15815,164.73958333333334,0.037567789506953476,222973
future_realized_volatility,realized_volatility_5m_bps,5,9,11463,119.40625,-0.21032355006839154,223293
future_realized_volatility,realized_volatility_5m_bps,5,10,1905,19.84375,0.3518444853065561,225781
future_realized_volatility,realized_volatility_5m_bps,5,11,13685,142.55208333333334,-0.16586238191515065,222767
future_realized_volatility,realized_volatility_5m_bps,5,12,4488,46.75,0.4120341757824544,224872
future_realized_volatility,realized_volatility_5m_bps,5,13,13762,143.35416666666666,-0.11453646186195801,222829
future_realized_volatility,realized_volatility_5m_bps,5,14,26676,277.875,-0.08726944593578263,224219
future_realized_volatility,realized_volatility_5m_bps,5,15,26128,272.1666666666667,0.14852010531182877,224241
future_realized_volatility,realized_volatility_5m_bps,5,16,31360,326.6666666666667,0.3336428323356429,225092
future_realized_volatility,realized_volatility_5m_bps,5,17,34086,355.0625,0.2512251397417793,226355
future_realized_volatility,realized_volatility_5m_bps,5,18,30668,319.4583333333333,0.46021282271100034,224938
future_realized_volatility,realized_volatility_5m_bps,5,19,23806,247.97916666666666,-0.5520436971400959,223438
future_realized_volatility,realized_volatility_5m_bps,5,20,6032,62.833333333333336,0.17525848019751425,225167
future_realized_volatility,realized_volatility_5m_bps,5,21,15626,162.77083333333334,0.18664810428723563,223112
future_realized_volatility,realized_volatility_5m_bps,5,22,32929,343.0104166666667,0.12029807033600232,226115
future_realized_volatility,realized_volatility_5m_bps,5,23,5505,57.34375,0.3020373830850208,224748
future_realized_volatility,realized_volatility_5m_bps,5,24,5418,56.4375,0.10120278704656199,224968
future_realized_volatility,realized_volatility_5m_bps,5,25,17964,187.125,-0.30265323211593403,223005
future_realized_volatility,realized_volatility_5m_bps,5,26,16968,176.75,-0.1767852741331132,222967
future_realized_volatility,realized_volatility_5m_bps,5,27,20793,216.59375,-0.1435591702028664,222767
future_realized_volatility,realized_volatility_5m_bps,5,28,15976,166.41666666666666,-0.05494394942040639,222919
future_realized_volatility,realized_volatility_5m_bps,5,29,32588,339.4583333333333,0.4868537498374644,225480
future_realized_volatility,realized_volatility_5m_bps,5,30,21827,227.36458333333334,-0.22023831828639034,222857
future_realized_volatility,realized_volatility_5m_bps,5,31,27545,286.9270833333333,-0.2183744842492316,224514
future_realized_volatility,realized_volatility_5m_bps,5,32,9163,95.44791666666667,-0.024588638176832326,223972
future_realized_volatility,realized_volatility_5m_bps,5,33,1325,13.802083333333334,0.2984018639782598,226361
future_realized_volatility,realized_volatility_5m_bps,5,34,22752,237.0,-0.3279060309220448,223210
future_realized_volatility,realized_volatility_5m_bps,5,35,13800,143.75,0.038028256512176506,222947
future_realized_volatility,realized_volatility_5m_bps,5,36,26590,276.9791666666667,-0.25781232767043366,224233
future_realized_volatility,realized_volatility_5m_bps,5,37,19907,207.36458333333334,-0.3746927578687966,222930
future_realized_volatility,realized_volatility_5m_bps,5,38,26819,279.3645833333333,-0.205803054478942,224152
future_realized_volatility,realized_volatility_5m_bps,5,39,14526,151.3125,-0.05188685613010361,222738
future_realized_volatility,realized_volatility_5m_bps,5,40,7746,80.6875,0.26942090484520537,224118
future_realized_volatility,realized_volatility_5m_bps,5,41,16828,175.29166666666666,-0.2483991163055699,223079
future_realized_volatility,realized_volatility_5m_bps,5,42,12424,129.41666666666666,-0.04643804413009321,222907
future_realized_volatility,realized_volatility_5m_bps,5,43,34001,354.1770833333333,0.09980369851083355,225978
future_realized_volatility,realized_volatility_5m_bps,5,44,12807,133.40625,-0.27433434777562415,223103
future_realized_volatility,realized_volatility_5m_bps,5,45,7057,73.51041666666667,0.32598767538804047,224118
future_realized_volatility,realized_volatility_5m_bps,5,46,11071,115.32291666666667,-0.1114938113402888,223352
future_realized_volatility,realized_volatility_5m_bps,5,47,875,9.114583333333334,0.30126478413985225,226174
future_realized_volatility,realized_volatility_5m_bps,5,48,29360,305.8333333333333,0.31268335648870427,224819
future_realized_volatility,realized_volatility_5m_bps,5,49,25243,262.9479166666667,-0.4995785879384604,223905
future_realized_volatility,realized_volatility_5m_bps,5,50,17504,182.33333333333334,-0.47188808877915744,222892
future_realized_volatility,realized_volatility_5m_bps,5,51,6039,62.90625,-0.07129967304428986,225251
future_realized_volatility,realized_volatility_5m_bps,5,52,31214,325.1458333333333,0.34966595529232525,225321
future_realized_volatility,realized_volatility_5m_bps,5,53,9424,98.16666666666667,-0.15338856752959343,224288
future_realized_volatility,realized_volatility_5m_bps,5,54,24271,252.82291666666666,-0.44567905747746284,223756
future_realized_volatility,realized_volatility_5m_bps,5,55,31148,324.4583333333333,0.5278216551011535,224986
future_realized_volatility,realized_volatility_5m_bps,5,56,5510,57.395833333333336,0.3995380923894399,224721
future_realized_volatility,realized_volatility_5m_bps,5,57,24165,251.71875,-0.2735656367449347,223595
future_realized_volatility,realized_volatility_5m_bps,5,58,25799,268.7395833333333,-0.08981542314612563,224043
future_realized_volatility,realized_volatility_5m_bps,5,59,30128,313.8333333333333,0.19479769307448466,224722
future_realized_volatility,realized_volatility_5m_bps,5,60,30045,312.96875,-0.07509596015195383,224924
future_realized_volatility,realized_volatility_5m_bps,5,61,5645,58.802083333333336,0.32547584804054835,224843
future_realized_volatility,realized_volatility_5m_bps,5,62,17132,178.45833333333334,-0.18090312335715694,222784
future_realized_volatility,realized_volatility_5m_bps,5,63,3205,33.385416666666664,0.3464725008295127,225331
future_realized_volatility,realized_volatility_5m_bps,5,64,17028,177.375,-0.1740571255790158,222785
future_realized_volatility,realized_volatility_5m_bps,5,65,29707,309.4479166666667,0.14670541681863322,224936
future_realized_volatility,realized_volatility_5m_bps,5,66,4912,51.166666666666664,0.47046505332034544,224722
future_realized_volatility,realized_volatility_5m_bps,5,67,19777,206.01041666666666,-0.4642841449893889,223154
future_realized_volatility,realized_volatility_5m_bps,5,68,7277,75.80208333333333,0.22559619571918937,224378
future_realized_volatility,realized_volatility_5m_bps,5,69,29119,303.3229166666667,0.15696801388974654,224703
future_realized_volatility,realized_volatility_5m_bps,5,70,22621,235.63541666666666,-0.05154568140329158,222886
future_realized_volatility,realized_volatility_5m_bps,5,71,27053,281.8020833333333,0.04859020525389241,224259
future_realized_volatility,realized_volatility_5m_bps,5,72,23402,243.77083333333334,-0.17926107510824038,223080
future_realized_volatility,realized_volatility_5m_bps,5,73,17859,186.03125,-0.4883178684974641,223106
future_realized_volatility,realized_volatility_5m_bps,5,74,12952,134.91666666666666,-0.25185119866583255,223135
future_realized_volatility,realized_volatility_5m_bps,5,75,23185,241.51041666666666,-0.1660142672960905,223018
future_realized_volatility,realized_volatility_5m_bps,5,76,8702,90.64583333333333,0.03751172864482517,224331
future_realized_volatility,realized_volatility_5m_bps,5,77,22152,230.75,-0.14414567421856558,223114
future_realized_volatility,realized_volatility_5m_bps,5,78,24574,255.97916666666666,-0.579540422834657,223760
future_realized_volatility,realized_volatility_5m_bps,5,79,32454,338.0625,0.22212852859671553,226096
future_realized_volatility,realized_volatility_5m_bps,5,80,33572,349.7083333333333,0.6765484288807676,225906
future_realized_volatility,realized_volatility_5m_bps,5,81,3305,34.427083333333336,0.21408737405358313,225413
future_realized_volatility,realized_volatility_5m_bps,5,82,32041,333.7604166666667,0.2232871637035312,225597
future_realized_volatility,realized_volatility_5m_bps,5,83,11718,122.0625,-0.4105297473550866,223282
future_realized_volatility,realized_volatility_5m_bps,5,84,8899,92.69791666666667,0.27910606281903033,224193
future_realized_volatility,realized_volatility_5m_bps,5,85,23554,245.35416666666666,-0.33486204190689217,223293
future_realized_volatility,realized_volatility_5m_bps,5,86,1240,12.916666666666666,0.057555758793011474,226302
future_realized_volatility,realized_volatility_5m_bps,5,87,6692,69.70833333333333,0.3794621303810737,224741
future_realized_volatility,realized_volatility_5m_bps,5,88,8121,84.59375,-0.11027954360501828,224359
future_realized_volatility,realized_volatility_5m_bps,5,89,29606,308.3958333333333,0.2841418741623283,224950
future_realized_volatility,realized_volatility_5m_bps,5,90,14619,152.28125,-0.14639803210058627,222809
future_realized_volatility,realized_volatility_5m_bps,5,91,20503,213.57291666666666,-0.1327145074935723,222604
future_realized_volatility,realized_volatility_5m_bps,5,92,25820,268.9583333333333,-0.2652485409916835,224163
future_realized_volatility,realized_volatility_5m_bps,5,93,17573,183.05208333333334,-0.6548613099339248,223036
future_realized_volatility,realized_volatility_5m_bps,5,94,33567,349.65625,0.5614475172616807,225826
future_realized_volatility,realized_volatility_5m_bps,5,95,5039,52.489583333333336,0.16272582806398342,224627
future_realized_volatility,realized_volatility_5m_bps,5,96,10783,112.32291666666667,-0.3244964622675476,223684
future_realized_volatility,realized_volatility_5m_bps,5,97,22599,235.40625,-0.15319889558324523,222926
future_realized_volatility,realized_volatility_5m_bps,5,98,8164,85.04166666666667,-0.29276563329547617,224497
future_realized_volatility,realized_volatility_5m_bps,5,99,10106,105.27083333333333,-0.07411967641925941,223810
future_realized_volatility,realized_volatility_5m_bps,5,100,14743,153.57291666666666,-0.2442265273651671,222947
future_realized_volatility,realized_volatility_5m_bps,5,101,2335,24.322916666666668,0.24843136806708654,225557
future_realized_volatility,realized_volatility_5m_bps,5,102,8683,90.44791666666667,-0.08906424383882429,224149
future_realized_volatility,realized_volatility_5m_bps,5,103,14920,155.41666666666666,-0.1408909243102004,222964
future_realized_volatility,realized_volatility_5m_bps,5,104,14547,151.53125,-0.09257282655454518,222577
future_realized_volatility,realized_volatility_5m_bps,5,105,1381,14.385416666666666,0.1433848493454543,225998
future_realized_volatility,realized_volatility_5m_bps,5,106,15344,159.83333333333334,-0.1232015224611478,223140
future_realized_volatility,realized_volatility_5m_bps,5,107,9032,94.08333333333333,0.00888484457791496,224321
future_realized_volatility,realized_volatility_5m_bps,5,108,20564,214.20833333333334,-0.31856457397310184,222787
future_realized_volatility,realized_volatility_5m_bps,5,109,26218,273.1041666666667,-0.011016913212631593,224434
future_realized_volatility,realized_volatility_5m_bps,5,110,10425,108.59375,-0.08739300091096071,223477
future_realized_volatility,realized_volatility_5m_bps,5,111,25737,268.09375,-0.15739491703294814,224211
future_realized_volatility,realized_volatility_5m_bps,5,112,21627,225.28125,-0.3062549964434031,223285
future_realized_volatility,realized_volatility_5m_bps,5,113,11555,120.36458333333333,-0.037974781281455566,223116
future_realized_volatility,realized_volatility_5m_bps,5,114,19582,203.97916666666666,-0.6020097160296546,223379
future_realized_volatility,realized_volatility_5m_bps,5,115,8260,86.04166666666667,-0.13619900107276026,224287
future_realized_volatility,realized_volatility_5m_bps,5,116,30894,321.8125,0.32771100362057637,225094
future_realized_volatility,realized_volatility_5m_bps,5,117,10569,110.09375,-0.10460352630323971,223680
future_realized_volatility,realized_volatility_5m_bps,5,118,30635,319.1145833333333,0.3876733513396085,225186
future_realized_volatility,realized_volatility_5m_bps,5,119,21084,219.625,-0.09404644234277115,222801
future_realized_volatility,realized_volatility_5m_bps,5,120,14716,153.29166666666666,-0.18805388316110694,222902
future_realized_volatility,realized_volatility_5m_bps,5,121,5027,52.364583333333336,0.2317693632111552,224671
future_realized_volatility,realized_volatility_5m_bps,5,122,23989,249.88541666666666,-0.321492891484871,223504
future_realized_volatility,realized_volatility_5m_bps,5,123,25620,266.875,-0.2743994040819108,224334
future_realized_volatility,realized_volatility_5m_bps,5,124,20910,217.8125,-0.2963659685752332,223046
future_realized_volatility,realized_volatility_5m_bps,5,125,2210,23.020833333333332,0.0840912794695641,225916
future_realized_volatility,realized_volatility_5m_bps,5,126,27332,284.7083333333333,0.18646601776969574,224135
future_realized_volatility,realized_volatility_5m_bps,5,127,13611,141.78125,-0.1068096348000656,223097
future_realized_volatility,realized_volatility_5m_bps,5,128,33011,343.8645833333333,0.1971884441627453,226023
future_realized_volatility,realized_volatility_5m_bps,5,129,2573,26.802083333333332,0.19705844541802817,225842
future_realized_volatility,realized_volatility_5m_bps,5,130,26183,272.7395833333333,0.04680652740386658,224173
future_realized_volatility,realized_volatility_5m_bps,5,131,5788,60.291666666666664,0.3047237225639662,224810
future_realized_volatility,realized_volatility_5m_bps,5,132,1873,19.510416666666668,0.27927770726008383,225443
future_realized_volatility,realized_volatility_5m_bps,5,133,7350,76.5625,0.2839468357402867,224322
future_realized_volatility,realized_volatility_5m_bps,5,134,18544,193.16666666666666,-0.3139647015160011,223084
future_realized_volatility,realized_volatility_5m_bps,5,135,12115,126.19791666666667,-0.345982735088661,223273
future_realized_volatility,realized_volatility_5m_bps,5,136,12525,130.46875,-0.11305894248246424,222916
future_realized_volatility,realized_volatility_5m_bps,5,137,31227,325.28125,0.19762678851586218,225211
future_realized_volatility,realized_volatility_5m_bps,5,138,23447,244.23958333333334,-0.19885969768683504,223089
future_realized_volatility,realized_volatility_5m_bps,5,139,17341,180.63541666666666,-0.052385554544746964,222615
future_realized_volatility,realized_volatility_5m_bps,5,140,21539,224.36458333333334,-0.40526906708663224,223186
future_realized_volatility,realized_volatility_5m_bps,5,141,29483,307.1145833333333,0.1691926776385746,224836
future_realized_volatility,realized_volatility_5m_bps,5,142,12096,126.0,-0.6132864987921597,223552
future_realized_volatility,realized_volatility_5m_bps,5,143,31657,329.7604166666667,0.1209346939079927,225530
future_realized_volatility,realized_volatility_5m_bps,5,144,22026,229.4375,-0.10469711585273417,222880
future_realized_volatility,realized_volatility_5m_bps,5,145,5120,53.333333333333336,0.2024767723381749,224725
future_realized_volatility,realized_volatility_5m_bps,5,146,10540,109.79166666666667,0.204676293723649,223647
future_realized_volatility,realized_volatility_5m_bps,5,147,26570,276.7708333333333,0.11565578875653015,224066
future_realized_volatility,realized_volatility_5m_bps,5,148,16460,171.45833333333334,-0.09981667227331427,222904
future_realized_volatility,realized_volatility_5m_bps,5,149,34306,357.3541666666667,0.26417769344521486,226250
future_realized_volatility,realized_volatility_5m_bps,5,150,13526,140.89583333333334,-0.46397283643685755,223290
future_realized_volatility,realized_volatility_5m_bps,5,151,33466,348.6041666666667,0.6235737582563087,225745
future_realized_volatility,realized_volatility_5m_bps,5,152,31652,329.7083333333333,0.2556986166707901,225525
future_realized_volatility,realized_volatility_5m_bps,5,153,26401,275.0104166666667,-0.22372356520481132,224250
future_realized_volatility,realized_volatility_5m_bps,5,154,12192,127.0,-0.8021953277635426,223465
future_realized_volatility,realized_volatility_5m_bps,5,155,26749,278.6354166666667,0.15450689867183273,224055
future_realized_volatility,realized_volatility_5m_bps,5,156,7996,83.29166666666667,0.11907112885906453,224267
future_realized_volatility,realized_volatility_5m_bps,5,157,14723,153.36458333333334,-0.18957360576803303,222918
future_realized_volatility,realized_volatility_5m_bps,5,158,33046,344.2291666666667,0.30955090924978507,225981
future_realized_volatility,realized_volatility_5m_bps,5,159,1807,18.822916666666668,0.1844722053406907,225728
future_realized_volatility,realized_volatility_5m_bps,5,160,17502,182.3125,-0.5878734289181463,222860
future_realized_volatility,realized_volatility_5m_bps,5,161,911,9.489583333333334,0.17397044316746008,225910
future_realized_volatility,realized_volatility_5m_bps,5,162,15330,159.6875,0.036576224468004646,223022
future_realized_volatility,realized_volatility_5m_bps,5,163,32275,336.1979166666667,0.13754573974305587,225896
future_realized_volatility,realized_volatility_5m_bps,5,164,9408,98.0,-0.3083125211912532,224456
future_realized_volatility,realized_volatility_5m_bps,5,165,31940,332.7083333333333,0.5079579482652858,225562
future_realized_volatility,realized_volatility_5m_bps,5,166,3902,40.645833333333336,0.672338734350223,225072
future_realized_volatility,realized_volatility_5m_bps,5,167,21736,226.41666666666666,-0.05518790693529127,222895
future_realized_volatility,realized_volatility_5m_bps,5,168,6179,64.36458333333333,0.23732354945447812,224429
future_realized_volatility,realized_volatility_5m_bps,5,169,5921,61.677083333333336,0.2568328055430632,224703
future_realized_volatility,realized_volatility_5m_bps,5,170,15717,163.71875,0.08745475651424744,222952
future_realized_volatility,realized_volatility_5m_bps,5,171,18202,189.60416666666666,-0.22407324894784342,223007
future_realized_volatility,realized_volatility_5m_bps,5,172,14183,147.73958333333334,-0.2017983410564083,222934
future_realized_volatility,realized_volatility_5m_bps,5,173,17326,180.47916666666666,-0.20875426681817225,222559
future_realized_volatility,realized_volatility_5m_bps,5,174,3395,35.364583333333336,0.020255621157179406,225420
future_realized_volatility,realized_volatility_5m_bps,5,175,10744,111.91666666666667,-0.48224901408164955,223893
future_realized_volatility,realized_volatility_5m_bps,5,176,10743,111.90625,-0.46059205317467417,223849
future_realized_volatility,realized_volatility_5m_bps,5,177,4494,46.8125,0.3720123795793043,224931
future_realized_volatility,realized_volatility_5m_bps,5,178,14568,151.75,-0.020126134447456027,222771
future_realized_volatility,realized_volatility_5m_bps,5,179,3993,41.59375,0.28426875182305855,225169
future_realized_volatility,realized_volatility_5m_bps,5,180,21908,228.20833333333334,-0.13792618198287349,223117
future_realized_volatility,realized_volatility_5m_bps,5,181,15301,159.38541666666666,-0.08067299834313582,222956
future_realized_volatility,realized_volatility_5m_bps,5,182,26947,280.6979166666667,-0.1311068356519375,224391
future_realized_volatility,realized_volatility_5m_bps,5,183,7849,81.76041666666667,0.23943548583312457,224140
future_realized_volatility,realized_volatility_5m_bps,5,184,8322,86.6875,0.2706483602610486,224074
future_realized_volatility,realized_volatility_5m_bps,5,185,8205,85.46875,-0.12589781918072576,224083
future_realized_volatility,realized_volatility_5m_bps,5,186,18782,195.64583333333334,-0.09661782784685391,223149
future_realized_volatility,realized_volatility_5m_bps,5,187,22386,233.1875,-0.01002847335024526,223150
future_realized_volatility,realized_volatility_5m_bps,5,188,14821,154.38541666666666,-0.4337654464154443,223010
future_realized_volatility,realized_volatility_5m_bps,5,189,17847,185.90625,-0.8438489605732766,223045
future_realized_volatility,realized_volatility_5m_bps,5,190,11465,119.42708333333333,-0.15802342390862298,223279
future_realized_volatility,realized_volatility_5m_bps,5,191,32791,341.5729166666667,0.37527140345158544,225532
future_realized_volatility,realized_volatility_5m_bps,5,192,23223,241.90625,-0.5410226309937256,223238
future_realized_volatility,realized_volatility_5m_bps,5,193,3019,31.447916666666668,0.0068216501964703516,225467
future_realized_volatility,realized_volatility_5m_bps,5,194,21379,222.69791666666666,-0.14120314737402234,222967
future_realized_volatility,realized_volatility_5m_bps,5,195,4289,44.677083333333336,0.4935698575772209,225108
future_realized_volatility,realized_volatility_5m_bps,5,196,20514,213.6875,-0.002035261659858435,222738
future_realized_volatility,realized_volatility_5m_bps,5,197,7443,77.53125,-0.06718991348006596,224293
future_realized_volatility,realized_volatility_5m_bps,5,198,7502,78.14583333333333,0.2632661013337349,224428
future_realized_volatility,realized_volatility_5m_bps,5,199,18515,192.86458333333334,-0.2724431747318747,223040
future_realized_volatility,realized_volatility_15m_bps,15,1,24626,256.5208333333333,-0.18728174140458032,223438
future_realized_volatility,realized_volatility_15m_bps,15,2,22921,238.76041666666666,-0.2449895487848771,223263
future_realized_volatility,realized_volatility_15m_bps,15,3,24928,259.6666666666667,-0.19296793772260287,223814
future_realized_volatility,realized_volatility_15m_bps,15,4,18823,196.07291666666666,-1.2487502080860637,223353
future_realized_volatility,realized_volatility_15m_bps,15,5,21855,227.65625,-0.019567631545604706,222919
future_realized_volatility,realized_volatility_15m_bps,15,6,27472,286.1666666666667,0.3209402144868403,224279
future_realized_volatility,realized_volatility_15m_bps,15,7,27279,284.15625,-0.1016493635302929,224213
future_realized_volatility,realized_volatility_15m_bps,15,8,17068,177.79166666666666,-0.2980439538307923,222893
future_realized_volatility,realized_volatility_15m_bps,15,9,15126,157.5625,0.041141172888061045,222852
future_realized_volatility,realized_volatility_15m_bps,15,10,2901,30.21875,0.4400101642478827,225562
future_realized_volatility,realized_volatility_15m_bps,15,11,5047,52.572916666666664,0.4148999899950536,224641
future_realized_volatility,realized_volatility_15m_bps,15,12,3356,34.958333333333336,-0.25886671809684536,225943
future_realized_volatility,realized_volatility_15m_bps,15,13,15331,159.69791666666666,-0.11925031134653939,223022
future_realized_volatility,realized_volatility_15m_bps,15,14,15787,164.44791666666666,-0.4086499651388225,222793
future_realized_volatility,realized_volatility_15m_bps,15,15,29428,306.5416666666667,0.622212875865367,224570
future_realized_volatility,realized_volatility_15m_bps,15,16,5076,52.875,0.5850399996661727,224935
future_realized_volatility,realized_volatility_15m_bps,15,17,19459,202.69791666666666,-0.5167555080604627,223156
future_realized_volatility,realized_volatility_15m_bps,15,18,24774,258.0625,-0.7020381488349348,223800
future_realized_volatility,realized_volatility_15m_bps,15,19,1489,15.510416666666666,0.549478289839301,225804
future_realized_volatility,realized_volatility_15m_bps,15,20,23783,247.73958333333334,-0.4754559318200186,223272
future_realized_volatility,realized_volatility_15m_bps,15,21,26234,273.2708333333333,0.20218357906516987,224326
future_realized_volatility,realized_volatility_15m_bps,15,22,8578,89.35416666666667,0.13392823822856204,224038
future_realized_volatility,realized_volatility_15m_bps,15,23,22076,229.95833333333334,-0.6807724111230485,223161
future_realized_volatility,realized_volatility_15m_bps,15,24,11614,120.97916666666667,-0.6751266605614585,223211
future_realized_volatility,realized_volatility_15m_bps,15,25,32676,340.375,0.8701577598874316,225540
future_realized_volatility,realized_volatility_15m_bps,15,26,11769,122.59375,0.1588205368779818,223053
future_realized_volatility,realized_volatility_15m_bps,15,27,20728,215.91666666666666,-0.8231000604670202,222917
future_realized_volatility,realized_volatility_15m_bps,15,28,9781,101.88541666666667,-0.00266345039489944,223869
future_realized_volatility,realized_volatility_15m_bps,15,29,26787,279.03125,-0.18572152097411904,224297
future_realized_volatility,realized_volatility_15m_bps,15,30,17545,182.76041666666666,-0.7983048724398705,222824
future_realized_volatility,realized_volatility_15m_bps,15,31,11652,121.375,-0.1985656924935728,222990
future_realized_volatility,realized_volatility_15m_bps,15,32,25212,262.625,0.12132043155513161,223655
future_realized_volatility,realized_volatility_15m_bps,15,33,19825,206.51041666666666,-0.3450225373711694,222725
future_realized_volatility,realized_volatility_15m_bps,15,34,8764,91.29166666666667,-0.38346574355637564,224283
future_realized_volatility,realized_volatility_15m_bps,15,35,3346,34.854166666666664,0.17140307481611572,225770
future_realized_volatility,realized_volatility_15m_bps,15,36,13703,142.73958333333334,-0.3552206534081589,222847
future_realized_volatility,realized_volatility_15m_bps,15,37,12811,133.44791666666666,-0.41418488619426264,223090
future_realized_volatility,realized_volatility_15m_bps,15,38,11855,123.48958333333333,-0.24537522708855364,223004
future_realized_volatility,realized_volatility_15m_bps,15,39,29801,310.4270833333333,0.551724275712403,224670
future_realized_volatility,realized_volatility_15m_bps,15,40,17089,178.01041666666666,-0.9960273642180283,223063
future_realized_volatility,realized_volatility_15m_bps,15,41,5753,59.927083333333336,0.2924023346350315,224969
future_realized_volatility,realized_volatility_15m_bps,15,42,17978,187.27083333333334,-0.3814095265033195,222868
future_realized_volatility,realized_volatility_15m_bps,15,43,31052,323.4583333333333,0.07157386176082133,225153
future_realized_volatility,realized_volatility_15m_bps,15,44,16715,174.11458333333334,-0.625743816308547,222932
future_realized_volatility,realized_volatility_15m_bps,15,45,13152,137.0,-0.4572035568501733,223204
future_realized_volatility,realized_volatility_15m_bps,15,46,23914,249.10416666666666,-0.7620985933604788,223491
future_realized_volatility,realized_volatility_15m_bps,15,47,13161,137.09375,-0.32019834416089843,223117
future_realized_volatility,realized_volatility_15m_bps,15,48,25576,266.4166666666667,-0.0910874907126944,224169
future_realized_volatility,realized_volatility_15m_bps,15,49,15419,160.61458333333334,-0.23177717574435883,223077
future_realized_volatility,realized_volatility_15m_bps,15,50,34176,356.0,0.4158084448589743,226470
future_realized_volatility,realized_volatility_15m_bps,15,51,2122,22.104166666666668,0.32986965813376673,225946
future_realized_volatility,realized_volatility_15m_bps,15,52,24791,258.2395833333333,-0.24647954993521307,223656
future_realized_volatility,realized_volatility_15m_bps,15,53,11687,121.73958333333333,0.022537792656807887,223134
future_realized_volatility,realized_volatility_15m_bps,15,54,17623,183.57291666666666,-0.4111969345120579,222682
future_realized_volatility,realized_volatility_15m_bps,15,55,6529,68.01041666666667,0.18023191552264664,224630
future_realized_volatility,realized_volatility_15m_bps,15,56,22870,238.22916666666666,-0.34388948339004194,223292
future_realized_volatility,realized_volatility_15m_bps,15,57,3133,32.635416666666664,0.9451392115646805,225361
future_realized_volatility,realized_volatility_15m_bps,15,58,26426,275.2708333333333,-0.03248920226079528,224079
future_realized_volatility,realized_volatility_15m_bps,15,59,5244,54.625,0.839798746293111,224742
future_realized_volatility,realized_volatility_15m_bps,15,60,19748,205.70833333333334,-0.13014658313359376,223001
future_realized_volatility,realized_volatility_15m_bps,15,61,8442,87.9375,-0.0009537723443681212,224236
future_realized_volatility,realized_volatility_15m_bps,15,62,1814,18.895833333333332,0.7329143944153106,225845
future_realized_volatility,realized_volatility_15m_bps,15,63,1577,16.427083333333332,0.7729168049117238,225667
future_realized_volatility,realized_volatility_15m_bps,15,64,18643,194.19791666666666,-0.5408393918186585,223077
future_realized_volatility,realized_volatility_15m_bps,15,65,31946,332.7708333333333,0.7187431858800993,225593
future_realized_volatility,realized_volatility_15m_bps,15,66,24853,258.8854166666667,-0.5393974044253184,223818
future_realized_volatility,realized_volatility_15m_bps,15,67,24997,260.3854166666667,-0.153588697248019,223716
future_realized_volatility,realized_volatility_15m_bps,15,68,28588,297.7916666666667,0.11350119666814977,224492
future_realized_volatility,realized_volatility_15m_bps,15,69,15224,158.58333333333334,0.22157560228501844,222814
future_realized_volatility,realized_volatility_15m_bps,15,70,12443,129.61458333333334,0.1090529897945089,222938
future_realized_volatility,realized_volatility_15m_bps,15,71,33905,353.1770833333333,0.7780301894516375,226001
future_realized_volatility,realized_volatility_15m_bps,15,72,4539,47.28125,0.669631863629665,224780
future_realized_volatility,realized_volatility_15m_bps,15,73,3382,35.229166666666664,0.36027778775254493,225541
future_realized_volatility,realized_volatility_15m_bps,15,74,20453,213.05208333333334,-0.7601043291881611,222920
future_realized_volatility,realized_volatility_15m_bps,15,75,6156,64.125,0.4998182621287176,224737
future_realized_volatility,realized_volatility_15m_bps,15,76,18221,189.80208333333334,-0.6178255855155506,223094
future_realized_volatility,realized_volatility_15m_bps,15,77,23557,245.38541666666666,-0.6053456139441824,223215
future_realized_volatility,realized_volatility_15m_bps,15,78,14803,154.19791666666666,-0.6856617238195195,223116
future_realized_volatility,realized_volatility_15m_bps,15,79,16734,174.3125,-0.2604483329037708,222855
future_realized_volatility,realized_volatility_15m_bps,15,80,17587,183.19791666666666,-1.029795667227001,222890
future_realized_volatility,realized_volatility_15m_bps,15,81,19191,199.90625,-1.0110616819209945,223082
future_realized_volatility,realized_volatility_15m_bps,15,82,22012,229.29166666666666,-0.1305419688572918,222953
future_realized_volatility,realized_volatility_15m_bps,15,83,27274,284.1041666666667,0.1237925283670232,224272
future_realized_volatility,realized_volatility_15m_bps,15,84,16567,172.57291666666666,-0.19885929861395443,222764
future_realized_volatility,realized_volatility_15m_bps,15,85,13401,139.59375,-0.42755857119988605,223135
future_realized_volatility,realized_volatility_15m_bps,15,86,31603,329.1979166666667,0.694817003322605,225475
future_realized_volatility,realized_volatility_15m_bps,15,87,32457,338.09375,0.3720143398727569,226048
future_realized_volatility,realized_volatility_15m_bps,15,88,7125,74.21875,0.17320729971726478,224163
future_realized_volatility,realized_volatility_15m_bps,15,89,19012,198.04166666666666,-1.0953346901409073,223214
future_realized_volatility,realized_volatility_15m_bps,15,90,16927,176.32291666666666,-0.524903288710546,222976
future_realized_volatility,realized_volatility_15m_bps,15,91,1515,15.78125,0.7141608584765435,225966
future_realized_volatility,realized_volatility_15m_bps,15,92,21307,221.94791666666666,-0.9666156761236591,222999
future_realized_volatility,realized_volatility_15m_bps,15,93,28623,298.15625,-0.04428099413714257,224618
future_realized_volatility,realized_volatility_15m_bps,15,94,27313,284.5104166666667,0.004190311388741766,224029
future_realized_volatility,realized_volatility_15m_bps,15,95,23969,249.67708333333334,-0.25315263860617654,223339
future_realized_volatility,realized_volatility_15m_bps,15,96,31559,328.7395833333333,0.6036773636690588,225267
future_realized_volatility,realized_volatility_15m_bps,15,97,19105,199.01041666666666,-0.8030240260892754,223121
future_realized_volatility,realized_volatility_15m_bps,15,98,14008,145.91666666666666,-0.509913541045134,222996
future_realized_volatility,realized_volatility_15m_bps,15,99,12932,134.70833333333334,-0.037307488722191515,223044
future_realized_volatility,realized_volatility_15m_bps,15,100,9187,95.69791666666667,0.33395342281287027,224035
future_realized_volatility,realized_volatility_15m_bps,15,101,29774,310.1458333333333,0.41597893990084056,225012
future_realized_volatility,realized_volatility_15m_bps,15,102,28038,292.0625,-0.28086516974742376,224429
future_realized_volatility,realized_volatility_15m_bps,15,103,18862,196.47916666666666,-0.4639160391376122,223085
future_realized_volatility,realized_volatility_15m_bps,15,104,4811,50.114583333333336,0.5321682090988867,224905
future_realized_volatility,realized_volatility_15m_bps,15,105,29589,308.21875,0.45675592716135993,224981
future_realized_volatility,realized_volatility_15m_bps,15,106,11667,121.53125,-0.22287271956626975,222957
future_realized_volatility,realized_volatility_15m_bps,15,107,27137,282.6770833333333,0.16091866696463727,224068
future_realized_volatility,realized_volatility_15m_bps,15,108,33511,349.0729166666667,0.5957182870367157,226164
future_realized_volatility,realized_volatility_15m_bps,15,109,28945,301.5104166666667,0.17666330588119236,224768
future_realized_volatility,realized_volatility_15m_bps,15,110,14338,149.35416666666666,-0.018353248074920267,222736
future_realized_volatility,realized_volatility_15m_bps,15,111,29662,308.9791666666667,-0.3649936837092199,225434
future_realized_volatility,realized_volatility_15m_bps,15,112,19935,207.65625,-0.5824365330753722,222822
future_realized_volatility,realized_volatility_15m_bps,15,113,30993,322.84375,0.13923832271515593,225351
future_realized_volatility,realized_volatility_15m_bps,15,114,2948,30.708333333333332,0.8633673197766123,225738
future_realized_volatility,realized_volatility_15m_bps,15,115,28895,300.9895833333333,-0.44547321266447576,224965
future_realized_volatility,realized_volatility_15m_bps,15,116,30980,322.7083333333333,0.3188341779091607,225217
future_realized_volatility,realized_volatility_15m_bps,15,117,20320,211.66666666666666,-0.2842729288799954,222920
future_realized_volatility,realized_volatility_15m_bps,15,118,6635,69.11458333333333,-0.23931640722178282,224694
future_realized_volatility,realized_volatility_15m_bps,15,119,18455,192.23958333333334,-0.5635052232920985,222849
future_realized_volatility,realized_volatility_15m_bps,15,120,21317,222.05208333333334,-0.7784111085826406,223038
future_realized_volatility,realized_volatility_15m_bps,15,121,1947,20.28125,0.45000125199985175,225671
future_realized_volatility,realized_volatility_15m_bps,15,122,24407,254.23958333333334,-1.0389386342348534,223537
future_realized_volatility,realized_volatility_15m_bps,15,123,29993,312.4270833333333,0.20904899167112923,224641
future_realized_volatility,realized_volatility_15m_bps,15,124,31493,328.0520833333333,0.4133626158873364,225433
future_realized_volatility,realized_volatility_15m_bps,15,125,12448,129.66666666666666,0.37534740248506043,222973
future_realized_volatility,realized_volatility_15m_bps,15,126,4096,42.666666666666664,0.7348262764249699,225139
future_realized_volatility,realized_volatility_15m_bps,15,127,28273,294.5104166666667,-0.059431673479355705,224612
future_realized_volatility,realized_volatility_15m_bps,15,128,24909,259.46875,-0.21726552239216218,223711
future_realized_volatility,realized_volatility_15m_bps,15,129,21857,227.67708333333334,-0.011803847564839211,222974
future_realized_volatility,realized_volatility_15m_bps,15,130,30331,315.9479166666667,-0.3886095317277094,225219
future_realized_volatility,realized_volatility_15m_bps,15,131,2542,26.479166666666668,0.7434949691696504,225525
future_realized_volatility,realized_volatility_15m_bps,15,132,7947,82.78125,0.17571239395813384,224213
future_realized_volatility,realized_volatility_15m_bps,15,133,3222,33.5625,0.8996627169238087,225285
future_realized_volatility,realized_volatility_15m_bps,15,134,11088,115.5,-0.01597058911030841,223353
future_realized_volatility,realized_volatility_15m_bps,15,135,6808,70.91666666666667,-0.21092265888638642,224810
future_realized_volatility,realized_volatility_15m_bps,15,136,33356,347.4583333333333,1.0055590157352927,225584
future_realized_volatility,realized_volatility_15m_bps,15,137,27931,290.9479166666667,-0.39948999950527864,224328
future_realized_volatility,realized_volatility_15m_bps,15,138,26912,280.3333333333333,0.05753252203721142,224395
future_realized_volatility,realized_volatility_15m_bps,15,139,4085,42.552083333333336,0.45191527315257723,225053
future_realized_volatility,realized_volatility_15m_bps,15,140,28182,293.5625,0.483917111078512,224407
future_realized_volatility,realized_volatility_15m_bps,15,141,9962,103.77083333333333,0.25721709462232045,223759
future_realized_volatility,realized_volatility_15m_bps,15,142,7415,77.23958333333333,-0.11656408826697143,224357
future_realized_volatility,realized_volatility_15m_bps,15,143,34010,354.2708333333333,0.39878863944242504,225995
future_realized_volatility,realized_volatility_15m_bps,15,144,25214,262.6458333333333,0.015207092226790231,223693
future_realized_volatility,realized_volatility_15m_bps,15,145,17726,184.64583333333334,-0.4807449483825504,222713
future_realized_volatility,realized_volatility_15m_bps,15,146,28175,293.4895833333333,0.0923514915409698,224377
future_realized_volatility,realized_volatility_15m_bps,15,147,17088,178.0,-0.8190380121766554,223104
future_realized_volatility,realized_volatility_15m_bps,15,148,4188,43.625,1.0903643585873544,224996
future_realized_volatility,realized_volatility_15m_bps,15,149,12913,134.51041666666666,-0.17677660865833572,222922
future_realized_volatility,realized_volatility_15m_bps,15,150,17609,183.42708333333334,-0.554958629461689,222726
future_realized_volatility,realized_volatility_15m_bps,15,151,25655,267.2395833333333,-0.759419687527136,224317
future_realized_volatility,realized_volatility_15m_bps,15,152,28681,298.7604166666667,0.25480849912727405,224443
future_realized_volatility,realized_volatility_15m_bps,15,153,24389,254.05208333333334,-0.6699462342823066,223714
future_realized_volatility,realized_volatility_15m_bps,15,154,29954,312.0208333333333,-0.08074132265156062,225058
future_realized_volatility,realized_volatility_15m_bps,15,155,4075,42.447916666666664,0.21506552344900723,225051
future_realized_volatility,realized_volatility_15m_bps,15,156,21354,222.4375,-0.11090463782990127,222752
future_realized_volatility,realized_volatility_15m_bps,15,157,21644,225.45833333333334,-0.42096049344359343,223120
future_realized_volatility,realized_volatility_15m_bps,15,158,22307,232.36458333333334,-0.4491158989182244,223086
future_realized_volatility,realized_volatility_15m_bps,15,159,24820,258.5416666666667,-0.044516511268470206,223552
future_realized_volatility,realized_volatility_15m_bps,15,160,12476,129.95833333333334,-0.7801815145192358,223228
future_realized_volatility,realized_volatility_15m_bps,15,161,28806,300.0625,0.19708777685596351,224717
future_realized_volatility,realized_volatility_15m_bps,15,162,28852,300.5416666666667,0.5111558111518173,224442
future_realized_volatility,realized_volatility_15m_bps,15,163,22672,236.16666666666666,-0.11201482724472413,223010
future_realized_volatility,realized_volatility_15m_bps,15,164,4601,47.927083333333336,0.42063628225248767,225108
future_realized_volatility,realized_volatility_15m_bps,15,165,20383,212.32291666666666,-0.6421305141313348,222840
future_realized_volatility,realized_volatility_15m_bps,15,166,13340,138.95833333333334,-0.9774870101845774,223269
future_realized_volatility,realized_volatility_15m_bps,15,167,12286,127.97916666666667,-0.5484437222461426,223162
future_realized_volatility,realized_volatility_15m_bps,15,168,6469,67.38541666666667,0.6122889486721285,224393
future_realized_volatility,realized_volatility_15m_bps,15,169,33661,350.6354166666667,0.6662354943726017,225980
future_realized_volatility,realized_volatility_15m_bps,15,170,26920,280.4166666666667,-0.11144519406953551,224354
future_realized_volatility,realized_volatility_15m_bps,15,171,23124,240.875,-0.40610162673143035,223260
future_realized_volatility,realized_volatility_15m_bps,15,172,2773,28.885416666666668,0.24453165461391774,226022
future_realized_volatility,realized_volatility_15m_bps,15,173,1621,16.885416666666668,0.6284953798163858,226063
future_realized_volatility,realized_volatility_15m_bps,15,174,18963,197.53125,-0.5124649867966089,222929
future_realized_volatility,realized_volatility_15m_bps,15,175,5428,56.541666666666664,0.3160272248720764,224866
future_realized_volatility,realized_volatility_15m_bps,15,176,22887,238.40625,-0.6107638220348512,223141
future_realized_volatility,realized_volatility_15m_bps,15,177,26302,273.9791666666667,-0.6478442249862274,224544
future_realized_volatility,realized_volatility_15m_bps,15,178,19647,204.65625,-0.7187995795886465,223064
future_realized_volatility,realized_volatility_15m_bps,15,179,9445,98.38541666666667,-0.06141437559952303,224184
future_realized_volatility,realized_volatility_15m_bps,15,180,17735,184.73958333333334,-0.7370880666039842,222811
future_realized_volatility,realized_volatility_15m_bps,15,181,25133,261.8020833333333,0.16047168117488295,223771
future_realized_volatility,realized_volatility_15m_bps,15,182,14487,150.90625,-0.43707049823133093,222896
future_realized_volatility,realized_volatility_15m_bps,15,183,32649,340.09375,0.1302852049397135,225853
future_realized_volatility,realized_volatility_15m_bps,15,184,26470,275.7291666666667,0.08240873739357378,224117
future_realized_volatility,realized_volatility_15m_bps,15,185,7754,80.77083333333333,0.2624051275293036,224159
future_realized_volatility,realized_volatility_15m_bps,15,186,1522,15.854166666666666,0.7112850243536462,226055
future_realized_volatility,realized_volatility_15m_bps,15,187,6537,68.09375,0.4804556370971634,224563
future_realized_volatility,realized_volatility_15m_bps,15,188,17432,181.58333333333334,-0.34281939809991113,222758
future_realized_volatility,realized_volatility_15m_bps,15,189,30002,312.5208333333333,0.43933077866662673,224636
future_realized_volatility,realized_volatility_15m_bps,15,190,34271,356.9895833333333,0.013166009192135519,226670
future_realized_volatility,realized_volatility_15m_bps,15,191,2455,25.572916666666668,0.4721183871363253,225494
future_realized_volatility,realized_volatility_15m_bps,15,192,16550,172.39583333333334,-0.43978935456712126,222819
future_realized_volatility,realized_volatility_15m_bps,15,193,14914,155.35416666666666,-0.3544734583206484,222981
future_realized_volatility,realized_volatility_15m_bps,15,194,6397,66.63541666666667,0.8388900264847462,224439
future_realized_volatility,realized_volatility_15m_bps,15,195,26150,272.3958333333333,0.25890217531056886,224134
future_realized_volatility,realized_volatility_15m_bps,15,196,25024,260.6666666666667,-0.10447357923410763,223786
future_realized_volatility,realized_volatility_15m_bps,15,197,26075,271.6145833333333,0.0688864468474006,223990
future_realized_volatility,realized_volatility_15m_bps,15,198,16957,176.63541666666666,-0.4214565875893215,222926
future_realized_volatility,realized_volatility_15m_bps,15,199,26233,273.2604166666667,0.1088277114942384,224307
future_realized_volatility,realized_volatility_30m_bps,30,1,17476,182.04166666666666,-1.466817896787339,223029
future_realized_volatility,realized_volatility_30m_bps,30,2,7507,78.19791666666667,0.05032991059128799,224289
future_realized_volatility,realized_volatility_30m_bps,30,3,22300,232.29166666666666,-0.7041163163801943,223223
future_realized_volatility,realized_volatility_30m_bps,30,4,11283,117.53125,0.3290254156082509,223051
future_realized_volatility,realized_volatility_30m_bps,30,5,32603,339.6145833333333,1.5752664139330277,225500
future_realized_volatility,realized_volatility_30m_bps,30,6,17597,183.30208333333334,-1.5655438222370681,222799
future_realized_volatility,realized_volatility_30m_bps,30,7,30924,322.125,1.0331139920640635,225375
future_realized_volatility,realized_volatility_30m_bps,30,8,12550,130.72916666666666,0.3331192156642364,222993
future_realized_volatility,realized_volatility_30m_bps,30,9,29085,302.96875,-0.869060034470314,225083
future_realized_volatility,realized_volatility_30m_bps,30,10,33887,352.9895833333333,-0.15422908657573045,226184
future_realized_volatility,realized_volatility_30m_bps,30,11,672,7.0,-0.7143645773222945,227190
future_realized_volatility,realized_volatility_30m_bps,30,12,30696,319.75,1.2209228810107593,225058
future_realized_volatility,realized_volatility_30m_bps,30,13,20857,217.26041666666666,-0.5637266247124818,222906
future_realized_volatility,realized_volatility_30m_bps,30,14,9784,101.91666666666667,0.06351732213493591,223912
future_realized_volatility,realized_volatility_30m_bps,30,15,33162,345.4375,1.5017396489609427,225434
future_realized_volatility,realized_volatility_30m_bps,30,16,11652,121.375,-0.1534110530258708,222976
future_realized_volatility,realized_volatility_30m_bps,30,17,29397,306.21875,0.7181059169736016,224807
future_realized_volatility,realized_volatility_30m_bps,30,18,10097,105.17708333333333,-0.35315499063080513,223853
future_realized_volatility,realized_volatility_30m_bps,30,19,14447,150.48958333333334,-0.3844107662239372,222579
future_realized_volatility,realized_volatility_30m_bps,30,20,33526,349.2291666666667,1.543591583762323,225972
future_realized_volatility,realized_volatility_30m_bps,30,21,23786,247.77083333333334,-0.6885033071553682,223289
future_realized_volatility,realized_volatility_30m_bps,30,22,16208,168.83333333333334,-1.1032578543767033,223253
future_realized_volatility,realized_volatility_30m_bps,30,23,10685,111.30208333333333,-0.3849211941573288,223557
future_realized_volatility,realized_volatility_30m_bps,30,24,26322,274.1875,-0.6058586440752085,224418
future_realized_volatility,realized_volatility_30m_bps,30,25,9780,101.875,0.16897933401115503,223886
future_realized_volatility,realized_volatility_30m_bps,30,26,16508,171.95833333333334,-1.1941202379918923,223176
future_realized_volatility,realized_volatility_30m_bps,30,27,9643,100.44791666666667,0.17897663347703938,223822
future_realized_volatility,realized_volatility_30m_bps,30,28,12556,130.79166666666666,0.17915339793236754,223030
future_realized_volatility,realized_volatility_30m_bps,30,29,13724,142.95833333333334,-1.1125273154739614,223072
future_realized_volatility,realized_volatility_30m_bps,30,30,6260,65.20833333333333,0.6154238321095424,224530
future_realized_volatility,realized_volatility_30m_bps,30,31,19790,206.14583333333334,-0.5036540075058715,222961
future_realized_volatility,realized_volatility_30m_bps,30,32,19063,198.57291666666666,-0.24795115066179346,222857
future_realized_volatility,realized_volatility_30m_bps,30,33,1281,13.34375,1.0135922189325155,225979
future_realized_volatility,realized_volatility_30m_bps,30,34,28017,291.84375,0.10150652434072092,224292
future_realized_volatility,realized_volatility_30m_bps,30,35,3416,35.583333333333336,0.6284734008044774,225343
future_realized_volatility,realized_volatility_30m_bps,30,36,12554,130.77083333333334,0.3438111886878085,223033
future_realized_volatility,realized_volatility_30m_bps,30,37,23306,242.77083333333334,-0.17232342106448512,223126
future_realized_volatility,realized_volatility_30m_bps,30,38,11401,118.76041666666667,-0.028462988051845245,223360
future_realized_volatility,realized_volatility_30m_bps,30,39,24341,253.55208333333334,-0.6517517143331808,223527
future_realized_volatility,realized_volatility_30m_bps,30,40,17570,183.02083333333334,-1.8312344178863509,223029
future_realized_volatility,realized_volatility_30m_bps,30,41,20920,217.91666666666666,-1.5371389082944973,223114
future_realized_volatility,realized_volatility_30m_bps,30,42,13133,136.80208333333334,-0.16774040968720766,223058
future_realized_volatility,realized_volatility_30m_bps,30,43,16275,169.53125,-0.7141199212173103,223024
future_realized_volatility,realized_volatility_30m_bps,30,44,32136,334.75,1.2084406380804753,225562
future_realized_volatility,realized_volatility_30m_bps,30,45,5784,60.25,0.7262097893418807,224783
future_realized_volatility,realized_volatility_30m_bps,30,46,29623,308.5729166666667,0.9695392707033765,224947
future_realized_volatility,realized_volatility_30m_bps,30,47,25727,267.9895833333333,-0.7873124823880501,224299
future_realized_volatility,realized_volatility_30m_bps,30,48,27308,284.4583333333333,-0.1333703034385041,224022
future_realized_volatility,realized_volatility_30m_bps,30,49,26772,278.875,-0.03398037326233302,224120
future_realized_volatility,realized_volatility_30m_bps,30,50,6587,68.61458333333333,1.0583957920514468,224431
future_realized_volatility,realized_volatility_30m_bps,30,51,15565,162.13541666666666,-0.6680460682086887,223291
future_realized_volatility,realized_volatility_30m_bps,30,52,25982,270.6458333333333,0.03230584297991431,224054
future_realized_volatility,realized_volatility_30m_bps,30,53,11203,116.69791666666667,0.57427373339946,223262
future_realized_volatility,realized_volatility_30m_bps,30,54,32910,342.8125,1.4788213695736956,225750
future_realized_volatility,realized_volatility_30m_bps,30,55,2814,29.3125,0.535951951859779,225611
future_realized_volatility,realized_volatility_30m_bps,30,56,12932,134.70833333333334,-0.0782130102005663,223031
future_realized_volatility,realized_volatility_30m_bps,30,57,22590,235.3125,-0.4074159624051742,222937
future_realized_volatility,realized_volatility_30m_bps,30,58,19791,206.15625,-0.4330386738550283,222962
future_realized_volatility,realized_volatility_30m_bps,30,59,33078,344.5625,1.1913768230347206,225540
future_realized_volatility,realized_volatility_30m_bps,30,60,5150,53.645833333333336,0.9624698149041114,224725
future_realized_volatility,realized_volatility_30m_bps,30,61,14181,147.71875,-0.2937215143641988,222901
future_realized_volatility,realized_volatility_30m_bps,30,62,13694,142.64583333333334,-0.3959256589766013,222802
future_realized_volatility,realized_volatility_30m_bps,30,63,4042,42.104166666666664,0.0210637734252246,225499
future_realized_volatility,realized_volatility_30m_bps,30,64,28548,297.375,-0.04562309221426052,224374
future_realized_volatility,realized_volatility_30m_bps,30,65,12841,133.76041666666666,-0.43320740457781465,223195
future_realized_volatility,realized_volatility_30m_bps,30,66,8265,86.09375,-0.08768856615307423,224167
future_realized_volatility,realized_volatility_30m_bps,30,67,5173,53.885416666666664,0.949502477737085,224819
future_realized_volatility,realized_volatility_30m_bps,30,68,11147,116.11458333333333,-0.3056989931124219,223463
future_realized_volatility,realized_volatility_30m_bps,30,69,17621,183.55208333333334,-0.7286367684199898,222656
future_realized_volatility,realized_volatility_30m_bps,30,70,30891,321.78125,0.9161606157936097,225030
future_realized_volatility,realized_volatility_30m_bps,30,71,15145,157.76041666666666,0.09066459346765067,222973
future_realized_volatility,realized_volatility_30m_bps,30,72,3038,31.645833333333332,1.277302833327279,225593
future_realized_volatility,realized_volatility_30m_bps,30,73,20445,212.96875,-1.2089668441039663,222917
future_realized_volatility,realized_volatility_30m_bps,30,74,19565,203.80208333333334,-0.9875741132923087,223232
future_realized_volatility,realized_volatility_30m_bps,30,75,14280,148.75,-0.051084392702005446,222799
future_realized_volatility,realized_volatility_30m_bps,30,76,17655,183.90625,-1.609617175186687,222855
future_realized_volatility,realized_volatility_30m_bps,30,77,17203,179.19791666666666,-1.5067192137542578,222907
future_realized_volatility,realized_volatility_30m_bps,30,78,30106,313.6041666666667,1.274216717866603,224534
future_realized_volatility,realized_volatility_30m_bps,30,79,19419,202.28125,-0.5855025513789468,223064
future_realized_volatility,realized_volatility_30m_bps,30,80,6013,62.635416666666664,0.25148697937180925,224833
future_realized_volatility,realized_volatility_30m_bps,30,81,10553,109.92708333333333,-0.7327606390590004,223671
future_realized_volatility,realized_volatility_30m_bps,30,82,33441,348.34375,1.3686315778091338,225779
future_realized_volatility,realized_volatility_30m_bps,30,83,28513,297.0104166666667,-0.5374275590897077,224621
future_realized_volatility,realized_volatility_30m_bps,30,84,33994,354.1041666666667,0.7929173197609709,226058
future_realized_volatility,realized_volatility_30m_bps,30,85,29691,309.28125,-0.13169028059224128,225025
future_realized_volatility,realized_volatility_30m_bps,30,86,24337,253.51041666666666,-0.38280649180056003,223519
future_realized_volatility,realized_volatility_30m_bps,30,87,5296,55.166666666666664,0.5530457704090594,224956
future_realized_volatility,realized_volatility_30m_bps,30,88,28701,298.96875,-0.38003685500488465,224645
future_realized_volatility,realized_volatility_30m_bps,30,89,14725,153.38541666666666,-0.8096189524405539,222873
future_realized_volatility,realized_volatility_30m_bps,30,90,32204,335.4583333333333,1.1029000406808196,225553
future_realized_volatility,realized_volatility_30m_bps,30,91,25955,270.3645833333333,-0.32686494608146216,224003
future_realized_volatility,realized_volatility_30m_bps,30,92,32559,339.15625,1.2112005858722983,225711
future_realized_volatility,realized_volatility_30m_bps,30,93,33542,349.3958333333333,1.0214849378851587,225820
future_realized_volatility,realized_volatility_30m_bps,30,94,1785,18.59375,0.8856462684265789,225465
future_realized_volatility,realized_volatility_30m_bps,30,95,19714,205.35416666666666,-0.7794436229875118,222968
future_realized_volatility,realized_volatility_30m_bps,30,96,15163,157.94791666666666,-0.7378392535468664,223107
future_realized_volatility,realized_volatility_30m_bps,30,97,2416,25.166666666666668,0.8497886138594074,225701
future_realized_volatility,realized_volatility_30m_bps,30,98,27042,281.6875,0.015260737389863195,224254
future_realized_volatility,realized_volatility_30m_bps,30,99,7140,74.375,0.13176158731957274,224093
future_realized_volatility,realized_volatility_30m_bps,30,100,28018,291.8541666666667,0.20561463379641978,224312
future_realized_volatility,realized_volatility_30m_bps,30,101,24673,257.0104166666667,-0.8169034622429896,223749
future_realized_volatility,realized_volatility_30m_bps,30,102,32155,334.9479166666667,0.5002630767289021,225852
future_realized_volatility,realized_volatility_30m_bps,30,103,10398,108.3125,-0.3256093223188783,223567
future_realized_volatility,realized_volatility_30m_bps,30,104,27444,285.875,0.018207956254089597,224238
future_realized_volatility,realized_volatility_30m_bps,30,105,22999,239.57291666666666,-0.49120161123177564,223166
future_realized_volatility,realized_volatility_30m_bps,30,106,29314,305.3541666666667,0.4740254670569467,224652
future_realized_volatility,realized_volatility_30m_bps,30,107,13325,138.80208333333334,-0.545072036340337,223074
future_realized_volatility,realized_volatility_30m_bps,30,108,18688,194.66666666666666,-0.39193614014947653,222987
future_realized_volatility,realized_volatility_30m_bps,30,109,3954,41.1875,1.238212023340455,225267
future_realized_volatility,realized_volatility_30m_bps,30,110,9913,103.26041666666667,0.3193049234502911,223765
future_realized_volatility,realized_volatility_30m_bps,30,111,29601,308.34375,0.8601209186815362,224926
future_realized_volatility,realized_volatility_30m_bps,30,112,33052,344.2916666666667,0.7332961989690988,225831
future_realized_volatility,realized_volatility_30m_bps,30,113,2486,25.895833333333332,0.4550659323525398,225845
future_realized_volatility,realized_volatility_30m_bps,30,114,1820,18.958333333333332,0.7116070489347628,225929
future_realized_volatility,realized_volatility_30m_bps,30,115,10774,112.22916666666667,-0.9656034263641652,223725
future_realized_volatility,realized_volatility_30m_bps,30,116,11003,114.61458333333333,0.06243184609051269,223322
future_realized_volatility,realized_volatility_30m_bps,30,117,13924,145.04166666666666,-1.69909472113294,222996
future_realized_volatility,realized_volatility_30m_bps,30,118,24538,255.60416666666666,-0.11244918241022313,223492
future_realized_volatility,realized_volatility_30m_bps,30,119,1162,12.104166666666666,1.7147671974417704,226042
future_realized_volatility,realized_volatility_30m_bps,30,120,5169,53.84375,0.8955540777113837,224823
future_realized_volatility,realized_volatility_30m_bps,30,121,9194,95.77083333333333,0.5963969158327154,224070
future_realized_volatility,realized_volatility_30m_bps,30,122,14776,153.91666666666666,-0.8531263271371119,223238
future_realized_volatility,realized_volatility_30m_bps,30,123,17186,179.02083333333334,-1.0722373494682738,223045
future_realized_volatility,realized_volatility_30m_bps,30,124,30779,320.6145833333333,1.2551198260992829,224940
future_realized_volatility,realized_volatility_30m_bps,30,125,23852,248.45833333333334,-0.24946803495920633,223297
future_realized_volatility,realized_volatility_30m_bps,30,126,29535,307.65625,1.0773959549987766,224721
future_realized_volatility,realized_volatility_30m_bps,30,127,4752,49.5,0.6852969299226371,224746
future_realized_volatility,realized_volatility_30m_bps,30,128,31175,324.7395833333333,1.2129399290252738,225168
future_realized_volatility,realized_volatility_30m_bps,30,129,23132,240.95833333333334,-1.0926582510684242,223305
future_realized_volatility,realized_volatility_30m_bps,30,130,32108,334.4583333333333,0.7436006530462698,225456
future_realized_volatility,realized_volatility_30m_bps,30,131,28531,297.1979166666667,-0.754617638028841,224475
future_realized_volatility,realized_volatility_30m_bps,30,132,33074,344.5208333333333,1.208185205163223,225587
future_realized_volatility,realized_volatility_30m_bps,30,133,11001,114.59375,0.12982274441303865,223273
future_realized_volatility,realized_volatility_30m_bps,30,134,3112,32.416666666666664,0.6637539187514069,225316
future_realized_volatility,realized_volatility_30m_bps,30,135,33503,348.9895833333333,0.43378655823562196,226157
future_realized_volatility,realized_volatility_30m_bps,30,136,16745,174.42708333333334,-0.3873128135506555,222777
future_realized_volatility,realized_volatility_30m_bps,30,137,4578,47.6875,1.292485187347215,224762
future_realized_volatility,realized_volatility_30m_bps,30,138,7097,73.92708333333333,-0.1791755735346537,224309
future_realized_volatility,realized_volatility_30m_bps,30,139,15985,166.51041666666666,-0.06285015191212533,222784
future_realized_volatility,realized_volatility_30m_bps,30,140,27970,291.3541666666667,-0.025934387800975664,224192
future_realized_volatility,realized_volatility_30m_bps,30,141,29071,302.8229166666667,0.18202203175346068,224797
future_realized_volatility,realized_volatility_30m_bps,30,142,15841,165.01041666666666,-1.0302269644139024,223130
future_realized_volatility,realized_volatility_30m_bps,30,143,20344,211.91666666666666,-1.1325191003932287,222934
future_realized_volatility,realized_volatility_30m_bps,30,144,33481,348.7604166666667,1.8058330141707686,225832
future_realized_volatility,realized_volatility_30m_bps,30,145,24557,255.80208333333334,-0.1466504676463742,223586
future_realized_volatility,realized_volatility_30m_bps,30,146,21731,226.36458333333334,-0.17625788718027346,222891
future_realized_volatility,realized_volatility_30m_bps,30,147,17173,178.88541666666666,-0.8073310390887339,222969
future_realized_volatility,realized_volatility_30m_bps,30,148,24409,254.26041666666666,-1.2891493429620982,223503
future_realized_volatility,realized_volatility_30m_bps,30,149,4018,41.854166666666664,0.5840918360991612,225549
future_realized_volatility,realized_volatility_30m_bps,30,150,33622,350.2291666666667,0.9843844171410041,226086
future_realized_volatility,realized_volatility_30m_bps,30,151,23348,243.20833333333334,-0.1983730762115546,223143
future_realized_volatility,realized_volatility_30m_bps,30,152,9083,94.61458333333333,0.5780313950351218,224026
future_realized_volatility,realized_volatility_30m_bps,30,153,14335,149.32291666666666,-0.6730849099430782,222705
future_realized_volatility,realized_volatility_30m_bps,30,154,764,7.958333333333333,-0.32392428355145403,226692
future_realized_volatility,realized_volatility_30m_bps,30,155,29725,309.6354166666667,1.0050833764908749,224903
future_realized_volatility,realized_volatility_30m_bps,30,156,21311,221.98958333333334,-1.4944574581125425,223028
future_realized_volatility,realized_volatility_30m_bps,30,157,15430,160.72916666666666,-0.21084395948046653,223205
future_realized_volatility,realized_volatility_30m_bps,30,158,1212,12.625,1.5850315079592825,225829
future_realized_volatility,realized_volatility_30m_bps,30,159,5063,52.739583333333336,0.8244045812175241,224781
future_realized_volatility,realized_volatility_30m_bps,30,160,34087,355.0729166666667,0.7107448596445047,226256
future_realized_volatility,realized_volatility_30m_bps,30,161,1978,20.604166666666668,1.0969769021089233,225627
future_realized_volatility,realized_volatility_30m_bps,30,162,4885,50.885416666666664,1.0567317073557971,224802
future_realized_volatility,realized_volatility_30m_bps,30,163,13983,145.65625,-0.3608491982714032,222748
future_realized_volatility,realized_volatility_30m_bps,30,164,27532,286.7916666666667,0.5915397669734525,224290
future_realized_volatility,realized_volatility_30m_bps,30,165,15687,163.40625,-0.0634663434375376,222864
future_realized_volatility,realized_volatility_30m_bps,30,166,31874,332.0208333333333,0.30618719149246254,225665
future_realized_volatility,realized_volatility_30m_bps,30,167,27643,287.9479166666667,-1.027283169977064,224683
future_realized_volatility,realized_volatility_30m_bps,30,168,20311,211.57291666666666,-0.6844285550069001,222881
future_realized_volatility,realized_volatility_30m_bps,30,169,29647,308.8229166666667,0.45634967237475593,225082
future_realized_volatility,realized_volatility_30m_bps,30,170,12237,127.46875,-0.014056657445236018,222956
future_realized_volatility,realized_volatility_30m_bps,30,171,23267,242.36458333333334,-0.5015591294128734,223057
future_realized_volatility,realized_volatility_30m_bps,30,172,8973,93.46875,0.36493761176589756,223954
future_realized_volatility,realized_volatility_30m_bps,30,173,9013,93.88541666666667,0.3900052421316269,224250
future_realized_volatility,realized_volatility_30m_bps,30,174,4790,49.895833333333336,0.8236959249953066,225028
future_realized_volatility,realized_volatility_30m_bps,30,175,24552,255.75,-0.12795061796423995,223581
future_realized_volatility,realized_volatility_30m_bps,30,176,17849,185.92708333333334,-2.0181639523139796,223025
future_realized_volatility,realized_volatility_30m_bps,30,177,5317,55.385416666666664,0.4274159641615139,224887
future_realized_volatility,realized_volatility_30m_bps,30,178,15736,163.91666666666666,-1.1650308007941035,223107
future_realized_volatility,realized_volatility_30m_bps,30,179,20486,213.39583333333334,-0.5809190939946959,222628
future_realized_volatility,realized_volatility_30m_bps,30,180,11642,121.27083333333333,-0.5643521264657947,223033
future_realized_volatility,realized_volatility_30m_bps,30,181,19616,204.33333333333334,-0.6137463862558241,223153
future_realized_volatility,realized_volatility_30m_bps,30,182,5271,54.90625,0.38582054723342196,225103
future_realized_volatility,realized_volatility_30m_bps,30,183,7038,73.3125,0.6061159760994369,224202
future_realized_volatility,realized_volatility_30m_bps,30,184,9020,93.95833333333333,-0.343052425223676,224336
future_realized_volatility,realized_volatility_30m_bps,30,185,8157,84.96875,-0.8257005950870321,224505
future_realized_volatility,realized_volatility_30m_bps,30,186,9831,102.40625,0.34063728971483936,223604
future_realized_volatility,realized_volatility_30m_bps,30,187,18146,189.02083333333334,-1.6897202080176197,223291
future_realized_volatility,realized_volatility_30m_bps,30,188,30810,320.9375,0.5180610450554822,225291
future_realized_volatility,realized_volatility_30m_bps,30,189,20128,209.66666666666666,-0.5606654276950013,222971
future_realized_volatility,realized_volatility_30m_bps,30,190,19969,208.01041666666666,-1.5146837840680003,223045
future_realized_volatility,realized_volatility_30m_bps,30,191,8432,87.83333333333333,-0.06114360711243085,224146
future_realized_volatility,realized_volatility_30m_bps,30,192,12436,129.54166666666666,0.2672948243364225,222869
future_realized_volatility,realized_volatility_30m_bps,30,193,17995,187.44791666666666,-0.8006937295099402,222711
future_realized_volatility,realized_volatility_30m_bps,30,194,18095,188.48958333333334,-0.81014172852479,222864
future_realized_volatility,realized_volatility_30m_bps,30,195,23900,248.95833333333334,-1.202833650387812,223588
future_realized_volatility,realized_volatility_30m_bps,30,196,12697,132.26041666666666,-0.2981377707979556,223131
future_realized_volatility,realized_volatility_30m_bps,30,197,10606,110.47916666666667,-0.7027244577529423,223380
future_realized_volatility,realized_volatility_30m_bps,30,198,25224,262.75,-0.05101167346135303,223741
future_realized_volatility,realized_volatility_30m_bps,30,199,28486,296.7291666666667,0.352269399503148,224428
