symbol,bucket_start,transaction_count_quintile,zero_tick_share_quintile,liquidity_quintile,transaction_count,zero_ticks,zero_runs,sampling_weight
ADAUSDT,2025-04-08 00:45:00+00:00,2,3,1,1074,533,244,28.9875
ADAUSDT,2025-04-08 01:00:00+00:00,2,3,2,1294,635,297,28.9875
DOGEUSDT,2025-04-08 01:15:00+00:00,4,3,3,3751,1886,652,16.275
BTCUSDT,2025-04-08 02:30:00+00:00,5,1,5,13306,2661,1102,173.075
DOGEUSDT,2025-04-08 02:45:00+00:00,3,2,2,1820,801,380,69.6875
ADAUSDT,2025-04-08 03:00:00+00:00,1,3,1,777,370,190,39.4875
DOGEUSDT,2025-04-08 03:45:00+00:00,3,5,2,3376,2240,505,2.925
XRPUSDT,2025-04-08 05:15:00+00:00,4,2,4,3959,1636,795,29.925
ADAUSDT,2025-04-08 06:00:00+00:00,3,5,3,2728,1853,492,15.725
ADAUSDT,2025-04-08 06:30:00+00:00,2,4,2,1258,695,260,52.55
DOGEUSDT,2025-04-08 08:15:00+00:00,4,4,3,4033,2388,691,3.7875
XRPUSDT,2025-04-08 09:00:00+00:00,4,3,4,5792,2933,1061,32.2375
DOGEUSDT,2025-04-08 10:30:00+00:00,4,5,3,3564,2368,519,1.6
ADAUSDT,2025-04-08 11:00:00+00:00,2,4,2,1099,640,241,52.55
ADAUSDT,2025-04-08 13:30:00+00:00,4,3,3,5625,2904,1274,3.025
ADAUSDT,2025-04-08 13:45:00+00:00,3,3,2,3176,1554,752,10.725
ETHUSDT,2025-04-08 13:45:00+00:00,5,1,5,29003,3775,2008,232.8125
XRPUSDT,2025-04-08 14:15:00+00:00,5,2,4,7709,2798,1346,11.6125
DOGEUSDT,2025-04-08 16:45:00+00:00,5,3,4,9534,4367,1771,3.625
DOGEUSDT,2025-04-08 17:00:00+00:00,5,4,4,9642,5376,1612,1.0
SOLUSDT,2025-04-08 17:15:00+00:00,5,4,5,7886,4297,1636,14.5375
ADAUSDT,2025-04-08 18:30:00+00:00,4,4,4,4881,2839,1054,6.0125
ADAUSDT,2025-04-08 19:45:00+00:00,4,4,4,4683,2544,1005,6.0125
SOLUSDT,2025-04-08 21:00:00+00:00,3,4,3,1983,1067,464,97.675
XRPUSDT,2025-04-09 00:15:00+00:00,5,2,4,7881,2977,1287,11.6125
XRPUSDT,2025-04-09 01:00:00+00:00,5,2,5,13792,5206,2347,11.6125
XRPUSDT,2025-04-09 01:45:00+00:00,5,2,5,8690,2867,1512,11.6125
ADAUSDT,2025-04-09 03:15:00+00:00,2,2,2,921,398,215,3.1375
ADAUSDT,2025-04-09 04:45:00+00:00,3,3,4,3201,1654,695,10.725
DOGEUSDT,2025-04-09 10:45:00+00:00,4,3,3,3752,1814,755,16.275
XRPUSDT,2025-04-09 12:15:00+00:00,4,2,4,5191,2080,1017,29.925
XRPUSDT,2025-04-09 13:00:00+00:00,4,2,4,6657,2298,1214,29.925
AVAXUSDT,2025-04-09 17:15:00+00:00,5,5,4,9522,7146,1576,1.0
ADAUSDT,2025-04-09 17:30:00+00:00,5,3,5,18526,9565,3882,1.0
AVAXUSDT,2025-04-09 17:30:00+00:00,4,5,4,6863,5021,1188,3.15
XRPUSDT,2025-04-09 17:30:00+00:00,5,1,5,71718,20534,10464,1.0
AVAXUSDT,2025-04-09 17:45:00+00:00,4,5,4,5128,3725,887,3.15
ADAUSDT,2025-04-09 18:00:00+00:00,5,3,4,8847,4320,1879,1.0
AVAXUSDT,2025-04-09 18:00:00+00:00,4,5,3,4218,3058,744,3.15
XRPUSDT,2025-04-09 18:15:00+00:00,5,2,5,14626,5171,2489,11.6125
ADAUSDT,2025-04-09 18:45:00+00:00,4,4,4,5645,3339,1247,6.0125
ADAUSDT,2025-04-09 20:00:00+00:00,2,3,2,1268,637,294,28.9875
DOGEUSDT,2025-04-09 20:45:00+00:00,3,3,3,3176,1495,672,36.4125
ADAUSDT,2025-04-09 23:30:00+00:00,2,5,2,1026,708,192,40.525
ADAUSDT,2025-04-10 00:30:00+00:00,3,5,3,2156,1392,406,15.725
ADAUSDT,2025-04-10 02:30:00+00:00,1,3,2,616,307,142,39.4875
XRPUSDT,2025-04-10 03:00:00+00:00,4,4,4,5786,3136,1101,14.8625
ADAUSDT,2025-04-10 04:15:00+00:00,1,2,1,613,258,145,2.95
DOGEUSDT,2025-04-10 05:00:00+00:00,3,3,2,2282,1124,477,36.4125
ETHUSDT,2025-04-10 05:45:00+00:00,5,2,5,9245,2944,647,22.9625
ADAUSDT,2025-04-10 08:30:00+00:00,3,3,3,1997,937,376,10.725
DOGEUSDT,2025-04-10 08:30:00+00:00,3,3,2,2085,943,472,36.4125
DOGEUSDT,2025-04-10 11:00:00+00:00,2,3,2,1671,767,325,66.0875
XRPUSDT,2025-04-10 12:30:00+00:00,5,2,5,20499,7165,3574,11.6125
XRPUSDT,2025-04-10 12:45:00+00:00,5,3,4,7881,3670,1598,12.4625
ADAUSDT,2025-04-10 13:30:00+00:00,4,3,3,4349,2214,902,3.025
ADAUSDT,2025-04-10 14:00:00+00:00,3,3,2,1849,914,387,10.725
XRPUSDT,2025-04-10 14:45:00+00:00,4,2,3,4921,2206,1063,29.925
ADAUSDT,2025-04-10 16:00:00+00:00,3,3,3,3284,1727,724,10.725
ADAUSDT,2025-04-10 16:45:00+00:00,3,3,3,1756,862,405,10.725
ADAUSDT,2025-04-10 19:00:00+00:00,2,3,2,1091,543,256,28.9875
XRPUSDT,2025-04-10 19:00:00+00:00,4,2,3,3651,1242,731,29.925
ADAUSDT,2025-04-10 19:30:00+00:00,2,3,1,935,470,220,28.9875
ADAUSDT,2025-04-10 21:15:00+00:00,1,4,1,765,416,178,104.5375
BTCUSDT,2025-04-10 21:15:00+00:00,5,2,4,7934,2815,934,57.2
AVAXUSDT,2025-04-10 22:45:00+00:00,1,4,1,209,126,46,15.825
SOLUSDT,2025-04-10 23:30:00+00:00,2,3,2,1264,650,292,16.0375
ADAUSDT,2025-04-11 06:15:00+00:00,2,4,2,998,591,225,52.55
ADAUSDT,2025-04-11 07:00:00+00:00,1,4,1,722,391,172,104.5375
ADAUSDT,2025-04-11 08:15:00+00:00,3,5,3,3121,2034,532,15.725
ADAUSDT,2025-04-11 10:15:00+00:00,5,5,4,11464,7193,1677,1.0
ADAUSDT,2025-04-11 11:00:00+00:00,3,4,3,1844,1016,355,18.4375
XRPUSDT,2025-04-11 13:30:00+00:00,5,2,4,9083,3844,1871,11.6125
XRPUSDT,2025-04-11 17:15:00+00:00,3,2,3,2820,1231,625,48.225
ADAUSDT,2025-04-11 17:45:00+00:00,3,4,3,2561,1512,531,18.4375
SOLUSDT,2025-04-11 17:45:00+00:00,4,4,4,5118,2821,1109,52.7875
XRPUSDT,2025-04-11 18:00:00+00:00,5,4,4,7672,4335,1508,4.1125
ADAUSDT,2025-04-11 18:45:00+00:00,2,4,1,974,565,218,52.55
DOGEUSDT,2025-04-12 05:15:00+00:00,3,3,3,2788,1303,586,36.4125
ADAUSDT,2025-04-12 06:45:00+00:00,2,5,1,969,616,212,40.525
SOLUSDT,2025-04-12 08:30:00+00:00,4,4,4,3484,2105,697,52.7875
XRPUSDT,2025-04-12 08:45:00+00:00,3,4,3,2375,1306,447,28.8375
ETHUSDT,2025-04-12 10:15:00+00:00,4,1,3,4729,1027,440,106.55
ETHUSDT,2025-04-12 11:45:00+00:00,3,1,3,3052,764,357,19.05
XRPUSDT,2025-04-12 12:30:00+00:00,3,2,3,2697,1180,578,48.225
DOGEUSDT,2025-04-12 14:15:00+00:00,4,3,4,4687,2213,940,16.275
SOLUSDT,2025-04-12 17:15:00+00:00,4,4,4,3781,2261,825,52.7875
DOGEUSDT,2025-04-12 22:30:00+00:00,3,4,2,2165,1265,370,10.075
BTCUSDT,2025-04-13 00:30:00+00:00,5,1,5,9890,2134,809,173.075
DOGEUSDT,2025-04-13 01:15:00+00:00,3,4,2,2206,1201,411,10.075
XRPUSDT,2025-04-13 02:15:00+00:00,4,3,4,4469,2356,875,32.2375
ADAUSDT,2025-04-13 04:15:00+00:00,1,5,1,625,396,121,81.6375
BTCUSDT,2025-04-13 08:00:00+00:00,5,2,5,8032,2687,858,57.2
ETHUSDT,2025-04-13 09:15:00+00:00,4,1,4,6978,1239,583,106.55
XRPUSDT,2025-04-13 11:45:00+00:00,4,3,5,6461,3227,1248,32.2375
XRPUSDT,2025-04-13 16:00:00+00:00,4,3,3,3970,1811,785,32.2375
ADAUSDT,2025-04-13 18:15:00+00:00,2,4,1,1027,605,244,52.55
SOLUSDT,2025-04-13 21:15:00+00:00,4,3,4,3754,1940,845,26.9375
SOLUSDT,2025-04-13 21:30:00+00:00,4,3,4,5082,2663,1050,26.9375
ADAUSDT,2025-04-13 22:15:00+00:00,1,3,1,782,363,185,39.4875
SOLUSDT,2025-04-13 23:15:00+00:00,3,3,3,2261,1091,459,43.7
XRPUSDT,2025-04-14 00:15:00+00:00,4,2,4,7562,3234,1424,29.925
DOGEUSDT,2025-04-14 02:30:00+00:00,5,3,4,9078,4105,1850,3.625
BTCUSDT,2025-04-14 02:45:00+00:00,5,1,5,28579,6412,1701,173.075
ADAUSDT,2025-04-14 05:00:00+00:00,1,4,1,704,404,179,104.5375
DOGEUSDT,2025-04-14 06:15:00+00:00,2,3,1,1647,829,338,66.0875
ADAUSDT,2025-04-14 08:15:00+00:00,2,3,1,837,427,201,28.9875
DOGEUSDT,2025-04-14 10:00:00+00:00,2,2,1,1574,671,370,56.45
ADAUSDT,2025-04-14 13:30:00+00:00,3,4,2,3184,1862,689,18.4375
DOGEUSDT,2025-04-14 15:30:00+00:00,5,3,4,8677,4340,1788,3.625
SOLUSDT,2025-04-14 15:30:00+00:00,5,3,5,9461,4929,1971,8.2125
DOGEUSDT,2025-04-14 16:15:00+00:00,4,2,3,4566,1928,939,44.2
ETHUSDT,2025-04-14 23:15:00+00:00,4,1,4,7109,837,442,106.55
SOLUSDT,2025-04-15 00:00:00+00:00,4,3,4,3972,1997,866,26.9375
DOGEUSDT,2025-04-15 01:00:00+00:00,3,3,2,2775,1356,539,36.4125
XRPUSDT,2025-04-15 01:30:00+00:00,3,2,3,3296,1471,754,48.225
ADAUSDT,2025-04-15 07:00:00+00:00,2,4,1,841,504,191,52.55
ETHUSDT,2025-04-15 07:45:00+00:00,3,3,3,2587,1289,389,1.15
XRPUSDT,2025-04-15 13:30:00+00:00,4,3,4,7346,3465,1498,32.2375
DOGEUSDT,2025-04-15 14:00:00+00:00,4,2,3,4077,1663,930,44.2
XRPUSDT,2025-04-15 14:45:00+00:00,4,2,3,4347,1875,868,29.925
ADAUSDT,2025-04-15 15:00:00+00:00,5,3,4,7936,4053,1507,1.0
DOGEUSDT,2025-04-15 21:15:00+00:00,2,4,2,1182,649,221,20.825
BTCUSDT,2025-04-15 21:30:00+00:00,5,1,4,7777,2220,698,173.075
DOGEUSDT,2025-04-15 22:00:00+00:00,3,3,2,1917,880,418,36.4125
XRPUSDT,2025-04-16 00:15:00+00:00,4,3,4,5139,2580,1054,32.2375
DOGEUSDT,2025-04-16 00:45:00+00:00,2,3,2,1314,597,304,66.0875
SOLUSDT,2025-04-16 01:45:00+00:00,3,3,3,2135,1018,481,43.7
SOLUSDT,2025-04-16 02:00:00+00:00,3,3,4,2354,1235,533,43.7
SOLUSDT,2025-04-16 02:30:00+00:00,3,3,3,2082,1052,466,43.7
BTCUSDT,2025-04-16 03:30:00+00:00,4,1,4,4360,1236,446,46.3875
SOLUSDT,2025-04-16 04:45:00+00:00,2,4,3,1656,920,380,69.175
ETHUSDT,2025-04-16 07:00:00+00:00,4,1,4,5598,1392,524,106.55
ADAUSDT,2025-04-16 07:15:00+00:00,1,4,2,796,447,185,104.5375
SOLUSDT,2025-04-16 08:45:00+00:00,3,3,4,3109,1660,714,43.7
DOGEUSDT,2025-04-16 09:45:00+00:00,2,3,1,954,439,235,66.0875
SOLUSDT,2025-04-16 11:45:00+00:00,4,4,4,4341,2461,896,52.7875
SOLUSDT,2025-04-16 15:15:00+00:00,5,4,5,8248,4674,1596,14.5375
XRPUSDT,2025-04-16 17:30:00+00:00,5,2,5,12203,4552,2269,11.6125
DOGEUSDT,2025-04-16 18:45:00+00:00,3,2,2,2741,1012,582,69.6875
SOLUSDT,2025-04-16 19:45:00+00:00,5,4,5,15798,8493,3312,14.5375
AVAXUSDT,2025-04-16 21:45:00+00:00,1,4,1,229,139,48,15.825
SOLUSDT,2025-04-17 07:15:00+00:00,4,3,4,3688,1961,799,26.9375
AVAXUSDT,2025-04-17 13:45:00+00:00,1,5,1,298,226,53,225.225
DOGEUSDT,2025-04-17 14:15:00+00:00,3,3,2,1823,885,421,36.4125
DOGEUSDT,2025-04-17 17:00:00+00:00,3,4,2,2832,1559,554,10.075
DOGEUSDT,2025-04-17 18:45:00+00:00,3,4,2,2324,1258,487,10.075
SOLUSDT,2025-04-17 21:15:00+00:00,2,4,3,1639,901,375,69.175
ETHUSDT,2025-04-17 22:30:00+00:00,3,1,3,3211,698,313,19.05
SOLUSDT,2025-04-18 02:30:00+00:00,2,3,3,1550,811,343,16.0375
ETHUSDT,2025-04-18 04:15:00+00:00,3,1,3,3386,948,394,19.05
BTCUSDT,2025-04-18 04:30:00+00:00,3,2,4,3021,1010,418,18.6125
BTCUSDT,2025-04-18 06:45:00+00:00,3,2,4,3417,1183,537,18.6125
ETHUSDT,2025-04-18 07:45:00+00:00,3,2,3,3456,1052,389,16.575
DOGEUSDT,2025-04-18 08:15:00+00:00,2,3,1,1226,564,296,66.0875
ETHUSDT,2025-04-18 09:15:00+00:00,4,1,3,3789,663,333,106.55
BTCUSDT,2025-04-18 10:30:00+00:00,3,2,4,3383,1218,527,18.6125
ADAUSDT,2025-04-18 10:45:00+00:00,1,4,1,515,311,123,104.5375
BTCUSDT,2025-04-18 11:15:00+00:00,3,2,4,3215,1216,542,18.6125
ETHUSDT,2025-04-18 11:30:00+00:00,3,1,3,3345,715,352,19.05
ETHUSDT,2025-04-18 16:45:00+00:00,3,1,3,2639,737,308,19.05
BTCUSDT,2025-04-18 17:15:00+00:00,3,2,3,3160,1200,486,18.6125
ADAUSDT,2025-04-18 18:30:00+00:00,2,5,2,825,546,153,40.525
SOLUSDT,2025-04-18 18:30:00+00:00,2,3,2,1438,700,331,16.0375
SOLUSDT,2025-04-18 18:45:00+00:00,2,3,3,1141,599,286,16.0375
XRPUSDT,2025-04-18 20:15:00+00:00,2,4,2,1269,745,286,31.5375
ADAUSDT,2025-04-18 20:45:00+00:00,1,5,1,543,385,84,81.6375
ETHUSDT,2025-04-18 22:30:00+00:00,2,1,2,1681,395,202,1.0
SOLUSDT,2025-04-18 22:30:00+00:00,1,3,2,787,399,180,1.0
SOLUSDT,2025-04-18 23:15:00+00:00,2,5,3,1390,901,253,21.8625
BTCUSDT,2025-04-19 01:15:00+00:00,3,1,3,3106,838,402,1.0
DOGEUSDT,2025-04-19 04:00:00+00:00,3,4,2,1784,1015,359,10.075
ETHUSDT,2025-04-19 04:00:00+00:00,3,1,4,2981,729,317,19.05
BTCUSDT,2025-04-19 05:30:00+00:00,3,2,3,2305,1012,379,18.6125
DOGEUSDT,2025-04-19 07:30:00+00:00,2,5,1,1327,858,247,4.8875
ADAUSDT,2025-04-19 07:45:00+00:00,1,5,1,351,225,66,81.6375
BTCUSDT,2025-04-19 07:45:00+00:00,3,2,3,2559,1077,418,18.6125
ETHUSDT,2025-04-19 09:00:00+00:00,5,5,3,10102,7922,516,1.0
ETHUSDT,2025-04-19 09:15:00+00:00,4,5,3,5572,3895,411,1.325
ETHUSDT,2025-04-19 09:30:00+00:00,5,5,3,10325,7628,523,1.0
ETHUSDT,2025-04-19 09:45:00+00:00,5,5,3,8267,6288,471,1.0
ETHUSDT,2025-04-19 10:00:00+00:00,5,5,3,8959,6789,474,1.0
ETHUSDT,2025-04-19 10:15:00+00:00,5,5,4,12240,9422,609,1.0
ETHUSDT,2025-04-19 10:30:00+00:00,5,5,3,9188,6780,464,1.0
ETHUSDT,2025-04-19 10:45:00+00:00,3,4,2,3213,1866,364,1.0
ETHUSDT,2025-04-19 11:00:00+00:00,4,4,3,4116,2437,433,1.0
ETHUSDT,2025-04-19 11:15:00+00:00,5,5,3,8807,6909,462,1.0
ETHUSDT,2025-04-19 11:30:00+00:00,5,5,3,10062,8076,497,1.0
ETHUSDT,2025-04-19 11:45:00+00:00,4,5,2,6863,5642,369,1.325
ETHUSDT,2025-04-19 12:00:00+00:00,4,5,3,6763,5480,371,1.325
ETHUSDT,2025-04-19 12:15:00+00:00,5,5,3,9573,7974,443,1.0
ETHUSDT,2025-04-19 12:30:00+00:00,4,5,2,4971,3825,307,1.325
DOGEUSDT,2025-04-19 12:45:00+00:00,2,5,1,1156,821,153,4.8875
ETHUSDT,2025-04-19 12:45:00+00:00,5,5,3,8056,6547,389,1.0
ETHUSDT,2025-04-19 13:00:00+00:00,5,5,3,10712,8701,492,1.0
ETHUSDT,2025-04-19 13:15:00+00:00,5,5,3,11402,8879,558,1.0
ETHUSDT,2025-04-19 13:30:00+00:00,5,5,4,10148,8218,490,1.0
BTCUSDT,2025-04-19 13:45:00+00:00,4,2,5,5343,1920,705,104.35
ETHUSDT,2025-04-19 13:45:00+00:00,5,5,4,16601,13317,784,1.0
ETHUSDT,2025-04-19 14:00:00+00:00,5,5,4,17278,14056,764,1.0
ETHUSDT,2025-04-19 14:15:00+00:00,5,5,3,9318,7237,485,1.0
ETHUSDT,2025-04-19 14:30:00+00:00,4,5,3,4940,3186,389,1.325
XRPUSDT,2025-04-19 14:30:00+00:00,2,4,1,1028,551,237,31.5375
ETHUSDT,2025-04-19 14:45:00+00:00,5,5,3,11050,8745,515,1.0
ETHUSDT,2025-04-19 15:00:00+00:00,5,5,3,12685,10103,615,1.0
ETHUSDT,2025-04-19 15:15:00+00:00,5,5,4,14919,10514,852,1.0
XRPUSDT,2025-04-19 16:30:00+00:00,3,4,3,2082,1182,439,28.8375
ETHUSDT,2025-04-19 20:30:00+00:00,3,1,3,2592,594,285,19.05
DOGEUSDT,2025-04-19 20:45:00+00:00,1,4,1,764,463,137,16.3375
DOGEUSDT,2025-04-19 22:30:00+00:00,1,5,1,766,481,129,1.9625
BTCUSDT,2025-04-19 23:30:00+00:00,3,2,3,2647,984,405,18.6125
ETHUSDT,2025-04-20 02:15:00+00:00,3,3,3,3279,1582,386,1.15
ETHUSDT,2025-04-20 02:30:00+00:00,3,3,3,3085,1632,340,1.15
DOGEUSDT,2025-04-20 02:45:00+00:00,1,4,2,774,415,143,16.3375
ETHUSDT,2025-04-20 02:45:00+00:00,3,4,2,2824,1669,304,1.0
BTCUSDT,2025-04-20 03:30:00+00:00,3,2,3,2517,1030,390,18.6125
DOGEUSDT,2025-04-20 03:30:00+00:00,3,5,1,3061,2326,359,2.925
ETHUSDT,2025-04-20 03:45:00+00:00,3,2,3,2152,912,272,16.575
ETHUSDT,2025-04-20 04:00:00+00:00,2,3,3,1703,774,256,1.0
ETHUSDT,2025-04-20 04:45:00+00:00,3,3,3,2197,1033,269,1.15
XRPUSDT,2025-04-20 04:45:00+00:00,1,2,1,717,314,160,2.1125
BTCUSDT,2025-04-20 05:15:00+00:00,3,4,3,2548,1366,499,1.6125
ETHUSDT,2025-04-20 05:15:00+00:00,3,2,3,2001,821,242,16.575
ETHUSDT,2025-04-20 07:30:00+00:00,4,1,4,6531,1193,541,106.55
ETHUSDT,2025-04-20 07:45:00+00:00,4,1,4,4394,932,350,106.55
XRPUSDT,2025-04-20 08:00:00+00:00,2,5,3,1596,1050,299,7.925
SOLUSDT,2025-04-20 08:15:00+00:00,3,5,3,2484,1675,440,40.7625
XRPUSDT,2025-04-20 10:45:00+00:00,4,4,4,5364,3298,1022,14.8625
XRPUSDT,2025-04-20 14:00:00+00:00,3,3,3,1813,897,397,62.125
ADAUSDT,2025-04-20 19:30:00+00:00,1,4,1,271,153,67,104.5375
ADAUSDT,2025-04-20 20:15:00+00:00,2,4,1,952,546,225,52.55
BTCUSDT,2025-04-20 22:00:00+00:00,4,1,4,6824,1645,598,46.3875
BTCUSDT,2025-04-20 22:30:00+00:00,3,1,3,3228,841,320,1.0
BTCUSDT,2025-04-20 22:45:00+00:00,3,1,3,2804,803,355,1.0
BTCUSDT,2025-04-20 23:30:00+00:00,4,1,4,5133,1048,443,46.3875
XRPUSDT,2025-04-21 00:15:00+00:00,5,5,5,8920,5716,1595,1.5875
XRPUSDT,2025-04-21 02:30:00+00:00,4,5,4,4127,2626,672,7.4375
SOLUSDT,2025-04-21 04:00:00+00:00,3,5,4,2966,2007,478,40.7625
ETHUSDT,2025-04-21 10:30:00+00:00,5,2,5,9342,3378,1028,22.9625
SOLUSDT,2025-04-21 10:45:00+00:00,2,4,3,1724,938,386,69.175
SOLUSDT,2025-04-21 11:30:00+00:00,3,3,4,2425,1226,562,43.7
DOGEUSDT,2025-04-21 13:00:00+00:00,3,3,2,2434,1284,475,36.4125
SOLUSDT,2025-04-21 14:00:00+00:00,4,4,4,4937,2704,1035,52.7875
XRPUSDT,2025-04-21 15:00:00+00:00,3,2,3,2631,997,575,48.225
AVAXUSDT,2025-04-21 16:45:00+00:00,2,5,2,946,648,177,51.5625
ADAUSDT,2025-04-21 17:00:00+00:00,4,5,3,3895,2625,751,4.225
BTCUSDT,2025-04-21 17:15:00+00:00,5,1,5,21777,3726,1631,173.075
ADAUSDT,2025-04-21 17:30:00+00:00,2,4,2,1144,652,272,52.55
ETHUSDT,2025-04-21 18:45:00+00:00,5,2,4,9872,3014,883,22.9625
DOGEUSDT,2025-04-21 21:30:00+00:00,2,3,3,995,473,198,66.0875
SOLUSDT,2025-04-21 22:15:00+00:00,2,3,3,1249,652,302,16.0375
ETHUSDT,2025-04-22 00:00:00+00:00,4,1,4,6386,1854,745,106.55
SOLUSDT,2025-04-22 01:30:00+00:00,3,3,4,3214,1586,729,43.7
DOGEUSDT,2025-04-22 02:00:00+00:00,3,2,2,1762,781,388,69.6875
DOGEUSDT,2025-04-22 05:30:00+00:00,2,4,2,1331,746,282,20.825
AVAXUSDT,2025-04-22 06:00:00+00:00,1,5,1,272,183,53,225.225
DOGEUSDT,2025-04-22 07:00:00+00:00,3,4,3,2136,1254,406,10.075
ADAUSDT,2025-04-22 07:15:00+00:00,1,4,1,463,271,104,104.5375
DOGEUSDT,2025-04-22 07:15:00+00:00,4,4,4,4162,2250,840,3.7875
DOGEUSDT,2025-04-22 07:45:00+00:00,3,3,2,2436,1201,536,36.4125
ADAUSDT,2025-04-22 08:00:00+00:00,3,5,2,1751,1110,371,15.725
ADAUSDT,2025-04-22 09:15:00+00:00,2,4,2,1231,726,270,52.55
XRPUSDT,2025-04-22 10:00:00+00:00,3,3,3,1766,945,389,62.125
ETHUSDT,2025-04-22 13:00:00+00:00,5,1,5,12075,2762,1358,232.8125
BTCUSDT,2025-04-22 14:00:00+00:00,5,2,5,27898,9325,2852,57.2
DOGEUSDT,2025-04-22 14:45:00+00:00,5,3,5,10384,5181,1958,3.625
ADAUSDT,2025-04-22 15:00:00+00:00,4,4,3,5219,3021,1113,6.0125
AVAXUSDT,2025-04-22 15:00:00+00:00,5,5,4,7850,6061,1065,1.0
SOLUSDT,2025-04-22 15:15:00+00:00,4,3,5,7261,3849,1632,26.9375
XRPUSDT,2025-04-22 15:15:00+00:00,5,4,5,11643,6340,2174,4.1125
AVAXUSDT,2025-04-22 15:30:00+00:00,4,5,3,3489,2822,421,3.15
SOLUSDT,2025-04-22 15:30:00+00:00,5,5,5,9820,6240,1773,8.275
ADAUSDT,2025-04-22 21:45:00+00:00,5,3,4,8317,3940,1497,1.0
DOGEUSDT,2025-04-22 22:45:00+00:00,4,3,4,5534,2684,1066,16.275
XRPUSDT,2025-04-23 01:45:00+00:00,4,4,4,4500,2568,840,14.8625
ADAUSDT,2025-04-23 02:30:00+00:00,2,4,2,1353,769,302,52.55
DOGEUSDT,2025-04-23 03:30:00+00:00,3,2,3,2249,962,465,69.6875
DOGEUSDT,2025-04-23 04:00:00+00:00,3,2,2,2122,904,439,69.6875
XRPUSDT,2025-04-23 04:30:00+00:00,3,4,3,2626,1598,480,28.8375
SOLUSDT,2025-04-23 05:15:00+00:00,4,3,4,3549,1897,806,26.9375
ETHUSDT,2025-04-23 06:15:00+00:00,5,2,5,9081,2983,1083,22.9625
DOGEUSDT,2025-04-23 07:45:00+00:00,4,4,2,4629,2601,879,3.7875
DOGEUSDT,2025-04-23 10:00:00+00:00,4,3,3,4809,2339,972,16.275
SOLUSDT,2025-04-23 12:15:00+00:00,3,3,4,2956,1582,672,43.7
ADAUSDT,2025-04-23 13:30:00+00:00,5,3,4,10834,5389,2194,1.0
AVAXUSDT,2025-04-23 13:30:00+00:00,5,5,4,8335,6414,1147,1.0
AVAXUSDT,2025-04-23 13:45:00+00:00,3,5,3,2730,1988,487,11.7
SOLUSDT,2025-04-23 14:00:00+00:00,5,3,5,9419,4680,2102,8.2125
XRPUSDT,2025-04-23 14:00:00+00:00,5,2,5,10492,4197,2113,11.6125
DOGEUSDT,2025-04-23 18:00:00+00:00,4,3,4,3731,1781,731,16.275
SOLUSDT,2025-04-23 19:15:00+00:00,4,3,4,4149,2148,941,26.9375
SOLUSDT,2025-04-23 22:00:00+00:00,3,3,3,2141,1143,470,43.7
AVAXUSDT,2025-04-24 01:00:00+00:00,1,5,1,432,314,85,225.225
DOGEUSDT,2025-04-24 03:45:00+00:00,4,3,3,4124,2185,825,16.275
ETHUSDT,2025-04-24 05:00:00+00:00,4,1,4,5366,1523,547,106.55
AVAXUSDT,2025-04-24 06:00:00+00:00,1,5,1,326,214,73,225.225
BTCUSDT,2025-04-24 08:15:00+00:00,5,2,5,14109,4395,1209,57.2
DOGEUSDT,2025-04-24 11:30:00+00:00,3,3,2,2065,1060,459,36.4125
ADAUSDT,2025-04-24 14:45:00+00:00,4,4,3,3508,2149,714,6.0125
ADAUSDT,2025-04-24 15:00:00+00:00,5,4,5,10901,6256,2211,1.275
DOGEUSDT,2025-04-24 15:00:00+00:00,4,3,4,4775,2183,989,16.275
ADAUSDT,2025-04-24 15:45:00+00:00,5,3,4,9000,4142,1802,1.0
XRPUSDT,2025-04-24 16:30:00+00:00,4,2,4,4157,1812,872,29.925
SOLUSDT,2025-04-24 19:45:00+00:00,3,3,3,1830,891,433,43.7
XRPUSDT,2025-04-24 23:00:00+00:00,2,4,2,1527,885,279,31.5375
BTCUSDT,2025-04-25 00:00:00+00:00,5,5,5,41657,30343,2123,1.175
BTCUSDT,2025-04-25 00:15:00+00:00,5,4,5,18958,10966,1423,1.4
BTCUSDT,2025-04-25 00:30:00+00:00,5,4,5,13821,8176,1260,1.4
SOLUSDT,2025-04-25 00:45:00+00:00,2,3,3,1691,884,401,16.0375
XRPUSDT,2025-04-25 01:15:00+00:00,4,3,4,3998,1932,868,32.2375
XRPUSDT,2025-04-25 04:15:00+00:00,2,4,2,1647,939,338,31.5375
BTCUSDT,2025-04-25 04:45:00+00:00,4,3,4,7427,3589,1126,14.5875
BTCUSDT,2025-04-25 06:45:00+00:00,5,3,5,8158,4056,1185,3.325
DOGEUSDT,2025-04-25 07:00:00+00:00,3,3,3,3277,1672,653,36.4125
SOLUSDT,2025-04-25 07:15:00+00:00,3,4,4,2945,1592,685,97.675
SOLUSDT,2025-04-25 08:15:00+00:00,4,5,4,3876,2427,740,28.9
DOGEUSDT,2025-04-25 10:00:00+00:00,3,2,3,2314,966,501,69.6875
XRPUSDT,2025-04-25 11:00:00+00:00,3,3,3,2852,1364,615,62.125
ETHUSDT,2025-04-25 12:15:00+00:00,5,1,5,15852,2642,1315,232.8125
ADAUSDT,2025-04-25 13:30:00+00:00,3,4,2,2756,1559,573,18.4375
XRPUSDT,2025-04-25 14:15:00+00:00,4,2,4,4886,2121,1031,29.925
BTCUSDT,2025-04-25 16:00:00+00:00,5,4,5,21089,11887,1851,1.4
ADAUSDT,2025-04-25 17:45:00+00:00,3,4,3,2170,1185,482,18.4375
DOGEUSDT,2025-04-25 18:00:00+00:00,3,2,3,2406,1038,560,69.6875
ADAUSDT,2025-04-25 18:30:00+00:00,5,3,5,11375,5208,2044,1.0
ETHUSDT,2025-04-25 21:15:00+00:00,4,1,4,6120,1424,559,106.55
XRPUSDT,2025-04-25 21:45:00+00:00,3,4,3,2679,1521,482,28.8375
ADAUSDT,2025-04-25 23:45:00+00:00,3,4,3,1908,1099,372,18.4375
DOGEUSDT,2025-04-26 00:45:00+00:00,5,3,4,8419,4013,1739,3.625
DOGEUSDT,2025-04-26 01:30:00+00:00,5,4,5,10789,5965,1911,1.0
DOGEUSDT,2025-04-26 01:45:00+00:00,5,3,5,9977,5337,1784,3.625
BTCUSDT,2025-04-26 02:45:00+00:00,4,1,4,5004,1449,601,46.3875
SOLUSDT,2025-04-26 05:45:00+00:00,2,4,2,1609,877,364,69.175
ADAUSDT,2025-04-26 06:15:00+00:00,1,3,1,501,268,106,39.4875
ETHUSDT,2025-04-26 06:15:00+00:00,3,2,3,2774,947,327,16.575
ADAUSDT,2025-04-26 08:45:00+00:00,2,3,2,1720,882,422,28.9875
BTCUSDT,2025-04-26 09:15:00+00:00,4,2,4,5084,1516,647,104.35
BTCUSDT,2025-04-26 10:15:00+00:00,3,1,4,3431,936,406,1.0
DOGEUSDT,2025-04-26 12:15:00+00:00,4,4,3,3743,2122,736,3.7875
DOGEUSDT,2025-04-26 15:30:00+00:00,4,5,2,3525,2212,590,1.6
BTCUSDT,2025-04-26 16:15:00+00:00,4,4,3,5612,3410,797,2.3625
ADAUSDT,2025-04-26 16:45:00+00:00,2,4,1,821,441,190,52.55
XRPUSDT,2025-04-26 20:15:00+00:00,2,4,2,1039,558,229,31.5375
ETHUSDT,2025-04-26 20:30:00+00:00,3,1,3,3468,950,385,19.05
BTCUSDT,2025-04-26 21:45:00+00:00,3,2,4,2921,1236,416,18.6125
DOGEUSDT,2025-04-26 23:30:00+00:00,2,4,2,1190,661,238,20.825
ADAUSDT,2025-04-27 01:30:00+00:00,3,4,2,2228,1282,409,18.4375
ETHUSDT,2025-04-27 02:15:00+00:00,5,3,4,12664,6253,1369,1.4625
ETHUSDT,2025-04-27 02:30:00+00:00,5,4,4,14888,8101,1542,1.0
SOLUSDT,2025-04-27 02:30:00+00:00,2,3,2,1546,749,358,16.0375
XRPUSDT,2025-04-27 02:30:00+00:00,4,5,3,3514,2481,509,7.4375
DOGEUSDT,2025-04-27 02:45:00+00:00,3,4,3,1856,997,350,10.075
ETHUSDT,2025-04-27 02:45:00+00:00,5,3,4,13824,7259,1513,1.4625
ETHUSDT,2025-04-27 03:00:00+00:00,5,4,4,11772,6579,1164,1.0
ETHUSDT,2025-04-27 03:15:00+00:00,5,4,4,10828,6174,1228,1.0
ETHUSDT,2025-04-27 03:30:00+00:00,5,4,4,10049,5619,1052,1.0
ETHUSDT,2025-04-27 03:45:00+00:00,5,3,4,13750,6956,1411,1.4625
XRPUSDT,2025-04-27 04:00:00+00:00,2,4,2,1219,671,236,31.5375
XRPUSDT,2025-04-27 04:30:00+00:00,3,5,3,2527,1711,375,12.5625
AVAXUSDT,2025-04-27 05:30:00+00:00,1,5,1,458,309,94,225.225
BTCUSDT,2025-04-27 09:45:00+00:00,3,2,3,2958,1276,430,18.6125
XRPUSDT,2025-04-27 09:45:00+00:00,2,3,2,837,410,213,75.6375
BTCUSDT,2025-04-27 10:15:00+00:00,3,2,4,3347,1352,470,18.6125
ETHUSDT,2025-04-27 12:30:00+00:00,5,1,4,8892,1914,874,232.8125
ETHUSDT,2025-04-27 18:00:00+00:00,4,1,3,3667,1027,450,106.55
SOLUSDT,2025-04-27 19:00:00+00:00,2,3,2,1617,846,371,16.0375
DOGEUSDT,2025-04-27 20:15:00+00:00,3,4,3,2430,1386,447,10.075
SOLUSDT,2025-04-27 20:15:00+00:00,2,4,2,1691,930,388,69.175
DOGEUSDT,2025-04-27 22:45:00+00:00,2,2,2,920,351,225,56.45
ADAUSDT,2025-04-27 23:45:00+00:00,2,5,1,899,611,168,40.525
XRPUSDT,2025-04-28 01:30:00+00:00,5,2,5,8378,3739,1608,11.6125
SOLUSDT,2025-04-28 04:15:00+00:00,3,4,3,2323,1281,512,97.675
ADAUSDT,2025-04-28 07:45:00+00:00,3,5,2,1806,1186,341,15.725
BTCUSDT,2025-04-28 07:45:00+00:00,4,2,4,5683,2155,797,104.35
XRPUSDT,2025-04-28 07:45:00+00:00,5,2,5,11412,5102,2267,11.6125
SOLUSDT,2025-04-28 08:15:00+00:00,3,4,3,2364,1272,538,97.675
DOGEUSDT,2025-04-28 09:00:00+00:00,3,3,2,2389,1161,556,36.4125
ADAUSDT,2025-04-28 09:15:00+00:00,2,5,2,1366,850,261,40.525
DOGEUSDT,2025-04-28 09:30:00+00:00,3,4,2,3002,1702,603,10.075
SOLUSDT,2025-04-28 10:00:00+00:00,5,2,5,21597,9288,3599,1.0
DOGEUSDT,2025-04-28 10:45:00+00:00,4,3,3,3727,1905,781,16.275
SOLUSDT,2025-04-28 10:45:00+00:00,4,4,4,4503,2555,1000,52.7875
DOGEUSDT,2025-04-28 15:00:00+00:00,4,3,3,3511,1757,780,16.275
ADAUSDT,2025-04-28 15:15:00+00:00,3,5,3,3060,2081,543,15.725
SOLUSDT,2025-04-28 15:45:00+00:00,4,4,5,4694,2713,1004,52.7875
DOGEUSDT,2025-04-28 17:45:00+00:00,3,2,3,1778,796,412,69.6875
ADAUSDT,2025-04-28 19:15:00+00:00,2,4,2,1242,754,241,52.55
XRPUSDT,2025-04-28 19:30:00+00:00,4,5,3,4172,2805,724,7.4375
DOGEUSDT,2025-04-28 21:45:00+00:00,1,2,2,712,316,139,13.8375
SOLUSDT,2025-04-28 22:15:00+00:00,3,4,3,1752,1002,396,97.675
ETHUSDT,2025-04-29 01:00:00+00:00,5,1,5,12944,1789,955,232.8125
SOLUSDT,2025-04-29 01:30:00+00:00,3,3,4,2411,1217,550,43.7
XRPUSDT,2025-04-29 02:45:00+00:00,4,5,3,3846,2388,731,7.4375
XRPUSDT,2025-04-29 03:30:00+00:00,2,4,2,1464,837,301,31.5375
BTCUSDT,2025-04-29 07:15:00+00:00,4,1,4,5015,1365,556,46.3875
ETHUSDT,2025-04-29 09:45:00+00:00,4,1,4,6827,1681,778,106.55
XRPUSDT,2025-04-29 14:15:00+00:00,3,3,3,2749,1414,566,62.125
ETHUSDT,2025-04-29 19:15:00+00:00,4,1,4,5586,1392,617,106.55
DOGEUSDT,2025-04-29 20:15:00+00:00,2,4,2,1215,687,226,20.825
DOGEUSDT,2025-04-29 21:00:00+00:00,4,5,3,3919,2522,671,1.6
DOGEUSDT,2025-04-29 21:15:00+00:00,4,4,3,4297,2361,839,3.7875
ADAUSDT,2025-04-29 21:30:00+00:00,2,5,2,1734,1236,276,40.525
DOGEUSDT,2025-04-29 22:00:00+00:00,3,3,3,3237,1631,652,36.4125
DOGEUSDT,2025-04-29 23:00:00+00:00,4,5,4,7004,4670,1072,1.6
ADAUSDT,2025-04-29 23:15:00+00:00,3,5,2,2076,1590,300,15.725
DOGEUSDT,2025-04-29 23:45:00+00:00,3,4,3,1938,1127,359,10.075
ADAUSDT,2025-04-30 03:15:00+00:00,2,5,1,838,526,178,40.525
XRPUSDT,2025-04-30 03:30:00+00:00,2,3,2,1533,771,336,75.6375
DOGEUSDT,2025-04-30 06:00:00+00:00,2,4,1,1010,558,220,20.825
XRPUSDT,2025-04-30 07:45:00+00:00,4,3,4,4802,2567,932,32.2375
ADAUSDT,2025-04-30 08:45:00+00:00,1,3,1,572,300,121,39.4875
XRPUSDT,2025-04-30 12:00:00+00:00,3,5,3,2391,1550,433,12.5625
XRPUSDT,2025-04-30 13:00:00+00:00,5,4,4,8445,4591,1718,4.1125
DOGEUSDT,2025-04-30 13:15:00+00:00,5,3,4,7658,3609,1450,3.625
SOLUSDT,2025-04-30 14:00:00+00:00,5,3,5,7735,3932,1780,8.2125
ADAUSDT,2025-04-30 14:15:00+00:00,4,5,3,6035,4512,926,4.225
ADAUSDT,2025-04-30 14:30:00+00:00,4,5,3,5459,4188,746,4.225
DOGEUSDT,2025-04-30 15:00:00+00:00,4,4,2,4638,2653,935,3.7875
XRPUSDT,2025-04-30 16:00:00+00:00,3,3,3,3413,1577,758,62.125
DOGEUSDT,2025-04-30 21:15:00+00:00,1,3,1,558,262,123,47.5125
DOGEUSDT,2025-04-30 23:45:00+00:00,1,2,1,621,268,142,13.8375
DOGEUSDT,2025-05-01 01:45:00+00:00,2,2,2,1424,616,314,56.45
ADAUSDT,2025-05-01 05:00:00+00:00,1,4,1,490,278,114,104.5375
ETHUSDT,2025-05-01 05:15:00+00:00,3,1,3,3305,808,358,19.05
ADAUSDT,2025-05-01 05:30:00+00:00,2,4,1,850,506,190,52.55
ETHUSDT,2025-05-01 08:30:00+00:00,4,1,5,6806,1761,697,106.55
SOLUSDT,2025-05-01 10:45:00+00:00,3,4,4,3307,1875,705,97.675
BTCUSDT,2025-05-01 12:15:00+00:00,5,3,5,11693,5965,997,3.325
DOGEUSDT,2025-05-01 13:30:00+00:00,4,3,3,5561,2666,1085,16.275
SOLUSDT,2025-05-01 13:30:00+00:00,4,4,4,5530,2984,1272,52.7875
XRPUSDT,2025-05-01 16:00:00+00:00,3,4,3,2705,1495,560,28.8375
DOGEUSDT,2025-05-01 19:15:00+00:00,3,4,2,1817,1055,394,10.075
DOGEUSDT,2025-05-01 21:00:00+00:00,2,4,2,1412,779,280,20.825
DOGEUSDT,2025-05-01 23:00:00+00:00,3,4,3,2303,1421,421,10.075
ADAUSDT,2025-05-02 00:15:00+00:00,2,5,2,1140,718,244,40.525
BTCUSDT,2025-05-02 01:30:00+00:00,5,2,5,10968,3989,1129,57.2
BTCUSDT,2025-05-02 03:00:00+00:00,5,2,5,7688,2272,825,57.2
AVAXUSDT,2025-05-02 04:45:00+00:00,1,4,1,252,150,59,15.825
ADAUSDT,2025-05-02 07:45:00+00:00,2,4,1,1004,607,216,52.55
ETHUSDT,2025-05-02 09:30:00+00:00,4,2,4,4073,1318,507,26.225
DOGEUSDT,2025-05-02 13:00:00+00:00,3,3,2,2427,1184,476,36.4125
XRPUSDT,2025-05-02 14:30:00+00:00,4,3,4,4581,2398,865,32.2375
SOLUSDT,2025-05-02 15:45:00+00:00,3,3,3,2018,1038,467,43.7
ADAUSDT,2025-05-02 16:15:00+00:00,2,4,2,1027,562,241,52.55
ETHUSDT,2025-05-02 17:30:00+00:00,4,1,3,6628,1365,540,106.55
XRPUSDT,2025-05-03 01:45:00+00:00,2,3,2,917,467,202,75.6375
ETHUSDT,2025-05-03 02:45:00+00:00,4,4,2,4161,2256,420,1.0
ETHUSDT,2025-05-03 03:45:00+00:00,4,3,3,4339,2171,474,1.0
BTCUSDT,2025-05-03 08:45:00+00:00,4,3,4,3754,1688,612,14.5875
SOLUSDT,2025-05-03 08:45:00+00:00,2,5,3,1304,878,234,21.8625
ETHUSDT,2025-05-03 09:00:00+00:00,3,2,3,2801,1002,329,16.575
BTCUSDT,2025-05-03 13:30:00+00:00,4,4,5,7434,4007,652,2.3625
ADAUSDT,2025-05-03 14:30:00+00:00,4,5,3,4006,2620,776,4.225
BTCUSDT,2025-05-03 15:15:00+00:00,3,3,3,3458,1557,630,11.4125
DOGEUSDT,2025-05-03 15:30:00+00:00,2,4,1,886,547,163,20.825
ETHUSDT,2025-05-03 15:30:00+00:00,3,2,3,2815,1149,363,16.575
ADAUSDT,2025-05-03 15:45:00+00:00,4,5,4,3898,2787,573,4.225
AVAXUSDT,2025-05-03 17:00:00+00:00,2,5,2,1149,841,182,51.5625
AVAXUSDT,2025-05-03 17:30:00+00:00,1,3,1,208,105,50,1.0
ETHUSDT,2025-05-03 18:00:00+00:00,3,1,3,3343,769,355,19.05
BTCUSDT,2025-05-03 19:15:00+00:00,3,2,3,2872,1172,486,18.6125
XRPUSDT,2025-05-03 19:30:00+00:00,2,4,2,1131,639,192,31.5375
BTCUSDT,2025-05-03 19:45:00+00:00,4,2,4,4166,1382,566,104.35
DOGEUSDT,2025-05-03 20:30:00+00:00,1,2,1,577,255,129,13.8375
SOLUSDT,2025-05-03 22:00:00+00:00,2,4,2,1402,759,310,69.175
ETHUSDT,2025-05-03 22:30:00+00:00,3,2,3,2796,1126,391,16.575
XRPUSDT,2025-05-03 22:45:00+00:00,1,3,1,783,396,173,17.675
BTCUSDT,2025-05-03 23:15:00+00:00,4,1,5,6243,1344,559,46.3875
XRPUSDT,2025-05-03 23:45:00+00:00,2,4,1,1031,585,198,31.5375
ETHUSDT,2025-05-04 01:15:00+00:00,4,2,3,3970,1250,401,26.225
AVAXUSDT,2025-05-04 01:30:00+00:00,1,4,1,249,152,54,15.825
ADAUSDT,2025-05-04 01:45:00+00:00,2,4,2,1609,891,337,52.55
XRPUSDT,2025-05-04 02:00:00+00:00,4,4,3,3648,2076,695,14.8625
AVAXUSDT,2025-05-04 05:45:00+00:00,1,3,1,200,103,51,1.0
BTCUSDT,2025-05-04 06:45:00+00:00,4,4,3,5298,3148,602,2.3625
ADAUSDT,2025-05-04 09:45:00+00:00,2,4,1,863,533,185,52.55
BTCUSDT,2025-05-04 09:45:00+00:00,4,2,4,4600,1557,617,104.35
AVAXUSDT,2025-05-04 11:00:00+00:00,1,4,1,217,129,49,15.825
DOGEUSDT,2025-05-04 11:15:00+00:00,2,4,3,1645,929,336,20.825
XRPUSDT,2025-05-04 11:30:00+00:00,2,3,2,1004,471,228,75.6375
ETHUSDT,2025-05-04 13:00:00+00:00,3,1,4,3419,702,307,19.05
SOLUSDT,2025-05-04 14:30:00+00:00,3,5,3,2453,1639,425,40.7625
ETHUSDT,2025-05-04 17:00:00+00:00,4,1,3,4080,934,434,106.55
XRPUSDT,2025-05-04 17:45:00+00:00,2,4,2,1465,798,282,31.5375
ETHUSDT,2025-05-04 18:15:00+00:00,3,1,3,3437,747,427,19.05
ETHUSDT,2025-05-04 19:00:00+00:00,3,1,3,3251,808,401,19.05
ETHUSDT,2025-05-04 20:00:00+00:00,2,2,2,1659,607,254,3.9875
AVAXUSDT,2025-05-04 20:15:00+00:00,1,4,1,206,123,48,15.825
BTCUSDT,2025-05-04 21:45:00+00:00,3,2,3,3297,1273,509,18.6125
ETHUSDT,2025-05-04 21:45:00+00:00,2,2,2,1389,497,202,3.9875
XRPUSDT,2025-05-04 23:00:00+00:00,3,4,3,3023,1769,566,28.8375
XRPUSDT,2025-05-05 01:30:00+00:00,5,5,5,10173,6474,1673,1.5875
AVAXUSDT,2025-05-05 07:15:00+00:00,1,5,1,343,265,48,225.225
SOLUSDT,2025-05-05 10:45:00+00:00,3,4,3,2748,1696,556,97.675
DOGEUSDT,2025-05-05 13:30:00+00:00,4,3,3,4992,2628,978,16.275
DOGEUSDT,2025-05-05 14:45:00+00:00,2,3,2,1647,792,376,66.0875
ETHUSDT,2025-05-05 17:15:00+00:00,4,2,4,5724,1736,561,26.225
XRPUSDT,2025-05-05 19:00:00+00:00,3,2,3,1953,831,430,48.225
ADAUSDT,2025-05-05 19:30:00+00:00,2,4,1,848,505,171,52.55
ETHUSDT,2025-05-06 00:30:00+00:00,4,1,3,4635,951,458,106.55
ETHUSDT,2025-05-06 03:00:00+00:00,4,1,3,4779,867,419,106.55
XRPUSDT,2025-05-06 04:00:00+00:00,2,4,2,1394,752,274,31.5375
ETHUSDT,2025-05-06 06:15:00+00:00,3,2,3,3306,1112,402,16.575
ETHUSDT,2025-05-06 07:45:00+00:00,4,2,3,4551,1541,551,26.225
ETHUSDT,2025-05-06 10:30:00+00:00,4,1,4,6565,1759,717,106.55
SOLUSDT,2025-05-06 12:15:00+00:00,3,4,3,2499,1415,559,97.675
DOGEUSDT,2025-05-06 15:15:00+00:00,3,3,2,2101,953,453,36.4125
ADAUSDT,2025-05-06 20:30:00+00:00,2,4,1,933,536,188,52.55
BTCUSDT,2025-05-06 21:45:00+00:00,4,3,4,3696,1729,483,14.5875
DOGEUSDT,2025-05-06 23:30:00+00:00,2,3,1,1115,506,242,66.0875
DOGEUSDT,2025-05-06 23:45:00+00:00,2,3,2,1460,700,315,66.0875
XRPUSDT,2025-05-07 00:45:00+00:00,3,3,3,2010,1041,441,62.125
SOLUSDT,2025-05-07 01:00:00+00:00,4,4,4,4145,2488,823,52.7875
DOGEUSDT,2025-05-07 04:15:00+00:00,3,4,3,1768,988,302,10.075
ETHUSDT,2025-05-07 04:30:00+00:00,4,4,4,6198,3751,571,1.0
ETHUSDT,2025-05-07 05:15:00+00:00,4,4,3,6913,4006,565,1.0
ETHUSDT,2025-05-07 05:45:00+00:00,4,4,3,6585,3892,737,1.0
DOGEUSDT,2025-05-07 06:00:00+00:00,2,3,1,908,433,210,66.0875
ETHUSDT,2025-05-07 06:00:00+00:00,4,3,4,7453,3351,802,1.0
XRPUSDT,2025-05-07 06:00:00+00:00,3,5,2,1916,1307,306,12.5625
DOGEUSDT,2025-05-07 06:45:00+00:00,1,2,1,684,281,155,13.8375
ETHUSDT,2025-05-07 07:00:00+00:00,4,2,4,3885,1199,403,26.225
BTCUSDT,2025-05-07 09:45:00+00:00,4,3,4,3807,1742,642,14.5875
XRPUSDT,2025-05-07 16:15:00+00:00,3,4,3,2770,1541,581,28.8375
AVAXUSDT,2025-05-07 17:15:00+00:00,1,5,1,419,279,93,225.225
XRPUSDT,2025-05-07 19:00:00+00:00,3,2,3,2793,1192,556,48.225
ADAUSDT,2025-05-07 19:30:00+00:00,2,2,2,1324,578,289,3.1375
ADAUSDT,2025-05-07 20:45:00+00:00,1,2,1,593,259,141,2.95
XRPUSDT,2025-05-07 20:45:00+00:00,2,2,2,1569,687,341,29.175
ADAUSDT,2025-05-07 21:30:00+00:00,2,4,1,861,482,193,52.55
XRPUSDT,2025-05-08 00:30:00+00:00,2,4,2,1422,777,302,31.5375
XRPUSDT,2025-05-08 02:00:00+00:00,3,5,3,3312,2113,549,12.5625
BTCUSDT,2025-05-08 04:15:00+00:00,5,1,5,13207,3424,1327,173.075
DOGEUSDT,2025-05-08 04:15:00+00:00,4,4,4,6709,3601,1239,3.7875
XRPUSDT,2025-05-08 04:45:00+00:00,4,5,4,4312,2775,733,7.4375
XRPUSDT,2025-05-08 05:30:00+00:00,4,5,3,3924,3035,482,7.4375
ADAUSDT,2025-05-08 06:30:00+00:00,3,5,3,2671,1939,403,15.725
AVAXUSDT,2025-05-08 10:45:00+00:00,2,5,1,871,687,119,51.5625
DOGEUSDT,2025-05-08 10:45:00+00:00,4,4,4,4037,2216,741,3.7875
ETHUSDT,2025-05-08 11:00:00+00:00,5,1,5,14947,3286,1350,232.8125
XRPUSDT,2025-05-08 11:00:00+00:00,3,4,3,3008,1623,684,28.8375
XRPUSDT,2025-05-08 11:45:00+00:00,3,4,3,2196,1328,423,28.8375
DOGEUSDT,2025-05-08 12:00:00+00:00,3,4,3,2391,1294,450,10.075
XRPUSDT,2025-05-08 12:00:00+00:00,4,4,4,3488,1868,746,14.8625
ADAUSDT,2025-05-08 12:15:00+00:00,2,4,2,1250,756,291,52.55
DOGEUSDT,2025-05-08 14:30:00+00:00,4,3,4,6107,2929,1187,16.275
DOGEUSDT,2025-05-08 15:15:00+00:00,5,3,4,11966,5477,2255,3.625
SOLUSDT,2025-05-08 16:30:00+00:00,4,4,4,6090,3668,1211,52.7875
SOLUSDT,2025-05-08 17:15:00+00:00,4,4,4,4122,2447,877,52.7875
ADAUSDT,2025-05-08 20:45:00+00:00,4,5,4,7423,4792,1404,4.225
DOGEUSDT,2025-05-08 21:00:00+00:00,4,2,4,7195,2942,1361,44.2
ADAUSDT,2025-05-08 21:15:00+00:00,4,4,4,6262,3527,1235,6.0125
AVAXUSDT,2025-05-08 22:00:00+00:00,2,5,2,912,622,179,51.5625
AVAXUSDT,2025-05-09 00:00:00+00:00,3,5,3,1982,1501,324,11.7
ETHUSDT,2025-05-09 00:30:00+00:00,5,1,5,22870,5265,2084,232.8125
SOLUSDT,2025-05-09 02:45:00+00:00,3,3,4,2570,1355,613,43.7
ADAUSDT,2025-05-09 03:45:00+00:00,4,5,3,4470,2857,795,4.225
ETHUSDT,2025-05-09 05:45:00+00:00,5,2,5,9262,3107,814,22.9625
ADAUSDT,2025-05-09 06:15:00+00:00,3,4,2,1955,1167,402,18.4375
SOLUSDT,2025-05-09 07:00:00+00:00,4,4,5,7164,4154,1420,52.7875
ADAUSDT,2025-05-09 08:15:00+00:00,5,4,4,8001,4526,1658,1.275
SOLUSDT,2025-05-09 08:15:00+00:00,5,4,5,12017,6871,2346,14.5375
ADAUSDT,2025-05-09 08:30:00+00:00,5,4,5,21374,11628,4282,1.275
DOGEUSDT,2025-05-09 08:30:00+00:00,5,2,5,41016,14820,6626,17.275
ADAUSDT,2025-05-09 08:45:00+00:00,4,3,4,7559,3705,1663,3.025
ADAUSDT,2025-05-09 09:00:00+00:00,5,3,4,7711,3684,1592,1.0
ADAUSDT,2025-05-09 09:15:00+00:00,4,3,4,6038,3171,1310,3.025
ADAUSDT,2025-05-09 09:30:00+00:00,3,3,3,3227,1570,734,10.725
ADAUSDT,2025-05-09 10:30:00+00:00,3,3,3,2911,1543,654,10.725
XRPUSDT,2025-05-09 11:00:00+00:00,5,3,5,12168,5510,2472,12.4625
ADAUSDT,2025-05-09 11:15:00+00:00,5,3,4,11929,6092,2419,1.0
AVAXUSDT,2025-05-09 11:15:00+00:00,4,5,4,5285,4042,775,3.15
ADAUSDT,2025-05-09 11:30:00+00:00,4,2,3,4379,1903,912,1.0
DOGEUSDT,2025-05-09 11:30:00+00:00,5,2,4,10380,3562,1868,17.275
ADAUSDT,2025-05-09 11:45:00+00:00,3,3,2,1980,993,463,10.725
SOLUSDT,2025-05-09 11:45:00+00:00,5,3,5,7727,4028,1677,8.2125
ADAUSDT,2025-05-09 12:00:00+00:00,3,2,3,3031,1348,648,1.2
ADAUSDT,2025-05-09 15:30:00+00:00,3,3,2,2685,1236,601,10.725
SOLUSDT,2025-05-09 18:15:00+00:00,3,3,4,3276,1673,708,43.7
DOGEUSDT,2025-05-09 21:15:00+00:00,2,2,2,1575,699,300,56.45
ADAUSDT,2025-05-10 01:00:00+00:00,2,2,2,1466,634,310,3.1375
SOLUSDT,2025-05-10 01:30:00+00:00,3,4,3,2775,1509,608,97.675
ADAUSDT,2025-05-10 02:15:00+00:00,2,2,1,901,376,197,3.1375
AVAXUSDT,2025-05-10 03:00:00+00:00,2,5,3,1100,842,177,51.5625
DOGEUSDT,2025-05-10 07:15:00+00:00,5,2,4,7904,3018,1343,17.275
ADAUSDT,2025-05-10 07:30:00+00:00,3,2,3,2489,1112,525,1.2
DOGEUSDT,2025-05-10 07:30:00+00:00,4,2,4,6817,2589,1158,44.2
BTCUSDT,2025-05-10 11:30:00+00:00,5,2,5,9000,2916,844,57.2
XRPUSDT,2025-05-10 15:15:00+00:00,4,3,4,3676,1681,759,32.2375
XRPUSDT,2025-05-10 15:45:00+00:00,3,2,3,3301,1298,703,48.225
DOGEUSDT,2025-05-10 16:30:00+00:00,5,2,4,8942,3500,1539,17.275
ADAUSDT,2025-05-10 17:15:00+00:00,5,4,4,8006,4681,1522,1.275
DOGEUSDT,2025-05-10 17:30:00+00:00,5,2,5,16955,5551,2682,17.275
XRPUSDT,2025-05-10 18:00:00+00:00,4,2,4,4891,2048,1020,29.925
XRPUSDT,2025-05-10 19:45:00+00:00,3,3,3,2164,1004,475,62.125
AVAXUSDT,2025-05-10 20:30:00+00:00,2,5,2,946,669,174,51.5625
ADAUSDT,2025-05-10 22:00:00+00:00,3,2,2,1769,769,409,1.2
DOGEUSDT,2025-05-10 22:15:00+00:00,4,1,4,6700,1918,1069,1.375
AVAXUSDT,2025-05-10 23:15:00+00:00,3,5,3,1925,1341,387,11.7
DOGEUSDT,2025-05-10 23:15:00+00:00,5,1,5,15327,4364,2318,1.0
DOGEUSDT,2025-05-10 23:45:00+00:00,5,2,5,9721,3511,1443,17.275
ADAUSDT,2025-05-11 00:15:00+00:00,5,3,4,9628,4845,1874,1.0
XRPUSDT,2025-05-11 00:15:00+00:00,5,3,5,21015,10121,3697,12.4625
ADAUSDT,2025-05-11 01:30:00+00:00,2,2,2,1743,648,374,3.1375
ADAUSDT,2025-05-11 02:00:00+00:00,3,2,2,2107,761,408,1.2
SOLUSDT,2025-05-11 02:00:00+00:00,4,2,4,6416,2766,1343,1.275
AVAXUSDT,2025-05-11 12:45:00+00:00,1,5,1,446,320,82,225.225
XRPUSDT,2025-05-11 13:15:00+00:00,4,3,4,3677,1935,734,32.2375
ADAUSDT,2025-05-11 13:30:00+00:00,3,4,3,3030,1802,602,18.4375
AVAXUSDT,2025-05-11 13:30:00+00:00,2,5,2,1204,876,223,51.5625
SOLUSDT,2025-05-11 14:15:00+00:00,4,3,4,4299,2161,952,26.9375
ADAUSDT,2025-05-11 15:15:00+00:00,2,3,2,1049,546,257,28.9875
AVAXUSDT,2025-05-11 15:45:00+00:00,2,5,2,1444,1081,258,51.5625
ADAUSDT,2025-05-11 16:15:00+00:00,3,2,2,1939,854,453,1.2
ADAUSDT,2025-05-11 17:00:00+00:00,2,3,2,1132,563,256,28.9875
ADAUSDT,2025-05-11 19:15:00+00:00,2,3,2,1032,515,249,28.9875
XRPUSDT,2025-05-11 19:30:00+00:00,3,3,3,2734,1406,549,62.125
BTCUSDT,2025-05-11 22:30:00+00:00,5,1,5,14921,2683,975,173.075
SOLUSDT,2025-05-11 22:45:00+00:00,2,3,3,1662,818,379,16.0375
ADAUSDT,2025-05-12 00:00:00+00:00,2,2,2,1230,550,288,3.1375
DOGEUSDT,2025-05-12 00:45:00+00:00,5,2,4,9688,3974,1766,17.275
BTCUSDT,2025-05-12 01:00:00+00:00,5,2,5,33937,11688,2302,57.2
DOGEUSDT,2025-05-12 01:15:00+00:00,5,2,4,12566,5026,2148,17.275
SOLUSDT,2025-05-12 02:30:00+00:00,4,3,4,4202,1951,932,26.9375
ADAUSDT,2025-05-12 02:45:00+00:00,2,3,2,1514,706,321,28.9875
SOLUSDT,2025-05-12 04:30:00+00:00,4,4,4,4461,2477,891,52.7875
ADAUSDT,2025-05-12 06:15:00+00:00,2,2,2,1280,565,292,3.1375
ADAUSDT,2025-05-12 06:30:00+00:00,2,2,1,1096,461,236,3.1375
ADAUSDT,2025-05-12 07:00:00+00:00,5,3,4,8997,4696,1785,1.0
AVAXUSDT,2025-05-12 07:00:00+00:00,4,5,4,5909,4403,982,3.15
XRPUSDT,2025-05-12 07:00:00+00:00,5,3,5,21157,9680,3704,12.4625
ADAUSDT,2025-05-12 07:30:00+00:00,5,3,4,8103,4279,1598,1.0
AVAXUSDT,2025-05-12 07:30:00+00:00,4,5,4,4677,3550,769,3.15
ADAUSDT,2025-05-12 08:00:00+00:00,4,4,3,5729,3126,1042,6.0125
AVAXUSDT,2025-05-12 09:15:00+00:00,2,5,2,1127,824,205,51.5625
ADAUSDT,2025-05-12 10:00:00+00:00,3,3,3,3149,1475,689,10.725
ADAUSDT,2025-05-12 10:30:00+00:00,3,3,2,1916,1005,383,10.725
DOGEUSDT,2025-05-12 11:15:00+00:00,5,2,4,8180,3047,1438,17.275
ADAUSDT,2025-05-12 11:30:00+00:00,3,2,2,2720,1215,635,1.2
ADAUSDT,2025-05-12 12:00:00+00:00,3,3,2,3090,1458,702,10.725
ADAUSDT,2025-05-12 12:15:00+00:00,4,4,4,6601,3607,1369,6.0125
ADAUSDT,2025-05-12 12:30:00+00:00,5,3,4,8887,4690,1814,1.0
ADAUSDT,2025-05-12 13:15:00+00:00,5,3,4,9291,4640,1934,1.0
DOGEUSDT,2025-05-12 13:15:00+00:00,5,1,4,10009,2870,1628,1.0
ADAUSDT,2025-05-12 13:30:00+00:00,5,3,4,10903,5765,2121,1.0
ADAUSDT,2025-05-12 13:45:00+00:00,4,3,4,5741,2908,1194,3.025
ADAUSDT,2025-05-12 14:00:00+00:00,4,3,3,4694,2157,1035,3.025
ADAUSDT,2025-05-12 14:15:00+00:00,5,4,4,9238,5042,1871,1.275
AVAXUSDT,2025-05-12 14:15:00+00:00,3,5,4,3089,2334,536,11.7
ADAUSDT,2025-05-12 14:30:00+00:00,5,3,4,9064,4770,1860,1.0
XRPUSDT,2025-05-12 14:45:00+00:00,5,3,5,20724,9963,3851,12.4625
ADAUSDT,2025-05-12 15:00:00+00:00,5,4,4,10269,5773,1955,1.275
AVAXUSDT,2025-05-12 15:00:00+00:00,4,5,4,4291,3344,661,3.15
ADAUSDT,2025-05-12 15:30:00+00:00,4,2,3,3688,1624,802,1.0
DOGEUSDT,2025-05-12 15:30:00+00:00,5,1,4,9134,2551,1466,1.0
ADAUSDT,2025-05-12 15:45:00+00:00,3,2,3,3454,1432,768,1.2
DOGEUSDT,2025-05-12 15:45:00+00:00,5,1,4,8748,2467,1428,1.0
ADAUSDT,2025-05-12 16:00:00+00:00,4,2,3,4222,1728,876,1.0
ADAUSDT,2025-05-12 17:30:00+00:00,3,2,2,2068,916,465,1.2
DOGEUSDT,2025-05-12 18:30:00+00:00,5,2,5,18976,6509,3255,17.275
ADAUSDT,2025-05-12 18:45:00+00:00,5,4,4,8370,4486,1715,1.275
AVAXUSDT,2025-05-12 18:45:00+00:00,4,5,4,4421,3361,696,3.15
ADAUSDT,2025-05-12 19:30:00+00:00,3,2,2,2236,973,476,1.2
SOLUSDT,2025-05-12 19:30:00+00:00,4,2,3,3565,1554,806,1.275
ADAUSDT,2025-05-12 20:00:00+00:00,2,3,2,1509,706,344,28.9875
XRPUSDT,2025-05-12 21:45:00+00:00,4,3,3,4190,2094,746,32.2375
ADAUSDT,2025-05-12 23:00:00+00:00,2,3,1,831,428,208,28.9875
SOLUSDT,2025-05-13 00:45:00+00:00,4,4,4,3697,2019,757,52.7875
ADAUSDT,2025-05-13 01:00:00+00:00,3,3,2,1971,975,350,10.725
ETHUSDT,2025-05-13 01:00:00+00:00,5,1,5,16011,2796,1309,232.8125
DOGEUSDT,2025-05-13 01:45:00+00:00,4,1,3,4976,1376,820,1.375
ADAUSDT,2025-05-13 02:00:00+00:00,4,4,4,5512,3287,953,6.0125
SOLUSDT,2025-05-13 02:00:00+00:00,4,3,5,7309,3645,1495,26.9375
XRPUSDT,2025-05-13 02:15:00+00:00,5,3,5,13044,6333,2272,12.4625
DOGEUSDT,2025-05-13 02:30:00+00:00,4,1,4,7444,1863,1176,1.375
XRPUSDT,2025-05-13 02:30:00+00:00,5,2,4,8350,3322,1568,11.6125
ADAUSDT,2025-05-13 02:45:00+00:00,3,3,1,2087,1080,408,10.725
XRPUSDT,2025-05-13 03:00:00+00:00,4,2,4,7074,3020,1374,29.925
XRPUSDT,2025-05-13 04:45:00+00:00,4,4,4,6872,4098,1124,14.8625
ADAUSDT,2025-05-13 10:00:00+00:00,2,3,2,1372,684,325,28.9875
DOGEUSDT,2025-05-13 11:15:00+00:00,4,2,3,4618,1559,807,44.2
XRPUSDT,2025-05-13 11:15:00+00:00,4,3,4,5226,2566,969,32.2375
ADAUSDT,2025-05-13 12:30:00+00:00,5,3,4,7976,4013,1618,1.0
DOGEUSDT,2025-05-13 13:30:00+00:00,5,1,4,9181,2425,1430,1.0
AVAXUSDT,2025-05-13 13:45:00+00:00,2,5,2,940,697,182,51.5625
XRPUSDT,2025-05-13 14:00:00+00:00,5,2,4,8986,3934,1596,11.6125
DOGEUSDT,2025-05-13 14:30:00+00:00,4,1,3,5102,1382,828,1.375
ADAUSDT,2025-05-13 16:00:00+00:00,4,4,3,4275,2572,878,6.0125
XRPUSDT,2025-05-13 16:00:00+00:00,5,3,5,10076,5180,1724,12.4625
DOGEUSDT,2025-05-13 16:15:00+00:00,5,2,5,18101,5791,3074,17.275
ADAUSDT,2025-05-13 17:00:00+00:00,3,4,2,2217,1237,497,18.4375
DOGEUSDT,2025-05-13 17:00:00+00:00,4,1,4,7410,2062,1218,1.375
DOGEUSDT,2025-05-13 17:30:00+00:00,4,2,3,5621,1936,1006,44.2
ADAUSDT,2025-05-13 18:00:00+00:00,3,4,2,1876,1084,405,18.4375
DOGEUSDT,2025-05-13 19:45:00+00:00,5,2,4,13895,4942,2325,17.275
DOGEUSDT,2025-05-13 20:00:00+00:00,5,1,4,10081,2786,1547,1.0
SOLUSDT,2025-05-13 20:00:00+00:00,5,3,5,10457,5424,2158,8.2125
BTCUSDT,2025-05-13 21:45:00+00:00,4,1,4,5897,1687,810,46.3875
DOGEUSDT,2025-05-13 22:15:00+00:00,3,1,3,3467,966,589,1.0
DOGEUSDT,2025-05-13 23:00:00+00:00,4,1,4,6749,1908,1063,1.375
XRPUSDT,2025-05-13 23:15:00+00:00,4,4,4,6017,3634,1018,14.8625
SOLUSDT,2025-05-14 01:00:00+00:00,4,3,4,5126,2456,1171,26.9375
AVAXUSDT,2025-05-14 02:00:00+00:00,3,5,2,1906,1395,341,11.7
BTCUSDT,2025-05-14 02:30:00+00:00,5,4,4,7725,4467,926,1.4
ADAUSDT,2025-05-14 04:15:00+00:00,1,2,1,797,356,185,2.95
BTCUSDT,2025-05-14 04:15:00+00:00,4,2,4,4905,2146,566,104.35
ETHUSDT,2025-05-14 07:45:00+00:00,5,1,5,14955,2887,1165,232.8125
ADAUSDT,2025-05-14 08:00:00+00:00,4,2,3,3672,1515,763,1.0
ADAUSDT,2025-05-14 08:45:00+00:00,4,4,4,6210,3436,1205,6.0125
ADAUSDT,2025-05-14 09:00:00+00:00,4,3,3,3659,1912,724,3.025
ADAUSDT,2025-05-14 09:15:00+00:00,5,2,4,8193,3378,1470,1.0
BTCUSDT,2025-05-14 09:30:00+00:00,5,2,5,10606,4498,1238,57.2
ADAUSDT,2025-05-14 09:45:00+00:00,3,3,2,1865,971,423,10.725
ADAUSDT,2025-05-14 10:45:00+00:00,2,3,2,1028,500,240,28.9875
BTCUSDT,2025-05-14 11:45:00+00:00,5,3,5,8681,4238,1395,3.325
XRPUSDT,2025-05-14 12:30:00+00:00,4,3,3,4073,2140,842,32.2375
DOGEUSDT,2025-05-14 13:00:00+00:00,4,1,3,5193,1459,848,1.375
DOGEUSDT,2025-05-14 13:15:00+00:00,4,1,3,3576,993,618,1.375
DOGEUSDT,2025-05-14 13:30:00+00:00,4,1,4,7505,2024,1185,1.375
DOGEUSDT,2025-05-14 13:45:00+00:00,5,1,4,9725,2495,1476,1.0
ADAUSDT,2025-05-14 14:00:00+00:00,3,2,2,2190,878,425,1.2
DOGEUSDT,2025-05-14 14:00:00+00:00,4,1,3,6103,1553,955,1.375
DOGEUSDT,2025-05-14 16:15:00+00:00,3,1,2,2845,789,488,1.0
ADAUSDT,2025-05-14 16:30:00+00:00,3,2,2,1937,747,393,1.2
SOLUSDT,2025-05-14 16:30:00+00:00,4,2,4,4475,1984,1013,1.275
ADAUSDT,2025-05-14 16:45:00+00:00,3,2,3,1917,841,393,1.2
DOGEUSDT,2025-05-14 16:45:00+00:00,4,1,3,4266,1123,665,1.375
ETHUSDT,2025-05-14 17:00:00+00:00,5,1,5,18039,2522,1302,232.8125
SOLUSDT,2025-05-14 17:30:00+00:00,4,3,4,3826,2048,840,26.9375
XRPUSDT,2025-05-14 18:00:00+00:00,4,4,3,3621,2029,658,14.8625
ETHUSDT,2025-05-14 18:30:00+00:00,5,1,4,9605,1337,701,232.8125
ADAUSDT,2025-05-14 19:30:00+00:00,1,2,1,763,319,183,2.95
ADAUSDT,2025-05-14 21:00:00+00:00,2,4,2,811,442,178,52.55
ADAUSDT,2025-05-14 22:00:00+00:00,1,2,1,657,277,157,2.95
DOGEUSDT,2025-05-14 23:15:00+00:00,3,1,2,3055,790,474,1.0
SOLUSDT,2025-05-14 23:15:00+00:00,3,2,3,2843,1266,632,1.0
BTCUSDT,2025-05-14 23:45:00+00:00,4,3,3,4009,1837,604,14.5875
SOLUSDT,2025-05-15 03:00:00+00:00,3,2,3,2146,955,515,1.0
DOGEUSDT,2025-05-15 03:45:00+00:00,4,2,3,5228,2258,933,44.2
ADAUSDT,2025-05-15 04:00:00+00:00,3,2,3,2056,851,406,1.2
DOGEUSDT,2025-05-15 04:00:00+00:00,5,1,4,8186,2050,1244,1.0
ADAUSDT,2025-05-15 04:15:00+00:00,2,2,1,968,376,202,3.1375
ADAUSDT,2025-05-15 06:00:00+00:00,3,2,2,1958,807,424,1.2
SOLUSDT,2025-05-15 07:15:00+00:00,4,4,4,5591,3206,1064,52.7875
AVAXUSDT,2025-05-15 08:45:00+00:00,2,5,2,891,601,165,51.5625
AVAXUSDT,2025-05-15 10:00:00+00:00,2,4,1,944,576,218,1.0
DOGEUSDT,2025-05-15 12:15:00+00:00,4,1,3,4742,1196,744,1.375
AVAXUSDT,2025-05-15 12:30:00+00:00,3,5,3,3122,2264,532,11.7
XRPUSDT,2025-05-15 12:45:00+00:00,5,4,5,9551,5576,1390,4.1125
ADAUSDT,2025-05-15 13:30:00+00:00,4,3,3,3940,2062,768,3.025
ADAUSDT,2025-05-15 14:15:00+00:00,4,3,3,4605,2201,930,3.025
SOLUSDT,2025-05-15 15:15:00+00:00,4,3,4,4229,2209,912,26.9375
ADAUSDT,2025-05-15 16:00:00+00:00,3,5,3,3447,2195,672,15.725
XRPUSDT,2025-05-15 16:45:00+00:00,5,5,4,9840,6462,1625,1.5875
XRPUSDT,2025-05-15 17:00:00+00:00,4,4,4,6374,3778,1118,14.8625
XRPUSDT,2025-05-15 17:45:00+00:00,5,4,5,10903,5901,1850,4.1125
SOLUSDT,2025-05-15 19:00:00+00:00,4,2,4,3494,1569,792,1.275
XRPUSDT,2025-05-15 19:45:00+00:00,4,3,3,4743,2236,1013,32.2375
ADAUSDT,2025-05-15 21:15:00+00:00,3,5,2,2158,1451,365,15.725
SOLUSDT,2025-05-15 23:45:00+00:00,3,2,3,2365,1057,534,1.0
ADAUSDT,2025-05-16 01:00:00+00:00,2,2,1,1637,697,335,3.1375
ADAUSDT,2025-05-16 01:15:00+00:00,3,3,2,1989,1045,402,10.725
ADAUSDT,2025-05-16 02:15:00+00:00,4,4,3,4373,2399,841,6.0125
ADAUSDT,2025-05-16 02:30:00+00:00,2,3,2,1214,632,285,28.9875
DOGEUSDT,2025-05-16 02:45:00+00:00,3,1,2,2288,609,360,1.0
DOGEUSDT,2025-05-16 03:00:00+00:00,3,1,2,2737,702,403,1.0
XRPUSDT,2025-05-16 03:45:00+00:00,4,5,3,5474,3419,925,7.4375
BTCUSDT,2025-05-16 05:15:00+00:00,5,2,4,7947,3469,859,57.2
DOGEUSDT,2025-05-16 05:30:00+00:00,3,1,3,2392,692,402,1.0
SOLUSDT,2025-05-16 05:30:00+00:00,3,3,3,1992,955,452,43.7
DOGEUSDT,2025-05-16 06:00:00+00:00,3,1,2,3414,939,507,1.0
ADAUSDT,2025-05-16 06:15:00+00:00,1,2,1,775,336,178,2.95
DOGEUSDT,2025-05-16 06:15:00+00:00,3,1,2,2011,559,321,1.0
DOGEUSDT,2025-05-16 06:30:00+00:00,3,1,2,2262,578,354,1.0
BTCUSDT,2025-05-16 08:45:00+00:00,5,2,5,12387,4657,1433,57.2
DOGEUSDT,2025-05-16 09:30:00+00:00,4,4,4,7214,3883,978,3.7875
ADAUSDT,2025-05-16 10:15:00+00:00,2,4,1,814,437,162,52.55
BTCUSDT,2025-05-16 10:45:00+00:00,5,3,4,9566,4493,968,3.325
DOGEUSDT,2025-05-16 12:45:00+00:00,3,2,2,2597,1015,423,69.6875
DOGEUSDT,2025-05-16 18:00:00+00:00,3,1,2,2101,611,380,1.0
ADAUSDT,2025-05-16 18:15:00+00:00,2,2,1,951,386,217,3.1375
DOGEUSDT,2025-05-16 18:15:00+00:00,3,1,2,3197,790,486,1.0
SOLUSDT,2025-05-16 18:15:00+00:00,3,2,4,2847,1247,594,1.0
ADAUSDT,2025-05-16 18:45:00+00:00,2,2,1,1018,435,217,3.1375
DOGEUSDT,2025-05-16 18:45:00+00:00,3,1,3,3425,787,503,1.0
DOGEUSDT,2025-05-16 19:00:00+00:00,3,1,2,2318,647,385,1.0
ETHUSDT,2025-05-16 19:00:00+00:00,5,3,4,12780,5935,955,1.4625
XRPUSDT,2025-05-16 23:00:00+00:00,3,3,3,2545,1170,524,62.125
DOGEUSDT,2025-05-17 00:00:00+00:00,4,1,3,4864,1368,797,1.375
DOGEUSDT,2025-05-17 00:15:00+00:00,4,1,3,5157,1429,807,1.375
AVAXUSDT,2025-05-17 00:30:00+00:00,3,5,3,2176,1525,389,11.7
ADAUSDT,2025-05-17 00:45:00+00:00,2,2,1,1511,655,356,3.1375
DOGEUSDT,2025-05-17 00:45:00+00:00,4,1,3,4695,1264,749,1.375
AVAXUSDT,2025-05-17 02:15:00+00:00,1,4,1,521,319,129,15.825
XRPUSDT,2025-05-17 05:15:00+00:00,3,3,2,1874,878,406,62.125
SOLUSDT,2025-05-17 05:30:00+00:00,2,3,3,1669,837,366,16.0375
DOGEUSDT,2025-05-17 06:45:00+00:00,3,2,2,1866,629,366,69.6875
SOLUSDT,2025-05-17 07:45:00+00:00,3,3,3,1985,1018,460,43.7
ADAUSDT,2025-05-17 08:15:00+00:00,3,2,2,2000,788,396,1.2
ADAUSDT,2025-05-17 09:00:00+00:00,3,2,2,1849,772,384,1.2
ADAUSDT,2025-05-17 10:15:00+00:00,2,2,1,838,347,178,3.1375
ADAUSDT,2025-05-17 10:45:00+00:00,2,3,1,837,417,173,28.9875
BTCUSDT,2025-05-17 11:00:00+00:00,4,3,4,7374,3519,987,14.5875
BTCUSDT,2025-05-17 11:45:00+00:00,5,3,5,7787,3757,911,3.325
ADAUSDT,2025-05-17 12:00:00+00:00,2,2,1,1322,593,247,3.1375
BTCUSDT,2025-05-17 12:45:00+00:00,5,4,4,8925,5252,1030,1.4
SOLUSDT,2025-05-17 12:45:00+00:00,2,3,2,1730,890,397,16.0375
BTCUSDT,2025-05-17 13:00:00+00:00,5,5,5,19618,13416,1303,1.175
BTCUSDT,2025-05-17 13:15:00+00:00,5,5,4,12713,8625,1116,1.175
BTCUSDT,2025-05-17 13:30:00+00:00,5,4,4,10677,5739,1128,1.4
BTCUSDT,2025-05-17 14:15:00+00:00,5,4,4,9239,5034,1116,1.4
AVAXUSDT,2025-05-17 14:30:00+00:00,1,4,1,407,242,98,15.825
BTCUSDT,2025-05-17 14:30:00+00:00,5,4,4,11585,7073,1060,1.4
BTCUSDT,2025-05-17 14:45:00+00:00,5,5,4,13926,9203,1042,1.175
BTCUSDT,2025-05-17 15:00:00+00:00,5,4,4,9779,5623,1027,1.4
BTCUSDT,2025-05-17 15:15:00+00:00,5,5,4,22550,16754,1050,1.175
BTCUSDT,2025-05-17 15:30:00+00:00,5,5,4,15048,11014,1105,1.175
XRPUSDT,2025-05-17 15:30:00+00:00,3,2,2,2016,710,400,48.225
AVAXUSDT,2025-05-17 15:45:00+00:00,1,4,1,332,188,77,15.825
BTCUSDT,2025-05-17 15:45:00+00:00,5,5,4,14446,11066,962,1.175
ETHUSDT,2025-05-17 15:45:00+00:00,5,2,4,8052,2795,870,22.9625
ADAUSDT,2025-05-17 16:45:00+00:00,4,5,4,6886,5242,964,4.225
ADAUSDT,2025-05-17 17:30:00+00:00,3,5,2,2704,1858,453,15.725
ADAUSDT,2025-05-17 18:00:00+00:00,4,3,3,3527,1781,765,3.025
XRPUSDT,2025-05-17 18:00:00+00:00,4,2,4,5690,1972,1079,29.925
BTCUSDT,2025-05-17 19:00:00+00:00,4,2,3,5072,2031,649,104.35
ADAUSDT,2025-05-17 19:45:00+00:00,2,2,1,1080,453,234,3.1375
DOGEUSDT,2025-05-17 19:45:00+00:00,3,1,2,2198,521,337,1.0
SOLUSDT,2025-05-17 19:45:00+00:00,3,2,3,2192,977,469,1.0
DOGEUSDT,2025-05-17 20:00:00+00:00,3,1,2,2528,665,412,1.0
DOGEUSDT,2025-05-17 20:15:00+00:00,4,1,2,3601,992,640,1.375
SOLUSDT,2025-05-17 21:15:00+00:00,2,3,2,1355,699,305,16.0375
SOLUSDT,2025-05-17 22:00:00+00:00,4,4,4,3797,2113,768,52.7875
AVAXUSDT,2025-05-18 00:45:00+00:00,1,4,1,377,228,95,15.825
XRPUSDT,2025-05-18 02:30:00+00:00,2,2,2,1373,552,291,29.175
BTCUSDT,2025-05-18 02:45:00+00:00,4,5,4,4739,2994,675,1.5125
SOLUSDT,2025-05-18 03:15:00+00:00,2,3,3,1505,793,333,16.0375
BTCUSDT,2025-05-18 03:30:00+00:00,4,3,4,5235,2544,622,14.5875
BTCUSDT,2025-05-18 04:00:00+00:00,3,4,3,2945,1736,561,1.6125
BTCUSDT,2025-05-18 04:15:00+00:00,3,5,2,2613,1673,474,1.0
BTCUSDT,2025-05-18 07:15:00+00:00,4,4,4,6307,3742,1040,2.3625
BTCUSDT,2025-05-18 07:30:00+00:00,5,5,4,7765,4835,1062,1.175
XRPUSDT,2025-05-18 08:00:00+00:00,3,3,4,3357,1705,707,62.125
ADAUSDT,2025-05-18 11:45:00+00:00,1,4,1,553,313,127,104.5375
BTCUSDT,2025-05-18 12:30:00+00:00,4,4,3,3711,1994,645,2.3625
XRPUSDT,2025-05-18 14:30:00+00:00,5,4,4,8401,5119,1418,4.1125
BTCUSDT,2025-05-18 15:30:00+00:00,5,3,5,13370,6513,1557,3.325
BTCUSDT,2025-05-18 15:45:00+00:00,5,3,5,20814,9455,2133,3.325
DOGEUSDT,2025-05-18 15:45:00+00:00,5,2,5,12865,5203,2349,17.275
BTCUSDT,2025-05-18 16:00:00+00:00,5,2,5,15966,6421,1951,57.2
SOLUSDT,2025-05-18 18:00:00+00:00,5,3,5,14590,7602,2874,8.2125
SOLUSDT,2025-05-18 18:15:00+00:00,5,3,5,9083,4790,1833,8.2125
DOGEUSDT,2025-05-18 18:30:00+00:00,4,1,3,6672,1779,1094,1.375
DOGEUSDT,2025-05-18 18:45:00+00:00,4,1,3,5202,1446,850,1.375
DOGEUSDT,2025-05-18 19:00:00+00:00,4,1,3,4048,1168,709,1.375
ADAUSDT,2025-05-18 20:00:00+00:00,5,4,5,14123,8596,2676,1.275
AVAXUSDT,2025-05-18 20:00:00+00:00,4,5,4,4740,3604,749,3.15
DOGEUSDT,2025-05-18 20:15:00+00:00,4,1,3,6028,1636,1024,1.375
DOGEUSDT,2025-05-18 22:00:00+00:00,5,1,4,8610,2494,1274,1.0
DOGEUSDT,2025-05-18 22:15:00+00:00,4,1,3,5966,1647,912,1.375
ETHUSDT,2025-05-18 23:30:00+00:00,5,1,5,22973,3253,1600,232.8125
DOGEUSDT,2025-05-19 00:45:00+00:00,5,2,4,7860,2306,1216,17.275
ADAUSDT,2025-05-19 01:00:00+00:00,3,2,2,1788,727,361,1.2
DOGEUSDT,2025-05-19 01:00:00+00:00,5,1,4,8548,1912,1261,1.0
DOGEUSDT,2025-05-19 01:15:00+00:00,4,1,3,6776,1666,983,1.375
ADAUSDT,2025-05-19 01:45:00+00:00,2,2,1,799,350,190,3.1375
DOGEUSDT,2025-05-19 01:45:00+00:00,3,1,2,2856,829,494,1.0
SOLUSDT,2025-05-19 04:30:00+00:00,5,5,5,11950,7498,2034,8.275
DOGEUSDT,2025-05-19 05:00:00+00:00,4,1,4,6175,1791,1029,1.375
AVAXUSDT,2025-05-19 05:15:00+00:00,1,4,1,499,299,117,15.825
ADAUSDT,2025-05-19 05:30:00+00:00,3,4,3,2867,1562,635,18.4375
DOGEUSDT,2025-05-19 05:45:00+00:00,4,2,3,4717,1654,777,44.2
SOLUSDT,2025-05-19 07:00:00+00:00,5,4,5,9330,5254,1821,14.5375
SOLUSDT,2025-05-19 07:30:00+00:00,4,5,4,4822,3073,886,28.9
BTCUSDT,2025-05-19 08:45:00+00:00,5,1,5,9261,2046,851,173.075
ADAUSDT,2025-05-19 13:15:00+00:00,1,3,1,796,398,196,39.4875
ADAUSDT,2025-05-19 13:45:00+00:00,3,3,3,1821,968,394,10.725
DOGEUSDT,2025-05-19 14:00:00+00:00,4,1,4,5249,1518,895,1.375
ADAUSDT,2025-05-19 15:00:00+00:00,3,5,2,2159,1371,437,15.725
AVAXUSDT,2025-05-19 15:45:00+00:00,1,5,1,441,341,77,225.225
DOGEUSDT,2025-05-19 17:15:00+00:00,4,1,4,5457,1525,915,1.375
DOGEUSDT,2025-05-19 17:30:00+00:00,4,1,3,3805,1026,645,1.375
DOGEUSDT,2025-05-19 17:45:00+00:00,3,1,2,2811,688,458,1.0
DOGEUSDT,2025-05-19 18:00:00+00:00,3,1,3,2871,765,491,1.0
SOLUSDT,2025-05-19 19:00:00+00:00,3,2,3,2084,924,488,1.0
BTCUSDT,2025-05-19 21:15:00+00:00,4,1,5,6534,1505,558,46.3875
DOGEUSDT,2025-05-19 21:15:00+00:00,3,4,2,1952,1079,270,10.075
ETHUSDT,2025-05-19 22:30:00+00:00,5,2,5,10659,3904,1028,22.9625
AVAXUSDT,2025-05-20 00:15:00+00:00,2,5,2,1126,784,214,51.5625
DOGEUSDT,2025-05-20 00:30:00+00:00,4,1,3,5187,1481,734,1.375
DOGEUSDT,2025-05-20 01:15:00+00:00,3,1,2,3089,866,502,1.0
XRPUSDT,2025-05-20 01:30:00+00:00,4,4,4,4242,2352,754,14.8625
SOLUSDT,2025-05-20 02:15:00+00:00,5,5,5,11723,7578,1937,8.275
XRPUSDT,2025-05-20 03:30:00+00:00,4,5,3,3827,2512,576,7.4375
DOGEUSDT,2025-05-20 04:30:00+00:00,2,2,2,1672,677,316,56.45
ADAUSDT,2025-05-20 07:45:00+00:00,1,4,1,772,422,190,104.5375
SOLUSDT,2025-05-20 10:15:00+00:00,4,3,4,3659,1950,845,26.9375
DOGEUSDT,2025-05-20 13:00:00+00:00,3,2,3,2198,839,439,69.6875
XRPUSDT,2025-05-20 15:00:00+00:00,4,5,3,3652,2278,587,7.4375
XRPUSDT,2025-05-20 16:00:00+00:00,4,5,4,3544,2233,577,7.4375
ADAUSDT,2025-05-20 18:15:00+00:00,2,3,2,1181,616,286,28.9875
XRPUSDT,2025-05-20 18:30:00+00:00,4,4,4,4226,2410,745,14.8625
XRPUSDT,2025-05-20 19:30:00+00:00,3,4,4,2723,1579,489,28.8375
AVAXUSDT,2025-05-20 20:00:00+00:00,3,5,3,1983,1693,204,11.7
DOGEUSDT,2025-05-20 21:30:00+00:00,4,2,3,4233,1504,694,44.2
SOLUSDT,2025-05-20 22:30:00+00:00,3,4,3,1928,1122,390,97.675
ADAUSDT,2025-05-21 02:00:00+00:00,3,5,2,2413,1874,282,15.725
DOGEUSDT,2025-05-21 02:30:00+00:00,4,4,4,7193,3934,1073,3.7875
DOGEUSDT,2025-05-21 08:30:00+00:00,4,1,3,3998,1143,687,1.375
SOLUSDT,2025-05-21 08:30:00+00:00,3,2,3,2793,1200,605,1.0
XRPUSDT,2025-05-21 10:00:00+00:00,4,5,4,4503,2988,720,7.4375
SOLUSDT,2025-05-21 10:30:00+00:00,3,4,3,1996,1145,446,97.675
SOLUSDT,2025-05-21 11:00:00+00:00,3,4,3,2160,1231,465,97.675
AVAXUSDT,2025-05-21 13:00:00+00:00,1,4,1,372,225,92,15.825
ADAUSDT,2025-05-21 15:00:00+00:00,4,4,3,4322,2446,920,6.0125
ADAUSDT,2025-05-21 17:15:00+00:00,5,5,4,9649,6005,1883,1.0
AVAXUSDT,2025-05-21 17:15:00+00:00,4,5,4,4099,2998,742,3.15
ADAUSDT,2025-05-21 17:30:00+00:00,5,4,4,9103,5047,1939,1.275
SOLUSDT,2025-05-21 19:30:00+00:00,4,4,5,5733,3165,1133,52.7875
SOLUSDT,2025-05-21 23:30:00+00:00,5,2,5,9353,4185,2016,1.0
DOGEUSDT,2025-05-22 00:30:00+00:00,5,2,4,11094,4243,1986,17.275
DOGEUSDT,2025-05-22 01:30:00+00:00,5,2,5,17479,6202,2818,17.275
XRPUSDT,2025-05-22 01:45:00+00:00,3,5,3,3326,2097,517,12.5625
DOGEUSDT,2025-05-22 03:00:00+00:00,3,2,3,3355,1185,644,69.6875
ADAUSDT,2025-05-22 04:00:00+00:00,3,4,3,3227,1936,633,18.4375
DOGEUSDT,2025-05-22 04:30:00+00:00,4,2,3,3561,1376,716,44.2
AVAXUSDT,2025-05-22 05:00:00+00:00,2,5,2,884,615,153,51.5625
DOGEUSDT,2025-05-22 05:30:00+00:00,4,1,3,3593,1035,592,1.375
BTCUSDT,2025-05-22 06:30:00+00:00,5,2,5,15777,5031,1559,57.2
XRPUSDT,2025-05-22 08:15:00+00:00,5,4,5,8221,4433,1504,4.1125
ADAUSDT,2025-05-22 08:30:00+00:00,3,3,2,1767,904,411,10.725
XRPUSDT,2025-05-22 08:45:00+00:00,4,3,4,3695,1852,753,32.2375
DOGEUSDT,2025-05-22 09:45:00+00:00,4,2,3,4487,1817,785,44.2
ADAUSDT,2025-05-22 10:00:00+00:00,3,4,2,1943,1097,428,18.4375
AVAXUSDT,2025-05-22 10:00:00+00:00,5,5,5,20061,14066,3042,1.0
XRPUSDT,2025-05-22 12:00:00+00:00,3,3,3,2630,1274,580,62.125
AVAXUSDT,2025-05-22 13:30:00+00:00,3,5,3,1808,1352,312,11.7
BTCUSDT,2025-05-22 20:15:00+00:00,5,2,5,9031,2843,1062,57.2
ADAUSDT,2025-05-22 21:45:00+00:00,1,3,1,459,241,95,39.4875
DOGEUSDT,2025-05-22 23:00:00+00:00,3,2,3,3176,1073,559,69.6875
XRPUSDT,2025-05-23 02:30:00+00:00,4,4,4,5703,3071,1048,14.8625
ADAUSDT,2025-05-23 05:00:00+00:00,3,5,2,1943,1238,363,15.725
SOLUSDT,2025-05-23 05:00:00+00:00,3,3,4,2548,1300,569,43.7
AVAXUSDT,2025-05-23 06:15:00+00:00,2,5,2,1225,825,253,51.5625
ADAUSDT,2025-05-23 06:45:00+00:00,3,5,3,3149,2036,586,15.725
SOLUSDT,2025-05-23 08:45:00+00:00,4,4,5,6761,4046,1217,52.7875
ADAUSDT,2025-05-23 09:30:00+00:00,2,3,1,974,515,234,28.9875
ADAUSDT,2025-05-23 10:45:00+00:00,2,3,1,870,458,210,28.9875
ADAUSDT,2025-05-23 11:45:00+00:00,5,4,5,17095,9779,3408,1.275
AVAXUSDT,2025-05-23 11:45:00+00:00,5,5,5,8477,6087,1541,1.0
ADAUSDT,2025-05-23 12:00:00+00:00,5,4,5,11976,6624,2427,1.275
XRPUSDT,2025-05-23 12:00:00+00:00,5,2,5,25864,11610,4580,11.6125
ADAUSDT,2025-05-23 12:15:00+00:00,5,3,4,8378,4272,1715,1.0
AVAXUSDT,2025-05-23 12:15:00+00:00,4,5,4,5277,3893,903,3.15
SOLUSDT,2025-05-23 12:30:00+00:00,5,3,5,18934,9782,3506,8.2125
SOLUSDT,2025-05-23 12:45:00+00:00,5,3,5,7816,3846,1715,8.2125
XRPUSDT,2025-05-23 13:30:00+00:00,5,4,4,11487,6467,2181,4.1125
AVAXUSDT,2025-05-23 14:00:00+00:00,2,5,2,1415,999,269,51.5625
ADAUSDT,2025-05-23 14:30:00+00:00,3,4,2,1839,1039,389,18.4375
SOLUSDT,2025-05-23 15:30:00+00:00,4,3,5,5012,2359,1048,26.9375
XRPUSDT,2025-05-23 16:15:00+00:00,4,2,4,4516,2016,909,29.925
XRPUSDT,2025-05-23 17:30:00+00:00,3,2,3,2032,793,416,48.225
SOLUSDT,2025-05-23 18:15:00+00:00,4,4,4,4793,2621,991,52.7875
SOLUSDT,2025-05-23 19:15:00+00:00,3,3,3,2203,1078,484,43.7
DOGEUSDT,2025-05-23 19:45:00+00:00,3,1,2,2052,587,371,1.0
XRPUSDT,2025-05-23 20:15:00+00:00,3,3,3,1857,974,386,62.125
DOGEUSDT,2025-05-23 20:30:00+00:00,3,2,3,3324,1446,580,69.6875
AVAXUSDT,2025-05-23 21:30:00+00:00,1,5,1,456,290,95,225.225
AVAXUSDT,2025-05-23 23:45:00+00:00,2,5,2,1253,876,256,51.5625
XRPUSDT,2025-05-24 01:15:00+00:00,3,4,3,2402,1382,444,28.8375
SOLUSDT,2025-05-24 05:45:00+00:00,3,4,3,2010,1198,426,97.675
DOGEUSDT,2025-05-24 07:15:00+00:00,2,2,2,1513,521,305,56.45
ADAUSDT,2025-05-24 07:30:00+00:00,1,3,1,599,318,143,39.4875
XRPUSDT,2025-05-24 09:45:00+00:00,2,2,2,1134,506,255,29.175
XRPUSDT,2025-05-24 11:15:00+00:00,2,3,2,1322,665,289,75.6375
SOLUSDT,2025-05-24 11:45:00+00:00,3,3,3,2567,1349,573,43.7
DOGEUSDT,2025-05-24 12:30:00+00:00,3,3,2,1988,924,367,36.4125
DOGEUSDT,2025-05-24 13:15:00+00:00,3,4,2,2875,1588,535,10.075
ADAUSDT,2025-05-24 14:30:00+00:00,1,4,1,557,337,110,104.5375
ETHUSDT,2025-05-24 17:15:00+00:00,4,1,4,6546,1748,670,106.55
AVAXUSDT,2025-05-25 03:45:00+00:00,1,4,1,200,123,42,15.825
ETHUSDT,2025-05-25 05:45:00+00:00,3,1,3,3266,782,356,19.05
DOGEUSDT,2025-05-25 07:15:00+00:00,5,5,5,8567,5428,1034,1.0
XRPUSDT,2025-05-25 08:15:00+00:00,4,4,3,3662,2170,666,14.8625
ADAUSDT,2025-05-25 08:45:00+00:00,3,5,3,2379,1508,500,15.725
SOLUSDT,2025-05-25 09:45:00+00:00,4,5,4,4425,2970,675,28.9
XRPUSDT,2025-05-25 10:45:00+00:00,5,5,4,8028,6414,795,1.5875
ETHUSDT,2025-05-25 15:00:00+00:00,5,1,4,11658,2023,878,232.8125
XRPUSDT,2025-05-25 15:15:00+00:00,5,5,5,8044,5048,1386,1.5875
XRPUSDT,2025-05-25 21:30:00+00:00,2,2,2,1257,555,257,29.175
DOGEUSDT,2025-05-25 21:45:00+00:00,1,2,1,685,268,135,13.8375
SOLUSDT,2025-05-25 22:15:00+00:00,4,2,4,4123,1844,868,1.275
SOLUSDT,2025-05-25 22:45:00+00:00,4,4,4,3521,1962,729,52.7875
XRPUSDT,2025-05-26 04:30:00+00:00,2,5,2,1420,944,235,7.925
XRPUSDT,2025-05-26 04:45:00+00:00,2,5,2,1557,1079,241,7.925
DOGEUSDT,2025-05-26 06:00:00+00:00,3,2,2,1821,763,375,69.6875
ETHUSDT,2025-05-26 10:30:00+00:00,4,2,4,4694,1506,466,26.225
AVAXUSDT,2025-05-26 13:00:00+00:00,1,4,1,491,301,111,15.825
SOLUSDT,2025-05-26 13:15:00+00:00,3,4,4,2680,1515,575,97.675
BTCUSDT,2025-05-26 14:45:00+00:00,5,2,5,9641,3214,857,57.2
XRPUSDT,2025-05-26 14:45:00+00:00,3,5,3,2501,1671,395,12.5625
DOGEUSDT,2025-05-26 16:30:00+00:00,3,1,2,2853,827,497,1.0
BTCUSDT,2025-05-26 20:00:00+00:00,5,1,4,9449,2416,875,173.075
BTCUSDT,2025-05-26 21:45:00+00:00,4,1,4,4470,1300,577,46.3875
XRPUSDT,2025-05-26 22:45:00+00:00,2,5,2,1723,1126,293,7.925
XRPUSDT,2025-05-27 00:00:00+00:00,2,2,2,1517,672,316,29.175
XRPUSDT,2025-05-27 01:00:00+00:00,4,4,4,3991,2392,706,14.8625
XRPUSDT,2025-05-27 01:15:00+00:00,5,4,5,11854,7121,2013,4.1125
DOGEUSDT,2025-05-27 01:30:00+00:00,3,2,3,3172,1369,604,69.6875
DOGEUSDT,2025-05-27 04:45:00+00:00,4,5,5,3653,2293,439,1.6
XRPUSDT,2025-05-27 04:45:00+00:00,2,5,3,1577,979,305,7.925
ETHUSDT,2025-05-27 06:30:00+00:00,5,2,5,22742,8311,1433,22.9625
SOLUSDT,2025-05-27 09:15:00+00:00,3,3,3,2176,1124,499,43.7
DOGEUSDT,2025-05-27 10:15:00+00:00,2,2,2,1586,644,352,56.45
ETHUSDT,2025-05-27 11:45:00+00:00,5,2,5,14691,4767,1350,22.9625
XRPUSDT,2025-05-27 13:00:00+00:00,4,4,4,6284,3558,1128,14.8625
DOGEUSDT,2025-05-27 13:15:00+00:00,5,3,4,7829,3743,1365,3.625
SOLUSDT,2025-05-27 13:30:00+00:00,5,4,5,7886,4454,1673,14.5375
AVAXUSDT,2025-05-27 15:45:00+00:00,1,4,1,404,243,87,15.825
XRPUSDT,2025-05-27 21:45:00+00:00,3,4,3,2324,1261,438,28.8375
SOLUSDT,2025-05-27 22:30:00+00:00,2,3,3,1680,875,373,16.0375
AVAXUSDT,2025-05-27 23:30:00+00:00,1,5,1,326,237,52,225.225
SOLUSDT,2025-05-28 08:00:00+00:00,3,4,4,2911,1763,551,97.675
DOGEUSDT,2025-05-28 08:30:00+00:00,3,2,2,2056,881,408,69.6875
XRPUSDT,2025-05-28 08:30:00+00:00,3,5,3,2083,1327,348,12.5625
AVAXUSDT,2025-05-28 13:15:00+00:00,1,5,1,367,246,74,225.225
XRPUSDT,2025-05-28 13:15:00+00:00,3,4,3,2099,1221,391,28.8375
DOGEUSDT,2025-05-28 13:30:00+00:00,4,2,3,3758,1278,735,44.2
XRPUSDT,2025-05-28 13:45:00+00:00,4,4,4,5734,3398,1072,14.8625
SOLUSDT,2025-05-28 14:45:00+00:00,4,4,5,6811,4177,1327,52.7875
XRPUSDT,2025-05-28 14:45:00+00:00,4,4,4,3940,2275,758,14.8625
XRPUSDT,2025-05-28 18:00:00+00:00,3,4,3,2732,1681,488,28.8375
BTCUSDT,2025-05-28 19:15:00+00:00,5,1,4,9254,1594,729,173.075
XRPUSDT,2025-05-28 19:45:00+00:00,4,4,4,4162,2437,776,14.8625
XRPUSDT,2025-05-28 21:45:00+00:00,3,5,2,2198,1380,357,12.5625
AVAXUSDT,2025-05-29 00:45:00+00:00,3,5,3,1769,1365,264,11.7
XRPUSDT,2025-05-29 00:45:00+00:00,4,5,4,3577,2326,615,7.4375
XRPUSDT,2025-05-29 02:45:00+00:00,3,4,3,3299,1811,624,28.8375
ETHUSDT,2025-05-29 03:30:00+00:00,5,2,5,20142,6015,1614,22.9625
XRPUSDT,2025-05-29 03:45:00+00:00,3,4,3,2079,1202,369,28.8375
ADAUSDT,2025-05-29 04:00:00+00:00,2,4,1,846,515,187,52.55
XRPUSDT,2025-05-29 07:30:00+00:00,2,4,3,1718,1029,323,31.5375
AVAXUSDT,2025-05-29 12:15:00+00:00,1,4,1,363,224,75,15.825
XRPUSDT,2025-05-29 12:45:00+00:00,3,4,2,1913,1053,371,28.8375
DOGEUSDT,2025-05-29 13:15:00+00:00,3,3,2,2312,1134,457,36.4125
BTCUSDT,2025-05-29 15:30:00+00:00,5,1,5,12782,2194,860,173.075
XRPUSDT,2025-05-29 15:45:00+00:00,3,4,3,2465,1422,420,28.8375
XRPUSDT,2025-05-29 17:45:00+00:00,4,3,4,3568,1648,698,32.2375
ADAUSDT,2025-05-29 19:00:00+00:00,4,5,4,5037,3714,769,4.225
BTCUSDT,2025-05-29 19:45:00+00:00,5,1,5,15968,3214,1142,173.075
DOGEUSDT,2025-05-29 20:00:00+00:00,4,3,3,3942,1777,715,16.275
ADAUSDT,2025-05-29 22:00:00+00:00,2,5,1,1239,870,197,40.525
ETHUSDT,2025-05-29 22:30:00+00:00,4,1,4,5203,1089,461,106.55
ADAUSDT,2025-05-30 00:45:00+00:00,5,5,5,24440,15464,4230,1.0
AVAXUSDT,2025-05-30 00:45:00+00:00,5,5,5,9471,6463,1699,1.0
AVAXUSDT,2025-05-30 01:00:00+00:00,3,5,3,2538,1847,469,11.7
DOGEUSDT,2025-05-30 01:15:00+00:00,5,3,4,9834,4497,1751,3.625
DOGEUSDT,2025-05-30 03:15:00+00:00,3,3,2,2001,905,430,36.4125
SOLUSDT,2025-05-30 03:30:00+00:00,3,4,4,2130,1178,441,97.675
XRPUSDT,2025-05-30 05:15:00+00:00,3,3,3,1994,1017,384,62.125
DOGEUSDT,2025-05-30 07:15:00+00:00,4,2,3,3491,1500,728,44.2
BTCUSDT,2025-05-30 07:30:00+00:00,5,2,5,26062,8488,2039,57.2
BTCUSDT,2025-05-30 08:45:00+00:00,4,2,4,7312,2538,889,104.35
DOGEUSDT,2025-05-30 13:30:00+00:00,4,2,3,4551,1527,882,44.2
SOLUSDT,2025-05-30 13:30:00+00:00,4,2,4,4596,1998,1044,1.275
XRPUSDT,2025-05-30 13:45:00+00:00,4,3,4,5475,2798,1021,32.2375
DOGEUSDT,2025-05-30 14:00:00+00:00,4,2,3,6173,2220,1239,44.2
AVAXUSDT,2025-05-30 15:45:00+00:00,1,5,1,466,333,81,225.225
AVAXUSDT,2025-05-30 17:15:00+00:00,2,5,2,844,573,160,51.5625
XRPUSDT,2025-05-30 23:15:00+00:00,5,2,4,8919,3816,1812,11.6125
ADAUSDT,2025-05-30 23:30:00+00:00,2,2,1,1590,688,359,3.1375
ADAUSDT,2025-05-31 01:00:00+00:00,4,3,2,3882,1810,747,3.025
ADAUSDT,2025-05-31 01:15:00+00:00,3,2,2,1890,821,410,1.2
ADAUSDT,2025-05-31 01:45:00+00:00,3,2,2,2186,904,470,1.2
ADAUSDT,2025-05-31 02:00:00+00:00,3,2,2,1761,739,379,1.2
ETHUSDT,2025-05-31 04:15:00+00:00,5,1,5,13053,2268,918,232.8125
AVAXUSDT,2025-05-31 05:15:00+00:00,1,4,1,286,175,67,15.825
AVAXUSDT,2025-05-31 05:45:00+00:00,1,4,1,372,223,73,15.825
ADAUSDT,2025-05-31 08:15:00+00:00,2,4,2,1262,689,275,52.55
DOGEUSDT,2025-05-31 10:45:00+00:00,3,2,3,2487,1088,502,69.6875
BTCUSDT,2025-05-31 12:00:00+00:00,5,3,5,12929,6387,1060,3.325
ETHUSDT,2025-05-31 15:15:00+00:00,5,2,5,8465,2497,756,22.9625
XRPUSDT,2025-05-31 19:30:00+00:00,2,5,2,1436,904,238,7.925
BTCUSDT,2025-05-31 20:00:00+00:00,4,2,4,4570,1763,597,104.35
ETHUSDT,2025-05-31 20:00:00+00:00,4,2,4,6000,2051,494,26.225
XRPUSDT,2025-05-31 22:45:00+00:00,3,5,3,2709,1981,347,12.5625
SOLUSDT,2025-06-01 01:30:00+00:00,3,5,3,2862,1890,496,40.7625
DOGEUSDT,2025-06-01 04:30:00+00:00,3,3,2,1815,871,426,36.4125
ETHUSDT,2025-06-01 06:45:00+00:00,4,1,3,4001,1009,465,106.55
BTCUSDT,2025-06-01 09:00:00+00:00,4,2,4,7267,2821,695,104.35
SOLUSDT,2025-06-01 09:15:00+00:00,4,5,5,7037,4692,1217,28.9
SOLUSDT,2025-06-01 11:30:00+00:00,3,4,3,2594,1557,549,97.675
ETHUSDT,2025-06-01 11:45:00+00:00,4,2,3,3641,1085,432,26.225
XRPUSDT,2025-06-01 16:00:00+00:00,4,4,4,4513,2682,791,14.8625
BTCUSDT,2025-06-01 18:30:00+00:00,5,1,5,12770,3409,1002,173.075
XRPUSDT,2025-06-01 18:45:00+00:00,3,4,3,2368,1324,437,28.8375
SOLUSDT,2025-06-01 19:45:00+00:00,2,5,3,1646,1050,314,21.8625
DOGEUSDT,2025-06-02 00:00:00+00:00,3,2,3,2137,894,429,69.6875
DOGEUSDT,2025-06-02 07:00:00+00:00,3,3,2,2446,1212,545,36.4125
XRPUSDT,2025-06-02 07:15:00+00:00,3,5,3,2700,1692,446,12.5625
BTCUSDT,2025-06-02 11:45:00+00:00,5,1,5,11274,2838,1007,173.075
XRPUSDT,2025-06-02 15:00:00+00:00,3,3,2,2016,1017,428,62.125
AVAXUSDT,2025-06-02 15:30:00+00:00,1,5,1,324,213,72,225.225
DOGEUSDT,2025-06-02 16:30:00+00:00,2,1,1,1408,397,227,1.0
DOGEUSDT,2025-06-02 17:00:00+00:00,3,1,1,2079,551,345,1.0
XRPUSDT,2025-06-02 17:45:00+00:00,2,2,2,1108,483,262,29.175
DOGEUSDT,2025-06-02 18:00:00+00:00,2,1,1,1483,370,242,1.0
ADAUSDT,2025-06-02 19:30:00+00:00,1,3,1,662,332,150,39.4875
BTCUSDT,2025-06-03 02:15:00+00:00,4,1,5,6517,1699,704,46.3875
ADAUSDT,2025-06-03 05:30:00+00:00,1,5,1,659,443,123,81.6375
DOGEUSDT,2025-06-03 08:00:00+00:00,3,3,3,2150,1093,434,36.4125
AVAXUSDT,2025-06-03 12:30:00+00:00,1,5,1,250,193,40,225.225
ADAUSDT,2025-06-04 01:30:00+00:00,1,3,1,460,230,102,39.4875
ADAUSDT,2025-06-04 01:45:00+00:00,1,3,1,456,215,110,39.4875
BTCUSDT,2025-06-04 02:45:00+00:00,4,2,4,4221,1502,644,104.35
BTCUSDT,2025-06-04 04:00:00+00:00,4,2,4,5165,1876,678,104.35
XRPUSDT,2025-06-04 04:00:00+00:00,3,5,2,2031,1323,296,12.5625
BTCUSDT,2025-06-04 05:00:00+00:00,4,1,5,6709,1821,702,46.3875
SOLUSDT,2025-06-04 07:15:00+00:00,2,3,2,1329,678,309,16.0375
AVAXUSDT,2025-06-04 12:00:00+00:00,1,5,1,312,206,65,225.225
SOLUSDT,2025-06-04 15:00:00+00:00,3,3,3,2722,1377,654,43.7
XRPUSDT,2025-06-04 17:30:00+00:00,3,3,3,2525,1318,514,62.125
ETHUSDT,2025-06-04 20:00:00+00:00,5,1,4,8901,2033,672,232.8125
BTCUSDT,2025-06-04 20:15:00+00:00,5,1,5,11137,2693,976,173.075
AVAXUSDT,2025-06-04 22:15:00+00:00,1,5,1,291,203,61,225.225
DOGEUSDT,2025-06-05 01:00:00+00:00,2,2,1,1161,506,265,56.45
BTCUSDT,2025-06-05 02:15:00+00:00,4,2,4,4770,1589,541,104.35
BTCUSDT,2025-06-05 03:00:00+00:00,4,2,4,4918,1813,590,104.35
BTCUSDT,2025-06-05 03:15:00+00:00,4,2,4,4126,1415,493,104.35
SOLUSDT,2025-06-05 03:15:00+00:00,2,4,2,1431,871,296,69.175
BTCUSDT,2025-06-05 03:45:00+00:00,3,2,3,2918,1094,419,18.6125
ETHUSDT,2025-06-05 04:15:00+00:00,4,2,5,6282,2002,570,26.225
DOGEUSDT,2025-06-05 05:00:00+00:00,2,5,3,1604,1056,242,4.8875
XRPUSDT,2025-06-05 05:30:00+00:00,3,5,3,2158,1476,327,12.5625
XRPUSDT,2025-06-05 07:30:00+00:00,3,5,3,2099,1319,334,12.5625
ETHUSDT,2025-06-05 08:15:00+00:00,4,1,5,7378,1697,654,106.55
ADAUSDT,2025-06-05 10:15:00+00:00,1,4,1,566,308,131,104.5375
ETHUSDT,2025-06-05 11:15:00+00:00,5,2,4,8343,2806,760,22.9625
SOLUSDT,2025-06-05 15:15:00+00:00,3,4,4,2849,1533,616,97.675
ETHUSDT,2025-06-05 16:15:00+00:00,5,1,5,31200,5976,2412,232.8125
SOLUSDT,2025-06-05 16:15:00+00:00,5,5,5,10159,7141,1536,8.275
ADAUSDT,2025-06-05 17:15:00+00:00,3,5,2,1802,1302,280,15.725
XRPUSDT,2025-06-05 17:15:00+00:00,3,2,2,1926,855,423,48.225
ADAUSDT,2025-06-05 19:15:00+00:00,5,4,5,17679,10484,3415,1.275
BTCUSDT,2025-06-05 20:30:00+00:00,5,1,5,34935,7657,2849,173.075
XRPUSDT,2025-06-05 20:30:00+00:00,5,4,5,23690,13182,3892,4.1125
XRPUSDT,2025-06-05 21:00:00+00:00,5,4,5,16965,9153,3152,4.1125
SOLUSDT,2025-06-05 21:15:00+00:00,4,3,4,5334,2648,1165,26.9375
XRPUSDT,2025-06-05 21:30:00+00:00,5,5,4,8926,5754,1241,1.5875
DOGEUSDT,2025-06-05 22:30:00+00:00,3,3,3,2496,1298,455,36.4125
DOGEUSDT,2025-06-06 01:00:00+00:00,3,4,3,2034,1136,382,10.075
DOGEUSDT,2025-06-06 01:15:00+00:00,3,3,2,1769,926,344,36.4125
XRPUSDT,2025-06-06 03:15:00+00:00,3,5,3,3096,2332,406,12.5625
XRPUSDT,2025-06-06 04:00:00+00:00,3,4,3,2263,1347,421,28.8375
DOGEUSDT,2025-06-06 04:30:00+00:00,3,5,4,3253,2041,521,2.925
DOGEUSDT,2025-06-06 04:45:00+00:00,3,4,3,2299,1281,470,10.075
ETHUSDT,2025-06-06 05:30:00+00:00,4,2,4,5670,1696,583,26.225
DOGEUSDT,2025-06-06 05:45:00+00:00,3,5,3,2628,1812,373,2.925
DOGEUSDT,2025-06-06 08:30:00+00:00,2,4,2,1673,935,323,20.825
ADAUSDT,2025-06-06 08:45:00+00:00,2,5,1,1045,802,148,40.525
BTCUSDT,2025-06-06 10:30:00+00:00,5,2,5,8071,2855,934,57.2
AVAXUSDT,2025-06-06 13:00:00+00:00,1,5,1,377,267,78,225.225
ADAUSDT,2025-06-06 13:30:00+00:00,2,4,2,1632,981,339,52.55
SOLUSDT,2025-06-06 20:00:00+00:00,2,3,3,1724,859,412,16.0375
ETHUSDT,2025-06-06 21:30:00+00:00,4,2,4,5551,2286,472,26.225
SOLUSDT,2025-06-06 21:45:00+00:00,2,5,3,1095,710,197,21.8625
XRPUSDT,2025-06-06 21:45:00+00:00,1,3,1,683,336,150,17.675
BTCUSDT,2025-06-06 22:30:00+00:00,4,2,4,3588,1481,591,104.35
DOGEUSDT,2025-06-06 22:30:00+00:00,2,4,2,1153,686,205,20.825
ADAUSDT,2025-06-07 01:45:00+00:00,1,4,1,465,270,106,104.5375
ETHUSDT,2025-06-07 09:15:00+00:00,3,1,3,3313,804,361,19.05
ETHUSDT,2025-06-07 10:30:00+00:00,3,2,4,3296,1243,357,16.575
ADAUSDT,2025-06-07 11:15:00+00:00,1,5,1,299,191,62,81.6375
ETHUSDT,2025-06-07 12:15:00+00:00,4,2,4,4046,1285,436,26.225
ETHUSDT,2025-06-07 14:45:00+00:00,4,2,4,5514,1638,549,26.225
XRPUSDT,2025-06-07 16:15:00+00:00,2,4,1,1020,572,214,31.5375
BTCUSDT,2025-06-07 17:00:00+00:00,4,3,4,3973,1795,621,14.5875
ETHUSDT,2025-06-07 19:15:00+00:00,4,2,4,4363,1363,426,26.225
XRPUSDT,2025-06-07 19:15:00+00:00,2,3,2,903,475,183,75.6375
XRPUSDT,2025-06-07 20:30:00+00:00,2,5,1,953,612,182,7.925
DOGEUSDT,2025-06-07 21:30:00+00:00,1,3,1,620,282,125,47.5125
SOLUSDT,2025-06-07 21:30:00+00:00,1,4,2,792,445,180,4.8125
DOGEUSDT,2025-06-07 22:00:00+00:00,2,3,2,1702,778,367,66.0875
ETHUSDT,2025-06-07 22:45:00+00:00,4,1,4,7107,1363,551,106.55
ETHUSDT,2025-06-08 00:45:00+00:00,4,2,4,4487,1656,422,26.225
ETHUSDT,2025-06-08 02:00:00+00:00,4,1,4,3878,1111,344,106.55
XRPUSDT,2025-06-08 03:00:00+00:00,1,3,1,628,329,143,17.675
DOGEUSDT,2025-06-08 04:45:00+00:00,1,2,1,718,290,146,13.8375
SOLUSDT,2025-06-08 05:45:00+00:00,1,3,2,769,400,177,1.0
ETHUSDT,2025-06-08 07:45:00+00:00,3,2,3,2288,903,301,16.575
ETHUSDT,2025-06-08 08:15:00+00:00,3,2,3,2652,797,303,16.575
ETHUSDT,2025-06-08 08:30:00+00:00,4,3,4,3950,1985,340,1.0
SOLUSDT,2025-06-08 09:45:00+00:00,2,3,3,1154,615,269,16.0375
XRPUSDT,2025-06-08 10:45:00+00:00,2,3,2,1243,583,282,75.6375
DOGEUSDT,2025-06-08 11:15:00+00:00,3,3,3,1985,906,403,36.4125
XRPUSDT,2025-06-08 11:45:00+00:00,5,4,4,7968,4460,1428,4.1125
SOLUSDT,2025-06-08 12:00:00+00:00,2,3,3,1380,732,331,16.0375
DOGEUSDT,2025-06-08 13:30:00+00:00,3,3,2,2230,1140,436,36.4125
XRPUSDT,2025-06-08 15:00:00+00:00,4,4,4,6187,3494,1112,14.8625
SOLUSDT,2025-06-08 15:30:00+00:00,2,4,3,1402,780,320,69.175
ETHUSDT,2025-06-08 19:45:00+00:00,3,3,4,2896,1367,273,1.15
ETHUSDT,2025-06-08 20:30:00+00:00,4,2,4,3677,1195,372,26.225
XRPUSDT,2025-06-09 00:00:00+00:00,3,2,3,2981,1250,607,48.225
XRPUSDT,2025-06-09 01:45:00+00:00,3,5,3,2001,1245,339,12.5625
DOGEUSDT,2025-06-09 05:00:00+00:00,3,4,2,1788,992,347,10.075
BTCUSDT,2025-06-09 07:45:00+00:00,4,3,4,3719,1677,716,14.5875
XRPUSDT,2025-06-09 08:30:00+00:00,2,5,2,1406,932,244,7.925
SOLUSDT,2025-06-09 08:45:00+00:00,2,4,3,1576,858,362,69.175
AVAXUSDT,2025-06-09 09:15:00+00:00,1,5,1,395,297,70,225.225
XRPUSDT,2025-06-09 09:15:00+00:00,3,5,3,2184,1550,348,12.5625
DOGEUSDT,2025-06-09 13:15:00+00:00,2,4,2,1514,860,271,20.825
BTCUSDT,2025-06-09 20:00:00+00:00,4,1,5,6266,1766,822,46.3875
ADAUSDT,2025-06-09 21:15:00+00:00,3,5,3,1851,1206,362,15.725
XRPUSDT,2025-06-10 05:15:00+00:00,3,5,3,2795,1909,417,12.5625
XRPUSDT,2025-06-10 05:30:00+00:00,3,5,3,2923,1915,485,12.5625
DOGEUSDT,2025-06-10 07:45:00+00:00,3,2,2,1758,786,372,69.6875
XRPUSDT,2025-06-10 11:15:00+00:00,4,5,4,5046,3282,797,7.4375
XRPUSDT,2025-06-10 12:30:00+00:00,4,4,3,4666,2716,852,14.8625
XRPUSDT,2025-06-10 13:00:00+00:00,3,4,3,3089,1735,604,28.8375
AVAXUSDT,2025-06-10 13:30:00+00:00,3,5,3,2424,1796,400,11.7
AVAXUSDT,2025-06-10 15:45:00+00:00,1,5,1,579,409,113,225.225
XRPUSDT,2025-06-10 16:45:00+00:00,2,4,2,1746,993,334,31.5375
SOLUSDT,2025-06-10 17:45:00+00:00,2,2,3,1604,687,387,1.0
SOLUSDT,2025-06-10 18:00:00+00:00,3,2,3,1979,869,467,1.0
SOLUSDT,2025-06-10 18:15:00+00:00,2,2,2,1354,580,325,1.0
DOGEUSDT,2025-06-10 18:45:00+00:00,3,2,3,3377,1317,714,69.6875
SOLUSDT,2025-06-10 18:45:00+00:00,5,4,5,29907,17589,5396,14.5375
DOGEUSDT,2025-06-10 19:45:00+00:00,4,2,3,4449,1619,863,44.2
ADAUSDT,2025-06-10 20:15:00+00:00,2,5,1,1239,793,208,40.525
XRPUSDT,2025-06-10 21:45:00+00:00,2,4,2,1361,733,277,31.5375
XRPUSDT,2025-06-10 22:45:00+00:00,3,4,3,2170,1311,396,28.8375
ADAUSDT,2025-06-10 23:15:00+00:00,2,3,2,1034,498,259,28.9875
DOGEUSDT,2025-06-10 23:15:00+00:00,4,3,4,4695,2341,782,16.275
DOGEUSDT,2025-06-10 23:45:00+00:00,3,2,4,3196,1321,540,69.6875
XRPUSDT,2025-06-11 08:00:00+00:00,5,4,5,7879,4790,1177,4.1125
AVAXUSDT,2025-06-11 08:45:00+00:00,1,5,1,419,273,75,225.225
XRPUSDT,2025-06-11 10:00:00+00:00,4,3,4,4359,2150,894,32.2375
BTCUSDT,2025-06-11 10:15:00+00:00,4,3,4,5281,2393,692,14.5875
ADAUSDT,2025-06-11 13:45:00+00:00,2,2,1,1116,496,259,3.1375
SOLUSDT,2025-06-11 13:45:00+00:00,4,2,4,3940,1661,907,1.275
ADAUSDT,2025-06-11 16:45:00+00:00,2,4,2,941,548,199,52.55
AVAXUSDT,2025-06-11 19:00:00+00:00,2,5,2,1087,808,161,51.5625
XRPUSDT,2025-06-11 20:00:00+00:00,3,3,3,2335,1216,499,62.125
SOLUSDT,2025-06-11 21:00:00+00:00,2,3,3,1528,807,340,16.0375
DOGEUSDT,2025-06-12 03:45:00+00:00,2,2,2,1472,613,313,56.45
XRPUSDT,2025-06-12 09:15:00+00:00,2,4,2,1454,860,278,31.5375
AVAXUSDT,2025-06-12 12:30:00+00:00,2,5,2,1149,887,164,51.5625
BTCUSDT,2025-06-12 16:15:00+00:00,5,1,5,15693,2552,1026,173.075
XRPUSDT,2025-06-12 17:15:00+00:00,2,3,2,1394,739,290,75.6375
ADAUSDT,2025-06-13 00:00:00+00:00,5,5,4,10523,6698,2055,1.0
AVAXUSDT,2025-06-13 00:00:00+00:00,5,5,5,10500,9061,873,1.0
SOLUSDT,2025-06-13 00:00:00+00:00,5,4,5,25960,15103,5140,14.5375
XRPUSDT,2025-06-13 00:15:00+00:00,5,3,5,13018,6249,2591,12.4625
ADAUSDT,2025-06-13 00:30:00+00:00,5,4,4,8836,5251,1862,1.275
AVAXUSDT,2025-06-13 00:30:00+00:00,4,5,4,4142,3033,720,3.15
XRPUSDT,2025-06-13 01:15:00+00:00,5,2,4,10383,4235,2021,11.6125
ADAUSDT,2025-06-13 01:30:00+00:00,4,4,4,5110,2998,1083,6.0125
DOGEUSDT,2025-06-13 01:30:00+00:00,5,3,4,12298,5641,2466,3.625
BTCUSDT,2025-06-13 02:45:00+00:00,5,1,5,21849,3643,1527,173.075
DOGEUSDT,2025-06-13 03:00:00+00:00,3,3,3,3429,1715,694,36.4125
SOLUSDT,2025-06-13 06:45:00+00:00,4,3,4,4213,2174,999,26.9375
ADAUSDT,2025-06-13 08:30:00+00:00,2,3,2,1149,600,248,28.9875
DOGEUSDT,2025-06-13 11:00:00+00:00,3,3,2,2205,1064,479,36.4125
XRPUSDT,2025-06-13 12:30:00+00:00,3,5,3,3267,2063,526,12.5625
XRPUSDT,2025-06-13 13:00:00+00:00,3,5,3,3014,1874,506,12.5625
XRPUSDT,2025-06-13 13:30:00+00:00,4,4,3,5906,3533,953,14.8625
ETHUSDT,2025-06-13 15:45:00+00:00,5,1,5,18037,2898,1382,232.8125
ADAUSDT,2025-06-13 20:00:00+00:00,1,2,1,723,310,173,2.95
ADAUSDT,2025-06-13 20:15:00+00:00,1,2,1,598,265,146,2.95
DOGEUSDT,2025-06-13 20:15:00+00:00,3,1,2,2047,592,363,1.0
XRPUSDT,2025-06-13 21:30:00+00:00,2,2,2,1122,492,224,29.175
BTCUSDT,2025-06-13 21:45:00+00:00,4,1,4,6969,1385,638,46.3875
BTCUSDT,2025-06-13 22:30:00+00:00,4,1,4,3656,914,428,46.3875
DOGEUSDT,2025-06-14 01:45:00+00:00,2,2,2,1414,590,272,56.45
DOGEUSDT,2025-06-14 04:15:00+00:00,4,4,4,4928,2858,560,3.7875
ADAUSDT,2025-06-14 04:45:00+00:00,1,4,1,334,201,74,104.5375
XRPUSDT,2025-06-14 06:30:00+00:00,2,2,1,829,362,191,29.175
BTCUSDT,2025-06-14 06:45:00+00:00,3,2,3,2932,1279,522,18.6125
SOLUSDT,2025-06-14 09:30:00+00:00,2,3,2,1112,559,281,16.0375
SOLUSDT,2025-06-14 11:30:00+00:00,2,3,2,1126,584,250,16.0375
ADAUSDT,2025-06-14 12:45:00+00:00,1,3,1,371,175,87,39.4875
SOLUSDT,2025-06-14 15:00:00+00:00,2,3,2,1293,638,307,16.0375
DOGEUSDT,2025-06-14 15:30:00+00:00,3,3,3,2442,1157,490,36.4125
SOLUSDT,2025-06-14 15:30:00+00:00,4,5,5,5327,3314,1000,28.9
DOGEUSDT,2025-06-14 23:45:00+00:00,1,2,1,493,221,102,13.8375
DOGEUSDT,2025-06-15 00:45:00+00:00,1,2,1,771,313,183,13.8375
ADAUSDT,2025-06-15 01:00:00+00:00,1,3,1,442,220,92,39.4875
SOLUSDT,2025-06-15 01:15:00+00:00,2,3,3,1018,470,235,16.0375
ADAUSDT,2025-06-15 02:00:00+00:00,1,2,1,309,135,75,2.95
XRPUSDT,2025-06-15 02:45:00+00:00,1,2,1,494,221,124,2.1125
BTCUSDT,2025-06-15 03:00:00+00:00,3,3,3,1932,973,353,11.4125
BTCUSDT,2025-06-15 03:30:00+00:00,3,2,4,2718,1036,378,18.6125
SOLUSDT,2025-06-15 03:45:00+00:00,2,3,2,869,458,200,16.0375
BTCUSDT,2025-06-15 04:45:00+00:00,3,4,3,2750,1493,430,1.6125
BTCUSDT,2025-06-15 05:00:00+00:00,3,4,3,2025,1124,363,1.6125
ADAUSDT,2025-06-15 06:15:00+00:00,1,4,1,411,242,96,104.5375
AVAXUSDT,2025-06-15 08:00:00+00:00,1,4,1,256,158,64,15.825
XRPUSDT,2025-06-15 08:30:00+00:00,2,5,2,1227,811,195,7.925
XRPUSDT,2025-06-15 10:45:00+00:00,2,3,3,908,460,190,75.6375
DOGEUSDT,2025-06-15 15:30:00+00:00,2,2,1,1299,565,278,56.45
XRPUSDT,2025-06-15 17:15:00+00:00,1,2,1,755,304,174,2.1125
DOGEUSDT,2025-06-15 18:45:00+00:00,2,2,2,1126,492,235,56.45
DOGEUSDT,2025-06-15 20:30:00+00:00,3,3,3,3293,1576,639,36.4125
SOLUSDT,2025-06-15 21:30:00+00:00,3,3,3,1924,950,423,43.7
DOGEUSDT,2025-06-15 21:45:00+00:00,1,2,1,660,272,139,13.8375
ADAUSDT,2025-06-16 00:45:00+00:00,1,2,1,354,150,83,2.95
ADAUSDT,2025-06-16 02:00:00+00:00,2,4,2,1180,678,262,52.55
SOLUSDT,2025-06-16 02:00:00+00:00,5,4,5,9507,5596,1817,14.5375
DOGEUSDT,2025-06-16 04:30:00+00:00,3,4,3,1790,1006,283,10.075
XRPUSDT,2025-06-16 05:15:00+00:00,3,5,3,1890,1244,287,12.5625
XRPUSDT,2025-06-16 05:45:00+00:00,2,5,3,1633,1067,275,7.925
SOLUSDT,2025-06-16 07:00:00+00:00,3,3,3,2155,1146,514,43.7
XRPUSDT,2025-06-16 11:30:00+00:00,4,4,3,3490,1924,610,14.8625
SOLUSDT,2025-06-16 12:45:00+00:00,3,3,3,1914,1019,450,43.7
DOGEUSDT,2025-06-16 13:00:00+00:00,2,3,2,1666,753,344,66.0875
ADAUSDT,2025-06-16 16:45:00+00:00,1,4,1,768,450,173,104.5375
DOGEUSDT,2025-06-16 19:00:00+00:00,3,4,3,2755,1509,551,10.075
XRPUSDT,2025-06-16 21:45:00+00:00,3,3,4,3130,1542,521,62.125
DOGEUSDT,2025-06-16 22:15:00+00:00,1,2,1,774,335,186,13.8375
ADAUSDT,2025-06-16 23:30:00+00:00,2,4,2,977,541,210,52.55
ETHUSDT,2025-06-16 23:30:00+00:00,5,1,5,23707,3908,1725,232.8125
XRPUSDT,2025-06-16 23:45:00+00:00,5,4,5,9180,5143,1511,4.1125
DOGEUSDT,2025-06-17 00:00:00+00:00,5,3,5,16578,7501,3217,3.625
SOLUSDT,2025-06-17 00:15:00+00:00,5,3,5,9879,5099,2053,8.2125
ADAUSDT,2025-06-17 00:30:00+00:00,3,4,3,2214,1351,433,18.4375
SOLUSDT,2025-06-17 01:15:00+00:00,3,2,3,2443,1030,537,1.0
DOGEUSDT,2025-06-17 02:15:00+00:00,3,2,2,1822,698,379,69.6875
XRPUSDT,2025-06-17 03:15:00+00:00,3,3,3,2253,1201,399,62.125
AVAXUSDT,2025-06-17 05:00:00+00:00,1,4,1,206,123,44,15.825
ADAUSDT,2025-06-17 06:00:00+00:00,1,2,1,570,251,140,2.95
XRPUSDT,2025-06-17 10:30:00+00:00,3,3,3,2568,1213,526,62.125
ETHUSDT,2025-06-17 11:45:00+00:00,4,2,4,6780,2450,649,26.225
ADAUSDT,2025-06-17 12:30:00+00:00,1,3,1,704,345,151,39.4875
ADAUSDT,2025-06-17 18:15:00+00:00,1,2,1,696,274,167,2.95
XRPUSDT,2025-06-17 20:45:00+00:00,3,2,3,2034,883,418,48.225
ADAUSDT,2025-06-17 22:45:00+00:00,1,3,1,617,309,134,39.4875
ADAUSDT,2025-06-17 23:45:00+00:00,1,3,1,432,228,103,39.4875
AVAXUSDT,2025-06-18 02:00:00+00:00,1,3,1,218,115,47,1.0
SOLUSDT,2025-06-18 02:15:00+00:00,2,3,3,1579,809,368,16.0375
SOLUSDT,2025-06-18 03:00:00+00:00,2,3,3,1499,762,350,16.0375
DOGEUSDT,2025-06-18 03:45:00+00:00,1,2,1,777,325,161,13.8375
ADAUSDT,2025-06-18 06:00:00+00:00,1,3,1,609,326,130,39.4875
SOLUSDT,2025-06-18 06:45:00+00:00,3,4,4,2089,1195,457,97.675
XRPUSDT,2025-06-18 07:45:00+00:00,3,4,3,1828,1026,340,28.8375
BTCUSDT,2025-06-18 08:00:00+00:00,5,1,5,8124,1866,726,173.075
SOLUSDT,2025-06-18 08:15:00+00:00,2,3,3,1233,626,306,16.0375
SOLUSDT,2025-06-18 12:15:00+00:00,3,3,4,2330,1163,535,43.7
ADAUSDT,2025-06-18 14:00:00+00:00,4,4,3,3534,2070,768,6.0125
SOLUSDT,2025-06-18 17:00:00+00:00,3,4,4,3193,1952,649,97.675
XRPUSDT,2025-06-18 17:15:00+00:00,2,2,2,1706,665,324,29.175
ADAUSDT,2025-06-18 18:15:00+00:00,2,2,1,1304,582,301,3.1375
SOLUSDT,2025-06-18 18:15:00+00:00,3,2,3,2927,1240,689,1.0
SOLUSDT,2025-06-18 18:30:00+00:00,3,2,4,3283,1423,730,1.0
SOLUSDT,2025-06-18 19:15:00+00:00,4,2,4,4802,2099,1113,1.275
SOLUSDT,2025-06-18 19:30:00+00:00,3,2,3,2480,1073,556,1.0
SOLUSDT,2025-06-18 19:45:00+00:00,3,2,4,2338,1028,537,1.0
ADAUSDT,2025-06-18 20:45:00+00:00,3,5,3,3070,2284,461,15.725
ADAUSDT,2025-06-18 22:00:00+00:00,2,3,1,907,461,211,28.9875
SOLUSDT,2025-06-19 03:30:00+00:00,2,3,3,1348,664,328,16.0375
XRPUSDT,2025-06-19 03:45:00+00:00,1,4,2,765,427,156,6.8125
SOLUSDT,2025-06-19 04:00:00+00:00,2,3,3,1360,717,325,16.0375
BTCUSDT,2025-06-19 04:30:00+00:00,3,2,4,3314,1057,411,18.6125
DOGEUSDT,2025-06-19 04:45:00+00:00,1,3,1,531,259,128,47.5125
ADAUSDT,2025-06-19 05:15:00+00:00,1,4,1,539,309,124,104.5375
BTCUSDT,2025-06-19 08:15:00+00:00,4,2,4,3614,1172,493,104.35
ETHUSDT,2025-06-19 08:15:00+00:00,3,3,3,3381,1750,398,1.15
ETHUSDT,2025-06-19 09:00:00+00:00,4,3,3,5228,2751,541,1.0
XRPUSDT,2025-06-19 17:00:00+00:00,3,2,3,1759,711,395,48.225
ADAUSDT,2025-06-19 17:30:00+00:00,2,5,2,1577,1038,277,40.525
BTCUSDT,2025-06-19 18:30:00+00:00,4,1,4,5026,1279,524,46.3875
SOLUSDT,2025-06-19 19:00:00+00:00,2,3,3,1596,844,367,16.0375
AVAXUSDT,2025-06-19 19:30:00+00:00,1,4,1,307,183,77,15.825
DOGEUSDT,2025-06-19 19:45:00+00:00,1,2,1,537,234,114,13.8375
SOLUSDT,2025-06-19 20:30:00+00:00,2,3,2,1143,570,271,16.0375
ADAUSDT,2025-06-19 22:30:00+00:00,1,3,1,441,236,111,39.4875
SOLUSDT,2025-06-19 23:00:00+00:00,2,4,3,1459,785,342,69.175
BTCUSDT,2025-06-19 23:45:00+00:00,3,1,3,3256,947,361,1.0
SOLUSDT,2025-06-19 23:45:00+00:00,2,4,3,1017,563,219,69.175
XRPUSDT,2025-06-20 00:45:00+00:00,2,4,2,935,513,204,31.5375
BTCUSDT,2025-06-20 01:15:00+00:00,4,1,4,4909,1028,430,46.3875
SOLUSDT,2025-06-20 04:00:00+00:00,2,2,2,1612,709,376,1.0
DOGEUSDT,2025-06-20 08:00:00+00:00,3,3,3,3067,1527,632,36.4125
DOGEUSDT,2025-06-20 09:30:00+00:00,1,2,1,748,318,165,13.8375
ADAUSDT,2025-06-20 13:45:00+00:00,2,4,2,1198,681,272,52.55
DOGEUSDT,2025-06-20 15:45:00+00:00,3,4,3,2770,1523,575,10.075
DOGEUSDT,2025-06-20 16:15:00+00:00,5,3,4,9558,4896,1820,3.625
ADAUSDT,2025-06-20 17:15:00+00:00,5,5,4,9029,6184,1702,1.0
DOGEUSDT,2025-06-20 18:00:00+00:00,4,4,3,4183,2319,739,3.7875
XRPUSDT,2025-06-20 18:00:00+00:00,4,4,3,3902,2149,777,14.8625
DOGEUSDT,2025-06-20 20:30:00+00:00,2,3,1,1189,597,253,66.0875
DOGEUSDT,2025-06-20 22:15:00+00:00,2,4,2,1591,857,314,20.825
XRPUSDT,2025-06-21 01:00:00+00:00,2,3,1,826,399,179,75.6375
XRPUSDT,2025-06-21 02:00:00+00:00,1,2,2,787,350,173,2.1125
DOGEUSDT,2025-06-21 02:15:00+00:00,1,3,1,657,296,155,47.5125
XRPUSDT,2025-06-21 02:15:00+00:00,1,3,1,638,293,141,17.675
SOLUSDT,2025-06-21 02:30:00+00:00,2,4,2,1039,602,225,69.175
BTCUSDT,2025-06-21 05:30:00+00:00,3,2,3,2363,945,404,18.6125
ETHUSDT,2025-06-21 05:45:00+00:00,3,2,3,2404,709,292,16.575
DOGEUSDT,2025-06-21 06:00:00+00:00,1,5,1,683,430,134,1.9625
BTCUSDT,2025-06-21 06:30:00+00:00,2,3,3,1638,755,308,1.0
ETHUSDT,2025-06-21 06:30:00+00:00,2,2,2,1670,705,240,3.9875
SOLUSDT,2025-06-21 06:30:00+00:00,1,3,1,752,381,195,1.0
SOLUSDT,2025-06-21 06:45:00+00:00,1,3,1,772,390,179,1.0
ADAUSDT,2025-06-21 07:15:00+00:00,2,5,2,908,746,107,40.525
ETHUSDT,2025-06-21 08:00:00+00:00,4,3,4,3514,1580,457,1.0
XRPUSDT,2025-06-21 08:00:00+00:00,1,4,1,742,417,155,6.8125
ETHUSDT,2025-06-21 08:45:00+00:00,5,2,5,7742,2671,671,22.9625
DOGEUSDT,2025-06-21 12:00:00+00:00,1,5,2,787,494,141,1.9625
BTCUSDT,2025-06-21 12:15:00+00:00,3,2,3,3074,1158,429,18.6125
XRPUSDT,2025-06-21 12:30:00+00:00,2,3,1,863,403,191,75.6375
DOGEUSDT,2025-06-21 15:00:00+00:00,3,4,2,2019,1097,421,10.075
XRPUSDT,2025-06-21 20:45:00+00:00,3,2,3,1871,819,387,48.225
ADAUSDT,2025-06-21 21:30:00+00:00,5,4,4,8836,5090,1766,1.275
DOGEUSDT,2025-06-21 22:45:00+00:00,2,3,2,1535,790,324,66.0875
DOGEUSDT,2025-06-21 23:30:00+00:00,4,4,3,6404,3445,1199,3.7875
ADAUSDT,2025-06-21 23:45:00+00:00,4,5,4,5436,3444,1138,4.225
SOLUSDT,2025-06-21 23:45:00+00:00,5,3,5,12733,6494,2722,8.2125
SOLUSDT,2025-06-22 02:00:00+00:00,4,3,4,4219,2057,980,26.9375
BTCUSDT,2025-06-22 04:15:00+00:00,5,1,4,10448,2055,725,173.075
ETHUSDT,2025-06-22 07:15:00+00:00,4,1,4,7290,1823,638,106.55
ADAUSDT,2025-06-22 09:15:00+00:00,3,5,3,2011,1273,409,15.725
ADAUSDT,2025-06-22 10:30:00+00:00,2,3,1,871,436,202,28.9875
SOLUSDT,2025-06-22 11:15:00+00:00,4,4,4,3483,2074,725,52.7875
XRPUSDT,2025-06-22 11:30:00+00:00,4,4,4,4938,2824,832,14.8625
ADAUSDT,2025-06-22 13:15:00+00:00,5,5,5,9653,6181,2050,1.0
SOLUSDT,2025-06-22 13:15:00+00:00,5,4,5,29699,16793,5248,14.5375
XRPUSDT,2025-06-22 13:15:00+00:00,5,4,5,26216,14902,4338,4.1125
ADAUSDT,2025-06-22 13:30:00+00:00,5,4,4,9133,5411,2091,1.275
DOGEUSDT,2025-06-22 13:30:00+00:00,5,3,5,24673,11484,5010,3.625
SOLUSDT,2025-06-22 14:45:00+00:00,5,3,5,9151,4669,2031,8.2125
XRPUSDT,2025-06-22 14:45:00+00:00,5,3,4,8489,3969,1755,12.4625
DOGEUSDT,2025-06-22 16:30:00+00:00,5,5,5,10439,6513,1529,1.0
AVAXUSDT,2025-06-22 20:15:00+00:00,3,5,2,1972,1583,271,11.7
DOGEUSDT,2025-06-22 21:30:00+00:00,3,3,2,2306,1203,405,36.4125
SOLUSDT,2025-06-22 21:45:00+00:00,2,4,3,1745,935,364,69.175
SOLUSDT,2025-06-22 22:00:00+00:00,5,3,5,8179,4338,1746,8.2125
DOGEUSDT,2025-06-23 00:45:00+00:00,4,3,3,3579,1913,722,16.275
ADAUSDT,2025-06-23 09:15:00+00:00,2,5,2,807,504,180,40.525
ADAUSDT,2025-06-23 10:00:00+00:00,1,5,1,624,398,143,81.6375
DOGEUSDT,2025-06-23 10:00:00+00:00,2,3,2,1632,773,359,66.0875
DOGEUSDT,2025-06-23 11:30:00+00:00,2,4,1,908,493,186,20.825
AVAXUSDT,2025-06-23 13:45:00+00:00,4,5,3,3798,3165,398,3.15
ADAUSDT,2025-06-23 14:00:00+00:00,4,4,4,5578,3073,1179,6.0125
ADAUSDT,2025-06-23 16:30:00+00:00,4,5,4,4103,2584,867,4.225
SOLUSDT,2025-06-23 16:30:00+00:00,5,4,5,11090,6196,2284,14.5375
ADAUSDT,2025-06-23 16:45:00+00:00,3,5,3,2674,1674,564,15.725
ADAUSDT,2025-06-23 17:15:00+00:00,3,4,3,2477,1401,582,18.4375
ADAUSDT,2025-06-23 18:00:00+00:00,3,4,3,2971,1842,674,18.4375
SOLUSDT,2025-06-23 19:00:00+00:00,3,3,4,3275,1583,767,43.7
ADAUSDT,2025-06-23 20:00:00+00:00,4,5,3,3515,2553,561,4.225
ADAUSDT,2025-06-23 20:15:00+00:00,4,5,4,4666,3284,837,4.225
SOLUSDT,2025-06-23 20:45:00+00:00,3,3,4,3426,1811,744,43.7
XRPUSDT,2025-06-23 22:00:00+00:00,5,3,5,11696,5989,2061,12.4625
AVAXUSDT,2025-06-23 22:15:00+00:00,3,5,3,2236,1732,319,11.7
XRPUSDT,2025-06-24 00:00:00+00:00,4,2,3,3619,1456,730,29.925
SOLUSDT,2025-06-24 03:30:00+00:00,3,4,3,1749,1028,364,97.675
XRPUSDT,2025-06-24 03:30:00+00:00,2,3,2,1447,716,305,75.6375
XRPUSDT,2025-06-24 05:15:00+00:00,3,4,4,3272,1941,602,28.8375
DOGEUSDT,2025-06-24 05:30:00+00:00,4,3,3,3511,1802,713,16.275
DOGEUSDT,2025-06-24 05:45:00+00:00,4,4,4,4785,2654,839,3.7875
XRPUSDT,2025-06-24 05:45:00+00:00,4,4,4,6868,3764,1278,14.8625
DOGEUSDT,2025-06-24 07:30:00+00:00,5,3,5,10204,5326,1712,3.625
XRPUSDT,2025-06-24 09:00:00+00:00,3,2,3,2266,901,448,48.225
XRPUSDT,2025-06-24 10:45:00+00:00,2,3,2,1632,814,353,75.6375
SOLUSDT,2025-06-24 16:15:00+00:00,3,3,3,2020,1067,490,43.7
XRPUSDT,2025-06-24 17:45:00+00:00,3,3,3,1881,865,429,62.125
DOGEUSDT,2025-06-24 21:45:00+00:00,1,2,1,614,239,130,13.8375
BTCUSDT,2025-06-24 22:15:00+00:00,4,1,4,6670,1220,531,46.3875
XRPUSDT,2025-06-24 22:45:00+00:00,2,2,2,1247,542,262,29.175
XRPUSDT,2025-06-24 23:15:00+00:00,2,4,2,1679,939,351,31.5375
BTCUSDT,2025-06-25 04:15:00+00:00,4,1,4,6601,1862,663,46.3875
AVAXUSDT,2025-06-25 05:45:00+00:00,1,5,1,212,163,30,225.225
SOLUSDT,2025-06-25 05:45:00+00:00,2,3,2,1298,680,295,16.0375
DOGEUSDT,2025-06-25 06:00:00+00:00,2,4,1,1158,629,220,20.825
XRPUSDT,2025-06-25 06:45:00+00:00,2,4,2,1274,731,249,31.5375
ETHUSDT,2025-06-25 10:15:00+00:00,5,1,5,9929,1981,868,232.8125
AVAXUSDT,2025-06-25 12:45:00+00:00,1,4,1,243,138,52,15.825
ADAUSDT,2025-06-25 14:15:00+00:00,4,5,4,3569,2235,766,4.225
ADAUSDT,2025-06-25 14:30:00+00:00,2,4,2,1244,691,312,52.55
DOGEUSDT,2025-06-25 15:30:00+00:00,4,5,4,5098,3264,764,1.6
DOGEUSDT,2025-06-25 15:45:00+00:00,3,5,2,3274,2142,492,2.925
SOLUSDT,2025-06-25 16:15:00+00:00,3,4,3,3302,1936,681,97.675
XRPUSDT,2025-06-25 20:15:00+00:00,2,2,1,1133,396,238,29.175
DOGEUSDT,2025-06-25 20:45:00+00:00,2,2,1,867,382,184,56.45
DOGEUSDT,2025-06-26 00:15:00+00:00,3,5,1,1869,1207,299,2.925
DOGEUSDT,2025-06-26 00:30:00+00:00,2,3,1,1169,625,229,66.0875
DOGEUSDT,2025-06-26 12:00:00+00:00,2,3,2,1640,751,371,66.0875
DOGEUSDT,2025-06-26 19:00:00+00:00,2,5,2,1730,1102,261,4.8875
DOGEUSDT,2025-06-26 19:15:00+00:00,3,5,2,2153,1526,263,2.925
DOGEUSDT,2025-06-26 21:15:00+00:00,3,5,3,2580,1685,393,2.925
DOGEUSDT,2025-06-26 22:30:00+00:00,2,5,2,1408,880,223,4.8875
DOGEUSDT,2025-06-26 22:45:00+00:00,2,5,2,1402,880,226,4.8875
XRPUSDT,2025-06-27 00:45:00+00:00,4,5,4,4730,3063,757,7.4375
XRPUSDT,2025-06-27 02:00:00+00:00,2,4,2,1729,978,326,31.5375
ETHUSDT,2025-06-27 03:00:00+00:00,4,3,5,7268,3524,512,1.0
ETHUSDT,2025-06-27 05:45:00+00:00,4,3,5,4538,2257,413,1.0
SOLUSDT,2025-06-27 07:30:00+00:00,3,4,4,2483,1476,519,97.675
DOGEUSDT,2025-06-27 12:30:00+00:00,3,3,2,2899,1530,550,36.4125
DOGEUSDT,2025-06-27 13:30:00+00:00,3,4,2,3320,1942,578,10.075
DOGEUSDT,2025-06-27 14:00:00+00:00,4,4,2,4157,2566,724,3.7875
DOGEUSDT,2025-06-27 14:45:00+00:00,3,4,1,1982,1149,368,10.075
DOGEUSDT,2025-06-27 15:30:00+00:00,2,3,2,1690,760,384,66.0875
AVAXUSDT,2025-06-27 17:15:00+00:00,1,4,1,333,203,70,15.825
SOLUSDT,2025-06-27 20:15:00+00:00,2,3,3,1519,798,356,16.0375
XRPUSDT,2025-06-27 20:30:00+00:00,2,4,2,1438,781,307,31.5375
BTCUSDT,2025-06-27 22:15:00+00:00,3,3,4,2334,1061,447,11.4125
ETHUSDT,2025-06-27 23:30:00+00:00,4,3,4,4723,2475,497,1.0
ADAUSDT,2025-06-27 23:45:00+00:00,1,2,1,319,136,81,2.95
DOGEUSDT,2025-06-28 00:30:00+00:00,1,2,1,574,224,124,13.8375
SOLUSDT,2025-06-28 03:30:00+00:00,1,3,1,728,378,167,1.0
DOGEUSDT,2025-06-28 04:00:00+00:00,1,3,1,495,251,120,47.5125
ETHUSDT,2025-06-28 04:15:00+00:00,2,2,3,1714,581,199,3.9875
SOLUSDT,2025-06-28 04:15:00+00:00,1,3,1,642,333,165,1.0
ETHUSDT,2025-06-28 04:30:00+00:00,2,3,3,1482,676,187,1.0
SOLUSDT,2025-06-28 04:30:00+00:00,1,5,2,734,461,138,1.0
BTCUSDT,2025-06-28 04:45:00+00:00,3,4,2,1898,1037,372,1.6125
ETHUSDT,2025-06-28 04:45:00+00:00,2,3,3,1598,776,209,1.0
SOLUSDT,2025-06-28 04:45:00+00:00,1,4,2,720,443,155,4.8125
DOGEUSDT,2025-06-28 06:00:00+00:00,1,3,1,692,366,177,47.5125
BTCUSDT,2025-06-28 06:30:00+00:00,3,3,4,3213,1485,498,11.4125
BTCUSDT,2025-06-28 09:15:00+00:00,3,3,3,2048,1007,395,11.4125
ETHUSDT,2025-06-28 09:15:00+00:00,3,2,3,2004,731,259,16.575
ETHUSDT,2025-06-28 11:15:00+00:00,2,3,3,1673,791,265,1.0
ETHUSDT,2025-06-28 11:30:00+00:00,2,3,3,1724,921,233,1.0
BTCUSDT,2025-06-28 11:45:00+00:00,3,3,3,2512,1184,540,11.4125
BTCUSDT,2025-06-28 12:30:00+00:00,3,3,3,2083,1044,441,11.4125
XRPUSDT,2025-06-28 12:30:00+00:00,2,4,2,1055,588,218,31.5375
XRPUSDT,2025-06-28 16:45:00+00:00,2,4,2,1139,641,238,31.5375
ADAUSDT,2025-06-28 17:00:00+00:00,1,5,1,419,270,87,81.6375
XRPUSDT,2025-06-28 17:15:00+00:00,2,3,2,959,499,212,75.6375
SOLUSDT,2025-06-28 18:45:00+00:00,4,5,4,3842,2577,678,28.9
ETHUSDT,2025-06-28 19:15:00+00:00,3,1,3,3064,863,306,19.05
DOGEUSDT,2025-06-28 19:30:00+00:00,1,4,1,661,356,136,16.3375
DOGEUSDT,2025-06-28 21:15:00+00:00,1,4,1,366,200,78,16.3375
DOGEUSDT,2025-06-28 21:30:00+00:00,1,2,1,354,156,70,13.8375
ETHUSDT,2025-06-28 21:30:00+00:00,2,1,3,1622,441,197,1.0
SOLUSDT,2025-06-28 22:30:00+00:00,2,3,2,1255,657,286,16.0375
BTCUSDT,2025-06-28 23:00:00+00:00,3,3,3,2189,989,457,11.4125
ETHUSDT,2025-06-29 00:15:00+00:00,4,1,3,3559,936,288,106.55
ETHUSDT,2025-06-29 01:00:00+00:00,2,3,3,1437,708,197,1.0
SOLUSDT,2025-06-29 01:15:00+00:00,2,5,3,1625,1039,295,21.8625
DOGEUSDT,2025-06-29 01:30:00+00:00,1,4,1,412,235,92,16.3375
ETHUSDT,2025-06-29 01:45:00+00:00,3,2,4,2827,972,257,16.575
ADAUSDT,2025-06-29 02:15:00+00:00,1,5,1,304,195,58,81.6375
BTCUSDT,2025-06-29 02:45:00+00:00,3,3,3,1839,965,374,11.4125
ETHUSDT,2025-06-29 02:45:00+00:00,3,3,4,2339,1052,231,1.15
SOLUSDT,2025-06-29 03:00:00+00:00,2,5,2,1590,1004,317,21.8625
ETHUSDT,2025-06-29 03:15:00+00:00,2,2,2,1552,553,204,3.9875
BTCUSDT,2025-06-29 04:15:00+00:00,2,3,2,1289,687,300,1.0
BTCUSDT,2025-06-29 04:30:00+00:00,2,4,1,1249,684,288,1.0
ETHUSDT,2025-06-29 04:30:00+00:00,2,1,2,1145,328,154,1.0
ETHUSDT,2025-06-29 04:45:00+00:00,3,3,2,1823,899,213,1.15
BTCUSDT,2025-06-29 05:15:00+00:00,2,3,2,1563,746,333,1.0
XRPUSDT,2025-06-29 05:45:00+00:00,1,3,1,560,290,135,17.675
ETHUSDT,2025-06-29 07:15:00+00:00,4,4,4,3899,2365,327,1.0
XRPUSDT,2025-06-29 07:15:00+00:00,1,3,1,584,301,128,17.675
ETHUSDT,2025-06-29 07:45:00+00:00,3,2,4,2133,773,300,16.575
BTCUSDT,2025-06-29 11:00:00+00:00,5,5,4,13776,10873,972,1.175
XRPUSDT,2025-06-29 12:15:00+00:00,1,2,2,789,346,180,2.1125
ADAUSDT,2025-06-29 14:45:00+00:00,3,5,3,2019,1571,266,15.725
ETHUSDT,2025-06-29 15:15:00+00:00,4,2,3,3491,1333,406,26.225
ETHUSDT,2025-06-29 18:00:00+00:00,3,2,2,2086,704,325,16.575
ETHUSDT,2025-06-29 20:00:00+00:00,3,2,3,2211,828,291,16.575
ADAUSDT,2025-06-29 22:15:00+00:00,4,5,4,5928,4106,1007,4.225
AVAXUSDT,2025-06-29 22:15:00+00:00,4,5,3,4384,3317,643,3.15
ETHUSDT,2025-06-29 23:15:00+00:00,5,1,5,15330,2982,1201,232.8125
XRPUSDT,2025-06-30 02:30:00+00:00,1,4,2,790,471,160,6.8125
DOGEUSDT,2025-06-30 04:30:00+00:00,1,3,1,717,325,161,47.5125
ETHUSDT,2025-06-30 05:00:00+00:00,4,2,4,5835,2049,582,26.225
BTCUSDT,2025-06-30 07:30:00+00:00,4,1,4,6249,1787,682,46.3875
XRPUSDT,2025-06-30 07:30:00+00:00,2,4,3,1428,823,251,31.5375
XRPUSDT,2025-06-30 08:45:00+00:00,2,4,2,1133,612,252,31.5375
SOLUSDT,2025-06-30 16:00:00+00:00,5,3,5,8440,4480,1843,8.2125
SOLUSDT,2025-06-30 16:30:00+00:00,4,4,5,6163,3729,1123,52.7875
DOGEUSDT,2025-06-30 17:30:00+00:00,2,2,1,1091,464,247,56.45
BTCUSDT,2025-06-30 18:15:00+00:00,4,1,4,5694,1408,563,46.3875
XRPUSDT,2025-06-30 18:30:00+00:00,3,4,3,2904,1606,582,28.8375
XRPUSDT,2025-06-30 19:00:00+00:00,5,5,5,18187,11478,2779,1.5875
BTCUSDT,2025-06-30 19:15:00+00:00,4,1,4,6295,1708,713,46.3875
ADAUSDT,2025-06-30 19:45:00+00:00,4,5,3,4221,2773,818,4.225
AVAXUSDT,2025-07-01 00:15:00+00:00,1,4,1,283,161,63,15.825
SOLUSDT,2025-07-01 00:45:00+00:00,2,4,3,1318,759,287,69.175
ADAUSDT,2025-07-01 02:00:00+00:00,1,3,1,434,228,99,39.4875
DOGEUSDT,2025-07-01 02:15:00+00:00,2,2,1,861,336,196,56.45
SOLUSDT,2025-07-01 06:45:00+00:00,3,5,3,1859,1192,383,40.7625
XRPUSDT,2025-07-01 08:15:00+00:00,2,2,3,1263,566,274,29.175
XRPUSDT,2025-07-01 09:30:00+00:00,3,4,3,1927,1117,387,28.8375
DOGEUSDT,2025-07-01 10:00:00+00:00,2,3,2,1032,542,232,66.0875
XRPUSDT,2025-07-01 10:15:00+00:00,2,3,2,1227,623,260,75.6375
DOGEUSDT,2025-07-01 11:00:00+00:00,2,3,2,923,465,206,66.0875
XRPUSDT,2025-07-01 11:00:00+00:00,3,5,3,2382,1480,470,12.5625
ADAUSDT,2025-07-01 13:30:00+00:00,3,5,2,2364,1578,479,15.725
XRPUSDT,2025-07-01 14:15:00+00:00,4,4,3,4244,2296,810,14.8625
BTCUSDT,2025-07-01 18:45:00+00:00,5,2,5,9927,2906,856,57.2
XRPUSDT,2025-07-01 21:30:00+00:00,3,5,2,2242,1478,383,12.5625
DOGEUSDT,2025-07-01 22:15:00+00:00,1,2,1,735,326,171,13.8375
ETHUSDT,2025-07-01 22:45:00+00:00,4,2,5,4507,1322,371,26.225
ADAUSDT,2025-07-02 01:00:00+00:00,1,5,1,393,254,92,81.6375
ETHUSDT,2025-07-02 01:45:00+00:00,4,1,4,4438,831,361,106.55
DOGEUSDT,2025-07-02 02:00:00+00:00,2,3,1,806,410,189,66.0875
XRPUSDT,2025-07-02 04:00:00+00:00,3,5,3,2327,1753,305,12.5625
BTCUSDT,2025-07-02 04:30:00+00:00,3,2,4,3420,1077,448,18.6125
XRPUSDT,2025-07-02 04:45:00+00:00,2,5,2,1324,826,257,7.925
SOLUSDT,2025-07-02 05:15:00+00:00,2,4,3,1466,802,334,69.175
ETHUSDT,2025-07-02 06:00:00+00:00,4,1,4,5611,1472,549,106.55
DOGEUSDT,2025-07-02 06:30:00+00:00,2,3,1,983,460,237,66.0875
XRPUSDT,2025-07-02 12:15:00+00:00,3,4,3,1950,1128,361,28.8375
ADAUSDT,2025-07-02 15:00:00+00:00,4,5,3,4005,2985,569,4.225
DOGEUSDT,2025-07-02 15:00:00+00:00,4,4,3,4191,2291,758,3.7875
AVAXUSDT,2025-07-02 16:00:00+00:00,3,5,3,3438,2761,451,11.7
ADAUSDT,2025-07-02 16:30:00+00:00,4,5,4,7562,4718,1626,4.225
DOGEUSDT,2025-07-02 16:45:00+00:00,4,3,4,7124,3796,1442,16.275
ADAUSDT,2025-07-02 17:15:00+00:00,3,5,3,2722,1825,565,15.725
SOLUSDT,2025-07-02 19:15:00+00:00,4,2,4,4476,1984,966,1.275
ETHUSDT,2025-07-02 21:00:00+00:00,5,2,5,8179,2476,883,22.9625
SOLUSDT,2025-07-02 22:30:00+00:00,3,4,4,2734,1600,600,97.675
ADAUSDT,2025-07-02 23:30:00+00:00,2,5,2,917,609,167,40.525
AVAXUSDT,2025-07-03 01:00:00+00:00,1,5,1,233,169,47,225.225
SOLUSDT,2025-07-03 01:00:00+00:00,2,3,3,1697,892,399,16.0375
XRPUSDT,2025-07-03 01:00:00+00:00,3,3,3,2176,1088,493,62.125
BTCUSDT,2025-07-03 01:30:00+00:00,4,2,4,5224,1587,566,104.35
DOGEUSDT,2025-07-03 07:45:00+00:00,3,4,3,2746,1496,525,10.075
XRPUSDT,2025-07-03 07:45:00+00:00,3,4,3,2076,1155,446,28.8375
SOLUSDT,2025-07-03 10:15:00+00:00,4,4,4,4238,2530,806,52.7875
ADAUSDT,2025-07-03 12:30:00+00:00,4,5,4,5542,3468,1079,4.225
DOGEUSDT,2025-07-03 12:30:00+00:00,5,3,5,12405,5652,2460,3.625
XRPUSDT,2025-07-03 15:00:00+00:00,4,3,4,5335,2718,1043,32.2375
DOGEUSDT,2025-07-03 17:15:00+00:00,2,3,1,924,425,206,66.0875
SOLUSDT,2025-07-03 19:30:00+00:00,2,5,3,1719,1070,358,21.8625
BTCUSDT,2025-07-03 22:30:00+00:00,3,2,4,2990,1199,462,18.6125
ADAUSDT,2025-07-04 00:30:00+00:00,1,4,1,462,275,98,104.5375
ADAUSDT,2025-07-04 01:00:00+00:00,1,4,1,298,172,71,104.5375
XRPUSDT,2025-07-04 02:30:00+00:00,3,4,3,2204,1241,409,28.8375
XRPUSDT,2025-07-04 03:15:00+00:00,2,5,2,1077,718,180,7.925
DOGEUSDT,2025-07-04 03:30:00+00:00,2,3,2,820,422,180,66.0875
DOGEUSDT,2025-07-04 05:30:00+00:00,3,5,4,2079,1364,314,2.925
ADAUSDT,2025-07-04 05:45:00+00:00,1,3,2,387,195,83,39.4875
BTCUSDT,2025-07-04 07:15:00+00:00,4,1,5,7136,1929,679,46.3875
DOGEUSDT,2025-07-04 09:30:00+00:00,3,5,3,2088,1439,341,2.925
XRPUSDT,2025-07-04 10:15:00+00:00,2,4,2,873,472,191,31.5375
SOLUSDT,2025-07-04 12:00:00+00:00,3,5,3,1896,1232,373,40.7625
SOLUSDT,2025-07-04 13:15:00+00:00,2,3,3,1698,871,413,16.0375
ETHUSDT,2025-07-04 13:30:00+00:00,5,1,5,11977,1747,882,232.8125
XRPUSDT,2025-07-04 14:00:00+00:00,4,4,4,5171,3026,900,14.8625
DOGEUSDT,2025-07-04 20:30:00+00:00,1,4,2,780,459,157,16.3375
DOGEUSDT,2025-07-04 20:45:00+00:00,2,5,1,939,615,176,4.8875
SOLUSDT,2025-07-05 00:30:00+00:00,2,4,2,1479,887,296,69.175
BTCUSDT,2025-07-05 00:45:00+00:00,3,2,4,2949,1049,412,18.6125
XRPUSDT,2025-07-05 01:45:00+00:00,1,2,1,483,217,114,2.1125
XRPUSDT,2025-07-05 04:45:00+00:00,1,4,2,775,428,165,6.8125
SOLUSDT,2025-07-05 05:15:00+00:00,2,3,2,1125,584,263,16.0375
BTCUSDT,2025-07-05 05:30:00+00:00,3,3,4,3191,1481,402,11.4125
ADAUSDT,2025-07-05 08:15:00+00:00,1,4,1,292,173,66,104.5375
SOLUSDT,2025-07-05 08:45:00+00:00,2,4,3,1326,721,310,69.175
BTCUSDT,2025-07-05 09:00:00+00:00,3,2,3,3150,1152,453,18.6125
ETHUSDT,2025-07-05 09:00:00+00:00,3,1,3,2911,830,345,19.05
SOLUSDT,2025-07-05 11:00:00+00:00,2,4,2,1132,689,232,69.175
DOGEUSDT,2025-07-05 12:00:00+00:00,1,2,1,694,299,155,13.8375
ETHUSDT,2025-07-05 13:15:00+00:00,3,2,3,2416,721,305,16.575
ETHUSDT,2025-07-05 13:30:00+00:00,3,1,3,2812,656,296,19.05
BTCUSDT,2025-07-05 15:00:00+00:00,3,4,3,2833,1549,643,1.6125
XRPUSDT,2025-07-05 15:30:00+00:00,2,4,1,1058,609,227,31.5375
BTCUSDT,2025-07-05 15:45:00+00:00,4,4,4,3674,2145,651,2.3625
BTCUSDT,2025-07-05 19:00:00+00:00,3,4,4,3127,1735,537,1.6125
SOLUSDT,2025-07-05 19:00:00+00:00,2,3,2,1037,543,255,16.0375
XRPUSDT,2025-07-05 19:00:00+00:00,2,4,2,1079,591,233,31.5375
XRPUSDT,2025-07-05 21:45:00+00:00,2,4,2,815,449,166,31.5375
ETHUSDT,2025-07-05 22:15:00+00:00,2,1,3,1683,459,239,1.0
XRPUSDT,2025-07-05 22:45:00+00:00,1,4,1,697,411,135,6.8125
BTCUSDT,2025-07-05 23:00:00+00:00,3,3,4,2512,1277,464,11.4125
ETHUSDT,2025-07-05 23:00:00+00:00,3,1,3,2127,590,272,19.05
BTCUSDT,2025-07-05 23:15:00+00:00,3,3,3,2584,1280,472,11.4125
XRPUSDT,2025-07-05 23:15:00+00:00,1,4,1,761,437,150,6.8125
ETHUSDT,2025-07-06 01:15:00+00:00,2,1,3,1660,470,191,1.0
ETHUSDT,2025-07-06 01:30:00+00:00,2,1,3,1584,419,197,1.0
SOLUSDT,2025-07-06 01:30:00+00:00,2,5,3,844,531,177,21.8625
ETHUSDT,2025-07-06 01:45:00+00:00,2,2,2,1582,560,222,3.9875
SOLUSDT,2025-07-06 01:45:00+00:00,1,5,2,771,485,145,1.0
BTCUSDT,2025-07-06 02:30:00+00:00,2,3,3,1727,793,341,1.0
ETHUSDT,2025-07-06 02:45:00+00:00,2,3,3,1575,791,172,1.0
DOGEUSDT,2025-07-06 03:00:00+00:00,1,3,2,577,297,126,47.5125
XRPUSDT,2025-07-06 03:00:00+00:00,2,5,2,892,558,162,7.925
SOLUSDT,2025-07-06 03:30:00+00:00,1,3,2,759,395,176,1.0
SOLUSDT,2025-07-06 03:45:00+00:00,1,3,2,639,334,152,1.0
ETHUSDT,2025-07-06 04:15:00+00:00,2,1,3,1700,406,181,1.0
SOLUSDT,2025-07-06 04:15:00+00:00,1,3,2,781,400,192,1.0
XRPUSDT,2025-07-06 04:15:00+00:00,1,4,1,759,434,172,6.8125
BTCUSDT,2025-07-06 04:30:00+00:00,3,2,4,2791,1229,419,18.6125
SOLUSDT,2025-07-06 04:30:00+00:00,1,4,2,680,376,156,4.8125
BTCUSDT,2025-07-06 04:45:00+00:00,2,3,3,1589,776,360,1.0
ETHUSDT,2025-07-06 04:45:00+00:00,2,2,2,1111,412,179,3.9875
BTCUSDT,2025-07-06 05:00:00+00:00,2,3,2,1631,865,325,1.0
BTCUSDT,2025-07-06 05:15:00+00:00,2,4,3,1694,910,324,1.0
ETHUSDT,2025-07-06 05:15:00+00:00,2,1,3,1275,331,149,1.0
SOLUSDT,2025-07-06 05:15:00+00:00,1,4,1,602,330,147,4.8125
BTCUSDT,2025-07-06 05:30:00+00:00,3,3,3,1767,912,330,11.4125
SOLUSDT,2025-07-06 05:30:00+00:00,1,4,2,790,465,150,4.8125
BTCUSDT,2025-07-06 05:45:00+00:00,2,3,2,1378,735,320,1.0
SOLUSDT,2025-07-06 05:45:00+00:00,1,4,2,717,399,159,4.8125
XRPUSDT,2025-07-06 05:45:00+00:00,1,4,1,684,419,139,6.8125
XRPUSDT,2025-07-06 06:30:00+00:00,1,4,1,783,423,171,6.8125
BTCUSDT,2025-07-06 08:15:00+00:00,3,4,5,2569,1422,425,1.6125
BTCUSDT,2025-07-06 08:30:00+00:00,3,5,4,3059,2111,398,1.0
BTCUSDT,2025-07-06 08:45:00+00:00,3,4,4,2420,1499,440,1.6125
SOLUSDT,2025-07-06 08:45:00+00:00,2,3,2,1167,611,270,16.0375
DOGEUSDT,2025-07-06 09:00:00+00:00,1,4,1,647,361,136,16.3375
ETHUSDT,2025-07-06 09:15:00+00:00,2,1,2,1640,455,213,1.0
DOGEUSDT,2025-07-06 10:15:00+00:00,1,2,1,484,214,118,13.8375
ETHUSDT,2025-07-06 10:30:00+00:00,3,1,3,2795,709,320,19.05
BTCUSDT,2025-07-06 12:00:00+00:00,4,4,3,3922,2403,510,2.3625
DOGEUSDT,2025-07-06 12:45:00+00:00,3,4,4,3462,1958,655,10.075
BTCUSDT,2025-07-06 13:00:00+00:00,3,3,4,3040,1509,581,11.4125
DOGEUSDT,2025-07-06 13:15:00+00:00,4,3,4,3646,1900,765,16.275
XRPUSDT,2025-07-06 14:30:00+00:00,3,4,3,3373,2004,628,28.8375
ADAUSDT,2025-07-06 16:00:00+00:00,1,4,1,689,395,140,104.5375
ADAUSDT,2025-07-06 22:15:00+00:00,1,5,2,688,457,137,81.6375
ADAUSDT,2025-07-06 23:00:00+00:00,2,5,2,861,587,155,40.525
SOLUSDT,2025-07-06 23:30:00+00:00,3,5,3,2213,1564,345,40.7625
ETHUSDT,2025-07-06 23:45:00+00:00,4,1,4,3959,1090,384,106.55
SOLUSDT,2025-07-07 00:00:00+00:00,2,3,3,1470,769,358,16.0375
DOGEUSDT,2025-07-07 01:45:00+00:00,2,2,1,816,359,181,56.45
XRPUSDT,2025-07-07 01:45:00+00:00,1,4,1,744,412,158,6.8125
AVAXUSDT,2025-07-07 04:45:00+00:00,1,5,1,232,186,25,225.225
BTCUSDT,2025-07-07 04:45:00+00:00,3,3,3,2988,1497,370,11.4125
SOLUSDT,2025-07-07 05:45:00+00:00,2,4,3,1153,634,258,69.175
XRPUSDT,2025-07-07 05:45:00+00:00,2,4,2,1326,761,253,31.5375
AVAXUSDT,2025-07-07 06:00:00+00:00,1,5,1,227,171,37,225.225
ETHUSDT,2025-07-07 06:15:00+00:00,3,1,4,3409,800,379,19.05
XRPUSDT,2025-07-07 06:15:00+00:00,1,3,1,660,344,157,17.675
BTCUSDT,2025-07-07 10:00:00+00:00,4,3,5,6838,3108,731,14.5875
BTCUSDT,2025-07-07 11:15:00+00:00,4,2,5,6567,2257,655,104.35
XRPUSDT,2025-07-07 11:45:00+00:00,2,3,3,1608,748,333,75.6375
SOLUSDT,2025-07-07 15:15:00+00:00,3,4,3,2478,1403,556,97.675
XRPUSDT,2025-07-07 16:00:00+00:00,5,4,5,8698,4803,1609,4.1125
ETHUSDT,2025-07-07 20:00:00+00:00,5,1,4,7676,1168,604,232.8125
SOLUSDT,2025-07-07 21:15:00+00:00,3,5,4,2276,1431,446,40.7625
XRPUSDT,2025-07-08 00:30:00+00:00,3,4,3,2004,1097,381,28.8375
SOLUSDT,2025-07-08 02:30:00+00:00,3,4,3,2285,1355,448,97.675
XRPUSDT,2025-07-08 02:45:00+00:00,2,4,3,1650,937,334,31.5375
ADAUSDT,2025-07-08 04:30:00+00:00,1,4,1,294,158,72,104.5375
BTCUSDT,2025-07-08 05:00:00+00:00,3,3,4,3290,1553,577,11.4125
BTCUSDT,2025-07-08 20:30:00+00:00,3,3,4,3402,1588,544,11.4125
SOLUSDT,2025-07-08 21:30:00+00:00,3,5,4,3296,2602,368,40.7625
BTCUSDT,2025-07-08 23:30:00+00:00,3,3,3,3335,1506,534,11.4125
ADAUSDT,2025-07-09 01:00:00+00:00,1,4,1,458,267,108,104.5375
BTCUSDT,2025-07-09 02:45:00+00:00,4,3,4,4878,2386,773,14.5875
BTCUSDT,2025-07-09 03:45:00+00:00,4,4,5,6292,3618,745,2.3625
ETHUSDT,2025-07-09 04:15:00+00:00,4,2,3,3575,1363,373,26.225
BTCUSDT,2025-07-09 06:30:00+00:00,3,3,4,3200,1548,569,11.4125
ADAUSDT,2025-07-09 09:00:00+00:00,1,4,1,540,316,128,104.5375
XRPUSDT,2025-07-09 09:15:00+00:00,2,3,2,1430,712,322,75.6375
DOGEUSDT,2025-07-09 12:00:00+00:00,3,3,3,3154,1507,667,36.4125
SOLUSDT,2025-07-09 12:00:00+00:00,4,4,4,3590,2165,758,52.7875
XRPUSDT,2025-07-09 12:15:00+00:00,5,5,4,7948,4939,1373,1.5875
ADAUSDT,2025-07-09 13:15:00+00:00,2,4,2,933,560,211,52.55
AVAXUSDT,2025-07-09 16:00:00+00:00,1,5,1,205,152,41,225.225
DOGEUSDT,2025-07-09 17:15:00+00:00,3,4,3,2348,1329,435,10.075
SOLUSDT,2025-07-09 18:00:00+00:00,4,5,4,5866,3764,1122,28.9
DOGEUSDT,2025-07-09 18:45:00+00:00,4,4,5,7114,4323,727,3.7875
DOGEUSDT,2025-07-09 19:30:00+00:00,4,3,4,6297,3210,1239,16.275
SOLUSDT,2025-07-09 19:30:00+00:00,5,5,5,9559,6135,1783,8.275
BTCUSDT,2025-07-09 20:15:00+00:00,5,2,5,17068,5601,1768,57.2
DOGEUSDT,2025-07-09 20:45:00+00:00,5,2,4,14030,4763,2694,17.275
ADAUSDT,2025-07-09 21:30:00+00:00,2,3,2,851,455,182,28.9875
DOGEUSDT,2025-07-09 21:45:00+00:00,3,2,3,2501,923,453,69.6875
ADAUSDT,2025-07-10 01:30:00+00:00,1,5,1,737,496,141,81.6375
XRPUSDT,2025-07-10 03:30:00+00:00,3,3,4,1965,947,375,62.125
BTCUSDT,2025-07-10 04:30:00+00:00,4,4,4,6251,3526,783,2.3625
DOGEUSDT,2025-07-10 05:15:00+00:00,2,3,2,1144,580,243,66.0875
BTCUSDT,2025-07-10 07:00:00+00:00,5,2,5,10028,4107,1216,57.2
DOGEUSDT,2025-07-10 07:00:00+00:00,3,3,3,2514,1217,527,36.4125
DOGEUSDT,2025-07-10 07:30:00+00:00,3,3,3,2224,1016,494,36.4125
BTCUSDT,2025-07-10 08:45:00+00:00,4,4,4,6237,3436,815,2.3625
ETHUSDT,2025-07-10 09:00:00+00:00,5,2,5,7677,2522,705,22.9625
BTCUSDT,2025-07-10 10:15:00+00:00,4,4,4,4750,2772,699,2.3625
ADAUSDT,2025-07-10 10:30:00+00:00,1,3,1,533,278,150,39.4875
BTCUSDT,2025-07-10 10:30:00+00:00,4,4,4,6370,3529,886,2.3625
BTCUSDT,2025-07-10 10:45:00+00:00,5,4,5,9160,5453,1004,1.4
DOGEUSDT,2025-07-10 11:30:00+00:00,2,3,1,1044,502,242,66.0875
BTCUSDT,2025-07-10 11:45:00+00:00,4,4,5,5476,2956,906,2.3625
DOGEUSDT,2025-07-10 12:15:00+00:00,3,4,3,2134,1280,399,10.075
XRPUSDT,2025-07-10 13:30:00+00:00,4,4,5,5627,3169,1000,14.8625
AVAXUSDT,2025-07-10 16:00:00+00:00,1,4,1,306,182,70,15.825
AVAXUSDT,2025-07-10 18:00:00+00:00,1,5,2,641,435,123,225.225
XRPUSDT,2025-07-10 18:00:00+00:00,4,3,4,4957,2444,969,32.2375
AVAXUSDT,2025-07-10 19:30:00+00:00,1,4,1,229,133,44,15.825
ADAUSDT,2025-07-10 20:00:00+00:00,2,4,2,1071,619,249,52.55
AVAXUSDT,2025-07-10 21:15:00+00:00,4,5,4,3920,2874,658,3.15
BTCUSDT,2025-07-10 21:15:00+00:00,5,2,5,186948,70787,18372,57.2
BTCUSDT,2025-07-10 21:45:00+00:00,5,4,5,52376,28066,4456,1.4
XRPUSDT,2025-07-10 21:45:00+00:00,5,3,5,14674,6644,2336,12.4625
XRPUSDT,2025-07-10 22:30:00+00:00,4,2,4,4000,1770,854,29.925
DOGEUSDT,2025-07-10 23:30:00+00:00,4,4,3,5335,3113,859,3.7875
SOLUSDT,2025-07-11 00:15:00+00:00,5,5,4,7988,5076,1539,8.275
XRPUSDT,2025-07-11 00:15:00+00:00,5,4,5,10115,6042,1712,4.1125
XRPUSDT,2025-07-11 00:30:00+00:00,4,3,4,5434,2502,1055,32.2375
XRPUSDT,2025-07-11 05:30:00+00:00,5,4,4,8334,4623,1571,4.1125
DOGEUSDT,2025-07-11 05:45:00+00:00,5,3,4,10036,4709,1966,3.625
SOLUSDT,2025-07-11 06:00:00+00:00,4,3,5,4889,2606,1057,26.9375
DOGEUSDT,2025-07-11 06:30:00+00:00,4,3,3,3825,1985,771,16.275
DOGEUSDT,2025-07-11 07:15:00+00:00,4,4,4,5388,2905,1004,3.7875
ETHUSDT,2025-07-11 08:15:00+00:00,5,2,5,10152,3702,975,22.9625
XRPUSDT,2025-07-11 09:30:00+00:00,5,4,5,7765,4266,1464,4.1125
DOGEUSDT,2025-07-11 11:00:00+00:00,4,3,3,5138,2419,1077,16.275
ADAUSDT,2025-07-11 12:45:00+00:00,5,4,4,8023,4685,1655,1.275
ADAUSDT,2025-07-11 13:00:00+00:00,5,4,5,17960,9757,3598,1.275
DOGEUSDT,2025-07-11 13:00:00+00:00,5,2,5,17437,7238,3070,17.275
SOLUSDT,2025-07-11 13:45:00+00:00,5,4,5,9148,5454,1795,14.5375
SOLUSDT,2025-07-11 14:00:00+00:00,4,4,5,7301,3919,1544,52.7875
DOGEUSDT,2025-07-11 14:15:00+00:00,5,2,5,16817,6613,3186,17.275
ADAUSDT,2025-07-11 14:30:00+00:00,4,3,3,4255,2119,958,3.025
AVAXUSDT,2025-07-11 14:30:00+00:00,2,5,2,1350,965,230,51.5625
ADAUSDT,2025-07-11 14:45:00+00:00,4,3,3,4300,2130,949,3.025
DOGEUSDT,2025-07-11 14:45:00+00:00,5,3,5,12755,5847,2286,3.625
ADAUSDT,2025-07-11 15:00:00+00:00,5,3,5,17270,9161,3517,1.0
ADAUSDT,2025-07-11 15:15:00+00:00,5,3,4,8799,4103,1967,1.0
ADAUSDT,2025-07-11 15:30:00+00:00,5,3,4,9963,4921,2075,1.0
SOLUSDT,2025-07-11 15:30:00+00:00,5,4,5,11350,6896,2125,14.5375
ADAUSDT,2025-07-11 15:45:00+00:00,5,4,5,16844,9125,3504,1.275
ADAUSDT,2025-07-11 16:00:00+00:00,5,3,5,11235,5906,2430,1.0
BTCUSDT,2025-07-11 16:00:00+00:00,5,2,5,28353,10031,3283,57.2
ADAUSDT,2025-07-11 16:15:00+00:00,4,3,4,5905,2989,1324,3.025
ADAUSDT,2025-07-11 16:30:00+00:00,4,3,4,5102,2579,1052,3.025
ADAUSDT,2025-07-11 17:30:00+00:00,3,4,2,2160,1193,496,18.4375
ADAUSDT,2025-07-11 18:15:00+00:00,3,3,3,2580,1314,572,10.725
XRPUSDT,2025-07-11 19:45:00+00:00,5,3,5,12173,6042,2226,12.4625
ADAUSDT,2025-07-11 20:00:00+00:00,2,2,2,1531,686,346,3.1375
AVAXUSDT,2025-07-11 21:00:00+00:00,2,5,2,883,688,133,51.5625
ADAUSDT,2025-07-11 22:15:00+00:00,5,5,4,7959,5026,1492,1.0
AVAXUSDT,2025-07-11 22:15:00+00:00,3,5,3,2971,2315,406,11.7
BTCUSDT,2025-07-11 22:30:00+00:00,5,2,5,14038,4811,1566,57.2
BTCUSDT,2025-07-11 23:30:00+00:00,4,2,4,4417,1963,721,104.35
ADAUSDT,2025-07-12 00:30:00+00:00,3,3,3,2451,1286,502,10.725
ADAUSDT,2025-07-12 01:15:00+00:00,3,3,3,3197,1552,670,10.725
DOGEUSDT,2025-07-12 01:45:00+00:00,3,2,2,2597,1052,486,69.6875
ADAUSDT,2025-07-12 02:30:00+00:00,3,5,3,2239,1419,384,15.725
DOGEUSDT,2025-07-12 03:15:00+00:00,3,2,2,2065,800,399,69.6875
BTCUSDT,2025-07-12 03:45:00+00:00,4,3,4,5444,2527,927,14.5875
ETHUSDT,2025-07-12 04:00:00+00:00,4,2,4,4526,1375,543,26.225
XRPUSDT,2025-07-12 04:30:00+00:00,4,2,4,5082,2120,1010,29.925
ADAUSDT,2025-07-12 08:45:00+00:00,2,4,2,1640,926,349,52.55
XRPUSDT,2025-07-12 09:00:00+00:00,5,2,4,7619,3414,1471,11.6125
XRPUSDT,2025-07-12 09:15:00+00:00,5,4,5,9177,5166,1513,4.1125
XRPUSDT,2025-07-12 11:30:00+00:00,5,4,5,11595,6920,1658,4.1125
SOLUSDT,2025-07-12 12:45:00+00:00,5,4,5,8493,5224,1581,14.5375
XRPUSDT,2025-07-12 12:45:00+00:00,5,2,5,13257,5508,2348,11.6125
ADAUSDT,2025-07-12 13:00:00+00:00,3,2,2,2023,893,437,1.2
BTCUSDT,2025-07-12 13:15:00+00:00,5,3,5,7733,3776,1017,3.325
BTCUSDT,2025-07-12 15:00:00+00:00,4,3,5,7335,3423,1057,14.5875
XRPUSDT,2025-07-12 15:00:00+00:00,5,3,5,17028,8383,2860,12.4625
ADAUSDT,2025-07-12 15:30:00+00:00,4,4,4,4773,2729,963,6.0125
BTCUSDT,2025-07-12 18:00:00+00:00,4,3,4,3789,1789,715,14.5875
AVAXUSDT,2025-07-12 20:00:00+00:00,1,4,1,208,112,40,15.825
XRPUSDT,2025-07-12 20:30:00+00:00,4,4,5,6498,3836,970,14.8625
DOGEUSDT,2025-07-12 20:45:00+00:00,3,3,2,2372,1225,422,36.4125
AVAXUSDT,2025-07-12 21:30:00+00:00,1,4,1,200,119,47,15.825
XRPUSDT,2025-07-12 22:00:00+00:00,4,3,4,4253,2249,764,32.2375
BTCUSDT,2025-07-12 22:15:00+00:00,4,3,3,4640,2347,674,14.5875
ETHUSDT,2025-07-12 23:00:00+00:00,3,1,4,3210,702,301,19.05
DOGEUSDT,2025-07-12 23:15:00+00:00,2,1,1,1110,317,190,1.0
ADAUSDT,2025-07-13 01:15:00+00:00,2,2,2,904,387,192,3.1375
ADAUSDT,2025-07-13 01:30:00+00:00,2,3,2,903,481,203,28.9875
BTCUSDT,2025-07-13 02:15:00+00:00,3,4,3,3011,1615,573,1.6125
SOLUSDT,2025-07-13 05:45:00+00:00,2,4,3,1554,874,346,69.175
ETHUSDT,2025-07-13 06:00:00+00:00,3,2,3,2884,881,359,16.575
ETHUSDT,2025-07-13 07:00:00+00:00,3,2,4,3450,1078,436,16.575
BTCUSDT,2025-07-13 09:30:00+00:00,4,3,4,4685,2187,780,14.5875
BTCUSDT,2025-07-13 09:45:00+00:00,3,4,3,3183,1757,631,1.6125
BTCUSDT,2025-07-13 10:30:00+00:00,3,4,3,3302,1835,687,1.6125
BTCUSDT,2025-07-13 12:15:00+00:00,4,3,4,4843,2199,869,14.5875
DOGEUSDT,2025-07-13 14:15:00+00:00,5,2,4,12375,4902,2308,17.275
BTCUSDT,2025-07-13 15:30:00+00:00,5,2,5,9468,3196,1195,57.2
DOGEUSDT,2025-07-13 18:15:00+00:00,2,2,2,1731,669,339,56.45
ADAUSDT,2025-07-13 19:45:00+00:00,2,3,2,1008,485,227,28.9875
ADAUSDT,2025-07-13 20:45:00+00:00,1,3,1,718,345,168,39.4875
DOGEUSDT,2025-07-13 22:00:00+00:00,4,2,3,5216,1666,932,44.2
SOLUSDT,2025-07-13 22:00:00+00:00,4,5,4,4787,3059,878,28.9
SOLUSDT,2025-07-13 22:45:00+00:00,2,4,3,1628,980,352,69.175
XRPUSDT,2025-07-13 23:30:00+00:00,4,2,4,3475,1526,696,29.925
XRPUSDT,2025-07-14 00:45:00+00:00,4,2,4,3820,1678,760,29.925
ADAUSDT,2025-07-14 01:30:00+00:00,3,2,3,2586,1126,599,1.2
ADAUSDT,2025-07-14 02:15:00+00:00,3,3,3,3000,1594,680,10.725
SOLUSDT,2025-07-14 02:15:00+00:00,4,5,5,5041,3408,850,28.9
SOLUSDT,2025-07-14 03:45:00+00:00,5,4,5,8765,5122,1679,14.5375
DOGEUSDT,2025-07-14 05:15:00+00:00,5,2,4,9047,3759,1737,17.275
BTCUSDT,2025-07-14 06:00:00+00:00,5,2,5,18957,7789,2690,57.2
ETHUSDT,2025-07-14 06:30:00+00:00,5,2,5,15764,4870,1125,22.9625
ADAUSDT,2025-07-14 07:45:00+00:00,3,4,3,2372,1332,562,18.4375
BTCUSDT,2025-07-14 07:45:00+00:00,5,3,5,22417,11660,2670,3.325
XRPUSDT,2025-07-14 08:30:00+00:00,5,4,5,17168,9804,2833,4.1125
XRPUSDT,2025-07-14 09:00:00+00:00,5,4,5,17945,10160,2824,4.1125
XRPUSDT,2025-07-14 09:15:00+00:00,5,4,5,11626,6357,1865,4.1125
XRPUSDT,2025-07-14 09:30:00+00:00,5,4,5,24821,13732,4101,4.1125
BTCUSDT,2025-07-14 10:00:00+00:00,5,5,5,25603,16762,2086,1.175
XRPUSDT,2025-07-14 12:00:00+00:00,5,4,5,10451,5781,1714,4.1125
BTCUSDT,2025-07-14 12:15:00+00:00,5,5,5,21671,14130,1701,1.175
XRPUSDT,2025-07-14 12:15:00+00:00,5,5,5,18206,11303,2469,1.5875
ADAUSDT,2025-07-14 12:30:00+00:00,2,2,2,1403,608,320,3.1375
ETHUSDT,2025-07-14 12:45:00+00:00,5,1,5,12347,2181,927,232.8125
BTCUSDT,2025-07-14 13:00:00+00:00,5,3,5,11094,5550,1599,3.325
BTCUSDT,2025-07-14 13:15:00+00:00,5,5,5,18686,12776,1570,1.175
XRPUSDT,2025-07-14 13:30:00+00:00,5,3,5,22464,11068,3772,12.4625
ADAUSDT,2025-07-14 14:00:00+00:00,3,3,3,2493,1255,559,10.725
AVAXUSDT,2025-07-14 15:15:00+00:00,1,5,1,602,412,112,225.225
BTCUSDT,2025-07-14 15:45:00+00:00,5,2,5,33374,11602,3244,57.2
SOLUSDT,2025-07-14 18:45:00+00:00,4,4,4,4680,2742,921,52.7875
SOLUSDT,2025-07-14 22:00:00+00:00,4,5,4,3933,2653,657,28.9
XRPUSDT,2025-07-15 00:30:00+00:00,4,3,4,6282,3242,1027,32.2375
XRPUSDT,2025-07-15 04:15:00+00:00,5,3,5,8475,4156,1413,12.4625
DOGEUSDT,2025-07-15 04:45:00+00:00,3,3,2,2146,1014,463,36.4125
XRPUSDT,2025-07-15 08:15:00+00:00,5,4,5,10534,5819,1585,4.1125
DOGEUSDT,2025-07-15 10:30:00+00:00,3,5,4,2427,1569,390,2.925
ADAUSDT,2025-07-15 11:45:00+00:00,2,3,2,1115,591,283,28.9875
AVAXUSDT,2025-07-15 11:45:00+00:00,1,4,1,608,361,131,15.825
XRPUSDT,2025-07-15 12:45:00+00:00,5,3,5,10886,5248,1789,12.4625
ADAUSDT,2025-07-15 14:00:00+00:00,2,3,2,1583,790,387,28.9875
ADAUSDT,2025-07-15 14:30:00+00:00,4,4,4,4310,2565,795,6.0125
XRPUSDT,2025-07-15 14:30:00+00:00,5,3,5,12738,6481,2260,12.4625
XRPUSDT,2025-07-15 19:30:00+00:00,4,3,4,6919,3442,1195,32.2375
AVAXUSDT,2025-07-15 20:45:00+00:00,2,4,3,829,496,174,1.0
AVAXUSDT,2025-07-15 22:15:00+00:00,2,4,2,820,504,167,1.0
AVAXUSDT,2025-07-15 23:15:00+00:00,2,5,2,999,630,201,51.5625
AVAXUSDT,2025-07-15 23:45:00+00:00,2,4,2,991,560,227,1.0
DOGEUSDT,2025-07-16 00:30:00+00:00,5,4,4,7869,4541,1234,1.0
AVAXUSDT,2025-07-16 00:45:00+00:00,2,4,1,806,463,171,1.0
DOGEUSDT,2025-07-16 02:00:00+00:00,4,3,3,3787,1825,724,16.275
XRPUSDT,2025-07-16 02:00:00+00:00,4,4,4,3784,2136,648,14.8625
DOGEUSDT,2025-07-16 03:30:00+00:00,3,4,3,2186,1299,364,10.075
DOGEUSDT,2025-07-16 05:30:00+00:00,2,2,2,1554,671,323,56.45
ETHUSDT,2025-07-16 05:45:00+00:00,5,1,5,11166,2809,895,232.8125
AVAXUSDT,2025-07-16 08:30:00+00:00,1,4,1,497,298,103,15.825
SOLUSDT,2025-07-16 08:30:00+00:00,3,5,4,3106,1936,632,40.7625
XRPUSDT,2025-07-16 09:15:00+00:00,4,5,4,5486,3496,742,7.4375
DOGEUSDT,2025-07-16 10:45:00+00:00,3,3,3,2596,1174,539,36.4125
ADAUSDT,2025-07-16 12:30:00+00:00,3,3,3,2017,1067,439,10.725
SOLUSDT,2025-07-16 12:30:00+00:00,4,5,4,5067,3259,962,28.9
DOGEUSDT,2025-07-16 13:45:00+00:00,4,2,3,5012,1940,1047,44.2
XRPUSDT,2025-07-16 14:15:00+00:00,5,5,5,8701,5447,1202,1.5875
AVAXUSDT,2025-07-16 16:30:00+00:00,2,5,2,839,579,161,51.5625
AVAXUSDT,2025-07-16 17:00:00+00:00,1,4,1,699,427,150,15.825
XRPUSDT,2025-07-16 17:30:00+00:00,5,3,5,10333,5242,1716,12.4625
XRPUSDT,2025-07-16 19:15:00+00:00,4,3,5,7514,3811,1309,32.2375
SOLUSDT,2025-07-16 19:45:00+00:00,4,4,4,4672,2678,1018,52.7875
ADAUSDT,2025-07-16 22:00:00+00:00,3,3,2,2091,1115,486,10.725
DOGEUSDT,2025-07-16 22:15:00+00:00,5,4,4,8861,4918,1279,1.0
DOGEUSDT,2025-07-16 22:45:00+00:00,5,2,4,10687,4708,2073,17.275
XRPUSDT,2025-07-16 22:45:00+00:00,5,3,4,8472,4038,1428,12.4625
ADAUSDT,2025-07-16 23:15:00+00:00,3,4,3,2024,1144,414,18.4375
ADAUSDT,2025-07-17 00:00:00+00:00,2,3,2,1354,610,282,28.9875
ADAUSDT,2025-07-17 01:45:00+00:00,4,5,4,4939,3130,985,4.225
DOGEUSDT,2025-07-17 02:45:00+00:00,4,2,3,4650,1885,911,44.2
XRPUSDT,2025-07-17 04:15:00+00:00,4,4,4,6923,3863,1216,14.8625
ADAUSDT,2025-07-17 06:30:00+00:00,3,3,2,2181,1099,475,10.725
XRPUSDT,2025-07-17 07:00:00+00:00,5,4,5,12611,6770,2018,4.1125
AVAXUSDT,2025-07-17 07:30:00+00:00,1,5,2,614,416,105,225.225
ADAUSDT,2025-07-17 09:15:00+00:00,5,4,5,8573,5168,1621,1.275
XRPUSDT,2025-07-17 10:00:00+00:00,5,2,5,19962,8295,3363,11.6125
ADAUSDT,2025-07-17 10:45:00+00:00,4,3,4,3911,2071,879,3.025
DOGEUSDT,2025-07-17 11:15:00+00:00,4,2,4,4408,1771,879,44.2
ETHUSDT,2025-07-17 11:15:00+00:00,5,1,5,18218,4238,1378,232.8125
ADAUSDT,2025-07-17 12:00:00+00:00,5,4,4,8688,4826,1704,1.275
SOLUSDT,2025-07-17 12:15:00+00:00,4,3,4,4153,2118,970,26.9375
ADAUSDT,2025-07-17 13:30:00+00:00,4,4,3,4939,2940,985,6.0125
ADAUSDT,2025-07-17 13:45:00+00:00,4,4,3,4895,2731,1017,6.0125
ADAUSDT,2025-07-17 16:15:00+00:00,4,4,4,4375,2510,815,6.0125
XRPUSDT,2025-07-17 17:00:00+00:00,5,3,5,10799,5412,1775,12.4625
ADAUSDT,2025-07-17 17:30:00+00:00,3,3,2,1932,1028,420,10.725
XRPUSDT,2025-07-17 17:45:00+00:00,5,4,5,21605,11736,3245,4.1125
ADAUSDT,2025-07-17 18:45:00+00:00,3,4,3,3067,1678,627,18.4375
XRPUSDT,2025-07-17 18:45:00+00:00,5,4,5,21486,12013,3199,4.1125
ADAUSDT,2025-07-17 19:00:00+00:00,3,4,2,2060,1129,466,18.4375
ADAUSDT,2025-07-17 20:00:00+00:00,4,3,4,4863,2524,1010,3.025
XRPUSDT,2025-07-17 20:30:00+00:00,5,3,5,14117,6762,2455,12.4625
XRPUSDT,2025-07-17 23:45:00+00:00,5,3,5,26242,13053,3852,12.4625
ADAUSDT,2025-07-18 00:30:00+00:00,4,4,4,6150,3458,1257,6.0125
AVAXUSDT,2025-07-18 00:30:00+00:00,3,4,3,2384,1443,487,1.0
DOGEUSDT,2025-07-18 00:30:00+00:00,5,2,5,15339,6581,2897,17.275
SOLUSDT,2025-07-18 00:30:00+00:00,5,4,5,8534,5052,1627,14.5375
BTCUSDT,2025-07-18 00:45:00+00:00,5,2,5,11809,4153,1364,57.2
ADAUSDT,2025-07-18 01:00:00+00:00,5,4,4,7919,4449,1668,1.275
ADAUSDT,2025-07-18 01:15:00+00:00,5,3,4,8204,4248,1734,1.0
ADAUSDT,2025-07-18 01:30:00+00:00,4,3,3,3580,1750,802,3.025
XRPUSDT,2025-07-18 01:45:00+00:00,5,4,5,14731,7903,2438,4.1125
ADAUSDT,2025-07-18 03:00:00+00:00,3,3,3,2475,1321,535,10.725
XRPUSDT,2025-07-18 03:15:00+00:00,5,4,5,12823,6981,2179,4.1125
XRPUSDT,2025-07-18 03:30:00+00:00,5,4,5,16658,8961,2835,4.1125
ADAUSDT,2025-07-18 04:00:00+00:00,3,3,3,2434,1248,554,10.725
ADAUSDT,2025-07-18 07:00:00+00:00,5,4,5,15200,8750,2863,1.275
ADAUSDT,2025-07-18 07:15:00+00:00,5,4,4,9377,5246,1830,1.275
ADAUSDT,2025-07-18 07:45:00+00:00,5,4,4,8992,5230,1696,1.275
DOGEUSDT,2025-07-18 07:45:00+00:00,5,4,5,23577,13991,3188,1.0
ADAUSDT,2025-07-18 08:00:00+00:00,4,3,4,7134,3790,1520,3.025
XRPUSDT,2025-07-18 08:30:00+00:00,5,3,5,33591,15298,5244,12.4625
ADAUSDT,2025-07-18 09:30:00+00:00,3,3,3,2929,1520,680,10.725
DOGEUSDT,2025-07-18 09:30:00+00:00,5,3,4,12000,5498,1977,3.625
DOGEUSDT,2025-07-18 10:15:00+00:00,5,3,4,8435,3818,1552,3.625
ADAUSDT,2025-07-18 11:15:00+00:00,4,5,3,3803,2436,727,4.225
DOGEUSDT,2025-07-18 11:15:00+00:00,5,5,4,12010,7752,1521,1.0
DOGEUSDT,2025-07-18 11:30:00+00:00,5,5,4,11274,7988,1223,1.0
ADAUSDT,2025-07-18 12:15:00+00:00,3,3,2,2044,1007,468,10.725
DOGEUSDT,2025-07-18 12:15:00+00:00,4,3,4,7255,3792,1243,16.275
DOGEUSDT,2025-07-18 12:30:00+00:00,5,3,5,13650,7141,2177,3.625
XRPUSDT,2025-07-18 13:30:00+00:00,5,4,5,28477,15534,4708,4.1125
ADAUSDT,2025-07-18 14:00:00+00:00,3,2,3,3027,1288,649,1.2
DOGEUSDT,2025-07-18 14:00:00+00:00,5,2,5,21305,8019,3805,17.275
ADAUSDT,2025-07-18 14:15:00+00:00,5,3,4,9097,4862,1773,1.0
ADAUSDT,2025-07-18 14:30:00+00:00,5,4,4,7629,4359,1467,1.275
ADAUSDT,2025-07-18 15:00:00+00:00,4,3,4,3960,1868,908,3.025
ADAUSDT,2025-07-18 15:15:00+00:00,5,4,5,10437,5674,2043,1.275
ADAUSDT,2025-07-18 15:30:00+00:00,4,3,3,4582,2386,1023,3.025
XRPUSDT,2025-07-18 15:30:00+00:00,5,2,5,16452,6136,2902,11.6125
ADAUSDT,2025-07-18 16:15:00+00:00,3,2,3,3023,1318,672,1.2
DOGEUSDT,2025-07-18 16:15:00+00:00,5,2,4,13021,4620,2388,17.275
DOGEUSDT,2025-07-18 16:45:00+00:00,5,2,4,8045,2997,1491,17.275
ADAUSDT,2025-07-18 17:00:00+00:00,3,2,2,1787,788,395,1.2
XRPUSDT,2025-07-18 18:30:00+00:00,4,2,4,6605,2813,1258,29.925
XRPUSDT,2025-07-18 18:45:00+00:00,4,2,4,5620,2328,1132,29.925
ADAUSDT,2025-07-18 20:00:00+00:00,3,3,3,2969,1588,568,10.725
ADAUSDT,2025-07-19 02:00:00+00:00,2,2,2,1277,506,280,3.1375
ADAUSDT,2025-07-19 02:15:00+00:00,2,2,1,1066,447,203,3.1375
XRPUSDT,2025-07-19 04:00:00+00:00,4,2,5,6018,2675,1079,29.925
BTCUSDT,2025-07-19 05:15:00+00:00,4,4,5,4896,2893,643,2.3625
BTCUSDT,2025-07-19 05:30:00+00:00,4,3,4,4654,2335,678,14.5875
XRPUSDT,2025-07-19 07:00:00+00:00,4,3,4,3938,1798,718,32.2375
DOGEUSDT,2025-07-19 07:15:00+00:00,5,2,4,8347,2965,1295,17.275
XRPUSDT,2025-07-19 08:45:00+00:00,4,3,4,4640,2285,876,32.2375
BTCUSDT,2025-07-19 10:45:00+00:00,4,3,4,4747,2376,704,14.5875
BTCUSDT,2025-07-19 13:00:00+00:00,5,4,4,7650,4368,902,1.4
ADAUSDT,2025-07-19 13:15:00+00:00,2,3,1,1078,519,254,28.9875
BTCUSDT,2025-07-19 13:15:00+00:00,4,4,4,4079,2198,619,2.3625
BTCUSDT,2025-07-19 13:45:00+00:00,4,3,4,5512,2839,763,14.5875
ADAUSDT,2025-07-19 14:00:00+00:00,2,2,2,1264,524,290,3.1375
XRPUSDT,2025-07-19 14:15:00+00:00,5,2,5,7921,3532,1328,11.6125
ADAUSDT,2025-07-19 14:30:00+00:00,2,2,2,1543,685,335,3.1375
DOGEUSDT,2025-07-19 14:30:00+00:00,5,2,4,9370,4022,1501,17.275
DOGEUSDT,2025-07-19 14:45:00+00:00,5,3,4,8695,4492,1442,3.625
DOGEUSDT,2025-07-19 15:45:00+00:00,3,2,3,3345,1269,645,69.6875
DOGEUSDT,2025-07-19 16:30:00+00:00,4,2,4,4745,1715,848,44.2
ADAUSDT,2025-07-19 19:30:00+00:00,2,4,2,1603,925,349,52.55
AVAXUSDT,2025-07-19 20:15:00+00:00,2,5,2,1043,705,196,51.5625
ADAUSDT,2025-07-19 23:15:00+00:00,1,3,1,660,325,136,39.4875
ADAUSDT,2025-07-20 00:15:00+00:00,2,3,2,1280,626,298,28.9875
DOGEUSDT,2025-07-20 00:45:00+00:00,5,3,5,11387,5361,1911,3.625
DOGEUSDT,2025-07-20 01:00:00+00:00,5,2,5,19859,7623,3314,17.275
BTCUSDT,2025-07-20 02:30:00+00:00,4,4,4,5353,3160,538,2.3625
XRPUSDT,2025-07-20 02:30:00+00:00,5,4,5,8173,4622,1299,4.1125
ADAUSDT,2025-07-20 03:30:00+00:00,3,4,3,3089,1909,605,18.4375
ADAUSDT,2025-07-20 03:45:00+00:00,2,3,2,1210,628,285,28.9875
XRPUSDT,2025-07-20 04:30:00+00:00,4,2,4,4007,1617,806,29.925
DOGEUSDT,2025-07-20 06:15:00+00:00,5,3,4,9207,4707,1425,3.625
AVAXUSDT,2025-07-20 06:30:00+00:00,1,4,1,247,152,52,15.825
SOLUSDT,2025-07-20 08:45:00+00:00,4,4,5,6004,3686,1215,52.7875
ADAUSDT,2025-07-20 09:00:00+00:00,4,4,4,3868,2202,811,6.0125
DOGEUSDT,2025-07-20 10:15:00+00:00,4,4,3,4477,2674,729,3.7875
BTCUSDT,2025-07-20 10:30:00+00:00,4,5,5,6474,4040,1041,1.5125
BTCUSDT,2025-07-20 11:15:00+00:00,4,4,4,6943,3904,1032,2.3625
SOLUSDT,2025-07-20 12:45:00+00:00,4,4,4,4954,3056,964,52.7875
DOGEUSDT,2025-07-20 14:15:00+00:00,4,2,4,7307,3127,1421,44.2
DOGEUSDT,2025-07-20 17:15:00+00:00,5,2,4,10167,3405,1739,17.275
DOGEUSDT,2025-07-20 18:15:00+00:00,5,2,4,8836,2848,1535,17.275
DOGEUSDT,2025-07-20 18:30:00+00:00,4,1,4,7425,2148,1265,1.375
DOGEUSDT,2025-07-20 19:00:00+00:00,5,2,5,31827,10323,4697,17.275
SOLUSDT,2025-07-20 20:00:00+00:00,4,4,4,5957,3523,1203,52.7875
DOGEUSDT,2025-07-20 21:00:00+00:00,5,2,4,13142,5106,2189,17.275
BTCUSDT,2025-07-20 21:45:00+00:00,4,4,4,3508,2021,628,2.3625
ADAUSDT,2025-07-20 22:15:00+00:00,5,4,5,10728,5775,2144,1.275
DOGEUSDT,2025-07-20 22:15:00+00:00,5,1,5,26386,7625,4137,1.0
DOGEUSDT,2025-07-20 22:45:00+00:00,5,1,5,19812,5700,3025,1.0
ADAUSDT,2025-07-20 23:00:00+00:00,3,3,3,3075,1487,715,10.725
ADAUSDT,2025-07-20 23:15:00+00:00,3,2,3,2006,897,447,1.2
SOLUSDT,2025-07-20 23:15:00+00:00,3,2,4,2951,1300,667,1.0
ADAUSDT,2025-07-20 23:30:00+00:00,3,2,2,2096,916,465,1.2
DOGEUSDT,2025-07-21 00:00:00+00:00,5,1,5,37828,10412,5510,1.0
SOLUSDT,2025-07-21 00:15:00+00:00,4,3,4,5646,3008,1201,26.9375
DOGEUSDT,2025-07-21 00:45:00+00:00,5,1,5,15190,4354,2404,1.0
ADAUSDT,2025-07-21 01:15:00+00:00,3,2,2,1869,810,432,1.2
DOGEUSDT,2025-07-21 01:15:00+00:00,5,1,4,11780,3359,1796,1.0
ADAUSDT,2025-07-21 02:00:00+00:00,4,3,3,3893,1968,810,3.025
AVAXUSDT,2025-07-21 06:00:00+00:00,2,5,2,1257,852,240,51.5625
ADAUSDT,2025-07-21 08:30:00+00:00,4,5,4,5255,3290,982,4.225
DOGEUSDT,2025-07-21 08:30:00+00:00,5,2,5,17273,6122,2782,17.275
BTCUSDT,2025-07-21 09:15:00+00:00,4,4,5,7055,3797,892,2.3625
ADAUSDT,2025-07-21 09:45:00+00:00,3,4,2,1992,1233,405,18.4375
XRPUSDT,2025-07-21 09:45:00+00:00,4,3,4,4384,2098,912,32.2375
ADAUSDT,2025-07-21 10:00:00+00:00,2,4,2,1198,653,264,52.55
XRPUSDT,2025-07-21 10:30:00+00:00,4,4,4,5106,3066,784,14.8625
ADAUSDT,2025-07-21 11:15:00+00:00,4,4,4,3665,2248,731,6.0125
AVAXUSDT,2025-07-21 11:30:00+00:00,4,5,4,3929,2900,550,3.15
ADAUSDT,2025-07-21 11:45:00+00:00,4,5,5,6462,4323,1055,4.225
ADAUSDT,2025-07-21 12:00:00+00:00,4,3,4,6127,2992,1355,3.025
ADAUSDT,2025-07-21 12:30:00+00:00,4,3,4,4512,2378,978,3.025
BTCUSDT,2025-07-21 12:45:00+00:00,4,2,5,6524,2054,885,104.35
ADAUSDT,2025-07-21 14:00:00+00:00,5,4,5,10620,6075,2054,1.275
ADAUSDT,2025-07-21 14:15:00+00:00,4,4,4,6129,3342,1312,6.0125
SOLUSDT,2025-07-21 15:00:00+00:00,5,4,5,28939,17494,5446,14.5375
AVAXUSDT,2025-07-21 15:30:00+00:00,3,5,2,2025,1328,401,11.7
SOLUSDT,2025-07-21 16:00:00+00:00,5,4,5,13356,7821,2463,14.5375
ADAUSDT,2025-07-21 16:15:00+00:00,5,5,4,9322,5859,1761,1.0
XRPUSDT,2025-07-21 18:45:00+00:00,5,4,5,14237,7752,2194,4.1125
AVAXUSDT,2025-07-21 19:30:00+00:00,3,5,3,2398,1611,431,11.7
XRPUSDT,2025-07-21 19:30:00+00:00,5,4,5,12784,6878,1981,4.1125
SOLUSDT,2025-07-21 19:45:00+00:00,5,3,5,8574,4457,1792,8.2125
XRPUSDT,2025-07-21 21:00:00+00:00,5,4,5,9130,5216,1249,4.1125
SOLUSDT,2025-07-21 23:30:00+00:00,3,2,3,2402,1067,552,1.0
DOGEUSDT,2025-07-22 00:30:00+00:00,5,2,4,12008,4000,1971,17.275
DOGEUSDT,2025-07-22 00:45:00+00:00,5,1,4,8124,2343,1363,1.0
ADAUSDT,2025-07-22 01:00:00+00:00,4,4,4,3701,2129,740,6.0125
ADAUSDT,2025-07-22 01:15:00+00:00,5,4,4,8093,4650,1633,1.275
ADAUSDT,2025-07-22 01:30:00+00:00,4,4,4,5209,2974,1027,6.0125
ADAUSDT,2025-07-22 02:45:00+00:00,4,4,4,4505,2580,873,6.0125
ADAUSDT,2025-07-22 03:00:00+00:00,4,3,3,3762,1797,801,3.025
ADAUSDT,2025-07-22 03:30:00+00:00,4,3,3,3705,1900,743,3.025
ADAUSDT,2025-07-22 04:00:00+00:00,3,3,3,2618,1177,528,10.725
DOGEUSDT,2025-07-22 04:00:00+00:00,5,1,4,8903,2388,1371,1.0
SOLUSDT,2025-07-22 04:15:00+00:00,5,4,5,10578,5882,2009,14.5375
XRPUSDT,2025-07-22 04:15:00+00:00,5,3,5,10827,5407,1694,12.4625
AVAXUSDT,2025-07-22 04:30:00+00:00,3,5,3,2139,1575,376,11.7
ADAUSDT,2025-07-22 05:15:00+00:00,3,2,3,2244,957,440,1.2
ADAUSDT,2025-07-22 05:30:00+00:00,3,2,3,2343,980,509,1.2
BTCUSDT,2025-07-22 06:30:00+00:00,5,2,5,8369,2568,943,57.2
ADAUSDT,2025-07-22 06:45:00+00:00,4,5,3,6776,5163,926,4.225
DOGEUSDT,2025-07-22 06:45:00+00:00,4,2,3,5981,2319,1029,44.2
ADAUSDT,2025-07-22 07:30:00+00:00,3,4,2,2396,1464,463,18.4375
ADAUSDT,2025-07-22 07:45:00+00:00,3,4,3,2323,1372,451,18.4375
ADAUSDT,2025-07-22 09:30:00+00:00,3,2,3,1898,853,428,1.2
AVAXUSDT,2025-07-22 09:45:00+00:00,2,5,2,1121,797,209,51.5625
SOLUSDT,2025-07-22 10:30:00+00:00,4,3,4,3917,2022,872,26.9375
SOLUSDT,2025-07-22 10:45:00+00:00,4,5,4,4431,2814,826,28.9
AVAXUSDT,2025-07-22 11:00:00+00:00,2,5,2,908,612,189,51.5625
BTCUSDT,2025-07-22 11:45:00+00:00,5,3,5,8654,4015,1295,3.325
XRPUSDT,2025-07-22 12:30:00+00:00,4,5,4,7071,4434,1072,7.4375
XRPUSDT,2025-07-22 12:45:00+00:00,5,5,5,8842,5486,1237,1.5875
AVAXUSDT,2025-07-22 13:45:00+00:00,3,5,3,2230,1611,420,11.7
ADAUSDT,2025-07-22 15:15:00+00:00,3,3,3,3363,1770,697,10.725
DOGEUSDT,2025-07-22 15:30:00+00:00,4,2,4,6643,2668,1304,44.2
SOLUSDT,2025-07-22 16:45:00+00:00,4,3,4,5925,3050,1379,26.9375
ADAUSDT,2025-07-22 17:15:00+00:00,3,2,2,2207,890,509,1.2
SOLUSDT,2025-07-22 17:15:00+00:00,5,3,5,10104,4749,2126,8.2125
ADAUSDT,2025-07-22 17:30:00+00:00,3,2,3,2320,956,514,1.2
XRPUSDT,2025-07-22 17:45:00+00:00,5,3,5,11410,5252,1960,12.4625
SOLUSDT,2025-07-22 18:15:00+00:00,5,2,5,8983,4001,2012,1.0
SOLUSDT,2025-07-22 18:30:00+00:00,4,2,5,5917,2651,1323,1.275
DOGEUSDT,2025-07-22 18:45:00+00:00,4,2,4,6072,2221,1064,44.2
BTCUSDT,2025-07-22 19:00:00+00:00,5,2,5,12045,4688,1381,57.2
XRPUSDT,2025-07-22 19:00:00+00:00,4,2,4,5205,2246,908,29.925
ADAUSDT,2025-07-22 20:00:00+00:00,3,2,3,2053,850,419,1.2
BTCUSDT,2025-07-22 21:45:00+00:00,4,4,4,5519,3011,708,2.3625
XRPUSDT,2025-07-23 00:30:00+00:00,4,4,4,5175,2854,837,14.8625
SOLUSDT,2025-07-23 01:00:00+00:00,4,4,4,5581,3227,1066,52.7875
XRPUSDT,2025-07-23 02:15:00+00:00,4,5,4,6185,4301,800,7.4375
AVAXUSDT,2025-07-23 08:30:00+00:00,1,4,1,340,195,84,15.825
ADAUSDT,2025-07-23 08:45:00+00:00,2,4,2,1040,628,214,52.55
DOGEUSDT,2025-07-23 09:00:00+00:00,4,3,3,3632,1777,648,16.275
XRPUSDT,2025-07-23 09:30:00+00:00,4,5,4,7473,4676,1316,7.4375
DOGEUSDT,2025-07-23 10:00:00+00:00,5,3,5,9801,4409,1652,3.625
XRPUSDT,2025-07-23 11:45:00+00:00,4,4,3,3693,2029,735,14.8625
ADAUSDT,2025-07-23 12:45:00+00:00,5,4,5,13043,7556,2553,1.275
ADAUSDT,2025-07-23 13:00:00+00:00,4,3,4,5389,2747,1185,3.025
ADAUSDT,2025-07-23 13:30:00+00:00,5,4,5,12621,6994,2369,1.275
AVAXUSDT,2025-07-23 13:30:00+00:00,4,5,4,4009,2975,630,3.15
ADAUSDT,2025-07-23 13:45:00+00:00,5,3,5,14514,7147,3067,1.0
SOLUSDT,2025-07-23 14:30:00+00:00,5,3,5,10452,5570,2218,8.2125
DOGEUSDT,2025-07-23 15:45:00+00:00,5,2,4,7937,3005,1311,17.275
ADAUSDT,2025-07-23 17:00:00+00:00,4,3,4,5321,2824,1065,3.025
DOGEUSDT,2025-07-23 18:00:00+00:00,4,2,4,6738,2405,1256,44.2
SOLUSDT,2025-07-23 18:30:00+00:00,4,3,4,3815,1786,899,26.9375
XRPUSDT,2025-07-23 18:30:00+00:00,4,2,4,6386,2396,1280,29.925
ADAUSDT,2025-07-23 19:15:00+00:00,3,3,2,1776,848,406,10.725
ADAUSDT,2025-07-23 19:45:00+00:00,2,2,2,1471,610,329,3.1375
ADAUSDT,2025-07-23 20:00:00+00:00,3,2,2,2399,1024,526,1.2
DOGEUSDT,2025-07-23 20:00:00+00:00,4,1,4,7456,2134,1309,1.375
SOLUSDT,2025-07-23 20:00:00+00:00,4,2,5,6021,2591,1432,1.275
ADAUSDT,2025-07-23 20:30:00+00:00,5,4,4,9324,5084,1787,1.275
ADAUSDT,2025-07-23 21:15:00+00:00,5,3,4,7809,3602,1476,1.0
ADAUSDT,2025-07-23 21:30:00+00:00,5,3,4,8020,3676,1486,1.0
ADAUSDT,2025-07-23 21:45:00+00:00,4,2,4,3706,1477,632,1.0
ADAUSDT,2025-07-23 23:15:00+00:00,2,4,3,1489,878,290,52.55
XRPUSDT,2025-07-24 01:15:00+00:00,4,2,4,6813,2949,1181,29.925
XRPUSDT,2025-07-24 02:30:00+00:00,4,3,4,6401,3414,1111,32.2375
XRPUSDT,2025-07-24 04:00:00+00:00,5,2,4,8537,3697,1563,11.6125
SOLUSDT,2025-07-24 04:30:00+00:00,4,4,4,5664,3136,1159,52.7875
DOGEUSDT,2025-07-24 05:00:00+00:00,5,2,4,13636,5479,2232,17.275
BTCUSDT,2025-07-24 05:30:00+00:00,5,2,5,8557,3201,922,57.2
DOGEUSDT,2025-07-24 05:45:00+00:00,5,2,5,22020,8908,3784,17.275
AVAXUSDT,2025-07-24 06:30:00+00:00,3,5,3,2007,1375,406,11.7
BTCUSDT,2025-07-24 07:45:00+00:00,5,3,5,8942,4171,1061,3.325
ADAUSDT,2025-07-24 08:45:00+00:00,3,3,3,1828,967,397,10.725
ADAUSDT,2025-07-24 09:15:00+00:00,2,3,3,1462,740,318,28.9875
ADAUSDT,2025-07-24 12:00:00+00:00,3,3,2,1954,880,434,10.725
SOLUSDT,2025-07-24 12:15:00+00:00,4,3,4,4888,2491,1086,26.9375
AVAXUSDT,2025-07-24 12:45:00+00:00,1,5,1,748,516,145,225.225
DOGEUSDT,2025-07-24 12:45:00+00:00,4,1,3,4412,1169,663,1.375
ADAUSDT,2025-07-24 13:00:00+00:00,3,2,3,1828,770,427,1.2
SOLUSDT,2025-07-24 13:00:00+00:00,4,2,4,4654,2078,1076,1.275
ADAUSDT,2025-07-24 13:15:00+00:00,4,2,4,4136,1578,782,1.0
ADAUSDT,2025-07-24 13:30:00+00:00,4,2,4,4381,1955,944,1.0
DOGEUSDT,2025-07-24 13:30:00+00:00,5,1,4,13024,3320,1930,1.0
ADAUSDT,2025-07-24 14:00:00+00:00,4,3,4,4244,2092,880,3.025
DOGEUSDT,2025-07-24 14:00:00+00:00,5,1,4,9706,2527,1440,1.0
XRPUSDT,2025-07-24 14:00:00+00:00,5,2,5,10789,3566,1883,11.6125
DOGEUSDT,2025-07-24 14:15:00+00:00,4,1,3,7464,1914,1195,1.375
XRPUSDT,2025-07-24 14:30:00+00:00,5,2,5,16756,7008,2865,11.6125
ADAUSDT,2025-07-24 15:00:00+00:00,4,3,4,4598,2270,1002,3.025
ADAUSDT,2025-07-24 15:15:00+00:00,5,3,4,8121,4336,1456,1.0
ADAUSDT,2025-07-24 15:30:00+00:00,4,3,3,3845,1806,833,3.025
DOGEUSDT,2025-07-24 16:00:00+00:00,5,1,4,7732,2204,1234,1.0
XRPUSDT,2025-07-24 16:00:00+00:00,5,2,4,8542,3228,1633,11.6125
XRPUSDT,2025-07-24 16:15:00+00:00,5,2,5,11484,4110,1824,11.6125
DOGEUSDT,2025-07-24 16:30:00+00:00,5,2,4,9552,2818,1476,17.275
DOGEUSDT,2025-07-24 16:45:00+00:00,4,1,3,5963,1640,960,1.375
DOGEUSDT,2025-07-24 17:00:00+00:00,4,1,3,5330,1550,874,1.375
ADAUSDT,2025-07-24 17:30:00+00:00,2,2,1,1113,499,249,3.1375
AVAXUSDT,2025-07-24 18:00:00+00:00,1,5,2,552,373,109,225.225
DOGEUSDT,2025-07-24 18:15:00+00:00,4,1,3,4931,1348,764,1.375
ADAUSDT,2025-07-24 18:45:00+00:00,3,2,3,2387,1065,464,1.2
DOGEUSDT,2025-07-24 18:45:00+00:00,3,1,2,3407,845,488,1.0
DOGEUSDT,2025-07-24 19:45:00+00:00,4,2,3,3909,1400,667,44.2
DOGEUSDT,2025-07-24 20:15:00+00:00,3,1,2,2029,518,340,1.0
DOGEUSDT,2025-07-24 20:30:00+00:00,3,1,2,2355,674,398,1.0
DOGEUSDT,2025-07-24 22:45:00+00:00,3,1,2,2451,671,390,1.0
ADAUSDT,2025-07-24 23:15:00+00:00,3,4,2,1755,1008,343,18.4375
BTCUSDT,2025-07-24 23:15:00+00:00,4,2,5,6213,2055,763,104.35
ADAUSDT,2025-07-24 23:30:00+00:00,2,2,2,1506,637,304,3.1375
DOGEUSDT,2025-07-24 23:45:00+00:00,4,1,3,4267,1099,663,1.375
DOGEUSDT,2025-07-25 00:15:00+00:00,5,1,4,7729,2222,1257,1.0
DOGEUSDT,2025-07-25 00:30:00+00:00,5,2,5,9351,3446,1524,17.275
SOLUSDT,2025-07-25 01:00:00+00:00,4,4,5,5271,3169,968,52.7875
XRPUSDT,2025-07-25 01:00:00+00:00,4,1,4,6344,1788,1065,1.0
ADAUSDT,2025-07-25 01:15:00+00:00,2,2,2,1635,673,350,3.1375
DOGEUSDT,2025-07-25 01:15:00+00:00,5,2,4,7980,2552,1361,17.275
DOGEUSDT,2025-07-25 01:45:00+00:00,4,2,4,6803,2079,1176,44.2
ADAUSDT,2025-07-25 02:15:00+00:00,2,2,2,1156,484,247,3.1375
DOGEUSDT,2025-07-25 02:15:00+00:00,4,1,3,5232,1340,844,1.375
ADAUSDT,2025-07-25 02:30:00+00:00,3,3,2,1963,936,382,10.725
XRPUSDT,2025-07-25 02:45:00+00:00,5,2,4,9985,3977,1716,11.6125
ADAUSDT,2025-07-25 03:00:00+00:00,3,2,3,2163,912,429,1.2
DOGEUSDT,2025-07-25 03:00:00+00:00,5,2,4,9589,2807,1558,17.275
ADAUSDT,2025-07-25 03:30:00+00:00,4,4,4,4762,2635,909,6.0125
ADAUSDT,2025-07-25 04:15:00+00:00,3,2,2,2202,975,511,1.2
DOGEUSDT,2025-07-25 04:15:00+00:00,5,1,4,8070,2324,1343,1.0
XRPUSDT,2025-07-25 05:00:00+00:00,5,4,4,8855,5353,1238,4.1125
DOGEUSDT,2025-07-25 06:15:00+00:00,4,2,3,4373,1419,785,44.2
DOGEUSDT,2025-07-25 07:00:00+00:00,4,2,4,6175,2095,1138,44.2
ADAUSDT,2025-07-25 08:00:00+00:00,3,2,3,2006,793,427,1.2
ADAUSDT,2025-07-25 08:15:00+00:00,3,2,3,2571,1116,508,1.2
DOGEUSDT,2025-07-25 08:15:00+00:00,4,2,4,6352,2179,1073,44.2
XRPUSDT,2025-07-25 08:30:00+00:00,4,2,4,5758,2362,1150,29.925
DOGEUSDT,2025-07-25 09:00:00+00:00,4,1,3,5389,1499,889,1.375
AVAXUSDT,2025-07-25 09:30:00+00:00,2,5,2,855,598,158,51.5625
SOLUSDT,2025-07-25 10:00:00+00:00,5,4,5,8537,5143,1643,14.5375
XRPUSDT,2025-07-25 10:15:00+00:00,4,3,4,5700,2832,992,32.2375
DOGEUSDT,2025-07-25 13:00:00+00:00,4,1,3,4515,1296,755,1.375
DOGEUSDT,2025-07-25 14:00:00+00:00,4,1,4,5862,1699,964,1.375
XRPUSDT,2025-07-25 14:00:00+00:00,5,2,5,12927,5702,2271,11.6125
DOGEUSDT,2025-07-25 14:15:00+00:00,4,1,4,7544,2059,1236,1.375
ADAUSDT,2025-07-25 14:45:00+00:00,4,3,3,3618,1733,791,3.025
DOGEUSDT,2025-07-25 14:45:00+00:00,5,1,4,7799,2241,1289,1.0
ADAUSDT,2025-07-25 15:00:00+00:00,3,2,3,2904,1259,645,1.2
DOGEUSDT,2025-07-25 15:15:00+00:00,4,1,4,6266,1488,983,1.375
XRPUSDT,2025-07-25 15:30:00+00:00,5,4,5,17422,9422,2864,4.1125
ADAUSDT,2025-07-25 15:45:00+00:00,2,2,2,1695,756,363,3.1375
DOGEUSDT,2025-07-25 15:45:00+00:00,4,1,4,6222,1649,1021,1.375
DOGEUSDT,2025-07-25 16:00:00+00:00,4,1,3,5722,1595,919,1.375
XRPUSDT,2025-07-25 16:00:00+00:00,5,4,4,10315,5964,1635,4.1125
DOGEUSDT,2025-07-25 16:30:00+00:00,4,1,3,5819,1436,871,1.375
ADAUSDT,2025-07-25 17:45:00+00:00,2,2,1,1006,428,210,3.1375
XRPUSDT,2025-07-25 17:45:00+00:00,4,2,3,4184,1512,809,29.925
DOGEUSDT,2025-07-25 18:00:00+00:00,3,1,3,2885,833,460,1.0
ADAUSDT,2025-07-25 20:00:00+00:00,1,2,1,628,263,144,2.95
BTCUSDT,2025-07-25 20:15:00+00:00,4,2,4,3914,1508,599,104.35
XRPUSDT,2025-07-25 20:15:00+00:00,4,4,4,4528,2596,718,14.8625
BTCUSDT,2025-07-25 23:15:00+00:00,3,4,4,2919,1565,532,1.6125
AVAXUSDT,2025-07-26 00:00:00+00:00,1,5,1,251,181,41,225.225
BTCUSDT,2025-07-26 01:15:00+00:00,4,4,4,4024,2229,641,2.3625
BTCUSDT,2025-07-26 08:30:00+00:00,4,4,4,3612,1982,754,2.3625
BTCUSDT,2025-07-26 10:00:00+00:00,4,4,4,4079,2274,746,2.3625
BTCUSDT,2025-07-26 10:15:00+00:00,4,3,4,4536,2048,801,14.5875
ETHUSDT,2025-07-26 11:15:00+00:00,5,4,5,27101,14981,1349,1.0
BTCUSDT,2025-07-26 15:00:00+00:00,4,3,5,5228,2646,850,14.5875
ADAUSDT,2025-07-26 16:15:00+00:00,2,3,2,1439,753,317,28.9875
BTCUSDT,2025-07-26 16:15:00+00:00,4,4,4,5100,2918,740,2.3625
BTCUSDT,2025-07-26 17:30:00+00:00,3,4,4,3305,1787,578,1.6125
BTCUSDT,2025-07-26 18:00:00+00:00,3,4,3,2989,1692,580,1.6125
ADAUSDT,2025-07-26 18:15:00+00:00,3,4,3,1893,1054,381,18.4375
BTCUSDT,2025-07-26 18:15:00+00:00,4,4,4,4800,2635,782,2.3625
BTCUSDT,2025-07-26 19:15:00+00:00,4,5,4,4523,2973,690,1.5125
BTCUSDT,2025-07-26 19:30:00+00:00,4,4,5,3838,2210,693,2.3625
BTCUSDT,2025-07-26 19:45:00+00:00,4,3,5,5561,2740,751,14.5875
BTCUSDT,2025-07-26 20:00:00+00:00,3,3,4,3226,1694,593,11.4125
ETHUSDT,2025-07-26 20:45:00+00:00,4,1,4,5036,1228,470,106.55
BTCUSDT,2025-07-27 01:30:00+00:00,4,4,4,3732,2284,553,2.3625
BTCUSDT,2025-07-27 02:00:00+00:00,3,3,4,3365,1545,649,11.4125
SOLUSDT,2025-07-27 02:00:00+00:00,2,5,3,1624,1047,333,21.8625
BTCUSDT,2025-07-27 02:30:00+00:00,3,4,4,2886,1617,529,1.6125
BTCUSDT,2025-07-27 03:45:00+00:00,3,3,3,2215,1157,458,11.4125
DOGEUSDT,2025-07-27 04:45:00+00:00,3,3,3,3236,1461,522,36.4125
BTCUSDT,2025-07-27 05:45:00+00:00,3,4,4,3428,1850,573,1.6125
BTCUSDT,2025-07-27 06:15:00+00:00,3,4,3,3238,1765,667,1.6125
BTCUSDT,2025-07-27 06:30:00+00:00,3,4,4,3035,1675,550,1.6125
XRPUSDT,2025-07-27 08:15:00+00:00,3,4,4,2930,1606,512,28.8375
BTCUSDT,2025-07-27 08:30:00+00:00,4,4,4,4205,2364,711,2.3625
XRPUSDT,2025-07-27 08:30:00+00:00,3,4,4,2960,1677,533,28.8375
BTCUSDT,2025-07-27 09:45:00+00:00,4,4,4,5025,2841,836,2.3625
ADAUSDT,2025-07-27 10:15:00+00:00,1,3,2,644,343,140,39.4875
ETHUSDT,2025-07-27 12:00:00+00:00,5,1,5,16262,3145,1266,232.8125
AVAXUSDT,2025-07-27 14:45:00+00:00,1,5,1,383,243,75,225.225
XRPUSDT,2025-07-27 14:45:00+00:00,5,5,4,9567,6691,1127,1.5875
XRPUSDT,2025-07-27 15:00:00+00:00,5,5,4,9404,6273,1188,1.5875
XRPUSDT,2025-07-27 15:15:00+00:00,5,5,4,11166,7828,1280,1.5875
XRPUSDT,2025-07-27 15:30:00+00:00,5,5,3,7666,4896,1005,1.5875
DOGEUSDT,2025-07-27 16:00:00+00:00,5,3,4,7962,3756,1313,3.625
DOGEUSDT,2025-07-27 16:15:00+00:00,5,3,4,7620,3662,1247,3.625
DOGEUSDT,2025-07-27 16:30:00+00:00,4,2,4,7037,2825,1230,44.2
SOLUSDT,2025-07-27 16:45:00+00:00,5,4,5,8579,5107,1716,14.5375
XRPUSDT,2025-07-27 17:15:00+00:00,5,4,4,8715,4899,1342,4.1125
SOLUSDT,2025-07-27 18:15:00+00:00,4,3,4,3725,1896,863,26.9375
AVAXUSDT,2025-07-27 22:45:00+00:00,4,5,4,3796,2708,669,3.15
DOGEUSDT,2025-07-27 23:15:00+00:00,3,1,3,3199,870,511,1.0
ETHUSDT,2025-07-27 23:15:00+00:00,5,1,5,12199,1522,764,232.8125
DOGEUSDT,2025-07-27 23:45:00+00:00,3,1,2,1810,513,285,1.0
XRPUSDT,2025-07-28 00:30:00+00:00,5,2,5,11526,4873,1847,11.6125
BTCUSDT,2025-07-28 03:15:00+00:00,5,4,5,8316,5109,975,1.4
BTCUSDT,2025-07-28 03:30:00+00:00,4,4,5,5628,3108,718,2.3625
DOGEUSDT,2025-07-28 04:00:00+00:00,4,1,3,5413,1494,876,1.375
BTCUSDT,2025-07-28 04:45:00+00:00,4,2,5,4092,1601,571,104.35
AVAXUSDT,2025-07-28 05:15:00+00:00,2,5,3,1717,1338,233,51.5625
DOGEUSDT,2025-07-28 07:30:00+00:00,4,2,3,4159,1346,735,44.2
DOGEUSDT,2025-07-28 08:15:00+00:00,3,1,3,3431,967,579,1.0
XRPUSDT,2025-07-28 09:15:00+00:00,4,3,4,4277,2250,749,32.2375
ADAUSDT,2025-07-28 10:30:00+00:00,3,4,3,2425,1492,460,18.4375
AVAXUSDT,2025-07-28 10:30:00+00:00,2,5,2,1245,875,213,51.5625
BTCUSDT,2025-07-28 11:00:00+00:00,4,3,5,5950,2900,914,14.5875
ADAUSDT,2025-07-28 13:00:00+00:00,3,4,3,2645,1554,562,18.4375
DOGEUSDT,2025-07-28 13:15:00+00:00,5,2,5,10217,3579,1759,17.275
ADAUSDT,2025-07-28 14:00:00+00:00,3,3,3,2398,1212,532,10.725
XRPUSDT,2025-07-28 14:00:00+00:00,5,5,4,13778,9150,1793,1.5875
ADAUSDT,2025-07-28 14:15:00+00:00,5,4,5,7752,4645,1565,1.275
ADAUSDT,2025-07-28 15:15:00+00:00,2,3,2,1735,879,391,28.9875
XRPUSDT,2025-07-28 15:15:00+00:00,5,5,5,9882,6515,1416,1.5875
XRPUSDT,2025-07-28 15:30:00+00:00,5,5,4,12628,8850,1666,1.5875
XRPUSDT,2025-07-28 15:45:00+00:00,5,5,4,11371,7493,1600,1.5875
DOGEUSDT,2025-07-28 16:30:00+00:00,4,1,3,4061,967,593,1.375
DOGEUSDT,2025-07-28 17:00:00+00:00,3,1,3,3399,786,495,1.0
DOGEUSDT,2025-07-28 17:15:00+00:00,4,1,4,6020,1739,999,1.375
DOGEUSDT,2025-07-28 17:30:00+00:00,4,1,4,4013,1156,685,1.375
DOGEUSDT,2025-07-28 17:45:00+00:00,4,1,3,3901,1068,650,1.375
SOLUSDT,2025-07-28 18:15:00+00:00,5,5,5,7623,4885,1186,8.275
ADAUSDT,2025-07-28 23:00:00+00:00,2,2,2,1080,462,246,3.1375
DOGEUSDT,2025-07-28 23:30:00+00:00,3,1,2,2825,751,446,1.0
ADAUSDT,2025-07-29 00:30:00+00:00,4,4,4,4467,2455,905,6.0125
SOLUSDT,2025-07-29 02:00:00+00:00,4,5,3,4918,3146,801,28.9
XRPUSDT,2025-07-29 02:00:00+00:00,5,5,4,9224,5933,1086,1.5875
DOGEUSDT,2025-07-29 02:15:00+00:00,5,4,4,12331,6621,1643,1.0
SOLUSDT,2025-07-29 02:30:00+00:00,4,5,4,4744,3144,720,28.9
XRPUSDT,2025-07-29 02:45:00+00:00,4,1,4,4747,1343,749,1.0
SOLUSDT,2025-07-29 03:15:00+00:00,3,2,3,2441,1086,554,1.0
AVAXUSDT,2025-07-29 05:00:00+00:00,1,5,1,458,334,71,225.225
XRPUSDT,2025-07-29 06:30:00+00:00,4,5,4,4850,3234,690,7.4375
DOGEUSDT,2025-07-29 08:00:00+00:00,4,2,4,3614,1217,642,44.2
ADAUSDT,2025-07-29 09:00:00+00:00,2,3,2,940,447,215,28.9875
DOGEUSDT,2025-07-29 10:00:00+00:00,4,3,3,4173,2071,684,16.275
DOGEUSDT,2025-07-29 14:30:00+00:00,4,1,2,3723,984,555,1.375
AVAXUSDT,2025-07-29 14:45:00+00:00,3,5,3,2121,1553,367,11.7
DOGEUSDT,2025-07-29 14:45:00+00:00,5,2,4,10423,4290,1755,17.275
BTCUSDT,2025-07-29 15:45:00+00:00,5,2,5,13964,4360,1443,57.2
DOGEUSDT,2025-07-29 20:45:00+00:00,3,1,2,2367,635,397,1.0
ADAUSDT,2025-07-29 21:15:00+00:00,2,2,1,843,364,200,3.1375
DOGEUSDT,2025-07-29 21:15:00+00:00,3,1,2,2284,643,363,1.0
SOLUSDT,2025-07-29 23:00:00+00:00,2,3,3,1725,872,414,16.0375
DOGEUSDT,2025-07-29 23:15:00+00:00,2,1,2,1377,379,243,1.0
SOLUSDT,2025-07-29 23:15:00+00:00,2,2,2,1326,591,300,1.0
ADAUSDT,2025-07-30 00:30:00+00:00,2,2,2,1020,458,228,3.1375
ADAUSDT,2025-07-30 01:15:00+00:00,3,4,3,1868,1044,377,18.4375
ADAUSDT,2025-07-30 02:30:00+00:00,3,5,2,1905,1336,285,15.725
ADAUSDT,2025-07-30 03:15:00+00:00,1,2,1,600,268,143,2.95
DOGEUSDT,2025-07-30 03:30:00+00:00,2,2,2,1276,436,255,56.45
DOGEUSDT,2025-07-30 04:30:00+00:00,3,3,3,2661,1218,432,36.4125
ADAUSDT,2025-07-30 05:00:00+00:00,1,2,1,734,321,170,2.95
ADAUSDT,2025-07-30 05:30:00+00:00,2,2,1,829,368,158,3.1375
BTCUSDT,2025-07-30 06:00:00+00:00,4,3,4,4458,2173,671,14.5875
SOLUSDT,2025-07-30 06:00:00+00:00,2,3,2,1494,729,349,16.0375
DOGEUSDT,2025-07-30 06:15:00+00:00,2,1,2,1538,419,282,1.0
SOLUSDT,2025-07-30 07:00:00+00:00,3,4,4,3019,1735,605,97.675
ADAUSDT,2025-07-30 07:45:00+00:00,1,2,1,685,297,165,2.95
DOGEUSDT,2025-07-30 09:00:00+00:00,3,1,2,3025,776,490,1.0
XRPUSDT,2025-07-30 10:00:00+00:00,4,4,3,3611,2013,578,14.8625
DOGEUSDT,2025-07-30 11:15:00+00:00,5,2,5,10342,3946,1801,17.275
XRPUSDT,2025-07-30 11:15:00+00:00,5,4,5,12463,6814,1983,4.1125
BTCUSDT,2025-07-30 11:30:00+00:00,5,3,5,7616,3685,913,3.325
ADAUSDT,2025-07-30 12:30:00+00:00,3,2,3,2145,888,475,1.2
ADAUSDT,2025-07-30 13:00:00+00:00,3,3,2,1814,885,405,10.725
SOLUSDT,2025-07-30 13:30:00+00:00,4,2,4,4660,2086,1072,1.275
ADAUSDT,2025-07-30 13:45:00+00:00,3,3,3,1786,882,386,10.725
DOGEUSDT,2025-07-30 13:45:00+00:00,4,1,3,4529,1299,681,1.375
AVAXUSDT,2025-07-30 15:30:00+00:00,4,5,3,4020,3402,320,3.15
DOGEUSDT,2025-07-30 15:30:00+00:00,3,1,3,2864,765,450,1.0
DOGEUSDT,2025-07-30 16:00:00+00:00,3,2,3,2989,973,534,69.6875
BTCUSDT,2025-07-30 16:30:00+00:00,4,3,5,6661,3299,644,14.5875
BTCUSDT,2025-07-30 16:45:00+00:00,4,3,5,6016,2868,631,14.5875
DOGEUSDT,2025-07-30 18:15:00+00:00,4,1,3,4738,1181,753,1.375
ADAUSDT,2025-07-30 18:30:00+00:00,3,2,3,2103,878,474,1.2
SOLUSDT,2025-07-30 18:30:00+00:00,4,2,4,4882,2104,1118,1.275
XRPUSDT,2025-07-30 18:30:00+00:00,5,3,5,12104,5762,1987,12.4625
ADAUSDT,2025-07-30 19:00:00+00:00,5,4,5,15405,9013,3008,1.275
XRPUSDT,2025-07-30 19:30:00+00:00,5,4,5,14610,8273,1974,4.1125
ADAUSDT,2025-07-30 20:15:00+00:00,2,3,2,1370,661,287,28.9875
DOGEUSDT,2025-07-30 20:15:00+00:00,4,1,3,4261,1227,709,1.375
DOGEUSDT,2025-07-30 20:30:00+00:00,3,1,2,2885,779,486,1.0
ADAUSDT,2025-07-30 21:45:00+00:00,1,2,1,506,208,124,2.95
DOGEUSDT,2025-07-30 22:00:00+00:00,3,1,3,2710,780,481,1.0
SOLUSDT,2025-07-30 22:45:00+00:00,2,3,2,1626,840,406,16.0375
BTCUSDT,2025-07-30 23:15:00+00:00,3,3,4,2744,1332,493,11.4125
DOGEUSDT,2025-07-31 00:00:00+00:00,3,2,2,2087,841,402,69.6875
DOGEUSDT,2025-07-31 00:30:00+00:00,4,3,3,4477,2202,738,16.275
BTCUSDT,2025-07-31 00:45:00+00:00,5,3,5,13216,5941,1481,3.325
BTCUSDT,2025-07-31 03:15:00+00:00,3,4,4,3320,1944,574,1.6125
XRPUSDT,2025-07-31 04:30:00+00:00,2,3,3,1651,838,343,75.6375
ETHUSDT,2025-07-31 05:15:00+00:00,4,2,5,4951,1643,502,26.225
BTCUSDT,2025-07-31 06:00:00+00:00,4,4,4,6200,3597,904,2.3625
BTCUSDT,2025-07-31 06:15:00+00:00,4,4,4,4532,2659,741,2.3625
BTCUSDT,2025-07-31 06:45:00+00:00,4,4,5,7321,4199,887,2.3625
BTCUSDT,2025-07-31 07:15:00+00:00,5,3,5,11613,6139,1104,3.325
BTCUSDT,2025-07-31 08:15:00+00:00,4,3,4,3774,1945,631,14.5875
BTCUSDT,2025-07-31 09:45:00+00:00,3,3,4,2997,1547,568,11.4125
AVAXUSDT,2025-07-31 10:15:00+00:00,1,4,1,252,156,47,15.825
XRPUSDT,2025-07-31 12:30:00+00:00,4,2,4,4377,1843,771,29.925
DOGEUSDT,2025-07-31 13:30:00+00:00,4,2,3,6000,1932,1072,44.2
SOLUSDT,2025-07-31 13:30:00+00:00,4,3,5,6676,3542,1403,26.9375
AVAXUSDT,2025-07-31 13:45:00+00:00,3,5,4,3304,2535,394,11.7
DOGEUSDT,2025-07-31 17:00:00+00:00,4,1,2,3866,1078,636,1.375
DOGEUSDT,2025-07-31 17:30:00+00:00,3,1,2,3403,813,528,1.0
XRPUSDT,2025-07-31 18:00:00+00:00,4,2,4,5180,2150,901,29.925
ADAUSDT,2025-07-31 18:45:00+00:00,2,2,2,828,371,193,3.1375
ADAUSDT,2025-07-31 21:45:00+00:00,3,4,3,2108,1286,415,18.4375
SOLUSDT,2025-07-31 22:00:00+00:00,4,2,4,4588,2034,1070,1.275
DOGEUSDT,2025-07-31 22:15:00+00:00,4,1,3,3589,1012,580,1.375
ADAUSDT,2025-08-01 00:45:00+00:00,5,4,4,8952,5344,1773,1.275
ADAUSDT,2025-08-01 01:00:00+00:00,4,4,3,4127,2212,916,6.0125
DOGEUSDT,2025-08-01 01:15:00+00:00,5,2,4,9902,3202,1711,17.275
AVAXUSDT,2025-08-01 01:30:00+00:00,2,5,2,816,559,161,51.5625
DOGEUSDT,2025-08-01 02:30:00+00:00,3,2,3,3127,1086,539,69.6875
ADAUSDT,2025-08-01 05:00:00+00:00,2,4,2,1391,847,249,52.55
XRPUSDT,2025-08-01 05:30:00+00:00,4,2,4,6481,2832,1115,29.925
ADAUSDT,2025-08-01 08:00:00+00:00,4,4,4,4733,2794,983,6.0125
SOLUSDT,2025-08-01 08:00:00+00:00,5,4,5,10536,5853,2175,14.5375
ADAUSDT,2025-08-01 08:15:00+00:00,4,4,3,3762,2110,844,6.0125
AVAXUSDT,2025-08-01 09:00:00+00:00,2,4,3,1315,798,245,1.0
ADAUSDT,2025-08-01 09:45:00+00:00,2,3,2,1079,561,258,28.9875
XRPUSDT,2025-08-01 10:00:00+00:00,4,2,3,4273,1703,796,29.925
DOGEUSDT,2025-08-01 11:15:00+00:00,3,1,2,1917,512,318,1.0
DOGEUSDT,2025-08-01 13:30:00+00:00,4,1,4,5952,1655,1000,1.375
ADAUSDT,2025-08-01 14:15:00+00:00,3,3,3,2906,1516,656,10.725
SOLUSDT,2025-08-01 14:30:00+00:00,4,3,4,5617,2873,1262,26.9375
ADAUSDT,2025-08-01 15:00:00+00:00,3,2,2,1869,836,431,1.2
DOGEUSDT,2025-08-01 15:30:00+00:00,4,1,3,4651,1227,801,1.375
ADAUSDT,2025-08-01 16:30:00+00:00,3,4,3,2389,1379,461,18.4375
DOGEUSDT,2025-08-01 17:15:00+00:00,4,1,3,4475,1253,706,1.375
SOLUSDT,2025-08-01 17:15:00+00:00,4,2,3,3650,1601,840,1.275
SOLUSDT,2025-08-01 18:00:00+00:00,4,2,4,4806,2122,1104,1.275
DOGEUSDT,2025-08-01 18:30:00+00:00,4,1,2,3900,1016,667,1.375
DOGEUSDT,2025-08-01 18:45:00+00:00,4,1,3,5059,1435,841,1.375
SOLUSDT,2025-08-01 19:00:00+00:00,4,2,3,4007,1674,925,1.275
ADAUSDT,2025-08-01 19:15:00+00:00,3,2,2,1778,739,400,1.2
DOGEUSDT,2025-08-01 19:15:00+00:00,4,1,3,5755,1423,875,1.375
DOGEUSDT,2025-08-01 19:30:00+00:00,4,1,4,5985,1674,994,1.375
DOGEUSDT,2025-08-01 19:45:00+00:00,4,1,3,4676,1331,754,1.375
DOGEUSDT,2025-08-01 20:15:00+00:00,4,2,3,5896,1788,1045,44.2
ADAUSDT,2025-08-01 20:30:00+00:00,3,3,3,2535,1342,486,10.725
XRPUSDT,2025-08-01 20:30:00+00:00,5,2,4,8603,3609,1331,11.6125
ADAUSDT,2025-08-01 20:45:00+00:00,3,2,2,1769,748,362,1.2
DOGEUSDT,2025-08-01 21:00:00+00:00,4,1,4,6115,1718,940,1.375
XRPUSDT,2025-08-01 21:00:00+00:00,5,3,4,9660,4487,1394,12.4625
XRPUSDT,2025-08-01 21:15:00+00:00,5,4,3,8776,4896,1284,4.1125
DOGEUSDT,2025-08-01 21:30:00+00:00,3,1,2,1956,543,326,1.0
XRPUSDT,2025-08-02 00:00:00+00:00,5,2,4,8364,3432,1358,11.6125
XRPUSDT,2025-08-02 02:00:00+00:00,2,3,2,1657,815,329,75.6375
ETHUSDT,2025-08-02 03:30:00+00:00,4,1,4,5370,1490,522,106.55
SOLUSDT,2025-08-02 04:15:00+00:00,2,3,3,1395,725,322,16.0375
BTCUSDT,2025-08-02 04:30:00+00:00,4,3,4,4051,1984,657,14.5875
DOGEUSDT,2025-08-02 05:00:00+00:00,2,3,2,1532,729,311,66.0875
XRPUSDT,2025-08-02 05:30:00+00:00,4,5,3,3958,2561,566,7.4375
ADAUSDT,2025-08-02 06:15:00+00:00,3,5,2,2168,1450,358,15.725
XRPUSDT,2025-08-02 06:15:00+00:00,5,4,4,9140,5308,1403,4.1125
DOGEUSDT,2025-08-02 06:30:00+00:00,5,3,5,13838,6287,2261,3.625
XRPUSDT,2025-08-02 06:30:00+00:00,5,4,4,10485,5679,1645,4.1125
SOLUSDT,2025-08-02 07:15:00+00:00,3,3,4,2687,1409,605,43.7
ADAUSDT,2025-08-02 11:00:00+00:00,2,3,1,1148,589,283,28.9875
BTCUSDT,2025-08-02 11:00:00+00:00,4,3,4,4713,2309,607,14.5875
ADAUSDT,2025-08-02 11:15:00+00:00,2,3,2,1144,557,264,28.9875
ADAUSDT,2025-08-02 11:30:00+00:00,1,2,1,692,275,160,2.95
AVAXUSDT,2025-08-02 11:30:00+00:00,1,4,1,278,170,61,15.825
SOLUSDT,2025-08-02 12:15:00+00:00,3,3,2,1821,891,429,43.7
XRPUSDT,2025-08-02 13:00:00+00:00,4,2,3,3929,1691,674,29.925
DOGEUSDT,2025-08-02 13:15:00+00:00,3,1,2,2237,595,362,1.0
BTCUSDT,2025-08-02 13:45:00+00:00,4,3,4,5343,2438,776,14.5875
XRPUSDT,2025-08-02 16:00:00+00:00,5,3,4,9240,4231,1632,12.4625
ADAUSDT,2025-08-02 17:45:00+00:00,4,5,3,3846,2536,632,4.225
DOGEUSDT,2025-08-02 17:45:00+00:00,5,3,4,11043,5038,2097,3.625
BTCUSDT,2025-08-02 18:15:00+00:00,5,1,5,20384,5728,1892,173.075
XRPUSDT,2025-08-02 18:30:00+00:00,5,3,5,26049,13121,3976,12.4625
XRPUSDT,2025-08-02 18:45:00+00:00,5,3,5,17139,7966,2789,12.4625
ADAUSDT,2025-08-02 19:15:00+00:00,2,3,2,1495,781,353,28.9875
DOGEUSDT,2025-08-02 20:15:00+00:00,3,1,2,2966,854,495,1.0
DOGEUSDT,2025-08-02 20:30:00+00:00,3,1,2,2535,722,433,1.0
XRPUSDT,2025-08-03 00:00:00+00:00,5,2,4,11664,4418,1748,11.6125
DOGEUSDT,2025-08-03 01:45:00+00:00,4,3,4,4176,2189,702,16.275
BTCUSDT,2025-08-03 02:15:00+00:00,4,3,5,6366,3269,595,14.5875
XRPUSDT,2025-08-03 04:15:00+00:00,3,3,3,2618,1181,466,62.125
BTCUSDT,2025-08-03 07:30:00+00:00,3,3,3,3141,1573,513,11.4125
XRPUSDT,2025-08-03 07:45:00+00:00,3,4,4,3375,1967,585,28.8375
BTCUSDT,2025-08-03 08:00:00+00:00,3,4,4,2972,1712,457,1.6125
XRPUSDT,2025-08-03 08:15:00+00:00,4,5,4,4620,2913,722,7.4375
ADAUSDT,2025-08-03 09:15:00+00:00,1,3,1,410,207,97,39.4875
XRPUSDT,2025-08-03 11:15:00+00:00,4,4,4,6047,3573,1048,14.8625
BTCUSDT,2025-08-03 11:45:00+00:00,4,4,4,4537,2443,621,2.3625
XRPUSDT,2025-08-03 13:45:00+00:00,3,3,3,2714,1335,480,62.125
ADAUSDT,2025-08-03 17:45:00+00:00,1,3,1,317,163,85,39.4875
BTCUSDT,2025-08-03 19:45:00+00:00,4,2,4,6571,2319,763,104.35
XRPUSDT,2025-08-03 19:45:00+00:00,4,4,3,3603,2034,673,14.8625
BTCUSDT,2025-08-03 21:45:00+00:00,3,3,3,2776,1298,483,11.4125
BTCUSDT,2025-08-03 22:30:00+00:00,3,2,3,3089,1002,424,18.6125
BTCUSDT,2025-08-04 05:00:00+00:00,4,2,4,4405,1932,713,104.35
XRPUSDT,2025-08-04 05:15:00+00:00,3,3,3,2650,1394,476,62.125
XRPUSDT,2025-08-04 07:00:00+00:00,3,2,4,3467,1528,676,48.225
XRPUSDT,2025-08-04 10:30:00+00:00,3,2,3,2030,828,425,48.225
XRPUSDT,2025-08-04 14:00:00+00:00,5,3,5,17239,8447,2870,12.4625
SOLUSDT,2025-08-04 15:00:00+00:00,4,3,4,3882,2021,877,26.9375
ADAUSDT,2025-08-04 15:45:00+00:00,2,5,1,1600,1108,244,40.525
XRPUSDT,2025-08-04 16:00:00+00:00,4,5,4,7316,4591,1011,7.4375
ADAUSDT,2025-08-04 17:45:00+00:00,2,3,2,923,458,200,28.9875
ADAUSDT,2025-08-04 19:45:00+00:00,1,2,1,480,210,106,2.95
SOLUSDT,2025-08-04 21:00:00+00:00,3,3,4,2590,1328,569,43.7
ADAUSDT,2025-08-05 04:15:00+00:00,1,3,2,766,409,173,39.4875
BTCUSDT,2025-08-05 06:00:00+00:00,3,2,4,2870,1262,450,18.6125
SOLUSDT,2025-08-05 06:45:00+00:00,3,3,3,2603,1321,570,43.7
XRPUSDT,2025-08-05 07:30:00+00:00,5,4,5,9472,5140,1553,4.1125
ADAUSDT,2025-08-05 10:45:00+00:00,2,4,2,837,454,187,52.55
ADAUSDT,2025-08-05 13:15:00+00:00,2,4,2,1011,575,222,52.55
ADAUSDT,2025-08-05 14:30:00+00:00,4,4,4,3946,2196,859,6.0125
SOLUSDT,2025-08-05 16:00:00+00:00,4,3,4,3550,1863,782,26.9375
ADAUSDT,2025-08-05 18:00:00+00:00,1,2,1,566,217,112,2.95
BTCUSDT,2025-08-05 18:15:00+00:00,4,1,4,6753,1786,738,46.3875
BTCUSDT,2025-08-05 19:45:00+00:00,4,1,4,6768,1957,804,46.3875
DOGEUSDT,2025-08-05 20:30:00+00:00,2,1,1,1479,426,264,1.0
SOLUSDT,2025-08-05 20:30:00+00:00,3,3,3,2082,1070,474,43.7
XRPUSDT,2025-08-05 23:00:00+00:00,4,4,4,3885,2253,646,14.8625
SOLUSDT,2025-08-06 00:30:00+00:00,2,2,2,1606,704,386,1.0
SOLUSDT,2025-08-06 01:00:00+00:00,3,2,3,2107,935,496,1.0
DOGEUSDT,2025-08-06 01:30:00+00:00,3,2,2,2180,893,405,69.6875
BTCUSDT,2025-08-06 02:15:00+00:00,3,2,4,3114,1009,401,18.6125
DOGEUSDT,2025-08-06 02:15:00+00:00,2,2,1,1244,407,267,56.45
SOLUSDT,2025-08-06 02:15:00+00:00,2,2,2,1466,658,344,1.0
ETHUSDT,2025-08-06 03:30:00+00:00,4,1,4,6875,723,421,106.55
SOLUSDT,2025-08-06 04:00:00+00:00,2,3,2,1746,869,419,16.0375
XRPUSDT,2025-08-06 05:00:00+00:00,3,2,4,3449,1437,630,48.225
AVAXUSDT,2025-08-06 06:30:00+00:00,1,3,1,223,119,56,1.0
ADAUSDT,2025-08-06 06:45:00+00:00,1,4,1,737,434,149,104.5375
ADAUSDT,2025-08-06 08:00:00+00:00,1,3,1,686,364,164,39.4875
ADAUSDT,2025-08-06 08:45:00+00:00,1,2,1,520,225,119,2.95
ADAUSDT,2025-08-06 10:00:00+00:00,1,2,1,430,190,106,2.95
ADAUSDT,2025-08-06 10:45:00+00:00,1,4,1,529,312,120,104.5375
BTCUSDT,2025-08-06 10:45:00+00:00,3,2,4,2970,1227,522,18.6125
XRPUSDT,2025-08-06 11:45:00+00:00,2,3,2,1517,701,323,75.6375
DOGEUSDT,2025-08-06 13:30:00+00:00,4,1,3,4805,1371,775,1.375
SOLUSDT,2025-08-06 13:30:00+00:00,4,2,4,5051,2220,1183,1.275
XRPUSDT,2025-08-06 13:30:00+00:00,5,2,4,8132,2915,1255,11.6125
DOGEUSDT,2025-08-06 13:45:00+00:00,3,1,3,3472,897,555,1.0
SOLUSDT,2025-08-06 13:45:00+00:00,4,3,4,4507,2102,1017,26.9375
BTCUSDT,2025-08-06 17:30:00+00:00,4,3,4,5503,2660,735,14.5875
XRPUSDT,2025-08-06 20:15:00+00:00,2,2,2,1324,544,295,29.175
XRPUSDT,2025-08-06 21:30:00+00:00,3,4,4,3313,1894,562,28.8375
BTCUSDT,2025-08-06 23:30:00+00:00,3,3,4,2713,1302,447,11.4125
ADAUSDT,2025-08-07 03:30:00+00:00,1,3,1,268,134,69,39.4875
BTCUSDT,2025-08-07 03:45:00+00:00,3,3,4,2942,1449,448,11.4125
BTCUSDT,2025-08-07 06:30:00+00:00,4,3,4,3912,2057,567,14.5875
XRPUSDT,2025-08-07 08:30:00+00:00,3,5,3,2565,1596,424,12.5625
BTCUSDT,2025-08-07 09:45:00+00:00,4,3,4,4758,2297,732,14.5875
ADAUSDT,2025-08-07 10:00:00+00:00,3,4,3,2753,1634,587,18.4375
DOGEUSDT,2025-08-07 10:30:00+00:00,5,3,5,8163,3972,1476,3.625
DOGEUSDT,2025-08-07 10:45:00+00:00,4,2,4,5124,2256,954,44.2
AVAXUSDT,2025-08-07 11:15:00+00:00,1,5,2,634,429,123,225.225
XRPUSDT,2025-08-07 11:15:00+00:00,4,3,4,4475,2040,844,32.2375
BTCUSDT,2025-08-07 14:00:00+00:00,5,2,5,11668,4241,1250,57.2
DOGEUSDT,2025-08-07 14:00:00+00:00,3,3,3,2729,1238,561,36.4125
BTCUSDT,2025-08-07 16:15:00+00:00,4,3,5,7525,3556,879,14.5875
XRPUSDT,2025-08-07 16:15:00+00:00,3,2,3,2105,774,418,48.225
XRPUSDT,2025-08-07 20:00:00+00:00,5,3,5,9989,5202,1553,12.4625
BTCUSDT,2025-08-07 22:15:00+00:00,4,1,5,5959,1689,683,46.3875
XRPUSDT,2025-08-07 23:00:00+00:00,5,3,5,19680,9912,3026,12.4625
ADAUSDT,2025-08-08 00:00:00+00:00,4,4,3,4340,2327,947,6.0125
ADAUSDT,2025-08-08 00:15:00+00:00,5,3,4,8221,4188,1651,1.0
AVAXUSDT,2025-08-08 00:30:00+00:00,4,5,3,3853,2864,643,3.15
DOGEUSDT,2025-08-08 00:30:00+00:00,5,2,4,12668,3990,2161,17.275
ADAUSDT,2025-08-08 01:15:00+00:00,5,2,4,8140,3521,1838,1.0
SOLUSDT,2025-08-08 01:15:00+00:00,4,3,4,7127,3254,1715,26.9375
XRPUSDT,2025-08-08 01:15:00+00:00,5,2,5,23043,9042,3571,11.6125
ADAUSDT,2025-08-08 01:30:00+00:00,3,2,2,1766,724,394,1.2
ADAUSDT,2025-08-08 01:45:00+00:00,2,2,2,1145,513,244,3.1375
ADAUSDT,2025-08-08 03:15:00+00:00,3,3,3,1940,1021,413,10.725
ETHUSDT,2025-08-08 03:30:00+00:00,5,1,5,16969,3162,1265,232.8125
SOLUSDT,2025-08-08 03:45:00+00:00,3,4,3,1923,1090,435,97.675
BTCUSDT,2025-08-08 06:15:00+00:00,4,3,5,5105,2334,658,14.5875
SOLUSDT,2025-08-08 06:15:00+00:00,2,4,3,1739,936,409,69.175
XRPUSDT,2025-08-08 07:15:00+00:00,4,2,4,5385,2012,941,29.925
ADAUSDT,2025-08-08 07:30:00+00:00,2,3,2,1066,543,247,28.9875
BTCUSDT,2025-08-08 08:45:00+00:00,5,4,4,9048,5106,1179,1.4
SOLUSDT,2025-08-08 08:45:00+00:00,4,5,4,4098,2714,659,28.9
BTCUSDT,2025-08-08 09:00:00+00:00,5,4,4,8620,5126,1187,1.4
XRPUSDT,2025-08-08 09:30:00+00:00,4,3,4,4246,1948,771,32.2375
BTCUSDT,2025-08-08 09:45:00+00:00,4,4,4,6922,4044,945,2.3625
ETHUSDT,2025-08-08 09:45:00+00:00,5,3,4,10473,4741,946,1.4625
BTCUSDT,2025-08-08 10:15:00+00:00,4,4,4,6008,3282,986,2.3625
ETHUSDT,2025-08-08 11:00:00+00:00,5,2,5,9468,3488,933,22.9625
BTCUSDT,2025-08-08 11:15:00+00:00,4,4,4,6105,3663,854,2.3625
BTCUSDT,2025-08-08 11:30:00+00:00,4,4,4,6066,3496,935,2.3625
XRPUSDT,2025-08-08 11:30:00+00:00,3,3,4,2778,1398,522,62.125
BTCUSDT,2025-08-08 12:00:00+00:00,5,3,4,7702,3755,1078,3.325
BTCUSDT,2025-08-08 12:15:00+00:00,5,3,5,7856,4170,1147,3.325
XRPUSDT,2025-08-08 12:45:00+00:00,4,3,4,5185,2442,906,32.2375
ADAUSDT,2025-08-08 14:00:00+00:00,4,4,4,5024,2839,1094,6.0125
XRPUSDT,2025-08-08 14:15:00+00:00,5,4,5,14835,8271,2044,4.1125
XRPUSDT,2025-08-08 15:30:00+00:00,5,4,5,15035,8319,2366,4.1125
SOLUSDT,2025-08-08 16:45:00+00:00,3,3,3,2327,1214,550,43.7
XRPUSDT,2025-08-08 17:00:00+00:00,5,5,5,9124,6844,945,1.5875
ADAUSDT,2025-08-08 17:45:00+00:00,2,4,2,1539,875,348,52.55
ETHUSDT,2025-08-08 21:45:00+00:00,4,2,4,3575,1588,535,26.225
XRPUSDT,2025-08-08 23:15:00+00:00,3,3,3,2080,935,405,62.125
XRPUSDT,2025-08-09 00:45:00+00:00,3,3,3,2610,1281,459,62.125
BTCUSDT,2025-08-09 03:45:00+00:00,4,3,5,3694,1664,508,14.5875
BTCUSDT,2025-08-09 04:45:00+00:00,4,4,4,3625,1957,588,2.3625
BTCUSDT,2025-08-09 05:00:00+00:00,5,3,5,17331,8442,1657,3.325
ETHUSDT,2025-08-09 05:15:00+00:00,5,1,5,32069,5510,2475,232.8125
XRPUSDT,2025-08-09 05:15:00+00:00,5,5,5,8162,5104,1084,1.5875
BTCUSDT,2025-08-09 06:45:00+00:00,4,3,4,3767,1777,538,14.5875
BTCUSDT,2025-08-09 07:45:00+00:00,3,4,4,2823,1569,570,1.6125
XRPUSDT,2025-08-09 09:15:00+00:00,4,3,4,3804,1983,725,32.2375
XRPUSDT,2025-08-09 09:30:00+00:00,4,3,4,3843,1874,716,32.2375
DOGEUSDT,2025-08-09 09:45:00+00:00,4,2,3,3583,1284,717,44.2
ADAUSDT,2025-08-09 15:30:00+00:00,2,2,1,929,401,217,3.1375
DOGEUSDT,2025-08-09 15:30:00+00:00,4,1,4,4933,1369,793,1.375
ADAUSDT,2025-08-09 17:00:00+00:00,2,3,2,1316,702,277,28.9875
DOGEUSDT,2025-08-09 17:00:00+00:00,4,1,4,4976,1444,872,1.375
ADAUSDT,2025-08-09 17:30:00+00:00,3,5,3,2538,1784,360,15.725
SOLUSDT,2025-08-09 18:15:00+00:00,3,3,4,2325,1221,537,43.7
ADAUSDT,2025-08-09 18:30:00+00:00,2,3,2,1007,521,226,28.9875
BTCUSDT,2025-08-09 18:30:00+00:00,4,4,4,3749,2016,727,2.3625
SOLUSDT,2025-08-09 19:00:00+00:00,3,4,4,2815,1590,594,97.675
DOGEUSDT,2025-08-09 19:15:00+00:00,4,1,3,4103,1158,666,1.375
XRPUSDT,2025-08-09 22:45:00+00:00,4,4,4,7154,3840,1089,14.8625
AVAXUSDT,2025-08-09 23:30:00+00:00,3,5,2,1905,1663,133,11.7
DOGEUSDT,2025-08-10 03:45:00+00:00,4,2,4,3497,1332,663,44.2
ADAUSDT,2025-08-10 05:15:00+00:00,4,5,3,3577,2397,588,4.225
ADAUSDT,2025-08-10 07:30:00+00:00,4,5,4,6273,3923,1109,4.225
ADAUSDT,2025-08-10 08:00:00+00:00,4,4,3,3998,2258,850,6.0125
ADAUSDT,2025-08-10 09:45:00+00:00,1,3,1,718,354,171,39.4875
BTCUSDT,2025-08-10 10:45:00+00:00,4,2,4,4774,1560,620,104.35
ETHUSDT,2025-08-10 14:00:00+00:00,5,1,5,19810,3869,1441,232.8125
DOGEUSDT,2025-08-10 17:15:00+00:00,3,1,2,1771,501,319,1.0
BTCUSDT,2025-08-10 17:45:00+00:00,3,4,3,3348,1812,542,1.6125
DOGEUSDT,2025-08-10 17:45:00+00:00,2,1,2,1297,369,224,1.0
XRPUSDT,2025-08-10 18:15:00+00:00,2,3,2,1503,687,297,75.6375
BTCUSDT,2025-08-10 18:45:00+00:00,3,3,4,3317,1578,519,11.4125
DOGEUSDT,2025-08-10 20:45:00+00:00,2,1,2,1211,338,212,1.0
ADAUSDT,2025-08-11 00:30:00+00:00,2,3,2,1197,608,279,28.9875
ADAUSDT,2025-08-11 01:00:00+00:00,1,2,1,714,311,172,2.95
BTCUSDT,2025-08-11 01:00:00+00:00,4,1,5,6934,1860,737,46.3875
DOGEUSDT,2025-08-11 01:00:00+00:00,3,1,2,2286,635,409,1.0
DOGEUSDT,2025-08-11 02:00:00+00:00,4,2,5,7213,2437,1256,44.2
ADAUSDT,2025-08-11 02:30:00+00:00,3,4,3,2168,1281,481,18.4375
XRPUSDT,2025-08-11 02:30:00+00:00,4,3,5,5960,2932,1057,32.2375
SOLUSDT,2025-08-11 03:15:00+00:00,4,4,5,4702,2653,983,52.7875
BTCUSDT,2025-08-11 06:15:00+00:00,5,3,5,8707,4211,1119,3.325
BTCUSDT,2025-08-11 07:45:00+00:00,5,3,5,14166,6790,1817,3.325
XRPUSDT,2025-08-11 07:45:00+00:00,4,4,4,6090,3276,994,14.8625
AVAXUSDT,2025-08-11 08:00:00+00:00,3,5,2,1758,1451,194,11.7
ETHUSDT,2025-08-11 08:00:00+00:00,5,2,5,25679,8056,1922,22.9625
BTCUSDT,2025-08-11 08:15:00+00:00,5,3,5,8300,4015,1072,3.325
ADAUSDT,2025-08-11 09:15:00+00:00,2,3,2,857,439,201,28.9875
SOLUSDT,2025-08-11 10:15:00+00:00,4,4,4,4056,2372,870,52.7875
SOLUSDT,2025-08-11 10:45:00+00:00,3,4,4,3388,1953,678,97.675
SOLUSDT,2025-08-11 12:00:00+00:00,4,4,4,4731,2580,1078,52.7875
AVAXUSDT,2025-08-11 12:30:00+00:00,3,5,3,2097,1545,337,11.7
AVAXUSDT,2025-08-11 13:00:00+00:00,2,5,2,1099,788,203,51.5625
XRPUSDT,2025-08-11 13:00:00+00:00,5,2,5,10398,4426,1587,11.6125
DOGEUSDT,2025-08-11 14:15:00+00:00,4,1,3,4581,1290,795,1.375
DOGEUSDT,2025-08-11 14:30:00+00:00,4,2,4,6595,2750,1057,44.2
ADAUSDT,2025-08-11 15:15:00+00:00,2,2,2,1089,478,258,3.1375
ADAUSDT,2025-08-11 16:00:00+00:00,3,3,3,2930,1467,664,10.725
ETHUSDT,2025-08-11 16:15:00+00:00,5,1,5,30689,4579,1889,232.8125
ADAUSDT,2025-08-11 17:00:00+00:00,2,2,2,1052,467,239,3.1375
DOGEUSDT,2025-08-11 17:00:00+00:00,3,1,2,2697,681,459,1.0
SOLUSDT,2025-08-11 17:15:00+00:00,3,3,3,3366,1665,773,43.7
DOGEUSDT,2025-08-11 17:30:00+00:00,3,1,2,2686,680,444,1.0
DOGEUSDT,2025-08-11 17:45:00+00:00,3,1,2,2254,632,404,1.0
DOGEUSDT,2025-08-11 18:15:00+00:00,3,1,3,3145,859,535,1.0
DOGEUSDT,2025-08-11 18:30:00+00:00,3,1,3,2897,834,502,1.0
ADAUSDT,2025-08-11 19:00:00+00:00,1,2,1,588,260,156,2.95
DOGEUSDT,2025-08-11 19:00:00+00:00,3,1,2,1883,484,331,1.0
DOGEUSDT,2025-08-11 20:15:00+00:00,3,1,2,2502,686,393,1.0
DOGEUSDT,2025-08-11 20:30:00+00:00,2,1,2,1654,445,278,1.0
ADAUSDT,2025-08-11 21:15:00+00:00,2,5,2,1176,763,223,40.525
DOGEUSDT,2025-08-11 21:15:00+00:00,2,1,2,1722,497,328,1.0
BTCUSDT,2025-08-11 22:00:00+00:00,5,2,5,9629,2908,979,57.2
DOGEUSDT,2025-08-11 22:30:00+00:00,3,1,3,2858,819,492,1.0
DOGEUSDT,2025-08-12 00:30:00+00:00,3,2,2,1997,749,407,69.6875
AVAXUSDT,2025-08-12 01:15:00+00:00,1,4,1,218,134,48,15.825
BTCUSDT,2025-08-12 03:15:00+00:00,4,2,5,5219,1545,707,104.35
ETHUSDT,2025-08-12 04:30:00+00:00,5,1,5,15537,2831,1117,232.8125
XRPUSDT,2025-08-12 05:45:00+00:00,3,2,3,1853,807,359,48.225
BTCUSDT,2025-08-12 07:30:00+00:00,4,4,5,6795,3677,1145,2.3625
XRPUSDT,2025-08-12 07:30:00+00:00,3,4,3,3094,1784,574,28.8375
SOLUSDT,2025-08-12 11:00:00+00:00,3,4,3,2540,1391,560,97.675
DOGEUSDT,2025-08-12 12:00:00+00:00,3,2,3,2701,1061,623,69.6875
AVAXUSDT,2025-08-12 12:45:00+00:00,3,5,3,1933,1422,311,11.7
ADAUSDT,2025-08-12 14:00:00+00:00,3,4,3,2038,1121,457,18.4375
XRPUSDT,2025-08-12 15:15:00+00:00,4,2,4,4001,1701,762,29.925
AVAXUSDT,2025-08-12 16:00:00+00:00,2,5,2,1152,810,230,51.5625
ADAUSDT,2025-08-12 16:30:00+00:00,4,5,4,3827,2741,590,4.225
DOGEUSDT,2025-08-12 16:45:00+00:00,4,2,4,4675,1897,928,44.2
ADAUSDT,2025-08-12 17:00:00+00:00,4,5,4,4431,2907,828,4.225
ADAUSDT,2025-08-12 17:30:00+00:00,4,5,3,3953,2646,764,4.225
SOLUSDT,2025-08-12 20:15:00+00:00,5,4,5,8619,4811,1892,14.5375
ADAUSDT,2025-08-12 22:30:00+00:00,3,5,3,2486,1812,320,15.725
SOLUSDT,2025-08-13 01:15:00+00:00,5,4,5,8837,5146,1790,14.5375
DOGEUSDT,2025-08-13 01:45:00+00:00,3,2,3,2959,1115,545,69.6875
XRPUSDT,2025-08-13 02:00:00+00:00,4,4,4,4775,2804,781,14.8625
XRPUSDT,2025-08-13 02:15:00+00:00,3,4,4,2922,1742,502,28.8375
ETHUSDT,2025-08-13 02:45:00+00:00,5,1,5,17245,2669,1163,232.8125
ADAUSDT,2025-08-13 04:00:00+00:00,3,4,4,2916,1757,573,18.4375
BTCUSDT,2025-08-13 05:15:00+00:00,4,2,5,5729,2318,672,104.35
BTCUSDT,2025-08-13 07:15:00+00:00,4,3,4,3732,1711,628,14.5875
XRPUSDT,2025-08-13 08:15:00+00:00,4,3,5,7122,3711,1127,32.2375
BTCUSDT,2025-08-13 09:00:00+00:00,5,3,5,8239,3743,1018,3.325
AVAXUSDT,2025-08-13 09:15:00+00:00,2,5,2,1549,1192,225,51.5625
XRPUSDT,2025-08-13 09:15:00+00:00,4,3,4,4893,2361,848,32.2375
DOGEUSDT,2025-08-13 09:30:00+00:00,4,2,4,7410,3301,1345,44.2
ADAUSDT,2025-08-13 12:45:00+00:00,3,4,3,2340,1448,442,18.4375
ADAUSDT,2025-08-13 13:45:00+00:00,4,4,4,5426,3017,1174,6.0125
DOGEUSDT,2025-08-13 17:15:00+00:00,4,2,3,3983,1457,832,44.2
SOLUSDT,2025-08-13 17:15:00+00:00,4,3,5,4110,2175,902,26.9375
DOGEUSDT,2025-08-13 17:30:00+00:00,4,2,3,3646,1310,753,44.2
DOGEUSDT,2025-08-13 21:15:00+00:00,3,1,2,2326,655,411,1.0
XRPUSDT,2025-08-13 21:45:00+00:00,4,4,4,3757,2150,608,14.8625
DOGEUSDT,2025-08-13 22:00:00+00:00,3,1,3,2555,739,473,1.0
ADAUSDT,2025-08-13 23:00:00+00:00,5,4,5,10489,6090,2096,1.275
ADAUSDT,2025-08-13 23:45:00+00:00,3,5,3,2870,1946,463,15.725
ADAUSDT,2025-08-14 00:00:00+00:00,5,4,5,10254,5623,2175,1.275
XRPUSDT,2025-08-14 00:30:00+00:00,5,4,5,10230,6073,1532,4.1125
ADAUSDT,2025-08-14 01:30:00+00:00,5,4,5,13061,7099,2632,1.275
XRPUSDT,2025-08-14 02:00:00+00:00,5,3,5,7619,3919,1363,12.4625
ADAUSDT,2025-08-14 03:45:00+00:00,4,4,4,5178,3079,1015,6.0125
BTCUSDT,2025-08-14 04:00:00+00:00,5,3,5,9073,4158,1176,3.325
SOLUSDT,2025-08-14 04:45:00+00:00,5,5,5,10658,6952,1719,8.275
DOGEUSDT,2025-08-14 05:00:00+00:00,4,3,4,7047,3234,1254,16.275
SOLUSDT,2025-08-14 05:00:00+00:00,5,4,5,12157,7510,2017,14.5375
ADAUSDT,2025-08-14 05:15:00+00:00,5,4,5,8452,4728,1511,1.275
SOLUSDT,2025-08-14 05:45:00+00:00,5,5,5,10699,6643,1918,8.275
ADAUSDT,2025-08-14 06:00:00+00:00,5,4,5,14564,8489,2686,1.275
XRPUSDT,2025-08-14 06:00:00+00:00,5,4,5,12663,6915,2009,4.1125
ADAUSDT,2025-08-14 06:15:00+00:00,5,5,5,9464,6063,1593,1.0
ADAUSDT,2025-08-14 06:30:00+00:00,5,5,5,9386,5909,1557,1.0
DOGEUSDT,2025-08-14 06:45:00+00:00,4,3,4,5143,2333,1066,16.275
ADAUSDT,2025-08-14 07:00:00+00:00,5,3,5,8269,4371,1798,1.0
SOLUSDT,2025-08-14 07:00:00+00:00,5,4,5,7877,4394,1671,14.5375
ADAUSDT,2025-08-14 07:30:00+00:00,4,4,5,6618,3780,1336,6.0125
DOGEUSDT,2025-08-14 07:30:00+00:00,5,4,4,9379,5630,1342,1.0
SOLUSDT,2025-08-14 07:45:00+00:00,5,4,5,7714,4726,1445,14.5375
ADAUSDT,2025-08-14 08:00:00+00:00,4,4,4,7000,3901,1490,6.0125
SOLUSDT,2025-08-14 08:00:00+00:00,5,4,5,12067,7009,2229,14.5375
ADAUSDT,2025-08-14 08:15:00+00:00,5,3,5,7829,3588,1617,1.0
ADAUSDT,2025-08-14 08:30:00+00:00,5,4,5,8039,4454,1673,1.275
DOGEUSDT,2025-08-14 08:30:00+00:00,5,4,4,9635,5363,1383,1.0
DOGEUSDT,2025-08-14 08:45:00+00:00,5,4,4,9061,5479,1257,1.0
ADAUSDT,2025-08-14 09:15:00+00:00,3,3,4,3430,1808,734,10.725
SOLUSDT,2025-08-14 10:00:00+00:00,4,4,4,5921,3403,1298,52.7875
XRPUSDT,2025-08-14 10:00:00+00:00,4,4,4,3479,2010,598,14.8625
ADAUSDT,2025-08-14 10:30:00+00:00,5,4,5,8811,5152,1681,1.275
ETHUSDT,2025-08-14 10:30:00+00:00,5,2,5,41361,12112,3178,22.9625
XRPUSDT,2025-08-14 10:30:00+00:00,5,5,5,11546,7437,1546,1.5875
ADAUSDT,2025-08-14 10:45:00+00:00,4,4,5,7039,4013,1437,6.0125
SOLUSDT,2025-08-14 11:15:00+00:00,5,5,5,7740,4838,1481,8.275
XRPUSDT,2025-08-14 11:30:00+00:00,4,4,4,4291,2405,770,14.8625
ADAUSDT,2025-08-14 12:00:00+00:00,4,3,4,3479,1829,815,3.025
ADAUSDT,2025-08-14 12:30:00+00:00,5,2,5,75010,28756,13147,1.0
AVAXUSDT,2025-08-14 12:30:00+00:00,5,5,5,18782,12939,3182,1.0
DOGEUSDT,2025-08-14 12:30:00+00:00,5,1,5,95714,25158,12560,1.0
SOLUSDT,2025-08-14 12:30:00+00:00,5,2,5,114836,47306,18674,1.0
ADAUSDT,2025-08-14 12:45:00+00:00,5,3,5,17797,8968,3688,1.0
XRPUSDT,2025-08-14 12:45:00+00:00,5,2,5,26536,10896,4248,11.6125
ADAUSDT,2025-08-14 13:00:00+00:00,5,3,5,28170,13461,5606,1.0
AVAXUSDT,2025-08-14 13:00:00+00:00,4,5,4,5609,4185,932,3.15
SOLUSDT,2025-08-14 13:00:00+00:00,5,2,5,59497,26380,10914,1.0
ADAUSDT,2025-08-14 13:15:00+00:00,5,3,5,13003,6130,2701,1.0
ADAUSDT,2025-08-14 13:30:00+00:00,5,3,5,10584,5368,2252,1.0
DOGEUSDT,2025-08-14 13:30:00+00:00,5,2,5,14428,4515,2564,17.275
ADAUSDT,2025-08-14 13:45:00+00:00,5,3,5,8894,4694,1882,1.0
ADAUSDT,2025-08-14 14:15:00+00:00,4,3,4,5004,2491,1117,3.025
SOLUSDT,2025-08-14 14:15:00+00:00,5,4,5,9667,5192,2057,14.5375
ADAUSDT,2025-08-14 14:30:00+00:00,5,4,5,9125,5210,1912,1.275
XRPUSDT,2025-08-14 14:30:00+00:00,5,4,5,14432,7904,2527,4.1125
ADAUSDT,2025-08-14 14:45:00+00:00,4,4,4,5995,3397,1240,6.0125
XRPUSDT,2025-08-14 14:45:00+00:00,5,4,4,12173,7173,1943,4.1125
ADAUSDT,2025-08-14 15:15:00+00:00,5,4,5,8369,5061,1525,1.275
ADAUSDT,2025-08-14 16:00:00+00:00,5,4,4,8261,4546,1694,1.275
SOLUSDT,2025-08-14 16:00:00+00:00,5,4,5,11894,6689,2312,14.5375
XRPUSDT,2025-08-14 16:15:00+00:00,5,3,5,10114,4933,1762,12.4625
ADAUSDT,2025-08-14 16:30:00+00:00,4,3,4,6461,3429,1282,3.025
DOGEUSDT,2025-08-14 16:30:00+00:00,5,3,4,8016,3924,1285,3.625
ADAUSDT,2025-08-14 16:45:00+00:00,4,3,3,3779,1864,867,3.025
DOGEUSDT,2025-08-14 17:00:00+00:00,5,3,4,8794,4189,1451,3.625
SOLUSDT,2025-08-14 17:00:00+00:00,5,3,5,8401,4378,1765,8.2125
DOGEUSDT,2025-08-14 17:15:00+00:00,4,3,4,6580,3100,1194,16.275
ADAUSDT,2025-08-14 17:45:00+00:00,3,3,3,2471,1278,541,10.725
DOGEUSDT,2025-08-14 19:30:00+00:00,4,5,3,6005,3809,874,1.6
XRPUSDT,2025-08-14 19:30:00+00:00,3,4,3,3465,2066,605,28.8375
DOGEUSDT,2025-08-14 19:45:00+00:00,4,4,3,4874,2740,755,3.7875
XRPUSDT,2025-08-14 20:15:00+00:00,4,3,3,3480,1762,609,32.2375
DOGEUSDT,2025-08-14 20:45:00+00:00,4,4,5,5819,3161,712,3.7875
ADAUSDT,2025-08-14 21:15:00+00:00,4,4,4,4666,2851,827,6.0125
SOLUSDT,2025-08-14 21:30:00+00:00,5,4,5,10356,5911,1963,14.5375
XRPUSDT,2025-08-14 21:30:00+00:00,5,3,5,9763,5036,1459,12.4625
AVAXUSDT,2025-08-14 21:45:00+00:00,1,5,1,688,467,120,225.225
BTCUSDT,2025-08-14 22:00:00+00:00,4,2,5,7467,2739,919,104.35
ADAUSDT,2025-08-14 23:00:00+00:00,5,5,5,11854,7812,1869,1.0
ADAUSDT,2025-08-14 23:15:00+00:00,5,5,5,13119,8921,1706,1.0
DOGEUSDT,2025-08-14 23:15:00+00:00,4,5,3,3586,2271,555,1.6
ADAUSDT,2025-08-14 23:30:00+00:00,5,5,4,8515,5647,1330,1.0
DOGEUSDT,2025-08-14 23:30:00+00:00,4,5,3,4056,2552,615,1.6
ADAUSDT,2025-08-14 23:45:00+00:00,3,3,3,2956,1547,586,10.725
DOGEUSDT,2025-08-14 23:45:00+00:00,4,5,3,4407,2972,591,1.6
ADAUSDT,2025-08-15 00:15:00+00:00,5,4,5,11691,6729,2055,1.275
ADAUSDT,2025-08-15 00:30:00+00:00,4,3,4,5393,2878,1072,3.025
XRPUSDT,2025-08-15 00:45:00+00:00,4,5,3,6331,4072,924,7.4375
ADAUSDT,2025-08-15 01:00:00+00:00,4,4,4,4521,2682,905,6.0125
DOGEUSDT,2025-08-15 01:15:00+00:00,4,5,4,6251,4264,833,1.6
DOGEUSDT,2025-08-15 01:30:00+00:00,5,5,4,7873,4921,1183,1.0
DOGEUSDT,2025-08-15 01:45:00+00:00,5,5,4,7996,5829,935,1.0
XRPUSDT,2025-08-15 01:45:00+00:00,5,5,4,7623,5743,706,1.5875
DOGEUSDT,2025-08-15 02:00:00+00:00,5,5,3,7711,5662,902,1.0
BTCUSDT,2025-08-15 02:15:00+00:00,5,4,5,10311,5922,940,1.4
DOGEUSDT,2025-08-15 02:15:00+00:00,4,5,3,6399,4346,873,1.6
XRPUSDT,2025-08-15 02:15:00+00:00,4,5,3,3943,2613,571,7.4375
DOGEUSDT,2025-08-15 02:30:00+00:00,4,5,3,6269,4123,993,1.6
XRPUSDT,2025-08-15 02:45:00+00:00,3,5,3,2929,1934,464,12.5625
DOGEUSDT,2025-08-15 03:00:00+00:00,4,5,3,5257,3262,830,1.6
XRPUSDT,2025-08-15 03:15:00+00:00,4,5,4,4149,2695,634,7.4375
DOGEUSDT,2025-08-15 03:30:00+00:00,5,5,4,8013,5023,1334,1.0
BTCUSDT,2025-08-15 03:45:00+00:00,4,4,5,5397,2907,648,2.3625
DOGEUSDT,2025-08-15 04:00:00+00:00,5,4,4,9724,5334,1717,1.0
DOGEUSDT,2025-08-15 04:15:00+00:00,5,3,4,7626,4074,1193,3.625
DOGEUSDT,2025-08-15 04:45:00+00:00,4,4,3,6408,3535,1091,3.7875
DOGEUSDT,2025-08-15 05:15:00+00:00,4,4,3,4974,2850,724,3.7875
DOGEUSDT,2025-08-15 05:45:00+00:00,4,5,3,6658,4186,1019,1.6
ADAUSDT,2025-08-15 06:30:00+00:00,4,4,4,5666,3472,1128,6.0125
XRPUSDT,2025-08-15 07:15:00+00:00,3,5,3,3450,2269,501,12.5625
DOGEUSDT,2025-08-15 07:30:00+00:00,4,4,3,4488,2490,719,3.7875
DOGEUSDT,2025-08-15 07:45:00+00:00,4,5,3,5237,3257,790,1.6
ETHUSDT,2025-08-15 07:45:00+00:00,5,3,5,16757,8591,1258,1.4625
DOGEUSDT,2025-08-15 08:30:00+00:00,4,4,3,6530,4041,993,3.7875
DOGEUSDT,2025-08-15 09:15:00+00:00,4,4,3,4632,2511,819,3.7875
DOGEUSDT,2025-08-15 09:45:00+00:00,4,4,4,6563,3716,1063,3.7875
ADAUSDT,2025-08-15 10:00:00+00:00,4,3,4,3499,1783,808,3.025
DOGEUSDT,2025-08-15 10:00:00+00:00,4,2,4,5939,2635,1155,44.2
DOGEUSDT,2025-08-15 11:00:00+00:00,4,5,3,4999,3156,670,1.6
ADAUSDT,2025-08-15 12:30:00+00:00,5,3,5,12195,5904,2597,1.0
ADAUSDT,2025-08-15 12:45:00+00:00,4,2,3,3631,1596,779,1.0
ADAUSDT,2025-08-15 13:15:00+00:00,4,2,3,3855,1721,882,1.0
ADAUSDT,2025-08-15 13:30:00+00:00,4,2,4,5602,2455,1245,1.0
ADAUSDT,2025-08-15 13:45:00+00:00,4,3,4,5618,2605,1228,3.025
XRPUSDT,2025-08-15 13:45:00+00:00,5,3,4,8800,4088,1422,12.4625
ADAUSDT,2025-08-15 14:00:00+00:00,5,3,5,9236,4322,1948,1.0
XRPUSDT,2025-08-15 14:15:00+00:00,4,2,4,5206,1915,869,29.925
ADAUSDT,2025-08-15 14:30:00+00:00,4,3,4,4650,2163,1028,3.025
ADAUSDT,2025-08-15 15:00:00+00:00,4,3,5,7555,3647,1707,3.025
ADAUSDT,2025-08-15 15:15:00+00:00,5,3,4,7820,3872,1632,1.0
ADAUSDT,2025-08-15 15:30:00+00:00,4,3,4,6859,3318,1523,3.025
AVAXUSDT,2025-08-15 15:30:00+00:00,3,5,4,3058,2335,443,11.7
ADAUSDT,2025-08-15 15:45:00+00:00,4,3,4,7495,3729,1587,3.025
XRPUSDT,2025-08-15 15:45:00+00:00,5,3,4,9332,4217,1596,12.4625
ADAUSDT,2025-08-15 16:00:00+00:00,5,4,4,8045,4606,1590,1.275
AVAXUSDT,2025-08-15 16:00:00+00:00,3,5,3,1788,1407,260,11.7
DOGEUSDT,2025-08-15 16:00:00+00:00,5,3,5,14079,6653,2424,3.625
ADAUSDT,2025-08-15 17:15:00+00:00,4,3,4,5817,3042,1159,3.025
SOLUSDT,2025-08-15 19:00:00+00:00,4,3,4,4876,2418,1135,26.9375
ADAUSDT,2025-08-15 19:15:00+00:00,3,3,3,2265,1073,546,10.725
ADAUSDT,2025-08-15 19:30:00+00:00,3,2,2,1794,794,418,1.2
ADAUSDT,2025-08-15 20:00:00+00:00,3,2,3,2059,784,441,1.2
ADAUSDT,2025-08-15 20:30:00+00:00,3,2,3,1781,719,404,1.2
DOGEUSDT,2025-08-15 20:30:00+00:00,3,2,2,2772,809,505,69.6875
ADAUSDT,2025-08-15 21:00:00+00:00,3,2,3,2779,1177,571,1.2
ADAUSDT,2025-08-15 21:15:00+00:00,3,2,3,2179,880,452,1.2
DOGEUSDT,2025-08-15 21:15:00+00:00,4,1,4,5955,1660,980,1.375
ADAUSDT,2025-08-15 22:00:00+00:00,2,2,2,1462,586,328,3.1375
BTCUSDT,2025-08-15 22:00:00+00:00,4,4,5,3993,2182,544,2.3625
BTCUSDT,2025-08-15 22:30:00+00:00,4,4,5,4420,2387,587,2.3625
ADAUSDT,2025-08-15 22:45:00+00:00,4,4,4,3869,2199,735,6.0125
DOGEUSDT,2025-08-15 23:15:00+00:00,4,2,4,4932,2018,837,44.2
ADAUSDT,2025-08-15 23:30:00+00:00,2,2,3,1499,656,322,3.1375
ADAUSDT,2025-08-16 00:00:00+00:00,4,3,3,3799,1859,828,3.025
ADAUSDT,2025-08-16 00:15:00+00:00,3,2,3,3411,1424,725,1.2
ADAUSDT,2025-08-16 01:15:00+00:00,3,2,3,1974,842,443,1.2
DOGEUSDT,2025-08-16 03:00:00+00:00,4,2,3,4472,1871,978,44.2
SOLUSDT,2025-08-16 04:00:00+00:00,3,3,3,1795,848,442,43.7
ADAUSDT,2025-08-16 05:00:00+00:00,2,2,2,1156,518,235,3.1375
BTCUSDT,2025-08-16 06:15:00+00:00,4,3,4,4033,2089,487,14.5875
XRPUSDT,2025-08-16 06:45:00+00:00,2,3,3,1599,793,337,75.6375
ADAUSDT,2025-08-16 07:00:00+00:00,3,2,3,2886,1296,617,1.2
ADAUSDT,2025-08-16 07:15:00+00:00,3,2,3,1851,737,405,1.2
BTCUSDT,2025-08-16 07:45:00+00:00,3,3,4,2771,1350,417,11.4125
ADAUSDT,2025-08-16 08:00:00+00:00,3,2,3,1919,845,419,1.2
BTCUSDT,2025-08-16 08:00:00+00:00,3,2,4,3286,1433,484,18.6125
DOGEUSDT,2025-08-16 09:15:00+00:00,4,2,3,3936,1640,835,44.2
ADAUSDT,2025-08-16 09:45:00+00:00,5,5,5,13099,8803,1754,1.0
ADAUSDT,2025-08-16 10:00:00+00:00,5,5,5,7776,5047,1335,1.0
ADAUSDT,2025-08-16 10:15:00+00:00,5,4,5,9617,5480,1756,1.275
DOGEUSDT,2025-08-16 10:45:00+00:00,4,2,4,5223,2303,993,44.2
ADAUSDT,2025-08-16 11:15:00+00:00,3,5,3,2747,1764,490,15.725
ETHUSDT,2025-08-16 11:30:00+00:00,5,1,5,7852,1355,494,232.8125
XRPUSDT,2025-08-16 11:45:00+00:00,3,2,3,2413,1019,466,48.225
SOLUSDT,2025-08-16 14:30:00+00:00,4,3,4,3661,1800,807,26.9375
ADAUSDT,2025-08-16 17:45:00+00:00,2,4,2,1391,805,295,52.55
SOLUSDT,2025-08-16 17:45:00+00:00,3,4,2,1797,1015,393,97.675
ADAUSDT,2025-08-16 18:15:00+00:00,2,2,2,1064,476,246,3.1375
BTCUSDT,2025-08-16 18:30:00+00:00,3,3,3,2083,1054,413,11.4125
BTCUSDT,2025-08-16 21:00:00+00:00,3,4,3,3181,1803,487,1.6125
XRPUSDT,2025-08-16 21:45:00+00:00,2,5,1,890,559,170,7.925
SOLUSDT,2025-08-17 00:00:00+00:00,2,5,3,1695,1065,299,21.8625
XRPUSDT,2025-08-17 00:15:00+00:00,2,2,2,955,417,225,29.175
ADAUSDT,2025-08-17 01:30:00+00:00,2,3,2,1515,784,346,28.9875
BTCUSDT,2025-08-17 01:30:00+00:00,3,2,4,3376,1277,423,18.6125
ADAUSDT,2025-08-17 04:00:00+00:00,3,3,3,3265,1601,694,10.725
BTCUSDT,2025-08-17 04:30:00+00:00,3,4,3,1887,1089,390,1.6125
ETHUSDT,2025-08-17 04:30:00+00:00,5,2,5,10710,3309,853,22.9625
ADAUSDT,2025-08-17 04:45:00+00:00,4,4,4,5399,2895,1094,6.0125
ETHUSDT,2025-08-17 05:30:00+00:00,5,1,5,9813,2723,715,232.8125
ADAUSDT,2025-08-17 07:45:00+00:00,4,4,5,4735,2662,794,6.0125
XRPUSDT,2025-08-17 08:45:00+00:00,3,4,4,3069,1660,608,28.8375
ADAUSDT,2025-08-17 09:45:00+00:00,5,4,5,12154,7147,2251,1.275
ADAUSDT,2025-08-17 10:00:00+00:00,5,4,5,11331,6390,2112,1.275
DOGEUSDT,2025-08-17 10:00:00+00:00,3,3,3,3463,1563,787,36.4125
ADAUSDT,2025-08-17 12:30:00+00:00,2,3,2,1443,756,287,28.9875
BTCUSDT,2025-08-17 12:45:00+00:00,3,3,4,3318,1550,598,11.4125
ADAUSDT,2025-08-17 13:00:00+00:00,3,5,3,3222,1999,570,15.725
AVAXUSDT,2025-08-17 13:45:00+00:00,1,5,1,524,362,100,225.225
ADAUSDT,2025-08-17 14:45:00+00:00,3,4,3,2398,1351,505,18.4375
BTCUSDT,2025-08-17 15:45:00+00:00,3,3,4,3103,1622,600,11.4125
DOGEUSDT,2025-08-17 16:15:00+00:00,5,3,4,10820,4904,2051,3.625
SOLUSDT,2025-08-17 17:30:00+00:00,2,3,2,1680,794,396,16.0375
SOLUSDT,2025-08-17 17:45:00+00:00,2,3,2,1702,867,402,16.0375
ADAUSDT,2025-08-17 18:45:00+00:00,5,4,4,7632,4352,1464,1.275
DOGEUSDT,2025-08-17 18:45:00+00:00,5,2,5,11141,4456,2069,17.275
XRPUSDT,2025-08-17 18:45:00+00:00,4,4,5,6654,3572,1127,14.8625
ADAUSDT,2025-08-17 19:00:00+00:00,3,4,3,2397,1363,508,18.4375
ADAUSDT,2025-08-17 20:30:00+00:00,1,3,1,683,323,157,39.4875
ADAUSDT,2025-08-17 21:15:00+00:00,1,3,2,701,337,170,39.4875
AVAXUSDT,2025-08-17 22:00:00+00:00,1,5,1,683,444,153,225.225
AVAXUSDT,2025-08-17 23:15:00+00:00,1,4,1,353,210,81,15.825
ADAUSDT,2025-08-18 00:00:00+00:00,3,2,3,1850,814,445,1.2
ADAUSDT,2025-08-18 00:45:00+00:00,3,2,3,1916,841,394,1.2
DOGEUSDT,2025-08-18 00:45:00+00:00,3,1,2,2567,727,411,1.0
ADAUSDT,2025-08-18 01:45:00+00:00,4,3,4,4016,1951,806,3.025
ADAUSDT,2025-08-18 02:00:00+00:00,5,4,4,8109,4496,1494,1.275
AVAXUSDT,2025-08-18 02:00:00+00:00,3,5,4,2803,2135,439,11.7
DOGEUSDT,2025-08-18 02:30:00+00:00,4,2,4,7450,2662,1376,44.2
AVAXUSDT,2025-08-18 02:45:00+00:00,2,5,3,1558,1134,293,51.5625
XRPUSDT,2025-08-18 03:15:00+00:00,5,5,5,9915,6252,1381,1.5875
BTCUSDT,2025-08-18 04:15:00+00:00,5,3,5,8485,4171,905,3.325
BTCUSDT,2025-08-18 04:30:00+00:00,5,4,5,9181,5024,1097,1.4
ADAUSDT,2025-08-18 04:45:00+00:00,3,5,2,2006,1372,315,15.725
ADAUSDT,2025-08-18 06:00:00+00:00,3,5,3,2412,1568,406,15.725
XRPUSDT,2025-08-18 06:15:00+00:00,4,4,5,7187,3999,1129,14.8625
BTCUSDT,2025-08-18 06:45:00+00:00,5,3,5,15892,7165,1592,3.325
BTCUSDT,2025-08-18 08:00:00+00:00,5,3,5,11763,5492,1243,3.325
ADAUSDT,2025-08-18 08:15:00+00:00,2,2,2,1218,538,283,3.1375
ADAUSDT,2025-08-18 12:00:00+00:00,5,4,5,9040,5602,1322,1.275
DOGEUSDT,2025-08-18 12:15:00+00:00,4,3,4,7539,3423,1817,16.275
BTCUSDT,2025-08-18 13:00:00+00:00,5,2,5,9622,3325,1147,57.2
BTCUSDT,2025-08-18 14:15:00+00:00,5,2,5,9189,2946,1003,57.2
ADAUSDT,2025-08-18 16:15:00+00:00,4,5,3,3954,2791,552,4.225
SOLUSDT,2025-08-18 16:30:00+00:00,4,2,4,3577,1596,754,1.275
BTCUSDT,2025-08-18 16:45:00+00:00,5,2,5,7646,2245,822,57.2
XRPUSDT,2025-08-18 17:30:00+00:00,5,4,5,14343,8108,2249,4.1125
ADAUSDT,2025-08-18 21:30:00+00:00,3,5,2,1784,1114,327,15.725
AVAXUSDT,2025-08-18 22:00:00+00:00,1,5,2,614,447,105,225.225
ADAUSDT,2025-08-19 00:30:00+00:00,4,3,3,3579,1670,778,3.025
XRPUSDT,2025-08-19 00:30:00+00:00,5,3,5,9946,5103,1547,12.4625
SOLUSDT,2025-08-19 01:45:00+00:00,3,2,3,2513,1122,531,1.0
SOLUSDT,2025-08-19 02:00:00+00:00,3,3,3,2515,1132,527,43.7
SOLUSDT,2025-08-19 02:45:00+00:00,3,2,4,2674,1190,604,1.0
ADAUSDT,2025-08-19 03:00:00+00:00,3,2,3,1895,817,435,1.2
XRPUSDT,2025-08-19 03:30:00+00:00,5,5,4,7911,5021,1157,1.5875
ADAUSDT,2025-08-19 04:00:00+00:00,4,4,3,4073,2226,824,6.0125
DOGEUSDT,2025-08-19 04:30:00+00:00,5,2,3,8390,3208,1995,17.275
SOLUSDT,2025-08-19 05:30:00+00:00,3,2,3,2468,1067,555,1.0
SOLUSDT,2025-08-19 06:15:00+00:00,3,2,4,2707,1189,589,1.0
XRPUSDT,2025-08-19 07:00:00+00:00,4,4,4,3757,2113,609,14.8625
ADAUSDT,2025-08-19 10:30:00+00:00,5,5,5,15513,9808,2168,1.0
ADAUSDT,2025-08-19 10:45:00+00:00,5,5,4,9344,6429,1188,1.0
DOGEUSDT,2025-08-19 10:45:00+00:00,5,2,3,8149,3618,2048,17.275
AVAXUSDT,2025-08-19 11:00:00+00:00,1,4,1,316,191,72,15.825
ADAUSDT,2025-08-19 13:45:00+00:00,4,3,3,4233,2131,828,3.025
ADAUSDT,2025-08-19 14:15:00+00:00,4,4,4,4852,2968,808,6.0125
DOGEUSDT,2025-08-19 14:15:00+00:00,5,2,5,11076,4446,2176,17.275
SOLUSDT,2025-08-19 14:15:00+00:00,5,3,5,8848,4669,1879,8.2125
XRPUSDT,2025-08-19 14:15:00+00:00,5,4,4,8181,4459,1351,4.1125
ADAUSDT,2025-08-19 14:30:00+00:00,5,5,5,12102,7704,1978,1.0
ADAUSDT,2025-08-19 14:45:00+00:00,5,5,4,9702,6759,1461,1.0
ADAUSDT,2025-08-19 15:15:00+00:00,4,5,4,5474,3715,832,4.225
ADAUSDT,2025-08-19 15:45:00+00:00,5,4,5,20170,11860,3354,1.275
ADAUSDT,2025-08-19 16:00:00+00:00,5,4,5,9011,5284,1678,1.275
ADAUSDT,2025-08-19 16:30:00+00:00,4,3,3,4032,2136,896,3.025
ADAUSDT,2025-08-19 18:00:00+00:00,4,5,4,4731,3084,811,4.225
ADAUSDT,2025-08-19 18:15:00+00:00,3,5,3,3317,2074,631,15.725
AVAXUSDT,2025-08-19 20:30:00+00:00,1,4,1,321,190,76,15.825
SOLUSDT,2025-08-19 20:30:00+00:00,3,2,3,2358,1028,532,1.0
DOGEUSDT,2025-08-19 22:15:00+00:00,3,2,4,2935,1162,651,69.6875
ADAUSDT,2025-08-19 23:00:00+00:00,3,5,2,1787,1139,336,15.725
ADAUSDT,2025-08-19 23:15:00+00:00,4,5,3,3583,2327,629,4.225
XRPUSDT,2025-08-19 23:45:00+00:00,5,4,5,9377,5767,1472,4.1125
ADAUSDT,2025-08-20 00:00:00+00:00,3,4,3,1824,1064,395,18.4375
DOGEUSDT,2025-08-20 01:45:00+00:00,5,4,5,15582,9095,2668,1.0
XRPUSDT,2025-08-20 01:45:00+00:00,4,2,4,5443,2368,987,29.925
ADAUSDT,2025-08-20 02:15:00+00:00,3,4,3,1749,1071,345,18.4375
DOGEUSDT,2025-08-20 02:30:00+00:00,5,4,4,7925,4806,1630,1.0
DOGEUSDT,2025-08-20 02:45:00+00:00,5,4,4,8221,4726,1734,1.0
DOGEUSDT,2025-08-20 03:00:00+00:00,4,3,3,6061,3124,1394,16.275
DOGEUSDT,2025-08-20 03:45:00+00:00,5,4,4,10792,6446,2281,1.0
DOGEUSDT,2025-08-20 04:00:00+00:00,5,4,4,12917,7091,2925,1.0
ADAUSDT,2025-08-20 04:15:00+00:00,5,5,3,7639,6398,698,1.0
BTCUSDT,2025-08-20 04:15:00+00:00,4,3,4,3746,1905,540,14.5875
DOGEUSDT,2025-08-20 04:30:00+00:00,5,4,5,14518,8187,3144,1.0
DOGEUSDT,2025-08-20 04:45:00+00:00,5,4,4,13519,7322,3126,1.0
XRPUSDT,2025-08-20 04:45:00+00:00,3,4,3,2615,1583,451,28.8375
DOGEUSDT,2025-08-20 05:00:00+00:00,5,4,5,17982,9661,4220,1.0
ETHUSDT,2025-08-20 05:15:00+00:00,5,1,5,8471,1453,680,232.8125
DOGEUSDT,2025-08-20 06:00:00+00:00,5,4,5,21281,12330,4639,1.0
DOGEUSDT,2025-08-20 06:15:00+00:00,5,4,5,21247,12215,4667,1.0
DOGEUSDT,2025-08-20 06:30:00+00:00,5,4,5,21207,11384,4881,1.0
SOLUSDT,2025-08-20 06:45:00+00:00,2,4,3,1664,920,391,69.175
XRPUSDT,2025-08-20 06:45:00+00:00,3,4,3,1938,1126,352,28.8375
ETHUSDT,2025-08-20 07:00:00+00:00,5,2,5,17786,5323,1475,22.9625
AVAXUSDT,2025-08-20 07:30:00+00:00,1,3,1,220,109,54,1.0
BTCUSDT,2025-08-20 07:30:00+00:00,4,3,5,6497,3092,826,14.5875
DOGEUSDT,2025-08-20 09:00:00+00:00,3,4,4,3125,1750,469,10.075
ADAUSDT,2025-08-20 11:00:00+00:00,3,4,4,1766,969,398,18.4375
ADAUSDT,2025-08-20 11:30:00+00:00,4,4,4,4175,2466,850,6.0125
AVAXUSDT,2025-08-20 11:45:00+00:00,1,5,1,659,450,124,225.225
ADAUSDT,2025-08-20 12:00:00+00:00,4,3,4,4668,2439,986,3.025
ADAUSDT,2025-08-20 13:30:00+00:00,4,2,4,3805,1641,865,1.0
XRPUSDT,2025-08-20 13:30:00+00:00,5,2,4,9308,4095,1660,11.6125
ADAUSDT,2025-08-20 14:00:00+00:00,4,3,4,3640,1670,839,3.025
SOLUSDT,2025-08-20 14:00:00+00:00,5,4,5,11732,7252,1962,14.5375
ADAUSDT,2025-08-20 14:15:00+00:00,3,2,3,3301,1401,726,1.2
AVAXUSDT,2025-08-20 14:15:00+00:00,2,5,2,991,661,206,51.5625
DOGEUSDT,2025-08-20 15:30:00+00:00,4,2,3,4956,1616,894,44.2
DOGEUSDT,2025-08-20 17:00:00+00:00,5,4,5,10323,6312,1241,1.0
XRPUSDT,2025-08-20 17:00:00+00:00,4,2,4,3497,1371,650,29.925
ADAUSDT,2025-08-20 17:15:00+00:00,2,2,2,1453,652,361,3.1375
DOGEUSDT,2025-08-20 17:15:00+00:00,4,3,3,3684,1958,565,16.275
DOGEUSDT,2025-08-20 17:30:00+00:00,4,4,3,4575,2529,712,3.7875
ADAUSDT,2025-08-20 21:00:00+00:00,1,2,2,777,347,178,2.95
BTCUSDT,2025-08-20 23:00:00+00:00,4,3,5,6022,2996,818,14.5875
XRPUSDT,2025-08-20 23:15:00+00:00,2,3,2,1371,681,310,75.6375
ETHUSDT,2025-08-20 23:45:00+00:00,5,1,5,7974,1215,572,232.8125
SOLUSDT,2025-08-21 00:45:00+00:00,3,3,3,2431,1295,586,43.7
DOGEUSDT,2025-08-21 01:45:00+00:00,3,2,3,3167,1287,613,69.6875
ADAUSDT,2025-08-21 02:00:00+00:00,3,4,3,1782,955,436,18.4375
SOLUSDT,2025-08-21 02:00:00+00:00,5,5,5,10553,6886,1691,8.275
ADAUSDT,2025-08-21 04:30:00+00:00,2,2,3,1114,456,257,3.1375
ADAUSDT,2025-08-21 09:00:00+00:00,3,4,3,1765,1067,349,18.4375
SOLUSDT,2025-08-21 10:00:00+00:00,3,4,4,3461,2125,678,97.675
ADAUSDT,2025-08-21 10:15:00+00:00,2,2,2,1556,693,315,3.1375
ADAUSDT,2025-08-21 11:00:00+00:00,2,3,2,828,374,187,28.9875
ADAUSDT,2025-08-21 11:45:00+00:00,2,3,2,1353,705,304,28.9875
AVAXUSDT,2025-08-21 12:00:00+00:00,1,5,1,310,198,64,225.225
ADAUSDT,2025-08-21 13:30:00+00:00,3,2,3,2552,1121,542,1.2
XRPUSDT,2025-08-21 13:45:00+00:00,4,2,4,6428,2739,1105,29.925
ADAUSDT,2025-08-21 14:15:00+00:00,3,2,3,1989,891,396,1.2
ADAUSDT,2025-08-21 14:30:00+00:00,3,3,3,2910,1546,555,10.725
BTCUSDT,2025-08-21 15:45:00+00:00,5,2,5,7851,2298,969,57.2
ADAUSDT,2025-08-21 16:15:00+00:00,3,3,2,2091,1108,445,10.725
BTCUSDT,2025-08-21 18:00:00+00:00,4,1,5,7032,2041,757,46.3875
DOGEUSDT,2025-08-21 19:30:00+00:00,4,5,4,3739,2511,440,1.6
SOLUSDT,2025-08-21 19:45:00+00:00,3,3,3,2428,1267,527,43.7
AVAXUSDT,2025-08-22 03:45:00+00:00,1,3,1,216,113,53,1.0
AVAXUSDT,2025-08-22 04:00:00+00:00,1,4,1,220,134,51,15.825
AVAXUSDT,2025-08-22 05:15:00+00:00,1,3,1,214,109,51,1.0
ADAUSDT,2025-08-22 05:45:00+00:00,2,2,1,839,374,195,3.1375
BTCUSDT,2025-08-22 10:30:00+00:00,4,2,5,5389,2301,633,104.35
DOGEUSDT,2025-08-22 10:30:00+00:00,3,3,3,2497,1312,483,36.4125
ADAUSDT,2025-08-22 12:30:00+00:00,4,4,4,4403,2560,931,6.0125
DOGEUSDT,2025-08-22 12:30:00+00:00,5,2,4,7727,3145,1471,17.275
SOLUSDT,2025-08-22 12:30:00+00:00,5,5,5,9905,6364,1749,8.275
ADAUSDT,2025-08-22 13:30:00+00:00,4,3,4,4410,2066,970,3.025
XRPUSDT,2025-08-22 13:30:00+00:00,5,3,5,12957,6117,2245,12.4625
ADAUSDT,2025-08-22 14:00:00+00:00,5,3,5,35755,18026,7159,1.0
AVAXUSDT,2025-08-22 14:00:00+00:00,5,5,5,10905,8200,1743,1.0
ADAUSDT,2025-08-22 14:15:00+00:00,5,2,5,29359,13099,5772,1.0
AVAXUSDT,2025-08-22 14:15:00+00:00,5,5,5,8724,6238,1649,1.0
ADAUSDT,2025-08-22 14:30:00+00:00,5,3,5,12250,5757,2431,1.0
DOGEUSDT,2025-08-22 14:30:00+00:00,5,2,5,28083,10534,4575,17.275
ADAUSDT,2025-08-22 15:00:00+00:00,4,2,4,4759,2066,1054,1.0
ADAUSDT,2025-08-22 15:45:00+00:00,3,3,3,3468,1639,780,10.725
ADAUSDT,2025-08-22 16:00:00+00:00,5,3,5,10533,5260,2184,1.0
ADAUSDT,2025-08-22 16:15:00+00:00,4,3,4,5876,2841,1177,3.025
XRPUSDT,2025-08-22 16:15:00+00:00,5,2,4,7909,2845,1438,11.6125
ADAUSDT,2025-08-22 16:45:00+00:00,4,4,4,3935,2128,838,6.0125
ADAUSDT,2025-08-22 21:00:00+00:00,4,5,4,4343,2762,732,4.225
XRPUSDT,2025-08-23 00:30:00+00:00,4,3,4,3817,2035,631,32.2375
ADAUSDT,2025-08-23 02:30:00+00:00,4,5,4,5615,3600,960,4.225
DOGEUSDT,2025-08-23 05:15:00+00:00,4,3,4,4901,2231,920,16.275
BTCUSDT,2025-08-23 05:30:00+00:00,4,4,5,5346,3082,646,2.3625
SOLUSDT,2025-08-23 05:30:00+00:00,5,4,5,9808,5481,1901,14.5375
XRPUSDT,2025-08-23 06:45:00+00:00,3,2,3,2246,816,426,48.225
ADAUSDT,2025-08-23 07:45:00+00:00,3,4,2,2011,1140,382,18.4375
XRPUSDT,2025-08-23 07:45:00+00:00,3,2,3,2293,943,434,48.225
XRPUSDT,2025-08-23 09:30:00+00:00,3,3,3,2002,986,364,62.125
ADAUSDT,2025-08-23 10:30:00+00:00,3,5,2,2232,1700,274,15.725
AVAXUSDT,2025-08-23 11:45:00+00:00,3,5,4,2179,1550,364,11.7
SOLUSDT,2025-08-23 13:45:00+00:00,4,3,4,3815,2035,824,26.9375
BTCUSDT,2025-08-23 14:15:00+00:00,5,3,5,9339,4748,1024,3.325
AVAXUSDT,2025-08-23 14:45:00+00:00,4,5,4,4374,3849,326,3.15
SOLUSDT,2025-08-23 14:45:00+00:00,4,4,4,3944,2275,789,52.7875
AVAXUSDT,2025-08-23 15:00:00+00:00,3,5,3,2160,1716,278,11.7
XRPUSDT,2025-08-23 15:15:00+00:00,3,2,3,1861,705,378,48.225
XRPUSDT,2025-08-23 16:45:00+00:00,2,2,2,1537,644,329,29.175
BTCUSDT,2025-08-23 17:45:00+00:00,3,4,3,2716,1520,510,1.6125
ETHUSDT,2025-08-23 18:30:00+00:00,3,2,4,3448,1037,338,16.575
BTCUSDT,2025-08-23 19:30:00+00:00,3,4,3,2779,1538,565,1.6125
XRPUSDT,2025-08-23 20:15:00+00:00,2,2,3,1035,447,246,29.175
DOGEUSDT,2025-08-23 20:45:00+00:00,1,2,1,648,260,130,13.8375
BTCUSDT,2025-08-23 22:30:00+00:00,3,4,3,2046,1164,415,1.6125
DOGEUSDT,2025-08-23 22:30:00+00:00,1,2,2,648,261,146,13.8375
BTCUSDT,2025-08-23 23:30:00+00:00,3,4,5,2770,1644,402,1.6125
SOLUSDT,2025-08-24 01:00:00+00:00,4,5,4,5027,3201,900,28.9
SOLUSDT,2025-08-24 01:15:00+00:00,5,5,5,10546,6917,1779,8.275
ADAUSDT,2025-08-24 02:00:00+00:00,2,2,2,854,383,194,3.1375
SOLUSDT,2025-08-24 04:00:00+00:00,4,4,5,4960,2982,963,52.7875
BTCUSDT,2025-08-24 04:45:00+00:00,4,4,4,3860,2107,565,2.3625
ADAUSDT,2025-08-24 08:00:00+00:00,2,3,3,1380,711,305,28.9875
DOGEUSDT,2025-08-24 09:45:00+00:00,2,3,3,1388,692,257,66.0875
BTCUSDT,2025-08-24 10:15:00+00:00,4,3,5,4535,2232,683,14.5875
XRPUSDT,2025-08-24 10:45:00+00:00,3,2,3,2606,1131,499,48.225
SOLUSDT,2025-08-24 11:45:00+00:00,4,4,4,3873,2311,760,52.7875
XRPUSDT,2025-08-24 12:15:00+00:00,3,2,3,1756,765,382,48.225
BTCUSDT,2025-08-24 15:45:00+00:00,4,2,5,5940,2410,891,104.35
BTCUSDT,2025-08-24 16:00:00+00:00,4,2,5,7061,2733,919,104.35
XRPUSDT,2025-08-24 17:00:00+00:00,3,2,3,1918,821,404,48.225
SOLUSDT,2025-08-24 17:30:00+00:00,5,5,5,8083,5135,1428,8.275
BTCUSDT,2025-08-24 18:45:00+00:00,5,3,5,9149,4184,1219,3.325
ADAUSDT,2025-08-24 19:00:00+00:00,4,4,5,7498,4491,1398,6.0125
XRPUSDT,2025-08-24 19:00:00+00:00,5,4,5,8037,4615,1229,4.1125
ADAUSDT,2025-08-24 19:15:00+00:00,4,3,4,5554,2802,1193,3.025
ADAUSDT,2025-08-24 19:30:00+00:00,5,3,5,34495,15852,6745,1.0
AVAXUSDT,2025-08-24 19:30:00+00:00,5,5,5,11097,8155,1847,1.0
SOLUSDT,2025-08-24 19:30:00+00:00,5,3,5,69301,32478,12540,8.2125
ADAUSDT,2025-08-24 19:45:00+00:00,5,2,4,11058,4594,2284,1.0
BTCUSDT,2025-08-24 19:45:00+00:00,5,1,5,54872,15063,5238,173.075
DOGEUSDT,2025-08-24 19:45:00+00:00,5,1,5,18322,5086,2844,1.0
ADAUSDT,2025-08-24 20:00:00+00:00,5,2,5,12189,5215,2425,1.0
AVAXUSDT,2025-08-24 20:00:00+00:00,4,5,4,3854,2836,731,3.15
ADAUSDT,2025-08-24 20:15:00+00:00,4,2,4,7368,2605,1380,1.0
ADAUSDT,2025-08-24 20:30:00+00:00,4,2,4,4333,1596,849,1.0
XRPUSDT,2025-08-24 20:45:00+00:00,3,1,4,3458,981,600,1.0
DOGEUSDT,2025-08-24 21:15:00+00:00,3,1,2,3038,818,506,1.0
XRPUSDT,2025-08-24 21:15:00+00:00,3,1,3,3138,890,538,1.0
XRPUSDT,2025-08-24 22:00:00+00:00,4,1,4,5121,1477,866,1.0
AVAXUSDT,2025-08-24 23:45:00+00:00,2,4,3,1098,588,209,1.0
BTCUSDT,2025-08-25 00:00:00+00:00,5,2,5,10275,3459,1079,57.2
DOGEUSDT,2025-08-25 00:30:00+00:00,5,3,5,9289,4809,1555,3.625
ADAUSDT,2025-08-25 01:15:00+00:00,4,4,3,3791,2169,758,6.0125
AVAXUSDT,2025-08-25 01:30:00+00:00,1,4,1,400,238,98,15.825
SOLUSDT,2025-08-25 02:00:00+00:00,5,3,5,9900,5274,1991,8.2125
ETHUSDT,2025-08-25 03:00:00+00:00,5,1,5,12686,2100,937,232.8125
ADAUSDT,2025-08-25 05:45:00+00:00,4,4,4,3951,2389,633,6.0125
AVAXUSDT,2025-08-25 07:45:00+00:00,2,5,3,1741,1221,319,51.5625
ADAUSDT,2025-08-25 08:00:00+00:00,4,4,3,3727,2096,771,6.0125
ADAUSDT,2025-08-25 09:45:00+00:00,2,5,2,1598,1010,316,40.525
XRPUSDT,2025-08-25 10:00:00+00:00,3,4,4,3247,1823,628,28.8375
SOLUSDT,2025-08-25 10:15:00+00:00,5,5,5,21329,14735,3070,8.275
ADAUSDT,2025-08-25 12:30:00+00:00,3,5,3,2566,1841,402,15.725
DOGEUSDT,2025-08-25 13:00:00+00:00,4,5,4,4790,3187,658,1.6
ADAUSDT,2025-08-25 13:15:00+00:00,5,5,4,12108,10211,1011,1.0
DOGEUSDT,2025-08-25 13:15:00+00:00,4,4,4,5278,2954,827,3.7875
ADAUSDT,2025-08-25 13:30:00+00:00,5,5,4,10289,6663,1928,1.0
DOGEUSDT,2025-08-25 13:45:00+00:00,5,3,4,8751,4291,1265,3.625
SOLUSDT,2025-08-25 13:45:00+00:00,5,4,5,14424,8630,2532,14.5375
DOGEUSDT,2025-08-25 14:00:00+00:00,4,4,4,7505,4151,1102,3.7875
XRPUSDT,2025-08-25 14:00:00+00:00,4,2,3,4090,1413,792,29.925
DOGEUSDT,2025-08-25 15:15:00+00:00,3,2,3,3381,1513,628,69.6875
ADAUSDT,2025-08-25 15:45:00+00:00,2,3,2,1318,622,286,28.9875
ADAUSDT,2025-08-25 18:30:00+00:00,2,2,2,1228,550,283,3.1375
SOLUSDT,2025-08-25 19:30:00+00:00,5,5,5,14902,9597,2351,8.275
ADAUSDT,2025-08-25 20:00:00+00:00,4,4,4,6570,3728,1441,6.0125
ADAUSDT,2025-08-25 20:30:00+00:00,5,4,4,8777,4753,1747,1.275
DOGEUSDT,2025-08-25 20:30:00+00:00,5,3,5,21245,10080,3674,3.625
BTCUSDT,2025-08-25 20:45:00+00:00,5,1,5,30188,6671,2580,173.075
ADAUSDT,2025-08-25 21:00:00+00:00,4,3,4,5131,2549,1039,3.025
SOLUSDT,2025-08-25 21:00:00+00:00,5,3,5,15352,7874,3098,8.2125
ADAUSDT,2025-08-25 21:15:00+00:00,3,2,3,2419,1040,549,1.2
AVAXUSDT,2025-08-25 21:45:00+00:00,1,5,2,718,491,133,225.225
ETHUSDT,2025-08-25 23:00:00+00:00,5,1,5,25643,6157,2100,232.8125
ADAUSDT,2025-08-26 00:00:00+00:00,3,2,3,2171,952,501,1.2
ADAUSDT,2025-08-26 00:15:00+00:00,2,2,2,1577,656,364,3.1375
XRPUSDT,2025-08-26 00:45:00+00:00,4,2,4,6098,1996,1074,29.925
ADAUSDT,2025-08-26 01:00:00+00:00,3,2,2,2021,826,458,1.2
SOLUSDT,2025-08-26 01:30:00+00:00,5,5,5,22681,19057,1960,8.275
BTCUSDT,2025-08-26 02:30:00+00:00,5,2,5,8834,2639,879,57.2
XRPUSDT,2025-08-26 02:30:00+00:00,3,3,3,2355,1124,424,62.125
SOLUSDT,2025-08-26 03:30:00+00:00,3,4,3,2751,1568,565,97.675
SOLUSDT,2025-08-26 04:15:00+00:00,5,5,4,7938,5667,1162,8.275
ETHUSDT,2025-08-26 05:00:00+00:00,5,2,5,12965,3823,1020,22.9625
ADAUSDT,2025-08-26 06:30:00+00:00,2,2,2,919,396,196,3.1375
XRPUSDT,2025-08-26 06:45:00+00:00,3,2,3,1978,762,430,48.225
ADAUSDT,2025-08-26 07:15:00+00:00,2,2,2,845,369,186,3.1375
ADAUSDT,2025-08-26 07:30:00+00:00,3,3,3,2409,1236,537,10.725
AVAXUSDT,2025-08-26 07:45:00+00:00,2,5,2,843,637,129,51.5625
SOLUSDT,2025-08-26 08:00:00+00:00,4,5,5,7373,5280,1000,28.9
AVAXUSDT,2025-08-26 11:15:00+00:00,1,4,1,318,192,75,15.825
ADAUSDT,2025-08-26 13:30:00+00:00,4,2,4,4467,1944,966,1.0
ADAUSDT,2025-08-26 13:45:00+00:00,4,3,4,5232,2429,1085,3.025
XRPUSDT,2025-08-26 15:30:00+00:00,3,2,4,3307,1373,594,48.225
ETHUSDT,2025-08-26 16:00:00+00:00,5,2,5,26990,8862,2164,22.9625
BTCUSDT,2025-08-26 17:30:00+00:00,5,2,5,10706,3911,1050,57.2
DOGEUSDT,2025-08-26 19:00:00+00:00,3,2,3,1762,761,393,69.6875
SOLUSDT,2025-08-26 21:00:00+00:00,4,5,4,5783,3992,846,28.9
XRPUSDT,2025-08-26 23:00:00+00:00,4,5,4,4784,3230,606,7.4375
SOLUSDT,2025-08-27 02:30:00+00:00,5,5,5,9478,6162,1612,8.275
DOGEUSDT,2025-08-27 03:00:00+00:00,2,2,2,1207,428,242,56.45
XRPUSDT,2025-08-27 03:30:00+00:00,3,5,3,2024,1260,308,12.5625
DOGEUSDT,2025-08-27 03:45:00+00:00,5,4,5,8792,4815,1258,1.0
SOLUSDT,2025-08-27 03:45:00+00:00,5,5,5,24234,16070,3737,8.275
DOGEUSDT,2025-08-27 04:00:00+00:00,4,2,4,4245,1848,832,44.2
BTCUSDT,2025-08-27 04:30:00+00:00,4,2,4,4529,1612,584,104.35
SOLUSDT,2025-08-27 05:15:00+00:00,5,5,5,11722,8578,1634,8.275
SOLUSDT,2025-08-27 06:00:00+00:00,5,5,5,10818,8248,1345,8.275
ETHUSDT,2025-08-27 07:45:00+00:00,5,3,5,28680,14866,1715,1.4625
DOGEUSDT,2025-08-27 08:00:00+00:00,2,2,3,1424,505,268,56.45
BTCUSDT,2025-08-27 08:30:00+00:00,5,5,5,14429,9577,994,1.175
ETHUSDT,2025-08-27 08:30:00+00:00,5,3,5,18692,8999,983,1.4625
ADAUSDT,2025-08-27 09:00:00+00:00,2,4,3,1365,784,308,52.55
SOLUSDT,2025-08-27 09:00:00+00:00,5,5,5,9571,6067,1655,8.275
XRPUSDT,2025-08-27 09:30:00+00:00,2,2,2,1088,452,244,29.175
XRPUSDT,2025-08-27 12:00:00+00:00,3,2,3,2459,1096,514,48.225
ADAUSDT,2025-08-27 13:00:00+00:00,2,2,2,922,399,209,3.1375
ADAUSDT,2025-08-27 13:15:00+00:00,1,2,1,674,266,152,2.95
SOLUSDT,2025-08-27 14:15:00+00:00,5,5,5,11850,7864,1871,8.275
ADAUSDT,2025-08-27 14:45:00+00:00,3,3,3,2431,1153,563,10.725
AVAXUSDT,2025-08-27 14:45:00+00:00,4,5,3,3522,2925,384,3.15
ADAUSDT,2025-08-27 15:15:00+00:00,3,2,2,1782,794,411,1.2
XRPUSDT,2025-08-27 16:15:00+00:00,3,2,4,2608,1054,500,48.225
DOGEUSDT,2025-08-27 16:30:00+00:00,3,2,3,2409,916,509,69.6875
ADAUSDT,2025-08-27 17:00:00+00:00,2,2,2,931,413,208,3.1375
XRPUSDT,2025-08-27 17:45:00+00:00,3,2,4,2815,1186,565,48.225
SOLUSDT,2025-08-27 19:30:00+00:00,4,3,5,5289,2692,1182,26.9375
ADAUSDT,2025-08-27 20:15:00+00:00,5,2,5,11380,5095,2435,1.0
SOLUSDT,2025-08-27 20:15:00+00:00,5,2,5,44152,19664,8531,1.0
SOLUSDT,2025-08-27 20:30:00+00:00,5,3,5,21978,10184,4386,8.2125
ADAUSDT,2025-08-27 20:45:00+00:00,2,2,2,1275,550,297,3.1375
ADAUSDT,2025-08-27 23:30:00+00:00,1,2,2,661,278,133,2.95
ADAUSDT,2025-08-28 00:00:00+00:00,2,2,1,817,318,185,3.1375
ADAUSDT,2025-08-28 00:15:00+00:00,2,2,2,1000,428,213,3.1375
SOLUSDT,2025-08-28 00:15:00+00:00,4,3,4,5662,2994,1212,26.9375
ADAUSDT,2025-08-28 00:45:00+00:00,2,2,3,1197,513,263,3.1375
ADAUSDT,2025-08-28 02:30:00+00:00,1,2,1,658,274,151,2.95
ADAUSDT,2025-08-28 03:00:00+00:00,1,2,2,648,263,133,2.95
XRPUSDT,2025-08-28 08:15:00+00:00,3,3,4,2790,1332,484,62.125
DOGEUSDT,2025-08-28 11:30:00+00:00,2,2,2,1214,468,251,56.45
ADAUSDT,2025-08-28 13:30:00+00:00,3,2,2,1985,748,421,1.2
ADAUSDT,2025-08-28 13:45:00+00:00,3,2,3,2234,839,451,1.2
ADAUSDT,2025-08-28 14:00:00+00:00,3,2,3,2273,981,468,1.2
ADAUSDT,2025-08-28 14:15:00+00:00,2,2,3,1641,669,357,3.1375
AVAXUSDT,2025-08-28 18:30:00+00:00,1,4,1,258,160,58,15.825
ADAUSDT,2025-08-28 19:00:00+00:00,1,2,1,639,285,145,2.95
DOGEUSDT,2025-08-28 19:45:00+00:00,3,2,2,2001,743,397,69.6875
SOLUSDT,2025-08-28 20:30:00+00:00,3,3,4,3306,1639,679,43.7
XRPUSDT,2025-08-28 20:30:00+00:00,2,2,2,1708,758,343,29.175
ADAUSDT,2025-08-28 22:00:00+00:00,2,5,2,843,532,141,40.525
ADAUSDT,2025-08-28 22:30:00+00:00,2,3,2,1106,575,235,28.9875
ADAUSDT,2025-08-28 23:30:00+00:00,1,2,1,759,309,185,2.95
ADAUSDT,2025-08-28 23:45:00+00:00,1,2,1,656,281,155,2.95
SOLUSDT,2025-08-29 01:45:00+00:00,4,4,5,5565,2995,1033,52.7875
SOLUSDT,2025-08-29 03:00:00+00:00,4,3,5,6049,3159,1282,26.9375
BTCUSDT,2025-08-29 03:45:00+00:00,4,2,4,3801,1672,456,104.35
SOLUSDT,2025-08-29 04:00:00+00:00,4,3,5,4763,2401,943,26.9375
SOLUSDT,2025-08-29 04:45:00+00:00,5,5,5,7644,4825,1249,8.275
BTCUSDT,2025-08-29 05:45:00+00:00,4,2,5,5782,2272,666,104.35
ETHUSDT,2025-08-29 06:15:00+00:00,5,2,5,8665,2718,708,22.9625
ADAUSDT,2025-08-29 06:30:00+00:00,5,3,4,8028,3736,1382,1.0
BTCUSDT,2025-08-29 06:30:00+00:00,5,5,5,25334,17013,2595,1.175
ETHUSDT,2025-08-29 06:30:00+00:00,5,3,5,43857,22756,3235,1.4625
ADAUSDT,2025-08-29 06:45:00+00:00,5,3,4,7841,4142,1508,1.0
AVAXUSDT,2025-08-29 06:45:00+00:00,4,5,3,6133,4539,930,3.15
BTCUSDT,2025-08-29 06:45:00+00:00,5,5,5,38386,29262,4274,1.175
ETHUSDT,2025-08-29 06:45:00+00:00,5,5,5,61119,49171,4386,1.0
XRPUSDT,2025-08-29 06:45:00+00:00,5,5,5,24747,15366,4332,1.5875
XRPUSDT,2025-08-29 07:15:00+00:00,5,5,4,11798,8337,1328,1.5875
SOLUSDT,2025-08-29 08:45:00+00:00,5,4,5,9309,5234,1648,14.5375
ADAUSDT,2025-08-29 09:30:00+00:00,2,2,2,1121,494,253,3.1375
SOLUSDT,2025-08-29 09:30:00+00:00,4,3,5,5252,2707,1093,26.9375
XRPUSDT,2025-08-29 11:15:00+00:00,3,4,3,2136,1183,462,28.8375
DOGEUSDT,2025-08-29 12:15:00+00:00,2,2,2,1632,712,368,56.45
ADAUSDT,2025-08-29 12:30:00+00:00,5,3,5,10072,4948,2040,1.0
AVAXUSDT,2025-08-29 12:30:00+00:00,4,5,4,5416,4133,864,3.15
SOLUSDT,2025-08-29 12:30:00+00:00,5,3,5,47294,22762,8329,8.2125
ADAUSDT,2025-08-29 12:45:00+00:00,2,2,3,1562,667,363,3.1375
DOGEUSDT,2025-08-29 13:00:00+00:00,3,2,3,2138,742,415,69.6875
ADAUSDT,2025-08-29 13:30:00+00:00,4,3,3,3829,1751,777,3.025
DOGEUSDT,2025-08-29 13:45:00+00:00,5,2,4,8264,2868,1479,17.275
XRPUSDT,2025-08-29 14:15:00+00:00,5,4,5,12188,6679,1938,4.1125
XRPUSDT,2025-08-29 14:45:00+00:00,5,3,4,8233,4356,1416,12.4625
ADAUSDT,2025-08-29 15:00:00+00:00,2,2,2,1348,569,327,3.1375
ADAUSDT,2025-08-29 15:30:00+00:00,2,2,2,1254,552,292,3.1375
ADAUSDT,2025-08-29 16:30:00+00:00,2,2,2,1089,478,261,3.1375
SOLUSDT,2025-08-29 17:15:00+00:00,5,3,5,8541,4305,1706,8.2125
ADAUSDT,2025-08-29 19:15:00+00:00,2,3,2,953,443,216,28.9875
XRPUSDT,2025-08-29 21:00:00+00:00,5,4,5,7793,4214,1233,4.1125
ETHUSDT,2025-08-30 00:15:00+00:00,4,1,4,6880,1012,507,106.55
ADAUSDT,2025-08-30 00:45:00+00:00,1,4,2,544,323,105,104.5375
BTCUSDT,2025-08-30 04:15:00+00:00,5,3,5,9251,4184,1186,3.325
SOLUSDT,2025-08-30 06:45:00+00:00,3,4,4,3414,1970,696,97.675
BTCUSDT,2025-08-30 07:30:00+00:00,4,3,5,5117,2471,666,14.5875
BTCUSDT,2025-08-30 07:45:00+00:00,4,4,5,4159,2293,602,2.3625
ADAUSDT,2025-08-30 08:30:00+00:00,1,2,1,394,177,87,2.95
SOLUSDT,2025-08-30 11:15:00+00:00,3,5,4,3186,2253,461,40.7625
ADAUSDT,2025-08-30 13:00:00+00:00,3,3,3,2505,1276,565,10.725
SOLUSDT,2025-08-30 13:15:00+00:00,4,5,5,7456,5079,1123,28.9
XRPUSDT,2025-08-30 14:00:00+00:00,3,3,3,2541,1343,461,62.125
SOLUSDT,2025-08-30 17:15:00+00:00,4,5,4,4990,3565,743,28.9
XRPUSDT,2025-08-30 18:15:00+00:00,3,5,2,1949,1246,302,12.5625
SOLUSDT,2025-08-30 18:45:00+00:00,3,5,4,2830,1854,469,40.7625
XRPUSDT,2025-08-30 19:30:00+00:00,2,4,2,1293,756,230,31.5375
ADAUSDT,2025-08-30 20:15:00+00:00,1,2,1,336,147,72,2.95
ADAUSDT,2025-08-30 20:30:00+00:00,1,3,1,431,194,100,39.4875
DOGEUSDT,2025-08-30 22:00:00+00:00,2,2,2,950,310,171,56.45
XRPUSDT,2025-08-30 22:15:00+00:00,1,3,1,773,387,167,17.675
BTCUSDT,2025-08-30 23:15:00+00:00,3,3,4,3078,1390,493,11.4125
DOGEUSDT,2025-08-30 23:15:00+00:00,1,2,1,549,211,108,13.8375
ADAUSDT,2025-08-30 23:30:00+00:00,1,2,1,331,145,80,2.95
ETHUSDT,2025-08-31 00:00:00+00:00,4,2,4,6673,2112,671,26.225
SOLUSDT,2025-08-31 01:15:00+00:00,4,5,5,5260,3565,768,28.9
ADAUSDT,2025-08-31 02:00:00+00:00,1,3,1,514,256,120,39.4875
SOLUSDT,2025-08-31 02:15:00+00:00,3,3,4,2093,1108,402,43.7
BTCUSDT,2025-08-31 02:30:00+00:00,3,3,3,2926,1465,490,11.4125
DOGEUSDT,2025-08-31 03:30:00+00:00,3,4,3,2675,1517,448,10.075
SOLUSDT,2025-08-31 04:00:00+00:00,3,3,3,2025,1034,425,43.7
XRPUSDT,2025-08-31 07:15:00+00:00,2,2,2,980,432,221,29.175
XRPUSDT,2025-08-31 08:30:00+00:00,2,2,3,1238,528,271,29.175
ADAUSDT,2025-08-31 16:00:00+00:00,1,2,1,581,250,147,2.95
SOLUSDT,2025-08-31 17:00:00+00:00,3,4,4,2283,1338,468,97.675
SOLUSDT,2025-08-31 17:15:00+00:00,4,4,5,5301,3069,868,52.7875
ADAUSDT,2025-08-31 17:30:00+00:00,1,2,1,374,164,89,2.95
ADAUSDT,2025-08-31 17:45:00+00:00,1,2,1,276,116,64,2.95
ADAUSDT,2025-08-31 18:45:00+00:00,1,3,1,314,162,74,39.4875
ADAUSDT,2025-08-31 19:30:00+00:00,1,2,1,309,132,75,2.95
ADAUSDT,2025-08-31 21:45:00+00:00,1,3,1,219,108,46,39.4875
DOGEUSDT,2025-08-31 22:00:00+00:00,2,1,2,1523,439,278,1.0
BTCUSDT,2025-08-31 22:45:00+00:00,4,2,4,4366,1289,526,104.35
XRPUSDT,2025-09-01 00:15:00+00:00,5,3,5,10738,5693,1727,12.4625
XRPUSDT,2025-09-01 00:30:00+00:00,4,3,4,7485,3726,1149,32.2375
ADAUSDT,2025-09-01 00:45:00+00:00,2,3,2,1070,485,235,28.9875
ADAUSDT,2025-09-01 03:15:00+00:00,2,3,2,871,430,211,28.9875
ADAUSDT,2025-09-01 04:00:00+00:00,1,2,1,577,259,132,2.95
DOGEUSDT,2025-09-01 04:00:00+00:00,2,3,3,1668,751,293,66.0875
DOGEUSDT,2025-09-01 04:45:00+00:00,3,3,3,2993,1551,539,36.4125
ADAUSDT,2025-09-01 05:45:00+00:00,1,2,1,519,222,125,2.95
ADAUSDT,2025-09-01 07:15:00+00:00,5,4,5,11397,6473,2248,1.275
ADAUSDT,2025-09-01 07:30:00+00:00,5,3,4,7832,4115,1685,1.0
ADAUSDT,2025-09-01 08:00:00+00:00,4,3,4,5155,2624,1123,3.025
XRPUSDT,2025-09-01 08:30:00+00:00,4,2,4,4086,1829,762,29.925
AVAXUSDT,2025-09-01 10:15:00+00:00,3,5,2,1888,1671,147,11.7
SOLUSDT,2025-09-01 12:15:00+00:00,4,5,4,5838,4118,819,28.9
ADAUSDT,2025-09-01 14:00:00+00:00,2,2,2,1149,495,266,3.1375
DOGEUSDT,2025-09-01 15:45:00+00:00,4,3,3,4357,2050,752,16.275
SOLUSDT,2025-09-01 18:00:00+00:00,3,4,4,3334,1944,679,97.675
ADAUSDT,2025-09-01 19:30:00+00:00,1,3,1,662,345,134,39.4875
DOGEUSDT,2025-09-01 19:45:00+00:00,2,2,2,1169,476,209,56.45
AVAXUSDT,2025-09-01 20:45:00+00:00,3,5,4,2379,1888,335,11.7
AVAXUSDT,2025-09-01 21:30:00+00:00,3,5,3,1767,1328,274,11.7
XRPUSDT,2025-09-01 21:30:00+00:00,5,4,4,8006,4594,1195,4.1125
XRPUSDT,2025-09-01 21:45:00+00:00,3,2,3,3005,1207,559,48.225
ADAUSDT,2025-09-01 22:00:00+00:00,2,2,2,1300,570,282,3.1375
DOGEUSDT,2025-09-02 00:00:00+00:00,3,1,3,2338,662,407,1.0
ADAUSDT,2025-09-02 00:45:00+00:00,1,2,1,610,272,147,2.95
XRPUSDT,2025-09-02 02:15:00+00:00,3,4,3,2442,1358,389,28.8375
ADAUSDT,2025-09-02 03:00:00+00:00,3,3,3,1971,1024,432,10.725
ADAUSDT,2025-09-02 04:00:00+00:00,2,4,2,852,481,200,52.55
XRPUSDT,2025-09-02 05:00:00+00:00,3,4,3,2408,1344,428,28.8375
ADAUSDT,2025-09-02 06:30:00+00:00,2,3,2,1159,583,259,28.9875
XRPUSDT,2025-09-02 06:45:00+00:00,3,5,3,2336,1504,388,12.5625
SOLUSDT,2025-09-02 08:30:00+00:00,3,3,4,2738,1388,601,43.7
ADAUSDT,2025-09-02 10:45:00+00:00,1,3,1,404,193,104,39.4875
XRPUSDT,2025-09-02 12:15:00+00:00,4,4,3,3918,2391,530,14.8625
ADAUSDT,2025-09-02 12:30:00+00:00,3,4,3,1849,1061,393,18.4375
DOGEUSDT,2025-09-02 13:30:00+00:00,5,2,5,12057,4642,2160,17.275
XRPUSDT,2025-09-02 13:30:00+00:00,5,2,5,10611,4441,1836,11.6125
SOLUSDT,2025-09-02 13:45:00+00:00,5,3,5,18083,9680,3359,8.2125
ADAUSDT,2025-09-02 14:00:00+00:00,4,3,4,3686,1866,818,3.025
XRPUSDT,2025-09-02 14:45:00+00:00,4,3,4,4833,2280,826,32.2375
SOLUSDT,2025-09-02 15:00:00+00:00,5,4,5,7987,4550,1376,14.5375
ADAUSDT,2025-09-02 15:45:00+00:00,3,4,2,1946,1125,429,18.4375
XRPUSDT,2025-09-02 17:00:00+00:00,3,2,3,2430,1020,502,48.225
ADAUSDT,2025-09-02 17:30:00+00:00,2,3,2,841,441,185,28.9875
SOLUSDT,2025-09-02 17:30:00+00:00,5,5,5,9850,6153,1653,8.275
SOLUSDT,2025-09-02 18:45:00+00:00,5,5,5,12416,8023,2042,8.275
BTCUSDT,2025-09-02 19:15:00+00:00,5,1,5,9047,2387,859,173.075
DOGEUSDT,2025-09-02 19:15:00+00:00,2,1,2,1495,412,242,1.0
DOGEUSDT,2025-09-02 20:00:00+00:00,2,1,2,1522,400,271,1.0
SOLUSDT,2025-09-02 20:00:00+00:00,4,2,4,3638,1620,758,1.275
ADAUSDT,2025-09-02 20:30:00+00:00,2,3,3,1272,671,262,28.9875
XRPUSDT,2025-09-02 21:00:00+00:00,2,2,3,1534,656,302,29.175
SOLUSDT,2025-09-02 22:45:00+00:00,4,5,5,6087,4197,885,28.9
SOLUSDT,2025-09-03 03:45:00+00:00,4,5,4,5085,3480,772,28.9
AVAXUSDT,2025-09-03 07:15:00+00:00,2,5,2,1066,851,131,51.5625
AVAXUSDT,2025-09-03 08:15:00+00:00,5,5,5,8444,6313,1309,1.0
DOGEUSDT,2025-09-03 11:30:00+00:00,2,2,1,1302,477,241,56.45
DOGEUSDT,2025-09-03 12:00:00+00:00,2,2,2,1002,413,201,56.45
XRPUSDT,2025-09-03 13:30:00+00:00,4,1,4,4507,1305,750,1.0
ETHUSDT,2025-09-03 20:45:00+00:00,3,1,4,2428,667,327,19.05
SOLUSDT,2025-09-03 23:00:00+00:00,3,3,3,1964,1036,427,43.7
XRPUSDT,2025-09-03 23:45:00+00:00,1,2,3,782,347,168,2.1125
ADAUSDT,2025-09-04 00:45:00+00:00,1,4,2,307,174,64,104.5375
BTCUSDT,2025-09-04 02:00:00+00:00,4,2,4,4678,1395,611,104.35
ADAUSDT,2025-09-04 05:45:00+00:00,1,3,1,552,274,123,39.4875
ADAUSDT,2025-09-04 07:45:00+00:00,1,4,1,434,258,94,104.5375
BTCUSDT,2025-09-04 09:00:00+00:00,4,2,4,4740,1504,586,104.35
BTCUSDT,2025-09-04 16:15:00+00:00,4,1,5,7573,2083,859,46.3875
DOGEUSDT,2025-09-04 16:45:00+00:00,2,4,2,1739,985,289,20.825
DOGEUSDT,2025-09-04 17:15:00+00:00,2,4,2,1610,913,276,20.825
XRPUSDT,2025-09-04 17:30:00+00:00,2,2,2,1439,594,288,29.175
DOGEUSDT,2025-09-04 19:30:00+00:00,3,5,2,2525,1635,363,2.925
DOGEUSDT,2025-09-04 20:15:00+00:00,3,4,2,2289,1372,339,10.075
SOLUSDT,2025-09-04 21:00:00+00:00,3,5,3,2116,1323,377,40.7625
DOGEUSDT,2025-09-04 22:30:00+00:00,2,5,2,1266,793,185,4.8875
XRPUSDT,2025-09-05 02:00:00+00:00,2,2,4,1617,674,310,29.175
AVAXUSDT,2025-09-05 02:30:00+00:00,1,4,2,375,232,77,15.825
BTCUSDT,2025-09-05 06:45:00+00:00,5,4,5,10030,5415,936,1.4
SOLUSDT,2025-09-05 07:30:00+00:00,5,5,5,9731,7231,1236,8.275
BTCUSDT,2025-09-05 07:45:00+00:00,5,3,5,16401,7651,1770,3.325
XRPUSDT,2025-09-05 08:30:00+00:00,2,3,3,1228,574,261,75.6375
SOLUSDT,2025-09-05 09:15:00+00:00,4,5,5,4578,2924,810,28.9
SOLUSDT,2025-09-05 09:30:00+00:00,4,5,5,4687,3110,774,28.9
ADAUSDT,2025-09-05 09:45:00+00:00,1,4,1,458,267,111,104.5375
DOGEUSDT,2025-09-05 09:45:00+00:00,2,2,2,1053,439,236,56.45
BTCUSDT,2025-09-05 11:00:00+00:00,4,2,5,5546,1696,726,104.35
ADAUSDT,2025-09-05 12:30:00+00:00,5,3,5,17260,9025,3555,1.0
AVAXUSDT,2025-09-05 12:30:00+00:00,4,5,5,6442,4775,992,3.15
SOLUSDT,2025-09-05 13:30:00+00:00,5,4,5,10247,5613,2040,14.5375
DOGEUSDT,2025-09-05 14:30:00+00:00,5,2,5,11632,4993,2109,17.275
SOLUSDT,2025-09-05 14:30:00+00:00,5,5,5,26981,17226,4209,8.275
XRPUSDT,2025-09-05 14:45:00+00:00,5,3,5,7992,3920,1305,12.4625
ADAUSDT,2025-09-05 16:15:00+00:00,1,2,2,541,232,118,2.95
SOLUSDT,2025-09-05 16:15:00+00:00,4,5,4,5751,3899,965,28.9
ADAUSDT,2025-09-05 17:00:00+00:00,1,2,1,403,173,93,2.95
DOGEUSDT,2025-09-05 17:45:00+00:00,2,3,1,1119,528,200,66.0875
ADAUSDT,2025-09-05 18:00:00+00:00,1,2,1,522,220,116,2.95
DOGEUSDT,2025-09-05 19:45:00+00:00,3,4,3,2008,1140,276,10.075
BTCUSDT,2025-09-05 23:00:00+00:00,3,2,3,3023,1162,446,18.6125
ETHUSDT,2025-09-05 23:00:00+00:00,4,1,4,3940,1077,386,106.55
ETHUSDT,2025-09-06 00:30:00+00:00,4,1,5,7000,1718,482,106.55
XRPUSDT,2025-09-06 00:30:00+00:00,2,5,2,1719,1084,279,7.925
XRPUSDT,2025-09-06 03:45:00+00:00,1,2,1,778,320,172,2.1125
SOLUSDT,2025-09-06 04:30:00+00:00,2,5,3,1681,1062,284,21.8625
AVAXUSDT,2025-09-06 05:45:00+00:00,1,5,1,219,168,32,225.225
SOLUSDT,2025-09-06 05:45:00+00:00,3,5,3,3034,2213,413,40.7625
BTCUSDT,2025-09-06 06:00:00+00:00,3,4,3,1873,1005,372,1.6125
BTCUSDT,2025-09-06 06:15:00+00:00,2,3,3,1711,795,329,1.0
BTCUSDT,2025-09-06 06:30:00+00:00,3,2,3,2064,882,373,18.6125
BTCUSDT,2025-09-06 07:15:00+00:00,3,4,3,2323,1257,513,1.6125
BTCUSDT,2025-09-06 07:45:00+00:00,3,4,3,2302,1244,427,1.6125
BTCUSDT,2025-09-06 12:45:00+00:00,3,3,3,3261,1483,655,11.4125
DOGEUSDT,2025-09-06 12:45:00+00:00,1,3,2,766,382,159,47.5125
XRPUSDT,2025-09-06 13:15:00+00:00,2,5,2,1584,1027,250,7.925
ADAUSDT,2025-09-06 16:15:00+00:00,2,4,2,978,563,213,52.55
BTCUSDT,2025-09-06 19:00:00+00:00,3,3,4,2883,1388,440,11.4125
SOLUSDT,2025-09-06 19:30:00+00:00,3,5,3,2620,1722,419,40.7625
ETHUSDT,2025-09-06 21:00:00+00:00,3,2,3,2085,651,294,16.575
XRPUSDT,2025-09-06 21:00:00+00:00,1,3,2,773,393,168,17.675
ETHUSDT,2025-09-06 21:15:00+00:00,3,2,3,2866,959,317,16.575
XRPUSDT,2025-09-06 21:15:00+00:00,1,3,1,563,276,138,17.675
BTCUSDT,2025-09-06 21:45:00+00:00,3,4,4,2847,1535,514,1.6125
ETHUSDT,2025-09-06 22:45:00+00:00,4,4,5,7379,4060,423,1.0
DOGEUSDT,2025-09-07 01:00:00+00:00,2,2,1,837,325,158,56.45
XRPUSDT,2025-09-07 01:15:00+00:00,1,2,2,656,290,151,2.1125
BTCUSDT,2025-09-07 02:30:00+00:00,3,4,4,3283,1780,626,1.6125
DOGEUSDT,2025-09-07 03:00:00+00:00,1,2,1,539,212,115,13.8375
ETHUSDT,2025-09-07 03:00:00+00:00,3,3,3,3314,1650,323,1.15
XRPUSDT,2025-09-07 04:00:00+00:00,1,3,2,622,310,152,17.675
BTCUSDT,2025-09-07 06:15:00+00:00,2,3,4,1689,834,374,1.0
BTCUSDT,2025-09-07 07:30:00+00:00,4,2,5,4443,1323,530,104.35
ETHUSDT,2025-09-07 11:00:00+00:00,4,3,5,5526,2561,476,1.0
ADAUSDT,2025-09-07 11:15:00+00:00,1,5,1,337,224,61,81.6375
BTCUSDT,2025-09-07 11:15:00+00:00,3,3,3,2364,1209,460,11.4125
DOGEUSDT,2025-09-07 11:15:00+00:00,2,5,2,978,641,151,4.8875
ETHUSDT,2025-09-07 11:15:00+00:00,4,4,4,3494,1885,360,1.0
AVAXUSDT,2025-09-07 11:30:00+00:00,1,4,1,247,152,51,15.825
DOGEUSDT,2025-09-07 14:00:00+00:00,5,3,5,11033,5327,1906,3.625
SOLUSDT,2025-09-07 14:30:00+00:00,3,4,3,2256,1321,436,97.675
SOLUSDT,2025-09-07 14:45:00+00:00,3,5,3,2063,1286,389,40.7625
BTCUSDT,2025-09-07 17:00:00+00:00,4,3,4,4688,2124,679,14.5875
BTCUSDT,2025-09-07 18:15:00+00:00,4,3,4,4119,2076,650,14.5875
BTCUSDT,2025-09-07 21:30:00+00:00,3,3,3,2132,1009,404,11.4125
SOLUSDT,2025-09-07 22:45:00+00:00,4,5,5,7498,4892,1288,28.9
ADAUSDT,2025-09-07 23:15:00+00:00,2,5,2,1328,886,249,40.525
BTCUSDT,2025-09-07 23:15:00+00:00,4,1,5,7368,1989,677,46.3875
AVAXUSDT,2025-09-08 01:15:00+00:00,1,5,1,275,198,53,225.225
DOGEUSDT,2025-09-08 02:15:00+00:00,3,2,3,2469,845,452,69.6875
ADAUSDT,2025-09-08 02:30:00+00:00,2,4,2,1332,742,243,52.55
BTCUSDT,2025-09-08 04:45:00+00:00,3,2,4,3375,1261,489,18.6125
DOGEUSDT,2025-09-08 06:00:00+00:00,3,2,3,2756,1019,502,69.6875
ADAUSDT,2025-09-08 09:15:00+00:00,2,3,2,973,496,232,28.9875
ADAUSDT,2025-09-08 10:00:00+00:00,3,5,4,2761,1794,512,15.725
SOLUSDT,2025-09-08 12:45:00+00:00,4,5,4,4618,2903,879,28.9
ADAUSDT,2025-09-08 13:30:00+00:00,3,3,3,2299,1193,536,10.725
DOGEUSDT,2025-09-08 16:30:00+00:00,4,2,4,3839,1568,692,44.2
XRPUSDT,2025-09-08 16:45:00+00:00,4,5,4,5514,3630,843,7.4375
BTCUSDT,2025-09-08 21:45:00+00:00,3,4,3,2497,1342,492,1.6125
BTCUSDT,2025-09-08 22:15:00+00:00,4,2,4,4383,1523,618,104.35
BTCUSDT,2025-09-09 01:00:00+00:00,5,4,5,10413,6377,1018,1.4
SOLUSDT,2025-09-09 01:30:00+00:00,4,5,5,6225,3928,940,28.9
ADAUSDT,2025-09-09 02:15:00+00:00,2,4,2,1269,737,251,52.55
DOGEUSDT,2025-09-09 02:30:00+00:00,4,3,4,4017,1843,672,16.275
SOLUSDT,2025-09-09 02:45:00+00:00,5,5,5,11489,8365,1432,8.275
BTCUSDT,2025-09-09 03:30:00+00:00,4,2,4,4028,1318,491,104.35
DOGEUSDT,2025-09-09 04:15:00+00:00,3,2,3,2573,945,490,69.6875
SOLUSDT,2025-09-09 05:45:00+00:00,3,4,4,2532,1402,539,97.675
AVAXUSDT,2025-09-09 06:45:00+00:00,3,5,4,2561,1863,430,11.7
BTCUSDT,2025-09-09 10:00:00+00:00,4,3,5,5014,2545,750,14.5875
BTCUSDT,2025-09-09 10:45:00+00:00,4,2,5,6178,2519,870,104.35
XRPUSDT,2025-09-09 13:30:00+00:00,4,1,3,3595,1042,637,1.0
XRPUSDT,2025-09-09 14:30:00+00:00,5,3,5,10996,5590,1870,12.4625
SOLUSDT,2025-09-09 15:00:00+00:00,5,5,5,10421,6727,1676,8.275
XRPUSDT,2025-09-09 15:00:00+00:00,4,3,4,4377,2013,799,32.2375
AVAXUSDT,2025-09-09 16:30:00+00:00,2,5,2,807,560,143,51.5625
XRPUSDT,2025-09-09 22:00:00+00:00,2,3,3,1742,809,365,75.6375
DOGEUSDT,2025-09-10 03:00:00+00:00,3,4,3,2466,1455,338,10.075
AVAXUSDT,2025-09-10 03:30:00+00:00,1,4,1,234,138,59,15.825
AVAXUSDT,2025-09-10 03:45:00+00:00,1,5,1,389,302,53,225.225
DOGEUSDT,2025-09-10 04:15:00+00:00,2,2,2,1258,463,260,56.45
DOGEUSDT,2025-09-10 04:30:00+00:00,2,2,3,1641,603,317,56.45
BTCUSDT,2025-09-10 05:15:00+00:00,4,1,5,5389,1558,599,46.3875
SOLUSDT,2025-09-10 07:15:00+00:00,5,5,5,15282,9610,2712,8.275
SOLUSDT,2025-09-10 07:45:00+00:00,5,4,5,7835,4814,1442,14.5375
ADAUSDT,2025-09-10 08:15:00+00:00,1,3,1,743,374,178,39.4875
DOGEUSDT,2025-09-10 09:15:00+00:00,2,2,2,1495,574,292,56.45
SOLUSDT,2025-09-10 09:15:00+00:00,4,4,4,3505,2090,659,52.7875
ETHUSDT,2025-09-10 09:30:00+00:00,4,2,5,6294,1938,644,26.225
AVAXUSDT,2025-09-10 12:30:00+00:00,5,5,5,7640,5115,1425,1.0
XRPUSDT,2025-09-10 12:30:00+00:00,5,2,5,14924,6097,2395,11.6125
AVAXUSDT,2025-09-10 12:45:00+00:00,4,5,4,5270,3540,1009,3.15
ADAUSDT,2025-09-10 13:30:00+00:00,2,3,3,1684,814,390,28.9875
AVAXUSDT,2025-09-10 13:45:00+00:00,3,5,4,2370,1592,462,11.7
ADAUSDT,2025-09-10 14:00:00+00:00,3,3,3,1900,973,447,10.725
SOLUSDT,2025-09-10 14:00:00+00:00,5,4,5,9776,5675,1807,14.5375
AVAXUSDT,2025-09-10 15:30:00+00:00,3,5,3,1924,1376,332,11.7
BTCUSDT,2025-09-10 15:45:00+00:00,4,2,5,7140,2700,886,104.35
ADAUSDT,2025-09-10 16:00:00+00:00,2,4,2,1193,677,261,52.55
BTCUSDT,2025-09-10 16:45:00+00:00,4,2,5,6456,2798,927,104.35
SOLUSDT,2025-09-10 18:15:00+00:00,4,5,4,4538,2949,762,28.9
ADAUSDT,2025-09-10 19:00:00+00:00,2,5,2,1102,726,204,40.525
BTCUSDT,2025-09-10 19:30:00+00:00,5,2,5,9054,3955,870,57.2
DOGEUSDT,2025-09-11 01:45:00+00:00,2,2,2,1515,629,302,56.45
DOGEUSDT,2025-09-11 03:15:00+00:00,5,3,5,17306,7856,2922,3.625
AVAXUSDT,2025-09-11 04:00:00+00:00,5,5,5,8890,6303,1568,1.0
BTCUSDT,2025-09-11 04:45:00+00:00,4,2,4,3726,1649,555,104.35
DOGEUSDT,2025-09-11 08:15:00+00:00,2,2,2,1576,554,292,56.45
BTCUSDT,2025-09-11 10:30:00+00:00,4,3,5,6626,3132,801,14.5875
SOLUSDT,2025-09-11 12:00:00+00:00,5,5,5,22140,14347,3332,8.275
XRPUSDT,2025-09-11 12:15:00+00:00,3,3,4,3162,1499,677,62.125
ADAUSDT,2025-09-11 12:30:00+00:00,5,3,5,17066,7766,3405,1.0
AVAXUSDT,2025-09-11 12:30:00+00:00,5,5,5,8719,5991,1511,1.0
SOLUSDT,2025-09-11 12:30:00+00:00,5,2,5,46487,20515,8044,1.0
ADAUSDT,2025-09-11 14:00:00+00:00,2,2,1,946,423,213,3.1375
ADAUSDT,2025-09-11 17:45:00+00:00,1,3,1,467,244,106,39.4875
ADAUSDT,2025-09-11 18:45:00+00:00,1,2,1,391,172,96,2.95
BTCUSDT,2025-09-11 19:00:00+00:00,5,4,4,8064,4687,782,1.4
SOLUSDT,2025-09-11 19:15:00+00:00,4,5,4,4258,3032,600,28.9
BTCUSDT,2025-09-11 19:30:00+00:00,4,3,4,5300,2720,684,14.5875
DOGEUSDT,2025-09-11 20:15:00+00:00,2,2,2,1616,619,347,56.45
BTCUSDT,2025-09-11 21:00:00+00:00,4,5,4,6157,4461,704,1.5125
BTCUSDT,2025-09-11 21:30:00+00:00,4,5,4,5771,4195,623,1.5125
XRPUSDT,2025-09-11 22:45:00+00:00,2,3,3,1524,693,313,75.6375
BTCUSDT,2025-09-11 23:15:00+00:00,5,5,4,8996,5597,990,1.175
XRPUSDT,2025-09-11 23:15:00+00:00,4,4,4,4102,2447,658,14.8625
BTCUSDT,2025-09-11 23:30:00+00:00,4,5,4,6427,4336,699,1.5125
ADAUSDT,2025-09-12 00:30:00+00:00,4,5,4,4253,3097,693,4.225
DOGEUSDT,2025-09-12 01:15:00+00:00,4,2,4,4769,1747,841,44.2
SOLUSDT,2025-09-12 01:45:00+00:00,4,3,4,3704,1740,832,26.9375
SOLUSDT,2025-09-12 02:30:00+00:00,4,3,4,3785,1957,796,26.9375
BTCUSDT,2025-09-12 02:45:00+00:00,5,2,5,9139,2952,876,57.2
AVAXUSDT,2025-09-12 03:00:00+00:00,1,4,1,312,189,67,15.825
SOLUSDT,2025-09-12 04:30:00+00:00,5,5,5,15057,9557,2333,8.275
DOGEUSDT,2025-09-12 07:30:00+00:00,4,3,4,3859,1861,663,16.275
ETHUSDT,2025-09-12 07:45:00+00:00,5,3,5,8855,4658,951,1.4625
SOLUSDT,2025-09-12 09:15:00+00:00,3,3,4,2974,1578,637,43.7
ETHUSDT,2025-09-12 12:15:00+00:00,5,2,5,7880,2321,705,22.9625
ADAUSDT,2025-09-12 12:30:00+00:00,2,4,2,1003,585,201,52.55
DOGEUSDT,2025-09-12 16:30:00+00:00,5,3,5,12774,5878,2141,3.625
BTCUSDT,2025-09-12 20:45:00+00:00,5,4,5,10295,5677,858,1.4
XRPUSDT,2025-09-12 20:45:00+00:00,5,4,5,12699,7146,2191,4.1125
BTCUSDT,2025-09-12 21:00:00+00:00,5,3,5,10551,5132,1005,3.325
ETHUSDT,2025-09-12 21:30:00+00:00,4,2,5,7366,2601,826,26.225
ADAUSDT,2025-09-12 22:15:00+00:00,4,5,4,4493,2991,835,4.225
AVAXUSDT,2025-09-12 22:15:00+00:00,2,5,3,1506,1176,193,51.5625
BTCUSDT,2025-09-12 22:15:00+00:00,5,3,5,12469,6079,1106,3.325
SOLUSDT,2025-09-12 22:15:00+00:00,5,5,5,18487,11549,2899,8.275
BTCUSDT,2025-09-12 22:30:00+00:00,5,4,5,8633,5231,887,1.4
BTCUSDT,2025-09-12 22:45:00+00:00,4,4,4,4757,2588,659,2.3625
ADAUSDT,2025-09-13 00:00:00+00:00,4,5,4,4814,3149,855,4.225
BTCUSDT,2025-09-13 01:15:00+00:00,4,4,5,7518,4086,848,2.3625
SOLUSDT,2025-09-13 01:30:00+00:00,4,5,4,4625,3035,798,28.9
DOGEUSDT,2025-09-13 01:45:00+00:00,4,3,4,6122,2812,1088,16.275
ADAUSDT,2025-09-13 02:15:00+00:00,2,3,2,881,470,205,28.9875
BTCUSDT,2025-09-13 02:30:00+00:00,4,4,4,4685,2689,614,2.3625
AVAXUSDT,2025-09-13 02:45:00+00:00,5,5,5,12900,10494,1520,1.0
AVAXUSDT,2025-09-13 03:15:00+00:00,3,5,4,3118,2429,397,11.7
AVAXUSDT,2025-09-13 04:15:00+00:00,4,5,4,7191,5800,844,3.15
AVAXUSDT,2025-09-13 04:30:00+00:00,4,5,4,3631,2756,533,3.15
SOLUSDT,2025-09-13 04:30:00+00:00,3,5,4,2913,1819,520,40.7625
AVAXUSDT,2025-09-13 05:00:00+00:00,4,5,4,5046,4010,622,3.15
BTCUSDT,2025-09-13 05:00:00+00:00,4,3,4,3567,1633,574,14.5875
BTCUSDT,2025-09-13 06:30:00+00:00,3,3,4,2938,1439,557,11.4125
SOLUSDT,2025-09-13 07:00:00+00:00,3,5,4,2308,1458,429,40.7625
BTCUSDT,2025-09-13 07:15:00+00:00,3,4,4,3055,1653,570,1.6125
ADAUSDT,2025-09-13 07:45:00+00:00,1,4,1,434,263,89,104.5375
BTCUSDT,2025-09-13 08:00:00+00:00,3,4,5,3211,1755,646,1.6125
ETHUSDT,2025-09-13 08:45:00+00:00,4,2,5,4309,1318,490,26.225
ADAUSDT,2025-09-13 09:00:00+00:00,5,5,4,7625,5241,1200,1.0
XRPUSDT,2025-09-13 09:00:00+00:00,5,4,5,11887,6536,2002,4.1125
BTCUSDT,2025-09-13 09:45:00+00:00,4,3,4,5223,2777,815,14.5875
AVAXUSDT,2025-09-13 10:00:00+00:00,4,5,4,3476,2621,455,3.15
ETHUSDT,2025-09-13 11:15:00+00:00,4,2,5,4255,1433,570,26.225
BTCUSDT,2025-09-13 11:45:00+00:00,4,4,4,3644,2066,684,2.3625
DOGEUSDT,2025-09-13 12:45:00+00:00,4,2,4,5993,2586,1131,44.2
ETHUSDT,2025-09-13 12:45:00+00:00,4,3,4,4981,2301,858,1.0
BTCUSDT,2025-09-13 13:45:00+00:00,5,3,5,12298,5586,1534,3.325
ETHUSDT,2025-09-13 13:45:00+00:00,5,2,5,38646,12655,3401,22.9625
SOLUSDT,2025-09-13 14:00:00+00:00,5,4,5,11182,6569,1844,14.5375
XRPUSDT,2025-09-13 14:00:00+00:00,5,2,4,7884,3406,1417,11.6125
XRPUSDT,2025-09-13 16:00:00+00:00,4,2,4,4633,2036,849,29.925
AVAXUSDT,2025-09-13 16:30:00+00:00,2,5,2,1239,881,215,51.5625
DOGEUSDT,2025-09-13 17:00:00+00:00,5,2,5,55231,19276,7685,17.275
BTCUSDT,2025-09-13 18:00:00+00:00,3,2,4,3273,1237,510,18.6125
ETHUSDT,2025-09-13 21:15:00+00:00,4,3,4,5289,2487,543,1.0
ETHUSDT,2025-09-13 21:30:00+00:00,3,3,4,3344,1592,385,1.15
ADAUSDT,2025-09-13 22:15:00+00:00,1,3,1,386,187,98,39.4875
ETHUSDT,2025-09-13 22:15:00+00:00,4,3,4,4988,2459,445,1.0
BTCUSDT,2025-09-13 22:30:00+00:00,3,2,3,2550,1057,415,18.6125
ETHUSDT,2025-09-13 23:15:00+00:00,5,3,5,8863,4172,697,1.4625
DOGEUSDT,2025-09-13 23:30:00+00:00,3,1,3,2790,795,479,1.0
ADAUSDT,2025-09-14 00:00:00+00:00,1,4,2,618,361,126,104.5375
XRPUSDT,2025-09-14 01:45:00+00:00,3,3,3,2966,1487,573,62.125
BTCUSDT,2025-09-14 04:45:00+00:00,3,4,4,2403,1300,407,1.6125
SOLUSDT,2025-09-14 05:30:00+00:00,4,3,4,3530,1875,759,26.9375
DOGEUSDT,2025-09-14 07:15:00+00:00,4,2,4,3966,1571,794,44.2
SOLUSDT,2025-09-14 07:45:00+00:00,4,5,4,4839,3208,778,28.9
BTCUSDT,2025-09-14 08:45:00+00:00,3,3,4,3018,1537,477,11.4125
AVAXUSDT,2025-09-14 09:00:00+00:00,1,4,1,266,160,53,15.825
AVAXUSDT,2025-09-14 09:30:00+00:00,1,4,1,286,175,55,15.825
BTCUSDT,2025-09-14 10:00:00+00:00,3,3,4,3273,1603,548,11.4125
ADAUSDT,2025-09-14 12:15:00+00:00,2,4,2,927,571,183,52.55
SOLUSDT,2025-09-14 12:30:00+00:00,4,4,4,3897,2192,794,52.7875
DOGEUSDT,2025-09-14 13:45:00+00:00,5,2,5,11044,4264,1974,17.275
DOGEUSDT,2025-09-14 14:00:00+00:00,4,2,4,7090,2472,1239,44.2
ADAUSDT,2025-09-14 14:30:00+00:00,3,4,3,3443,1978,702,18.4375
BTCUSDT,2025-09-14 18:00:00+00:00,4,4,3,3480,1950,629,2.3625
XRPUSDT,2025-09-14 18:00:00+00:00,3,4,3,1775,1030,317,28.8375
BTCUSDT,2025-09-14 18:15:00+00:00,3,4,4,3443,1876,598,1.6125
SOLUSDT,2025-09-14 19:30:00+00:00,4,5,5,5614,3717,889,28.9
XRPUSDT,2025-09-14 20:15:00+00:00,2,3,2,1124,507,249,75.6375
ADAUSDT,2025-09-14 22:15:00+00:00,1,3,1,390,197,90,39.4875
AVAXUSDT,2025-09-14 22:15:00+00:00,1,5,2,574,378,121,225.225
BTCUSDT,2025-09-14 23:00:00+00:00,4,1,5,6525,1536,600,46.3875
DOGEUSDT,2025-09-14 23:45:00+00:00,4,1,3,3491,920,554,1.375
BTCUSDT,2025-09-15 00:15:00+00:00,4,1,5,7555,2160,663,46.3875
DOGEUSDT,2025-09-15 00:15:00+00:00,4,1,4,4889,1343,765,1.375
DOGEUSDT,2025-09-15 02:45:00+00:00,3,2,3,3405,1403,668,69.6875
XRPUSDT,2025-09-15 03:15:00+00:00,3,5,3,1879,1221,263,12.5625
BTCUSDT,2025-09-15 03:30:00+00:00,3,2,4,2378,893,379,18.6125
BTCUSDT,2025-09-15 03:45:00+00:00,3,2,4,3176,1229,407,18.6125
ETHUSDT,2025-09-15 05:30:00+00:00,4,2,4,4797,1575,488,26.225
ADAUSDT,2025-09-15 08:00:00+00:00,5,4,5,13376,7866,2347,1.275
XRPUSDT,2025-09-15 08:45:00+00:00,5,3,5,10635,5540,1611,12.4625
DOGEUSDT,2025-09-15 11:15:00+00:00,4,3,4,5460,2922,802,16.275
ADAUSDT,2025-09-15 13:15:00+00:00,3,5,2,2057,1606,242,15.725
SOLUSDT,2025-09-15 14:30:00+00:00,4,4,4,5111,3051,926,52.7875
ETHUSDT,2025-09-15 15:00:00+00:00,5,1,5,14281,2903,1121,232.8125
SOLUSDT,2025-09-15 15:15:00+00:00,5,5,5,10477,7086,1461,8.275
DOGEUSDT,2025-09-15 15:30:00+00:00,4,1,3,4325,1197,719,1.375
DOGEUSDT,2025-09-15 16:00:00+00:00,4,1,4,4485,1287,784,1.375
DOGEUSDT,2025-09-15 17:00:00+00:00,4,1,4,4047,1114,669,1.375
SOLUSDT,2025-09-15 17:00:00+00:00,4,4,5,5958,3311,1171,52.7875
AVAXUSDT,2025-09-15 17:30:00+00:00,1,5,1,380,239,90,225.225
SOLUSDT,2025-09-15 18:00:00+00:00,3,3,4,3414,1636,749,43.7
ETHUSDT,2025-09-15 19:15:00+00:00,5,1,5,9936,1606,665,232.8125
DOGEUSDT,2025-09-15 20:15:00+00:00,3,2,3,2628,910,499,69.6875
ETHUSDT,2025-09-15 22:00:00+00:00,4,1,4,6419,1103,444,106.55
AVAXUSDT,2025-09-15 22:15:00+00:00,3,5,4,1991,1511,287,11.7
ETHUSDT,2025-09-15 22:45:00+00:00,3,1,3,3435,622,324,19.05
DOGEUSDT,2025-09-16 00:15:00+00:00,3,3,3,2970,1369,501,36.4125
ETHUSDT,2025-09-16 05:15:00+00:00,4,1,5,6443,1445,555,106.55
AVAXUSDT,2025-09-16 07:45:00+00:00,4,5,4,4412,3079,792,3.15
DOGEUSDT,2025-09-16 08:30:00+00:00,4,2,4,4111,1518,718,44.2
SOLUSDT,2025-09-16 10:30:00+00:00,3,2,3,2107,928,463,1.0
ADAUSDT,2025-09-16 13:45:00+00:00,4,4,4,3616,2029,815,6.0125
SOLUSDT,2025-09-16 13:45:00+00:00,5,5,5,18066,11342,2799,8.275
ETHUSDT,2025-09-16 14:30:00+00:00,5,2,5,13013,5413,1098,22.9625
DOGEUSDT,2025-09-16 16:30:00+00:00,5,4,4,8362,4557,1183,1.0
DOGEUSDT,2025-09-16 17:15:00+00:00,5,5,5,10340,6448,1347,1.0
DOGEUSDT,2025-09-16 18:45:00+00:00,4,4,3,3767,2058,561,3.7875
XRPUSDT,2025-09-16 20:45:00+00:00,1,2,1,770,331,192,2.1125
DOGEUSDT,2025-09-16 22:00:00+00:00,5,4,5,9245,5640,1188,1.0
DOGEUSDT,2025-09-16 22:15:00+00:00,5,5,4,8146,5178,1056,1.0
DOGEUSDT,2025-09-16 22:30:00+00:00,4,4,4,6081,3335,911,3.7875
DOGEUSDT,2025-09-16 23:00:00+00:00,4,4,3,3795,2131,573,3.7875
BTCUSDT,2025-09-16 23:30:00+00:00,3,2,4,3466,1261,511,18.6125
ADAUSDT,2025-09-17 00:45:00+00:00,1,3,2,444,216,109,39.4875
ETHUSDT,2025-09-17 03:30:00+00:00,4,1,4,6248,1361,477,106.55
BTCUSDT,2025-09-17 05:00:00+00:00,4,1,5,7162,2041,745,46.3875
BTCUSDT,2025-09-17 07:45:00+00:00,4,3,5,4802,2239,787,14.5875
SOLUSDT,2025-09-17 08:00:00+00:00,4,3,5,4848,2365,1044,26.9375
SOLUSDT,2025-09-17 10:45:00+00:00,4,5,5,4651,3082,643,28.9
ADAUSDT,2025-09-17 18:00:00+00:00,5,3,5,16792,7877,3156,1.0
AVAXUSDT,2025-09-17 18:00:00+00:00,5,5,5,7718,5243,1416,1.0
SOLUSDT,2025-09-17 18:00:00+00:00,5,2,5,44263,18267,7810,1.0
SOLUSDT,2025-09-17 18:30:00+00:00,5,2,5,15336,6887,2936,1.0
DOGEUSDT,2025-09-17 19:00:00+00:00,5,2,5,14915,4694,2231,17.275
BTCUSDT,2025-09-17 19:45:00+00:00,5,2,5,11492,3706,1258,57.2
DOGEUSDT,2025-09-17 19:45:00+00:00,5,1,4,7789,2224,1270,1.0
XRPUSDT,2025-09-17 20:30:00+00:00,3,3,3,2151,987,433,62.125
SOLUSDT,2025-09-17 21:15:00+00:00,4,2,5,4020,1785,883,1.275
ADAUSDT,2025-09-17 22:00:00+00:00,4,5,3,3794,2741,563,4.225
ADAUSDT,2025-09-17 22:15:00+00:00,4,5,3,3524,2478,494,4.225
XRPUSDT,2025-09-17 22:15:00+00:00,4,5,5,7011,4719,931,7.4375
XRPUSDT,2025-09-17 22:30:00+00:00,5,5,4,7997,5608,1020,1.5875
AVAXUSDT,2025-09-17 22:45:00+00:00,5,5,5,8960,6280,1587,1.0
XRPUSDT,2025-09-17 22:45:00+00:00,5,5,4,9373,6554,1185,1.5875
XRPUSDT,2025-09-17 23:00:00+00:00,5,5,5,12363,8464,1567,1.5875
ADAUSDT,2025-09-17 23:15:00+00:00,4,5,3,4135,2921,629,4.225
BTCUSDT,2025-09-17 23:15:00+00:00,5,3,5,13247,6376,1103,3.325
XRPUSDT,2025-09-17 23:15:00+00:00,5,5,4,9410,6407,1239,1.5875
AVAXUSDT,2025-09-17 23:30:00+00:00,4,5,4,3477,2766,473,3.15
AVAXUSDT,2025-09-17 23:45:00+00:00,4,5,4,3717,3005,465,3.15
ADAUSDT,2025-09-18 00:30:00+00:00,2,4,2,1690,1036,269,52.55
AVAXUSDT,2025-09-18 00:30:00+00:00,3,5,3,2298,1878,262,11.7
DOGEUSDT,2025-09-18 00:45:00+00:00,5,3,5,7808,3991,1120,3.625
AVAXUSDT,2025-09-18 01:00:00+00:00,4,5,4,4342,3088,736,3.15
SOLUSDT,2025-09-18 02:00:00+00:00,3,3,4,3430,1661,724,43.7
DOGEUSDT,2025-09-18 02:30:00+00:00,4,3,3,3900,1820,634,16.275
AVAXUSDT,2025-09-18 02:45:00+00:00,4,5,4,5563,4563,614,3.15
XRPUSDT,2025-09-18 03:15:00+00:00,4,4,4,4447,2729,715,14.8625
SOLUSDT,2025-09-18 05:15:00+00:00,4,5,4,3974,2735,590,28.9
XRPUSDT,2025-09-18 06:15:00+00:00,4,5,4,7312,5470,825,7.4375
XRPUSDT,2025-09-18 06:30:00+00:00,4,4,3,3519,2102,578,14.8625
BTCUSDT,2025-09-18 07:30:00+00:00,4,4,4,5641,3110,753,2.3625
ADAUSDT,2025-09-18 09:15:00+00:00,2,3,2,808,423,161,28.9875
ADAUSDT,2025-09-18 10:00:00+00:00,3,5,3,2467,1884,275,15.725
XRPUSDT,2025-09-18 10:30:00+00:00,3,3,3,2391,1136,463,62.125
DOGEUSDT,2025-09-18 11:30:00+00:00,3,2,3,2441,1088,479,69.6875
XRPUSDT,2025-09-18 12:15:00+00:00,3,4,4,2815,1512,522,28.8375
ADAUSDT,2025-09-18 14:00:00+00:00,2,4,3,1609,923,315,52.55
SOLUSDT,2025-09-18 14:45:00+00:00,4,3,5,5165,2609,1116,26.9375
XRPUSDT,2025-09-18 15:45:00+00:00,4,5,4,4559,3347,578,7.4375
ETHUSDT,2025-09-18 16:00:00+00:00,5,1,5,11805,3388,973,232.8125
SOLUSDT,2025-09-18 16:15:00+00:00,4,3,4,5063,2598,1134,26.9375
AVAXUSDT,2025-09-18 17:00:00+00:00,5,5,5,7718,5302,1420,1.0
AVAXUSDT,2025-09-18 17:45:00+00:00,4,5,4,3884,2702,726,3.15
ADAUSDT,2025-09-18 19:00:00+00:00,3,5,2,1910,1335,300,15.725
AVAXUSDT,2025-09-18 19:15:00+00:00,2,5,3,1434,956,272,51.5625
ADAUSDT,2025-09-18 19:30:00+00:00,4,5,3,3756,2952,483,4.225
DOGEUSDT,2025-09-18 19:45:00+00:00,3,1,3,2735,770,460,1.0
BTCUSDT,2025-09-18 20:30:00+00:00,3,1,4,3232,934,426,1.0
BTCUSDT,2025-09-18 22:15:00+00:00,4,5,4,4417,2878,432,1.5125
ADAUSDT,2025-09-18 23:00:00+00:00,4,5,4,4314,3000,702,4.225
ADAUSDT,2025-09-19 01:45:00+00:00,3,5,3,1818,1299,281,15.725
AVAXUSDT,2025-09-19 02:15:00+00:00,2,5,2,1101,690,248,51.5625
AVAXUSDT,2025-09-19 03:00:00+00:00,2,5,3,1250,832,274,51.5625
ADAUSDT,2025-09-19 04:00:00+00:00,4,5,4,4731,3185,797,4.225
XRPUSDT,2025-09-19 04:00:00+00:00,5,4,5,8397,5124,1159,4.1125
ETHUSDT,2025-09-19 05:45:00+00:00,3,2,5,3416,1069,376,16.575
ETHUSDT,2025-09-19 07:30:00+00:00,4,2,5,6542,2649,692,26.225
ETHUSDT,2025-09-19 08:00:00+00:00,4,3,4,4429,2013,533,1.0
ETHUSDT,2025-09-19 08:15:00+00:00,4,3,5,6220,3077,590,1.0
BTCUSDT,2025-09-19 08:30:00+00:00,3,2,4,3331,1446,517,18.6125
ETHUSDT,2025-09-19 09:30:00+00:00,4,3,4,4820,2316,491,1.0
XRPUSDT,2025-09-19 09:30:00+00:00,2,2,3,1657,739,364,29.175
ADAUSDT,2025-09-19 10:45:00+00:00,1,4,1,457,252,95,104.5375
ETHUSDT,2025-09-19 11:00:00+00:00,4,2,4,6696,2042,677,26.225
AVAXUSDT,2025-09-19 11:45:00+00:00,2,5,3,1560,1038,290,51.5625
AVAXUSDT,2025-09-19 13:15:00+00:00,1,4,2,668,384,148,15.825
BTCUSDT,2025-09-19 13:15:00+00:00,4,2,5,7314,2629,965,104.35
AVAXUSDT,2025-09-19 13:45:00+00:00,2,4,3,833,513,168,1.0
SOLUSDT,2025-09-19 14:45:00+00:00,5,4,5,7786,4326,1511,14.5375
AVAXUSDT,2025-09-19 15:45:00+00:00,2,4,3,899,557,179,1.0
ETHUSDT,2025-09-19 21:15:00+00:00,3,2,3,2915,1117,408,16.575
SOLUSDT,2025-09-19 21:30:00+00:00,3,5,4,3353,2492,455,40.7625
ETHUSDT,2025-09-19 22:00:00+00:00,3,3,3,2235,1130,354,1.15
ETHUSDT,2025-09-20 01:00:00+00:00,4,1,4,4448,1252,466,106.55
ADAUSDT,2025-09-20 02:30:00+00:00,1,2,1,495,217,116,2.95
XRPUSDT,2025-09-20 05:00:00+00:00,2,3,2,927,425,202,75.6375
ETHUSDT,2025-09-20 06:00:00+00:00,3,2,4,2685,1102,347,16.575
ETHUSDT,2025-09-20 06:15:00+00:00,3,3,3,2723,1413,334,1.15
BTCUSDT,2025-09-20 06:30:00+00:00,3,4,3,1973,1089,394,1.6125
ETHUSDT,2025-09-20 06:30:00+00:00,3,4,3,2635,1467,303,1.0
BTCUSDT,2025-09-20 06:45:00+00:00,3,3,3,3421,1716,687,11.4125
ETHUSDT,2025-09-20 06:45:00+00:00,3,2,3,1875,710,264,16.575
XRPUSDT,2025-09-20 07:00:00+00:00,2,3,2,1206,619,253,75.6375
BTCUSDT,2025-09-20 07:15:00+00:00,3,3,3,2324,1060,450,11.4125
ETHUSDT,2025-09-20 07:45:00+00:00,3,2,4,3465,1207,472,16.575
BTCUSDT,2025-09-20 08:15:00+00:00,3,4,3,2710,1507,534,1.6125
ETHUSDT,2025-09-20 08:30:00+00:00,3,2,3,2812,965,352,16.575
DOGEUSDT,2025-09-20 09:30:00+00:00,3,2,3,2182,951,400,69.6875
BTCUSDT,2025-09-20 09:45:00+00:00,3,4,3,3001,1659,605,1.6125
ETHUSDT,2025-09-20 09:45:00+00:00,3,3,4,2600,1187,355,1.15
BTCUSDT,2025-09-20 10:30:00+00:00,3,3,3,2585,1255,502,11.4125
AVAXUSDT,2025-09-20 11:15:00+00:00,3,5,3,1801,1277,306,11.7
ETHUSDT,2025-09-20 11:45:00+00:00,3,2,3,2125,903,352,16.575
BTCUSDT,2025-09-20 12:15:00+00:00,4,3,4,3657,1735,581,14.5875
ADAUSDT,2025-09-20 12:30:00+00:00,1,3,1,404,196,102,39.4875
XRPUSDT,2025-09-20 12:45:00+00:00,3,5,2,1818,1214,285,12.5625
BTCUSDT,2025-09-20 14:00:00+00:00,4,4,4,4081,2269,711,2.3625
ETHUSDT,2025-09-20 14:15:00+00:00,3,3,3,2660,1322,392,1.15
ADAUSDT,2025-09-20 14:30:00+00:00,1,2,1,424,186,104,2.95
DOGEUSDT,2025-09-20 15:00:00+00:00,4,4,4,5587,3225,898,3.7875
XRPUSDT,2025-09-20 15:00:00+00:00,4,4,4,3849,2365,666,14.8625
ADAUSDT,2025-09-20 16:00:00+00:00,2,5,1,817,509,169,40.525
BTCUSDT,2025-09-20 16:00:00+00:00,4,4,4,5743,3264,888,2.3625
BTCUSDT,2025-09-20 16:45:00+00:00,3,4,4,3172,1825,609,1.6125
BTCUSDT,2025-09-20 17:45:00+00:00,3,4,3,3325,1846,557,1.6125
BTCUSDT,2025-09-20 18:30:00+00:00,4,4,4,3740,2065,576,2.3625
XRPUSDT,2025-09-20 19:30:00+00:00,3,5,3,2032,1395,301,12.5625
BTCUSDT,2025-09-20 21:00:00+00:00,3,3,4,3158,1606,537,11.4125
ETHUSDT,2025-09-20 22:15:00+00:00,2,2,3,1589,555,247,3.9875
BTCUSDT,2025-09-20 22:30:00+00:00,3,4,4,2536,1411,432,1.6125
ETHUSDT,2025-09-20 23:00:00+00:00,2,2,3,1691,603,252,3.9875
BTCUSDT,2025-09-21 00:00:00+00:00,3,4,4,3405,1942,593,1.6125
BTCUSDT,2025-09-21 00:15:00+00:00,4,4,4,4730,2648,567,2.3625
BTCUSDT,2025-09-21 00:30:00+00:00,4,4,4,3854,2268,515,2.3625
BTCUSDT,2025-09-21 01:00:00+00:00,3,4,4,3212,1749,570,1.6125
BTCUSDT,2025-09-21 01:30:00+00:00,3,4,3,2626,1524,491,1.6125
XRPUSDT,2025-09-21 01:30:00+00:00,2,5,2,1455,1032,203,7.925
BTCUSDT,2025-09-21 02:15:00+00:00,4,4,5,6256,3502,758,2.3625
ADAUSDT,2025-09-21 03:15:00+00:00,1,4,1,506,278,114,104.5375
BTCUSDT,2025-09-21 03:15:00+00:00,4,3,4,3761,1810,518,14.5875
BTCUSDT,2025-09-21 03:30:00+00:00,3,3,3,2491,1268,486,11.4125
ETHUSDT,2025-09-21 04:15:00+00:00,2,3,3,1717,841,271,1.0
BTCUSDT,2025-09-21 04:30:00+00:00,3,4,3,3472,2120,576,1.6125
ETHUSDT,2025-09-21 04:45:00+00:00,3,2,3,1875,728,268,16.575
BTCUSDT,2025-09-21 05:00:00+00:00,4,5,4,4051,2617,577,1.5125
ETHUSDT,2025-09-21 05:45:00+00:00,3,3,4,2517,1144,342,1.15
SOLUSDT,2025-09-21 05:45:00+00:00,2,4,3,1611,878,364,69.175
BTCUSDT,2025-09-21 06:15:00+00:00,3,4,4,2451,1325,494,1.6125
BTCUSDT,2025-09-21 07:00:00+00:00,4,4,4,3695,2283,634,2.3625
BTCUSDT,2025-09-21 07:15:00+00:00,3,4,3,2879,1579,596,1.6125
XRPUSDT,2025-09-21 07:45:00+00:00,2,3,3,1284,633,288,75.6375
ADAUSDT,2025-09-21 09:00:00+00:00,2,5,2,1230,917,175,40.525
BTCUSDT,2025-09-21 10:00:00+00:00,3,4,3,2912,1560,548,1.6125
SOLUSDT,2025-09-21 11:00:00+00:00,3,3,3,2178,1155,457,43.7
BTCUSDT,2025-09-21 11:15:00+00:00,3,3,3,3122,1456,551,11.4125
BTCUSDT,2025-09-21 12:00:00+00:00,3,3,4,3193,1611,606,11.4125
SOLUSDT,2025-09-21 13:15:00+00:00,2,3,2,1404,715,320,16.0375
AVAXUSDT,2025-09-21 13:45:00+00:00,1,4,1,228,133,48,15.825
BTCUSDT,2025-09-21 13:45:00+00:00,3,4,3,2824,1524,649,1.6125
SOLUSDT,2025-09-21 14:30:00+00:00,2,3,2,1645,868,374,16.0375
AVAXUSDT,2025-09-21 15:00:00+00:00,1,4,1,297,169,66,15.825
BTCUSDT,2025-09-21 17:00:00+00:00,4,2,4,5412,2323,799,104.35
BTCUSDT,2025-09-21 18:15:00+00:00,3,3,3,2683,1320,482,11.4125
BTCUSDT,2025-09-21 19:30:00+00:00,3,3,3,2311,1121,461,11.4125
ETHUSDT,2025-09-21 20:30:00+00:00,3,2,4,2363,729,301,16.575
DOGEUSDT,2025-09-21 21:45:00+00:00,1,2,1,692,278,126,13.8375
ETHUSDT,2025-09-21 21:45:00+00:00,3,2,4,2518,867,304,16.575
ADAUSDT,2025-09-21 23:30:00+00:00,1,2,1,397,174,92,2.95
AVAXUSDT,2025-09-22 00:15:00+00:00,1,5,2,525,352,121,225.225
DOGEUSDT,2025-09-22 00:15:00+00:00,5,3,5,9937,4549,1590,3.625
AVAXUSDT,2025-09-22 00:45:00+00:00,4,5,4,3553,2538,607,3.15
ADAUSDT,2025-09-22 01:00:00+00:00,3,3,3,2392,1219,533,10.725
DOGEUSDT,2025-09-22 04:45:00+00:00,4,4,3,3537,2052,549,3.7875
DOGEUSDT,2025-09-22 05:00:00+00:00,4,4,3,3504,1924,608,3.7875
ADAUSDT,2025-09-22 06:00:00+00:00,5,3,5,47711,24263,8662,1.0
AVAXUSDT,2025-09-22 06:00:00+00:00,5,5,5,17740,11061,3173,1.0
SOLUSDT,2025-09-22 06:00:00+00:00,5,2,5,84582,34315,13392,1.0
ADAUSDT,2025-09-22 06:15:00+00:00,5,5,4,11261,7482,1987,1.0
ADAUSDT,2025-09-22 06:30:00+00:00,4,5,4,6913,4931,1084,4.225
XRPUSDT,2025-09-22 06:45:00+00:00,5,4,4,8050,4733,1333,4.1125
DOGEUSDT,2025-09-22 07:00:00+00:00,5,3,4,9088,4658,1575,3.625
DOGEUSDT,2025-09-22 07:30:00+00:00,5,4,4,8548,4642,1513,1.0
DOGEUSDT,2025-09-22 08:00:00+00:00,5,3,5,10234,5353,1536,3.625
DOGEUSDT,2025-09-22 08:15:00+00:00,4,2,4,5821,2467,1088,44.2
DOGEUSDT,2025-09-22 09:30:00+00:00,4,3,4,5955,2787,1072,16.275
XRPUSDT,2025-09-22 10:00:00+00:00,5,5,5,8004,5666,1013,1.5875
SOLUSDT,2025-09-22 10:30:00+00:00,4,3,5,4820,2566,995,26.9375
XRPUSDT,2025-09-22 10:45:00+00:00,4,5,4,5240,3654,706,7.4375
BTCUSDT,2025-09-22 11:30:00+00:00,4,2,5,6349,2505,814,104.35
DOGEUSDT,2025-09-22 12:15:00+00:00,4,4,3,4884,2771,769,3.7875
XRPUSDT,2025-09-22 12:45:00+00:00,5,5,5,11067,7534,1511,1.5875
XRPUSDT,2025-09-22 13:00:00+00:00,5,5,4,12230,8607,1588,1.5875
XRPUSDT,2025-09-22 13:15:00+00:00,5,5,4,8993,6525,1116,1.5875
ADAUSDT,2025-09-22 13:30:00+00:00,3,5,2,2548,1703,439,15.725
ETHUSDT,2025-09-22 13:30:00+00:00,5,3,5,35853,18332,2056,1.4625
XRPUSDT,2025-09-22 13:30:00+00:00,5,5,4,12532,8049,1768,1.5875
XRPUSDT,2025-09-22 14:00:00+00:00,5,5,4,9351,6004,1327,1.5875
XRPUSDT,2025-09-22 14:15:00+00:00,5,5,4,9858,6711,1339,1.5875
ADAUSDT,2025-09-22 14:30:00+00:00,3,5,3,2519,1861,390,15.725
ADAUSDT,2025-09-22 14:45:00+00:00,3,5,2,2757,2017,452,15.725
ETHUSDT,2025-09-22 14:45:00+00:00,5,4,5,22414,12918,1441,1.0
XRPUSDT,2025-09-22 14:45:00+00:00,5,5,4,9582,6425,1343,1.5875
AVAXUSDT,2025-09-22 15:00:00+00:00,3,5,4,3039,2101,591,11.7
XRPUSDT,2025-09-22 15:15:00+00:00,5,5,4,9357,6402,1262,1.5875
AVAXUSDT,2025-09-22 15:45:00+00:00,2,4,4,1496,923,310,1.0
XRPUSDT,2025-09-22 18:45:00+00:00,3,4,4,3281,1778,586,28.8375
ADAUSDT,2025-09-22 20:15:00+00:00,1,2,1,398,170,103,2.95
AVAXUSDT,2025-09-22 21:00:00+00:00,4,5,4,5295,3785,894,3.15
AVAXUSDT,2025-09-22 21:15:00+00:00,3,5,3,2346,1631,423,11.7
BTCUSDT,2025-09-22 22:15:00+00:00,3,2,4,3207,1230,415,18.6125
AVAXUSDT,2025-09-22 22:45:00+00:00,3,5,4,2847,1925,538,11.7
AVAXUSDT,2025-09-22 23:30:00+00:00,3,5,3,1793,1215,353,11.7
AVAXUSDT,2025-09-22 23:45:00+00:00,3,5,3,1801,1240,356,11.7
ADAUSDT,2025-09-23 00:30:00+00:00,1,3,1,505,241,120,39.4875
AVAXUSDT,2025-09-23 00:30:00+00:00,4,5,4,3738,2562,633,3.15
BTCUSDT,2025-09-23 00:30:00+00:00,4,2,5,4588,1884,501,104.35
ADAUSDT,2025-09-23 01:15:00+00:00,1,3,1,501,260,104,39.4875
AVAXUSDT,2025-09-23 02:30:00+00:00,2,5,3,1323,887,260,51.5625
AVAXUSDT,2025-09-23 02:45:00+00:00,3,5,4,2034,1551,305,11.7
AVAXUSDT,2025-09-23 03:15:00+00:00,4,5,4,4121,2683,843,3.15
SOLUSDT,2025-09-23 03:15:00+00:00,4,4,5,7456,4113,1417,52.7875
AVAXUSDT,2025-09-23 03:30:00+00:00,5,5,5,16449,11819,2715,1.0
AVAXUSDT,2025-09-23 04:00:00+00:00,5,5,5,8248,5722,1420,1.0
AVAXUSDT,2025-09-23 04:15:00+00:00,4,5,4,4537,3196,756,3.15
AVAXUSDT,2025-09-23 04:30:00+00:00,3,5,4,2991,2057,557,11.7
XRPUSDT,2025-09-23 05:15:00+00:00,3,3,3,2856,1349,528,62.125
AVAXUSDT,2025-09-23 05:30:00+00:00,2,5,3,1425,889,302,51.5625
BTCUSDT,2025-09-23 07:30:00+00:00,5,4,5,11423,6753,1068,1.4
BTCUSDT,2025-09-23 07:45:00+00:00,5,4,5,11276,6351,1053,1.4
AVAXUSDT,2025-09-23 09:00:00+00:00,2,4,2,1364,845,282,1.0
ETHUSDT,2025-09-23 09:00:00+00:00,5,1,5,9051,2585,792,232.8125
DOGEUSDT,2025-09-23 11:15:00+00:00,3,3,3,2343,1065,450,36.4125
ADAUSDT,2025-09-23 12:15:00+00:00,2,3,1,840,436,201,28.9875
SOLUSDT,2025-09-23 13:30:00+00:00,4,2,4,4924,2032,1025,1.275
SOLUSDT,2025-09-23 13:45:00+00:00,4,2,4,5810,2589,1178,1.275
BTCUSDT,2025-09-23 14:30:00+00:00,5,1,5,10971,2422,822,173.075
AVAXUSDT,2025-09-23 15:00:00+00:00,5,5,4,8581,6229,1428,1.0
AVAXUSDT,2025-09-23 15:15:00+00:00,5,5,4,8546,6010,1514,1.0
XRPUSDT,2025-09-23 15:15:00+00:00,4,4,4,4368,2627,740,14.8625
ADAUSDT,2025-09-23 15:30:00+00:00,1,2,1,641,281,154,2.95
ADAUSDT,2025-09-23 15:45:00+00:00,1,2,1,517,210,131,2.95
DOGEUSDT,2025-09-23 16:30:00+00:00,4,2,3,3946,1388,736,44.2
AVAXUSDT,2025-09-23 17:15:00+00:00,2,4,2,864,535,174,1.0
AVAXUSDT,2025-09-23 17:30:00+00:00,2,5,2,1681,1158,304,51.5625
ADAUSDT,2025-09-23 18:15:00+00:00,1,2,1,638,264,151,2.95
SOLUSDT,2025-09-23 18:15:00+00:00,4,3,4,3954,1945,782,26.9375
ADAUSDT,2025-09-23 19:00:00+00:00,2,5,2,1005,628,163,40.525
DOGEUSDT,2025-09-23 19:00:00+00:00,4,2,3,4003,1596,746,44.2
ADAUSDT,2025-09-23 20:00:00+00:00,1,2,1,698,302,151,2.95
DOGEUSDT,2025-09-23 22:00:00+00:00,3,2,3,1947,815,353,69.6875
ADAUSDT,2025-09-24 00:15:00+00:00,2,4,2,886,506,187,52.55
DOGEUSDT,2025-09-24 01:00:00+00:00,3,1,2,2472,707,426,1.0
AVAXUSDT,2025-09-24 01:15:00+00:00,2,5,2,841,611,160,51.5625
DOGEUSDT,2025-09-24 01:45:00+00:00,3,2,3,2011,855,365,69.6875
SOLUSDT,2025-09-24 02:45:00+00:00,5,4,5,15112,9260,2512,14.5375
DOGEUSDT,2025-09-24 04:15:00+00:00,5,4,5,17447,10315,2224,1.0
ADAUSDT,2025-09-24 04:45:00+00:00,1,3,2,711,363,169,39.4875
SOLUSDT,2025-09-24 06:00:00+00:00,4,5,5,4137,2696,682,28.9
ADAUSDT,2025-09-24 06:15:00+00:00,2,3,2,951,509,191,28.9875
XRPUSDT,2025-09-24 07:15:00+00:00,3,3,3,1836,882,349,62.125
ADAUSDT,2025-09-24 07:30:00+00:00,1,3,1,403,189,90,39.4875
XRPUSDT,2025-09-24 07:45:00+00:00,3,4,3,2215,1344,367,28.8375
BTCUSDT,2025-09-24 09:15:00+00:00,3,2,4,3461,1234,436,18.6125
XRPUSDT,2025-09-24 12:00:00+00:00,3,4,3,2224,1313,396,28.8375
DOGEUSDT,2025-09-24 12:15:00+00:00,2,2,3,1741,694,358,56.45
SOLUSDT,2025-09-24 13:45:00+00:00,4,2,4,4276,1915,919,1.275
ADAUSDT,2025-09-24 14:00:00+00:00,1,3,1,779,373,192,39.4875
DOGEUSDT,2025-09-24 16:15:00+00:00,4,2,3,3481,1228,625,44.2
ADAUSDT,2025-09-24 16:30:00+00:00,1,3,1,508,261,119,39.4875
BTCUSDT,2025-09-24 16:30:00+00:00,4,2,4,7013,2164,1102,104.35
AVAXUSDT,2025-09-24 17:45:00+00:00,2,5,2,1034,737,165,51.5625
XRPUSDT,2025-09-24 18:00:00+00:00,3,4,3,3069,1678,501,28.8375
BTCUSDT,2025-09-24 19:15:00+00:00,3,2,4,3435,1367,498,18.6125
XRPUSDT,2025-09-24 19:45:00+00:00,5,5,5,14845,9780,2018,1.5875
XRPUSDT,2025-09-24 20:15:00+00:00,4,3,3,3507,1705,595,32.2375
ETHUSDT,2025-09-24 20:30:00+00:00,4,2,5,6843,2389,572,26.225
SOLUSDT,2025-09-24 20:45:00+00:00,3,5,3,2202,1404,400,40.7625
ETHUSDT,2025-09-24 21:30:00+00:00,4,3,5,4594,2360,453,1.0
AVAXUSDT,2025-09-24 21:45:00+00:00,3,5,3,2460,1782,371,11.7
AVAXUSDT,2025-09-24 22:00:00+00:00,4,5,4,3486,2747,468,3.15
AVAXUSDT,2025-09-24 22:15:00+00:00,3,5,3,1817,1344,315,11.7
AVAXUSDT,2025-09-24 23:15:00+00:00,2,5,2,1109,774,203,51.5625
SOLUSDT,2025-09-25 02:15:00+00:00,5,3,5,7727,4080,1525,8.2125
AVAXUSDT,2025-09-25 02:30:00+00:00,2,5,3,1652,1352,198,51.5625
ADAUSDT,2025-09-25 02:45:00+00:00,2,5,1,849,551,146,40.525
ADAUSDT,2025-09-25 03:15:00+00:00,4,5,4,3527,2418,561,4.225
XRPUSDT,2025-09-25 03:45:00+00:00,3,3,4,3090,1448,518,62.125
ADAUSDT,2025-09-25 04:15:00+00:00,4,5,3,4067,2540,712,4.225
AVAXUSDT,2025-09-25 04:15:00+00:00,4,5,3,3998,2881,638,3.15
AVAXUSDT,2025-09-25 04:30:00+00:00,4,5,4,7359,5187,1097,3.15
AVAXUSDT,2025-09-25 05:00:00+00:00,4,5,3,4820,3802,534,3.15
DOGEUSDT,2025-09-25 05:15:00+00:00,3,2,3,3320,1386,616,69.6875
ETHUSDT,2025-09-25 06:15:00+00:00,5,1,5,22777,4169,1566,232.8125
XRPUSDT,2025-09-25 06:45:00+00:00,3,2,3,2072,803,399,48.225
SOLUSDT,2025-09-25 07:00:00+00:00,4,2,4,4487,1976,926,1.275
SOLUSDT,2025-09-25 07:30:00+00:00,3,2,3,2831,1265,616,1.0
AVAXUSDT,2025-09-25 08:00:00+00:00,4,5,4,6637,5251,704,3.15
SOLUSDT,2025-09-25 08:15:00+00:00,3,2,4,2363,1006,501,1.0
AVAXUSDT,2025-09-25 08:45:00+00:00,4,5,3,3528,2576,528,3.15
SOLUSDT,2025-09-25 09:00:00+00:00,3,2,4,2598,1155,552,1.0
AVAXUSDT,2025-09-25 11:15:00+00:00,4,5,3,4956,3585,722,3.15
ADAUSDT,2025-09-25 12:15:00+00:00,4,3,4,4561,2393,832,3.025
ADAUSDT,2025-09-25 12:30:00+00:00,5,3,4,9327,4744,1926,1.0
AVAXUSDT,2025-09-25 12:30:00+00:00,5,5,4,8861,6746,1202,1.0
SOLUSDT,2025-09-25 12:30:00+00:00,5,2,5,23199,9956,4350,1.0
XRPUSDT,2025-09-25 12:30:00+00:00,5,2,5,11420,4198,1945,11.6125
AVAXUSDT,2025-09-25 12:45:00+00:00,4,5,3,3541,2581,563,3.15
AVAXUSDT,2025-09-25 13:00:00+00:00,4,5,3,3519,2458,600,3.15
SOLUSDT,2025-09-25 13:45:00+00:00,4,2,5,7406,3247,1573,1.275
SOLUSDT,2025-09-25 14:00:00+00:00,4,2,5,6614,2921,1367,1.275
AVAXUSDT,2025-09-25 14:15:00+00:00,4,5,3,3854,2672,621,3.15
BTCUSDT,2025-09-25 14:45:00+00:00,5,2,5,8925,2599,928,57.2
SOLUSDT,2025-09-25 14:45:00+00:00,3,2,4,3388,1480,728,1.0
AVAXUSDT,2025-09-25 15:45:00+00:00,3,5,2,1907,1349,304,11.7
SOLUSDT,2025-09-25 16:45:00+00:00,4,3,4,5095,2463,1119,26.9375
AVAXUSDT,2025-09-25 17:15:00+00:00,3,5,4,3168,2266,562,11.7
SOLUSDT,2025-09-25 17:15:00+00:00,5,3,5,19366,10181,3592,8.2125
AVAXUSDT,2025-09-25 18:00:00+00:00,4,5,4,5338,4066,754,3.15
XRPUSDT,2025-09-25 18:00:00+00:00,5,3,5,10929,5123,1954,12.4625
AVAXUSDT,2025-09-25 18:15:00+00:00,3,5,3,2135,1572,376,11.7
DOGEUSDT,2025-09-25 18:15:00+00:00,5,2,5,9077,3430,1699,17.275
SOLUSDT,2025-09-25 18:15:00+00:00,5,3,5,11664,6034,2274,8.2125
AVAXUSDT,2025-09-25 19:00:00+00:00,4,5,4,4439,3744,394,3.15
SOLUSDT,2025-09-25 22:00:00+00:00,4,4,4,4363,2598,784,52.7875
DOGEUSDT,2025-09-25 23:00:00+00:00,3,2,4,3395,1472,580,69.6875
SOLUSDT,2025-09-25 23:00:00+00:00,4,3,4,4615,2278,960,26.9375
SOLUSDT,2025-09-25 23:15:00+00:00,4,5,5,5190,3278,820,28.9
SOLUSDT,2025-09-25 23:30:00+00:00,5,3,5,14511,7698,2820,8.2125
AVAXUSDT,2025-09-25 23:45:00+00:00,2,5,2,983,689,175,51.5625
SOLUSDT,2025-09-26 01:00:00+00:00,4,2,5,5836,2617,1253,1.275
SOLUSDT,2025-09-26 01:15:00+00:00,4,2,4,4932,2183,1048,1.275
DOGEUSDT,2025-09-26 01:30:00+00:00,3,1,3,2580,733,452,1.0
ADAUSDT,2025-09-26 02:30:00+00:00,1,2,1,616,257,141,2.95
SOLUSDT,2025-09-26 02:30:00+00:00,3,2,4,3436,1433,689,1.0
SOLUSDT,2025-09-26 03:15:00+00:00,3,2,4,3140,1324,671,1.0
ADAUSDT,2025-09-26 03:30:00+00:00,1,2,1,463,202,102,2.95
SOLUSDT,2025-09-26 03:45:00+00:00,3,2,4,3054,1348,635,1.0
BTCUSDT,2025-09-26 04:30:00+00:00,4,2,4,4530,1453,578,104.35
DOGEUSDT,2025-09-26 05:30:00+00:00,2,2,3,1736,680,305,56.45
BTCUSDT,2025-09-26 07:30:00+00:00,5,2,5,18085,6592,1757,57.2
ETHUSDT,2025-09-26 08:00:00+00:00,5,2,5,13188,3930,1354,22.9625
DOGEUSDT,2025-09-26 08:45:00+00:00,3,1,2,1755,492,311,1.0
AVAXUSDT,2025-09-26 09:00:00+00:00,2,5,1,972,675,197,51.5625
SOLUSDT,2025-09-26 09:15:00+00:00,4,3,4,3802,1839,847,26.9375
SOLUSDT,2025-09-26 11:00:00+00:00,4,3,5,6475,3327,1330,26.9375
XRPUSDT,2025-09-26 11:00:00+00:00,5,5,5,8662,5535,1162,1.5875
XRPUSDT,2025-09-26 12:15:00+00:00,3,2,3,3352,1346,694,48.225
AVAXUSDT,2025-09-26 12:30:00+00:00,4,5,4,4128,2987,748,3.15
DOGEUSDT,2025-09-26 12:30:00+00:00,5,2,5,17225,5458,2952,17.275
SOLUSDT,2025-09-26 12:30:00+00:00,5,2,5,25012,10780,4901,1.0
DOGEUSDT,2025-09-26 13:30:00+00:00,4,1,4,6562,1822,1063,1.375
SOLUSDT,2025-09-26 13:30:00+00:00,5,2,5,9700,4054,2030,1.0
ADAUSDT,2025-09-26 13:45:00+00:00,3,3,3,2286,1079,520,10.725
AVAXUSDT,2025-09-26 13:45:00+00:00,3,5,3,1996,1427,367,11.7
SOLUSDT,2025-09-26 13:45:00+00:00,5,2,5,9154,3959,1896,1.0
DOGEUSDT,2025-09-26 14:00:00+00:00,4,1,3,3919,1088,686,1.375
AVAXUSDT,2025-09-26 14:30:00+00:00,4,5,4,5151,3936,803,3.15
DOGEUSDT,2025-09-26 14:30:00+00:00,4,1,3,4394,1225,732,1.375
ADAUSDT,2025-09-26 15:00:00+00:00,2,2,2,1320,558,310,3.1375
SOLUSDT,2025-09-26 15:30:00+00:00,4,3,5,4450,2368,875,26.9375
SOLUSDT,2025-09-26 15:45:00+00:00,3,2,4,3228,1434,704,1.0
ETHUSDT,2025-09-26 16:00:00+00:00,5,1,5,15925,3799,1264,232.8125
ETHUSDT,2025-09-26 17:00:00+00:00,5,2,5,16309,5359,1442,22.9625
AVAXUSDT,2025-09-26 17:30:00+00:00,4,5,4,4380,3272,676,3.15
ETHUSDT,2025-09-26 19:15:00+00:00,5,2,5,14578,5128,1251,22.9625
XRPUSDT,2025-09-26 21:30:00+00:00,3,3,3,2010,976,435,62.125
BTCUSDT,2025-09-26 22:30:00+00:00,3,2,4,3137,1228,433,18.6125
XRPUSDT,2025-09-26 22:30:00+00:00,2,3,2,1180,583,238,75.6375
XRPUSDT,2025-09-26 23:30:00+00:00,2,4,2,1612,969,290,31.5375
XRPUSDT,2025-09-27 00:45:00+00:00,2,3,2,1431,686,284,75.6375
ETHUSDT,2025-09-27 04:45:00+00:00,3,1,3,2319,581,289,19.05
ADAUSDT,2025-09-27 05:00:00+00:00,1,2,1,350,148,76,2.95
AVAXUSDT,2025-09-27 05:00:00+00:00,1,4,1,253,150,64,15.825
DOGEUSDT,2025-09-27 05:00:00+00:00,2,2,2,1208,498,266,56.45
DOGEUSDT,2025-09-27 07:30:00+00:00,3,4,3,1883,1012,326,10.075
DOGEUSDT,2025-09-27 09:00:00+00:00,3,3,4,2818,1490,536,36.4125
BTCUSDT,2025-09-27 10:00:00+00:00,4,3,4,4466,2273,568,14.5875
BTCUSDT,2025-09-27 13:45:00+00:00,3,4,4,3220,1876,527,1.6125
XRPUSDT,2025-09-27 15:00:00+00:00,2,2,2,1497,641,323,29.175
DOGEUSDT,2025-09-27 16:00:00+00:00,3,4,3,2003,1154,326,10.075
BTCUSDT,2025-09-27 18:15:00+00:00,2,4,3,1675,899,364,1.0
BTCUSDT,2025-09-27 18:30:00+00:00,3,4,4,2560,1462,374,1.6125
XRPUSDT,2025-09-27 18:45:00+00:00,2,4,2,886,513,190,31.5375
BTCUSDT,2025-09-27 19:00:00+00:00,3,4,3,1777,954,374,1.6125
BTCUSDT,2025-09-27 21:00:00+00:00,3,4,3,2455,1323,582,1.6125
BTCUSDT,2025-09-27 21:15:00+00:00,3,3,3,1960,1048,402,11.4125
DOGEUSDT,2025-09-27 21:45:00+00:00,1,4,2,703,377,144,16.3375
XRPUSDT,2025-09-27 23:15:00+00:00,2,2,3,1740,684,356,29.175
ETHUSDT,2025-09-27 23:45:00+00:00,4,1,3,3788,1099,311,106.55
SOLUSDT,2025-09-28 00:00:00+00:00,4,5,4,3716,2353,607,28.9
XRPUSDT,2025-09-28 01:15:00+00:00,2,2,2,1537,512,313,29.175
BTCUSDT,2025-09-28 02:00:00+00:00,4,3,3,4004,1908,509,14.5875
ADAUSDT,2025-09-28 02:45:00+00:00,1,2,1,241,105,63,2.95
ETHUSDT,2025-09-28 03:30:00+00:00,4,2,4,3583,1095,345,26.225
BTCUSDT,2025-09-28 03:45:00+00:00,3,5,3,2856,1928,378,1.0
BTCUSDT,2025-09-28 04:00:00+00:00,3,4,3,2820,1525,444,1.6125
BTCUSDT,2025-09-28 04:45:00+00:00,3,4,2,2118,1250,431,1.6125
BTCUSDT,2025-09-28 05:15:00+00:00,3,4,3,2788,1638,458,1.6125
BTCUSDT,2025-09-28 05:45:00+00:00,3,5,3,2654,1712,499,1.0
BTCUSDT,2025-09-28 06:00:00+00:00,3,5,3,2641,1684,461,1.0
XRPUSDT,2025-09-28 06:45:00+00:00,2,2,2,921,402,202,29.175
XRPUSDT,2025-09-28 07:15:00+00:00,2,2,2,1012,408,215,29.175
XRPUSDT,2025-09-28 07:30:00+00:00,2,2,2,879,383,199,29.175
DOGEUSDT,2025-09-28 07:45:00+00:00,1,3,1,763,347,165,47.5125
ADAUSDT,2025-09-28 08:00:00+00:00,1,4,1,382,221,77,104.5375
XRPUSDT,2025-09-28 08:45:00+00:00,3,3,2,1876,939,370,62.125
SOLUSDT,2025-09-28 10:00:00+00:00,3,4,4,2399,1476,443,97.675
BTCUSDT,2025-09-28 10:45:00+00:00,3,4,3,2275,1328,408,1.6125
SOLUSDT,2025-09-28 11:00:00+00:00,3,5,3,1829,1186,320,40.7625
ADAUSDT,2025-09-28 12:15:00+00:00,1,3,1,406,198,97,39.4875
SOLUSDT,2025-09-28 16:45:00+00:00,3,3,3,2134,1083,463,43.7
ETHUSDT,2025-09-28 17:00:00+00:00,5,1,5,9637,2367,780,232.8125
ETHUSDT,2025-09-28 21:30:00+00:00,4,2,4,3759,1170,351,26.225
SOLUSDT,2025-09-28 22:15:00+00:00,4,2,4,4575,2054,991,1.275
SOLUSDT,2025-09-28 22:30:00+00:00,3,2,4,2966,1255,650,1.0
XRPUSDT,2025-09-28 22:45:00+00:00,3,3,3,2055,1084,388,62.125
XRPUSDT,2025-09-29 00:15:00+00:00,3,4,3,2342,1256,441,28.8375
ADAUSDT,2025-09-29 00:45:00+00:00,1,2,1,624,273,141,2.95
SOLUSDT,2025-09-29 00:45:00+00:00,3,3,4,2670,1372,575,43.7
ADAUSDT,2025-09-29 01:15:00+00:00,2,3,1,815,379,200,28.9875
XRPUSDT,2025-09-29 01:15:00+00:00,2,2,2,1670,620,322,29.175
AVAXUSDT,2025-09-29 02:15:00+00:00,2,4,3,821,501,159,1.0
AVAXUSDT,2025-09-29 02:45:00+00:00,2,4,3,878,523,158,1.0
AVAXUSDT,2025-09-29 04:00:00+00:00,1,4,1,405,241,91,15.825
XRPUSDT,2025-09-29 04:15:00+00:00,3,5,3,2084,1314,315,12.5625
AVAXUSDT,2025-09-29 06:15:00+00:00,1,4,2,751,452,148,15.825
ADAUSDT,2025-09-29 06:45:00+00:00,1,2,1,597,266,149,2.95
XRPUSDT,2025-09-29 07:30:00+00:00,5,4,5,9152,5523,1427,4.1125
AVAXUSDT,2025-09-29 07:45:00+00:00,2,4,3,1114,683,215,1.0
XRPUSDT,2025-09-29 07:45:00+00:00,4,4,4,4262,2303,787,14.8625
ADAUSDT,2025-09-29 08:00:00+00:00,1,3,1,652,319,156,39.4875
AVAXUSDT,2025-09-29 08:00:00+00:00,2,4,3,870,526,184,1.0
SOLUSDT,2025-09-29 08:15:00+00:00,3,2,3,2025,898,454,1.0
DOGEUSDT,2025-09-29 08:45:00+00:00,3,2,3,1920,842,373,69.6875
SOLUSDT,2025-09-29 09:30:00+00:00,3,3,3,1950,965,431,43.7
ADAUSDT,2025-09-29 09:45:00+00:00,1,2,1,330,144,71,2.95
SOLUSDT,2025-09-29 13:45:00+00:00,5,3,5,11275,5955,2158,8.2125
XRPUSDT,2025-09-29 14:30:00+00:00,4,2,4,4646,1918,835,29.925
XRPUSDT,2025-09-29 14:45:00+00:00,4,2,4,4092,1769,803,29.925
ETHUSDT,2025-09-29 16:30:00+00:00,5,3,5,13666,6389,978,1.4625
ETHUSDT,2025-09-29 17:00:00+00:00,5,3,5,19165,9221,1310,1.4625
ETHUSDT,2025-09-29 17:15:00+00:00,5,4,5,23041,12360,1313,1.0
XRPUSDT,2025-09-29 18:15:00+00:00,3,2,3,2171,962,440,48.225
AVAXUSDT,2025-09-29 19:30:00+00:00,1,5,2,613,454,104,225.225
DOGEUSDT,2025-09-29 21:30:00+00:00,2,2,3,1125,463,221,56.45
BTCUSDT,2025-09-29 23:00:00+00:00,4,1,5,5903,1547,574,46.3875
XRPUSDT,2025-09-30 01:30:00+00:00,3,3,3,3440,1790,602,62.125
XRPUSDT,2025-09-30 06:30:00+00:00,3,4,3,2737,1503,498,28.8375
AVAXUSDT,2025-09-30 08:15:00+00:00,1,3,1,261,135,56,1.0
ADAUSDT,2025-09-30 12:15:00+00:00,1,2,1,440,194,96,2.95
SOLUSDT,2025-09-30 12:30:00+00:00,3,3,3,2263,1134,472,43.7
SOLUSDT,2025-09-30 14:00:00+00:00,4,2,4,6550,2714,1367,1.275
SOLUSDT,2025-09-30 14:30:00+00:00,4,2,4,4111,1669,899,1.275
SOLUSDT,2025-09-30 15:00:00+00:00,4,2,4,4731,2119,962,1.275
XRPUSDT,2025-09-30 15:45:00+00:00,4,5,4,4426,2892,654,7.4375
XRPUSDT,2025-09-30 16:15:00+00:00,4,5,4,4480,2831,646,7.4375
SOLUSDT,2025-09-30 17:00:00+00:00,4,4,4,3706,2074,733,52.7875
XRPUSDT,2025-09-30 17:15:00+00:00,4,5,4,5193,3665,615,7.4375
AVAXUSDT,2025-09-30 17:30:00+00:00,2,4,3,875,537,191,1.0
DOGEUSDT,2025-09-30 19:15:00+00:00,2,2,2,1235,410,252,56.45
ETHUSDT,2025-09-30 20:00:00+00:00,5,2,5,13557,4343,975,22.9625
SOLUSDT,2025-09-30 20:00:00+00:00,3,3,4,3373,1781,678,43.7
XRPUSDT,2025-09-30 20:00:00+00:00,4,5,4,5907,4046,791,7.4375
ADAUSDT,2025-09-30 21:00:00+00:00,2,5,3,1738,1124,319,40.525
SOLUSDT,2025-09-30 21:00:00+00:00,4,5,4,4585,2908,721,28.9
AVAXUSDT,2025-09-30 21:15:00+00:00,4,5,3,6554,5898,420,3.15
AVAXUSDT,2025-09-30 21:30:00+00:00,4,5,3,4925,4355,378,3.15
XRPUSDT,2025-09-30 21:30:00+00:00,3,4,4,2841,1654,495,28.8375
ADAUSDT,2025-09-30 21:45:00+00:00,2,5,2,842,572,148,40.525
AVAXUSDT,2025-09-30 22:15:00+00:00,3,5,2,2946,2639,188,11.7
SOLUSDT,2025-09-30 23:45:00+00:00,2,4,3,1444,787,305,69.175
BTCUSDT,2025-10-01 00:00:00+00:00,5,1,5,8099,2282,809,173.075
BTCUSDT,2025-10-01 00:30:00+00:00,4,1,5,6681,1486,515,46.3875
ETHUSDT,2025-10-01 05:15:00+00:00,4,2,4,7326,2162,618,26.225
SOLUSDT,2025-10-01 06:00:00+00:00,3,3,4,2756,1465,578,43.7
XRPUSDT,2025-10-01 06:00:00+00:00,2,2,3,1674,631,339,29.175
SOLUSDT,2025-10-01 07:00:00+00:00,3,2,3,2362,1055,517,1.0
BTCUSDT,2025-10-01 07:30:00+00:00,5,4,5,9962,5536,804,1.4
XRPUSDT,2025-10-01 08:30:00+00:00,4,3,5,7577,3636,1396,32.2375
ETHUSDT,2025-10-01 09:00:00+00:00,5,2,5,24650,7404,2108,22.9625
DOGEUSDT,2025-10-01 09:15:00+00:00,4,3,5,6124,2764,1058,16.275
ADAUSDT,2025-10-01 11:30:00+00:00,2,4,2,1211,742,252,52.55
XRPUSDT,2025-10-01 12:45:00+00:00,3,4,4,2628,1453,502,28.8375
ETHUSDT,2025-10-01 16:15:00+00:00,5,4,5,18670,11013,961,1.0
XRPUSDT,2025-10-01 17:00:00+00:00,3,3,3,1926,974,406,62.125
ADAUSDT,2025-10-01 18:00:00+00:00,3,5,2,1817,1269,282,15.725
XRPUSDT,2025-10-01 19:30:00+00:00,3,3,3,1965,915,426,62.125
ETHUSDT,2025-10-01 21:00:00+00:00,5,3,5,8252,4004,628,1.4625
ETHUSDT,2025-10-01 21:30:00+00:00,5,3,5,11542,5292,725,1.4625
AVAXUSDT,2025-10-02 01:00:00+00:00,4,5,3,3809,3396,228,3.15
DOGEUSDT,2025-10-02 02:00:00+00:00,5,3,5,8306,3750,1253,3.625
DOGEUSDT,2025-10-02 02:15:00+00:00,3,1,3,3072,872,532,1.0
AVAXUSDT,2025-10-02 03:00:00+00:00,5,5,3,9947,9337,390,1.0
AVAXUSDT,2025-10-02 03:15:00+00:00,5,5,4,19047,17683,874,1.0
BTCUSDT,2025-10-02 04:45:00+00:00,4,1,5,7197,2042,760,46.3875
ETHUSDT,2025-10-02 04:45:00+00:00,5,2,5,8811,3295,688,22.9625
ETHUSDT,2025-10-02 05:00:00+00:00,4,2,5,6612,2703,575,26.225
SOLUSDT,2025-10-02 05:15:00+00:00,5,4,5,7668,4597,1335,14.5375
ETHUSDT,2025-10-02 06:00:00+00:00,5,4,5,11460,6724,666,1.0
ETHUSDT,2025-10-02 06:15:00+00:00,5,2,5,14433,6056,1203,22.9625
ETHUSDT,2025-10-02 07:15:00+00:00,4,2,5,6140,1920,612,26.225
AVAXUSDT,2025-10-02 08:45:00+00:00,2,5,3,1701,1414,184,51.5625
AVAXUSDT,2025-10-02 13:15:00+00:00,5,5,5,13085,10349,1614,1.0
ADAUSDT,2025-10-02 16:00:00+00:00,3,4,3,2846,1694,622,18.4375
AVAXUSDT,2025-10-02 16:30:00+00:00,3,5,3,2167,1712,287,11.7
XRPUSDT,2025-10-02 18:00:00+00:00,4,3,4,4151,2011,735,32.2375
XRPUSDT,2025-10-02 20:30:00+00:00,4,5,4,6252,4118,889,7.4375
ADAUSDT,2025-10-02 23:15:00+00:00,1,3,1,503,257,121,39.4875
AVAXUSDT,2025-10-02 23:45:00+00:00,2,5,2,933,703,143,51.5625
BTCUSDT,2025-10-03 00:00:00+00:00,5,2,5,13957,4215,1308,57.2
DOGEUSDT,2025-10-03 00:45:00+00:00,3,1,3,2506,717,432,1.0
XRPUSDT,2025-10-03 07:30:00+00:00,3,4,4,3183,1779,545,28.8375
DOGEUSDT,2025-10-03 08:00:00+00:00,3,3,4,2758,1246,433,36.4125
BTCUSDT,2025-10-03 08:45:00+00:00,5,2,5,9418,3080,1031,57.2
SOLUSDT,2025-10-03 09:45:00+00:00,3,3,3,2147,1060,458,43.7
DOGEUSDT,2025-10-03 10:15:00+00:00,2,2,2,1544,615,294,56.45
DOGEUSDT,2025-10-03 10:30:00+00:00,2,2,2,1424,606,268,56.45
AVAXUSDT,2025-10-03 12:00:00+00:00,1,5,1,554,393,99,225.225
ADAUSDT,2025-10-03 13:45:00+00:00,2,3,2,1149,560,248,28.9875
DOGEUSDT,2025-10-03 13:45:00+00:00,3,1,3,3445,900,558,1.0
SOLUSDT,2025-10-03 16:30:00+00:00,5,3,5,9210,4748,1754,8.2125
ADAUSDT,2025-10-03 17:00:00+00:00,5,4,5,12752,7562,2552,1.275
AVAXUSDT,2025-10-03 17:00:00+00:00,4,5,4,5036,3443,978,3.15
ADAUSDT,2025-10-03 17:15:00+00:00,4,3,4,3505,1683,760,3.025
AVAXUSDT,2025-10-03 17:15:00+00:00,2,5,3,1697,1150,349,51.5625
SOLUSDT,2025-10-03 17:30:00+00:00,4,2,5,6805,2973,1392,1.275
ADAUSDT,2025-10-03 17:45:00+00:00,3,3,3,2547,1190,565,10.725
SOLUSDT,2025-10-03 19:00:00+00:00,4,2,4,3503,1443,733,1.275
BTCUSDT,2025-10-03 23:00:00+00:00,5,4,5,7816,4594,824,1.4
DOGEUSDT,2025-10-04 00:30:00+00:00,3,2,4,3298,1415,533,69.6875
XRPUSDT,2025-10-04 01:30:00+00:00,3,2,3,1836,794,350,48.225
ADAUSDT,2025-10-04 02:30:00+00:00,1,3,1,590,308,142,39.4875
ADAUSDT,2025-10-04 05:45:00+00:00,1,4,1,371,216,82,104.5375
DOGEUSDT,2025-10-04 06:30:00+00:00,2,2,2,1584,575,310,56.45
DOGEUSDT,2025-10-04 11:15:00+00:00,4,4,3,3635,2136,589,3.7875
DOGEUSDT,2025-10-04 12:30:00+00:00,2,2,2,1279,469,272,56.45
SOLUSDT,2025-10-04 14:30:00+00:00,3,4,3,2091,1266,372,97.675
ADAUSDT,2025-10-04 15:15:00+00:00,3,5,3,2012,1333,348,15.725
XRPUSDT,2025-10-04 15:15:00+00:00,5,5,4,10250,7053,1366,1.5875
BTCUSDT,2025-10-04 16:00:00+00:00,5,1,5,10701,3105,1071,173.075
ADAUSDT,2025-10-04 17:15:00+00:00,1,3,1,522,266,120,39.4875
ETHUSDT,2025-10-04 17:15:00+00:00,4,2,3,4681,1393,471,26.225
XRPUSDT,2025-10-04 17:45:00+00:00,2,3,2,1492,713,339,75.6375
SOLUSDT,2025-10-04 18:30:00+00:00,3,3,3,1808,939,389,43.7
XRPUSDT,2025-10-04 18:30:00+00:00,2,4,3,1650,975,302,31.5375
ETHUSDT,2025-10-04 19:30:00+00:00,3,1,3,3141,836,380,19.05
BTCUSDT,2025-10-04 19:45:00+00:00,3,3,4,3126,1563,624,11.4125
ADAUSDT,2025-10-04 20:45:00+00:00,1,2,1,513,203,96,2.95
SOLUSDT,2025-10-04 22:15:00+00:00,2,3,3,1179,614,274,16.0375
DOGEUSDT,2025-10-04 22:30:00+00:00,2,3,2,1301,619,221,66.0875
ETHUSDT,2025-10-04 23:15:00+00:00,3,2,3,2085,671,320,16.575
AVAXUSDT,2025-10-05 02:00:00+00:00,1,4,1,280,167,68,15.825
ETHUSDT,2025-10-05 02:15:00+00:00,4,2,4,3857,1138,454,26.225
SOLUSDT,2025-10-05 02:45:00+00:00,4,3,5,6068,3107,1149,26.9375
SOLUSDT,2025-10-05 03:15:00+00:00,4,2,4,4816,2160,970,1.275
SOLUSDT,2025-10-05 03:30:00+00:00,4,2,4,4539,2012,985,1.275
BTCUSDT,2025-10-05 04:15:00+00:00,4,1,5,6541,1780,668,46.3875
DOGEUSDT,2025-10-05 04:15:00+00:00,3,2,3,2486,866,456,69.6875
ETHUSDT,2025-10-05 06:00:00+00:00,5,2,5,8945,2776,789,22.9625
ETHUSDT,2025-10-05 06:15:00+00:00,5,3,5,13081,6903,927,1.4625
ETHUSDT,2025-10-05 07:45:00+00:00,5,2,5,35327,12130,2928,22.9625
AVAXUSDT,2025-10-05 08:45:00+00:00,1,3,1,274,144,65,1.0
ADAUSDT,2025-10-05 12:15:00+00:00,1,2,1,593,265,148,2.95
XRPUSDT,2025-10-05 14:15:00+00:00,3,3,3,1851,866,383,62.125
SOLUSDT,2025-10-05 16:30:00+00:00,3,3,3,2072,1011,458,43.7
SOLUSDT,2025-10-05 17:00:00+00:00,3,2,4,2614,1138,563,1.0
ADAUSDT,2025-10-05 17:15:00+00:00,1,2,1,386,163,91,2.95
DOGEUSDT,2025-10-05 18:30:00+00:00,2,2,2,1382,465,265,56.45
BTCUSDT,2025-10-05 19:00:00+00:00,5,4,5,14369,8271,908,1.4
XRPUSDT,2025-10-05 20:30:00+00:00,4,5,4,3842,2688,585,7.4375
BTCUSDT,2025-10-05 21:15:00+00:00,4,1,4,4011,984,419,46.3875
SOLUSDT,2025-10-05 21:15:00+00:00,2,2,3,1670,727,362,1.0
SOLUSDT,2025-10-05 22:30:00+00:00,2,2,3,1638,682,368,1.0
SOLUSDT,2025-10-06 00:30:00+00:00,4,2,4,3847,1517,827,1.275
DOGEUSDT,2025-10-06 02:00:00+00:00,3,2,2,2448,721,408,69.6875
ADAUSDT,2025-10-06 03:30:00+00:00,2,5,1,1013,714,141,40.525
XRPUSDT,2025-10-06 03:45:00+00:00,2,2,2,1112,488,228,29.175
DOGEUSDT,2025-10-06 04:00:00+00:00,2,1,2,1708,480,293,1.0
SOLUSDT,2025-10-06 04:00:00+00:00,3,2,4,2524,1115,526,1.0
DOGEUSDT,2025-10-06 06:30:00+00:00,4,2,4,4681,1798,738,44.2
DOGEUSDT,2025-10-06 08:15:00+00:00,2,1,2,1732,496,310,1.0
DOGEUSDT,2025-10-06 11:15:00+00:00,4,3,4,3627,1646,645,16.275
BTCUSDT,2025-10-06 11:45:00+00:00,5,1,5,8377,2375,982,173.075
ETHUSDT,2025-10-06 13:15:00+00:00,5,2,5,14323,4929,1244,22.9625
ADAUSDT,2025-10-06 13:30:00+00:00,4,3,3,3742,1980,930,3.025
ETHUSDT,2025-10-06 13:30:00+00:00,5,1,5,57276,13168,4128,232.8125
SOLUSDT,2025-10-06 13:45:00+00:00,5,3,5,7672,3917,1483,8.2125
ADAUSDT,2025-10-06 14:00:00+00:00,4,5,3,4136,2658,809,4.225
AVAXUSDT,2025-10-06 14:00:00+00:00,3,5,4,2308,1560,436,11.7
ADAUSDT,2025-10-06 15:15:00+00:00,4,5,4,4413,2872,839,4.225
SOLUSDT,2025-10-06 17:15:00+00:00,5,5,5,7690,4776,1298,8.275
ADAUSDT,2025-10-06 19:30:00+00:00,2,4,2,1145,652,243,52.55
ADAUSDT,2025-10-06 21:00:00+00:00,3,5,2,2505,2175,198,15.725
DOGEUSDT,2025-10-06 21:15:00+00:00,4,3,4,4538,2315,713,16.275
DOGEUSDT,2025-10-06 22:30:00+00:00,3,2,3,2481,890,433,69.6875
SOLUSDT,2025-10-06 22:30:00+00:00,3,2,3,2226,967,489,1.0
SOLUSDT,2025-10-06 22:45:00+00:00,3,2,3,2265,1012,484,1.0
BTCUSDT,2025-10-07 01:00:00+00:00,4,1,5,6693,1850,642,46.3875
ADAUSDT,2025-10-07 01:45:00+00:00,1,2,1,447,192,106,2.95
ADAUSDT,2025-10-07 02:15:00+00:00,2,4,2,909,508,222,52.55
BTCUSDT,2025-10-07 02:30:00+00:00,4,1,4,6288,1688,628,46.3875
XRPUSDT,2025-10-07 02:45:00+00:00,2,3,3,1266,592,258,75.6375
ADAUSDT,2025-10-07 05:30:00+00:00,1,2,1,588,255,128,2.95
XRPUSDT,2025-10-07 07:15:00+00:00,3,5,3,2778,1733,450,12.5625
XRPUSDT,2025-10-07 12:30:00+00:00,2,3,3,1718,810,370,75.6375
ADAUSDT,2025-10-07 12:45:00+00:00,4,5,3,3743,2505,646,4.225
DOGEUSDT,2025-10-07 13:45:00+00:00,5,1,4,8178,2286,1390,1.0
SOLUSDT,2025-10-07 14:15:00+00:00,5,3,5,8851,4283,1728,8.2125
ADAUSDT,2025-10-07 15:00:00+00:00,5,4,4,7823,4527,1631,1.275
BTCUSDT,2025-10-07 16:30:00+00:00,5,1,5,19982,5226,1616,173.075
DOGEUSDT,2025-10-07 16:30:00+00:00,5,3,5,7790,4036,1267,3.625
XRPUSDT,2025-10-07 16:45:00+00:00,4,5,5,6113,4004,857,7.4375
DOGEUSDT,2025-10-07 18:00:00+00:00,4,2,3,3608,1337,658,44.2
BTCUSDT,2025-10-07 19:30:00+00:00,5,5,5,23915,16713,1370,1.175
BTCUSDT,2025-10-07 19:45:00+00:00,5,2,5,23627,8925,1437,57.2
ADAUSDT,2025-10-07 21:45:00+00:00,3,5,2,2910,2366,312,15.725
DOGEUSDT,2025-10-07 21:45:00+00:00,3,3,3,2265,1079,395,36.4125
XRPUSDT,2025-10-08 00:00:00+00:00,4,5,4,4517,3005,667,7.4375
ADAUSDT,2025-10-08 01:00:00+00:00,1,2,1,774,335,186,2.95
SOLUSDT,2025-10-08 01:00:00+00:00,3,2,3,2984,1312,624,1.0
ADAUSDT,2025-10-08 03:15:00+00:00,3,5,4,2978,1914,579,15.725
SOLUSDT,2025-10-08 05:30:00+00:00,3,3,4,2971,1386,603,43.7
XRPUSDT,2025-10-08 05:30:00+00:00,4,5,3,4110,2722,639,7.4375
DOGEUSDT,2025-10-08 06:00:00+00:00,4,4,3,3753,2182,612,3.7875
XRPUSDT,2025-10-08 10:30:00+00:00,3,5,3,3268,2151,516,12.5625
XRPUSDT,2025-10-08 11:45:00+00:00,3,5,2,2212,1488,383,12.5625
SOLUSDT,2025-10-08 15:30:00+00:00,3,2,3,3104,1229,691,1.0
SOLUSDT,2025-10-08 18:00:00+00:00,4,2,4,5566,2495,1159,1.275
SOLUSDT,2025-10-08 22:00:00+00:00,3,2,4,3112,1393,642,1.0
XRPUSDT,2025-10-09 00:15:00+00:00,4,5,3,5031,3734,554,7.4375
ETHUSDT,2025-10-09 02:30:00+00:00,5,1,5,20854,5197,1755,232.8125
XRPUSDT,2025-10-09 06:45:00+00:00,4,5,4,3498,2296,533,7.4375
AVAXUSDT,2025-10-09 08:30:00+00:00,2,5,2,1013,736,167,51.5625
SOLUSDT,2025-10-09 08:30:00+00:00,5,3,5,8655,4534,1626,8.2125
SOLUSDT,2025-10-09 09:15:00+00:00,4,3,4,4416,2028,891,26.9375
SOLUSDT,2025-10-09 09:30:00+00:00,4,3,4,3500,1694,741,26.9375
DOGEUSDT,2025-10-09 10:30:00+00:00,4,5,5,4321,2785,466,1.6
DOGEUSDT,2025-10-09 10:45:00+00:00,4,5,5,4436,3067,501,1.6
AVAXUSDT,2025-10-09 11:15:00+00:00,1,4,2,466,289,99,15.825
XRPUSDT,2025-10-09 11:30:00+00:00,4,5,3,3548,2394,514,7.4375
XRPUSDT,2025-10-09 12:00:00+00:00,4,5,3,4629,3042,706,7.4375
SOLUSDT,2025-10-09 12:30:00+00:00,4,3,4,5223,2628,1017,26.9375
SOLUSDT,2025-10-09 13:00:00+00:00,4,2,4,4092,1719,832,1.275
AVAXUSDT,2025-10-09 13:30:00+00:00,2,5,2,852,577,165,51.5625
SOLUSDT,2025-10-09 13:30:00+00:00,4,2,5,6751,2870,1341,1.275
SOLUSDT,2025-10-09 14:00:00+00:00,5,2,5,8351,3716,1590,1.0
SOLUSDT,2025-10-09 14:15:00+00:00,4,2,5,6418,2849,1308,1.275
ADAUSDT,2025-10-09 14:30:00+00:00,4,5,4,4172,2818,755,4.225
XRPUSDT,2025-10-09 15:15:00+00:00,4,3,3,3799,2001,715,32.2375
SOLUSDT,2025-10-09 15:45:00+00:00,4,2,4,5063,2272,1045,1.275
ADAUSDT,2025-10-09 16:30:00+00:00,2,4,2,1056,571,257,52.55
BTCUSDT,2025-10-09 17:30:00+00:00,5,1,5,17504,3203,1387,173.075
SOLUSDT,2025-10-09 18:00:00+00:00,4,3,4,4096,1916,906,26.9375
DOGEUSDT,2025-10-09 19:00:00+00:00,2,1,2,1661,482,286,1.0
XRPUSDT,2025-10-09 20:00:00+00:00,4,2,3,3572,1602,590,29.925
BTCUSDT,2025-10-09 20:15:00+00:00,5,3,5,7844,3852,749,3.325
DOGEUSDT,2025-10-09 20:30:00+00:00,2,1,1,1297,350,219,1.0
BTCUSDT,2025-10-09 22:00:00+00:00,4,2,4,5997,1898,621,104.35
XRPUSDT,2025-10-09 22:15:00+00:00,3,4,2,1837,1058,333,28.8375
BTCUSDT,2025-10-09 22:30:00+00:00,5,4,5,11288,6943,864,1.4
BTCUSDT,2025-10-09 22:45:00+00:00,5,4,5,11971,7081,1031,1.4
BTCUSDT,2025-10-09 23:30:00+00:00,5,5,4,12810,8698,808,1.175
BTCUSDT,2025-10-09 23:45:00+00:00,5,3,5,11855,6116,728,3.325
XRPUSDT,2025-10-09 23:45:00+00:00,2,4,3,1573,944,269,31.5375
ETHUSDT,2025-10-10 02:15:00+00:00,4,1,4,6484,1753,562,106.55
BTCUSDT,2025-10-10 04:15:00+00:00,4,1,5,7364,2109,725,46.3875
SOLUSDT,2025-10-10 05:30:00+00:00,3,2,3,2206,979,447,1.0
SOLUSDT,2025-10-10 06:00:00+00:00,3,2,4,2577,1098,566,1.0
DOGEUSDT,2025-10-10 06:15:00+00:00,3,3,3,2711,1374,519,36.4125
SOLUSDT,2025-10-10 06:30:00+00:00,3,2,4,2574,1136,568,1.0
SOLUSDT,2025-10-10 08:30:00+00:00,3,2,3,2261,1009,484,1.0
SOLUSDT,2025-10-10 12:45:00+00:00,3,4,3,2444,1446,487,97.675
AVAXUSDT,2025-10-10 14:00:00+00:00,2,5,2,872,576,178,51.5625
SOLUSDT,2025-10-10 14:15:00+00:00,4,3,5,6969,3676,1207,26.9375
AVAXUSDT,2025-10-10 14:30:00+00:00,2,4,2,859,524,175,1.0
SOLUSDT,2025-10-10 14:30:00+00:00,4,2,4,3912,1736,868,1.275
ADAUSDT,2025-10-10 15:15:00+00:00,5,4,4,8491,5089,1728,1.275
ADAUSDT,2025-10-10 15:30:00+00:00,5,4,5,12686,7243,2603,1.275
AVAXUSDT,2025-10-10 15:30:00+00:00,5,5,5,8300,5794,1537,1.0
SOLUSDT,2025-10-10 15:30:00+00:00,5,3,5,49466,25079,8948,8.2125
ADAUSDT,2025-10-10 15:45:00+00:00,4,4,3,4303,2461,933,6.0125
AVAXUSDT,2025-10-10 16:00:00+00:00,3,5,3,2482,1792,433,11.7
ADAUSDT,2025-10-10 16:30:00+00:00,3,4,3,2858,1745,606,18.4375
SOLUSDT,2025-10-10 16:45:00+00:00,5,4,5,8866,5143,1564,14.5375
ETHUSDT,2025-10-10 18:15:00+00:00,5,1,5,19964,3943,1370,232.8125
AVAXUSDT,2025-10-10 19:45:00+00:00,2,5,3,1508,1086,285,51.5625
DOGEUSDT,2025-10-10 20:15:00+00:00,4,4,3,4474,2615,689,3.7875
ADAUSDT,2025-10-10 20:45:00+00:00,5,3,5,34408,15903,6414,1.0
AVAXUSDT,2025-10-10 20:45:00+00:00,5,5,5,14696,9614,2547,1.0
SOLUSDT,2025-10-10 20:45:00+00:00,5,2,5,66549,28699,11362,1.0
ADAUSDT,2025-10-10 21:00:00+00:00,5,2,5,53848,19774,9108,1.0
AVAXUSDT,2025-10-10 21:00:00+00:00,5,4,5,25697,15023,5066,1.0
SOLUSDT,2025-10-10 21:00:00+00:00,5,2,5,110540,39246,16896,1.0
ADAUSDT,2025-10-10 21:15:00+00:00,5,1,5,161806,33084,15742,1.0
AVAXUSDT,2025-10-10 21:15:00+00:00,5,2,5,85812,34067,11667,1.0
SOLUSDT,2025-10-10 21:15:00+00:00,5,1,5,183604,45637,19925,1.0
ADAUSDT,2025-10-10 21:30:00+00:00,5,1,5,166242,27161,12133,1.0
AVAXUSDT,2025-10-10 21:30:00+00:00,5,1,5,44267,12513,5095,1.0
DOGEUSDT,2025-10-10 21:30:00+00:00,5,1,5,384856,69036,19548,1.0
SOLUSDT,2025-10-10 21:30:00+00:00,5,1,5,205042,47932,17613,1.0
XRPUSDT,2025-10-10 21:30:00+00:00,5,1,5,228949,59186,20743,1.0
ADAUSDT,2025-10-10 21:45:00+00:00,5,1,5,133265,30235,11487,1.0
AVAXUSDT,2025-10-10 21:45:00+00:00,5,2,5,37966,12582,5184,1.0
DOGEUSDT,2025-10-10 21:45:00+00:00,5,1,5,358035,98286,20764,1.0
SOLUSDT,2025-10-10 21:45:00+00:00,5,2,5,132480,44539,13749,1.0
XRPUSDT,2025-10-10 21:45:00+00:00,5,1,5,202805,43092,15748,1.0
ADAUSDT,2025-10-10 22:00:00+00:00,5,1,5,91036,20252,12068,1.0
AVAXUSDT,2025-10-10 22:00:00+00:00,5,3,5,36025,18976,6881,1.0
DOGEUSDT,2025-10-10 22:00:00+00:00,5,1,5,150988,24734,12869,1.0
SOLUSDT,2025-10-10 22:00:00+00:00,5,1,5,106038,29558,14066,1.0
XRPUSDT,2025-10-10 22:00:00+00:00,5,1,5,182558,37607,17490,1.0
ADAUSDT,2025-10-10 22:15:00+00:00,5,2,5,64955,22453,10980,1.0
AVAXUSDT,2025-10-10 22:15:00+00:00,5,5,5,27115,17972,4882,1.0
ETHUSDT,2025-10-10 22:15:00+00:00,5,2,5,206114,68589,20295,22.9625
SOLUSDT,2025-10-10 22:15:00+00:00,5,2,5,97591,35055,14093,1.0
XRPUSDT,2025-10-10 22:15:00+00:00,5,1,5,135680,36129,17648,1.0
ADAUSDT,2025-10-10 22:30:00+00:00,5,2,5,73927,29468,11656,1.0
AVAXUSDT,2025-10-10 22:30:00+00:00,5,5,5,21988,14511,4162,1.0
SOLUSDT,2025-10-10 22:30:00+00:00,5,2,5,58903,21184,9087,1.0
ADAUSDT,2025-10-10 22:45:00+00:00,5,2,5,71255,31451,12046,1.0
AVAXUSDT,2025-10-10 22:45:00+00:00,5,5,5,21008,14585,3794,1.0
SOLUSDT,2025-10-10 22:45:00+00:00,5,2,5,55952,23159,8398,1.0
ADAUSDT,2025-10-10 23:00:00+00:00,5,3,5,38077,17429,7206,1.0
AVAXUSDT,2025-10-10 23:00:00+00:00,5,5,5,19444,14280,3087,1.0
ETHUSDT,2025-10-10 23:00:00+00:00,5,2,5,107845,43662,10585,22.9625
ADAUSDT,2025-10-10 23:15:00+00:00,5,3,5,28408,15029,5742,1.0
AVAXUSDT,2025-10-10 23:15:00+00:00,5,5,5,13863,9478,2404,1.0
ADAUSDT,2025-10-10 23:30:00+00:00,5,4,5,33072,18986,5806,1.275
AVAXUSDT,2025-10-10 23:30:00+00:00,5,5,5,18357,13238,2824,1.0
XRPUSDT,2025-10-10 23:30:00+00:00,5,3,5,54064,26185,8068,12.4625
ADAUSDT,2025-10-10 23:45:00+00:00,5,4,5,23255,12765,4311,1.275
AVAXUSDT,2025-10-10 23:45:00+00:00,5,5,5,14439,10413,2242,1.0
XRPUSDT,2025-10-10 23:45:00+00:00,5,2,5,58005,22723,8304,11.6125
ADAUSDT,2025-10-11 00:00:00+00:00,5,3,5,19186,9232,3945,1.0
AVAXUSDT,2025-10-11 00:00:00+00:00,5,5,4,8366,5474,1517,1.0
SOLUSDT,2025-10-11 00:00:00+00:00,5,3,5,36857,17013,6110,8.2125
XRPUSDT,2025-10-11 00:00:00+00:00,5,1,5,56571,16341,7938,1.0
ADAUSDT,2025-10-11 00:15:00+00:00,5,2,5,24186,10448,4644,1.0
AVAXUSDT,2025-10-11 00:15:00+00:00,5,5,5,9589,6712,1522,1.0
DOGEUSDT,2025-10-11 00:15:00+00:00,5,1,5,44252,11589,6027,1.0
SOLUSDT,2025-10-11 00:15:00+00:00,5,2,5,40377,18039,6297,1.0
ADAUSDT,2025-10-11 00:30:00+00:00,5,2,4,15491,6647,2974,1.0
AVAXUSDT,2025-10-11 00:30:00+00:00,5,5,4,7751,5237,1225,1.0
BTCUSDT,2025-10-11 00:30:00+00:00,5,2,5,28430,9281,3447,57.2
ADAUSDT,2025-10-11 00:45:00+00:00,5,3,4,15907,7494,3295,1.0
ADAUSDT,2025-10-11 01:00:00+00:00,5,2,4,9425,4040,1963,1.0
ADAUSDT,2025-10-11 01:15:00+00:00,5,2,4,11648,4477,2214,1.0
SOLUSDT,2025-10-11 01:15:00+00:00,5,3,5,27680,14333,4319,8.2125
ADAUSDT,2025-10-11 01:30:00+00:00,5,2,3,7924,3015,1619,1.0
AVAXUSDT,2025-10-11 01:30:00+00:00,3,4,3,2887,1692,628,1.0
ADAUSDT,2025-10-11 01:45:00+00:00,5,2,3,7914,3342,1667,1.0
SOLUSDT,2025-10-11 01:45:00+00:00,5,3,5,28992,15046,4611,8.2125
ADAUSDT,2025-10-11 02:00:00+00:00,5,2,4,9335,4036,2015,1.0
ADAUSDT,2025-10-11 02:15:00+00:00,5,4,4,10721,5767,2076,1.275
ADAUSDT,2025-10-11 02:30:00+00:00,5,4,4,8114,4423,1612,1.275
AVAXUSDT,2025-10-11 02:30:00+00:00,4,5,4,3871,2802,667,3.15
DOGEUSDT,2025-10-11 02:30:00+00:00,5,2,5,14316,5845,2522,17.275
XRPUSDT,2025-10-11 02:30:00+00:00,5,3,5,27480,13117,4952,12.4625
ETHUSDT,2025-10-11 02:45:00+00:00,5,2,5,38779,12794,3308,22.9625
XRPUSDT,2025-10-11 03:15:00+00:00,5,2,5,16617,6984,3003,11.6125
ADAUSDT,2025-10-11 03:30:00+00:00,4,4,4,7196,3997,1488,6.0125
XRPUSDT,2025-10-11 03:30:00+00:00,5,2,5,14362,5906,2697,11.6125
AVAXUSDT,2025-10-11 04:00:00+00:00,3,5,3,2256,1785,321,11.7
XRPUSDT,2025-10-11 04:15:00+00:00,5,2,4,9957,4131,1878,11.6125
ADAUSDT,2025-10-11 04:30:00+00:00,4,3,3,6521,3268,1399,3.025
ADAUSDT,2025-10-11 05:15:00+00:00,4,3,3,4651,2436,1000,3.025
SOLUSDT,2025-10-11 05:15:00+00:00,5,4,5,21235,12196,3448,14.5375
ADAUSDT,2025-10-11 05:30:00+00:00,4,3,4,6152,3209,1354,3.025
AVAXUSDT,2025-10-11 05:45:00+00:00,2,5,2,1395,1041,243,51.5625
DOGEUSDT,2025-10-11 05:45:00+00:00,5,3,5,10752,4915,1966,3.625
XRPUSDT,2025-10-11 06:00:00+00:00,5,2,4,9671,3934,1854,11.6125
XRPUSDT,2025-10-11 06:15:00+00:00,5,2,4,8429,3537,1525,11.6125
DOGEUSDT,2025-10-11 06:30:00+00:00,5,4,5,16228,8825,2392,1.0
DOGEUSDT,2025-10-11 06:45:00+00:00,5,4,5,13665,7370,2267,1.0
ADAUSDT,2025-10-11 07:15:00+00:00,4,3,3,3793,1850,827,3.025
DOGEUSDT,2025-10-11 07:15:00+00:00,5,3,5,14820,7356,2655,3.625
XRPUSDT,2025-10-11 07:45:00+00:00,5,2,4,9464,3899,1679,11.6125
ADAUSDT,2025-10-11 08:30:00+00:00,4,4,3,3586,2049,723,6.0125
SOLUSDT,2025-10-11 08:30:00+00:00,5,3,5,8285,4354,1515,8.2125
ADAUSDT,2025-10-11 09:15:00+00:00,4,4,3,3611,1995,767,6.0125
DOGEUSDT,2025-10-11 10:15:00+00:00,4,3,4,7483,3766,1310,16.275
DOGEUSDT,2025-10-11 10:30:00+00:00,5,4,5,13025,7112,2140,1.0
ADAUSDT,2025-10-11 10:45:00+00:00,3,3,2,2016,970,463,10.725
DOGEUSDT,2025-10-11 11:00:00+00:00,5,4,4,9337,5741,1502,1.0
DOGEUSDT,2025-10-11 11:15:00+00:00,5,5,4,12882,8270,2009,1.0
XRPUSDT,2025-10-11 11:15:00+00:00,5,4,4,10064,5594,1784,4.1125
DOGEUSDT,2025-10-11 11:30:00+00:00,5,5,4,8663,5751,1351,1.0
DOGEUSDT,2025-10-11 11:45:00+00:00,5,5,4,11407,7631,1605,1.0
XRPUSDT,2025-10-11 11:45:00+00:00,4,4,3,6047,3334,1136,14.8625
DOGEUSDT,2025-10-11 12:00:00+00:00,5,4,4,10933,6659,1797,1.0
XRPUSDT,2025-10-11 12:00:00+00:00,5,3,4,8517,4178,1629,12.4625
DOGEUSDT,2025-10-11 12:30:00+00:00,5,5,4,13964,9811,1961,1.0
DOGEUSDT,2025-10-11 12:45:00+00:00,5,5,5,15623,9964,2468,1.0
DOGEUSDT,2025-10-11 13:00:00+00:00,5,4,4,10556,6195,1630,1.0
ADAUSDT,2025-10-11 13:15:00+00:00,3,3,2,2008,983,465,10.725
DOGEUSDT,2025-10-11 13:15:00+00:00,5,4,4,9789,5811,1580,1.0
SOLUSDT,2025-10-11 13:15:00+00:00,5,4,5,13467,7451,2641,14.5375
XRPUSDT,2025-10-11 13:30:00+00:00,5,5,5,39728,29245,4465,1.5875
SOLUSDT,2025-10-11 13:45:00+00:00,5,3,5,10001,4559,2064,8.2125
DOGEUSDT,2025-10-11 14:45:00+00:00,4,4,4,7450,4406,1286,3.7875
XRPUSDT,2025-10-11 14:45:00+00:00,4,3,4,4862,2193,977,32.2375
ADAUSDT,2025-10-11 15:00:00+00:00,3,4,2,1970,1126,407,18.4375
DOGEUSDT,2025-10-11 15:15:00+00:00,4,2,4,6251,2776,1317,44.2
AVAXUSDT,2025-10-11 15:30:00+00:00,3,4,2,1776,1016,390,1.0
SOLUSDT,2025-10-11 16:30:00+00:00,5,4,5,9156,5477,1665,14.5375
ADAUSDT,2025-10-11 17:30:00+00:00,3,5,2,1757,1103,323,15.725
AVAXUSDT,2025-10-11 17:45:00+00:00,1,5,2,687,468,126,225.225
ADAUSDT,2025-10-11 18:15:00+00:00,2,4,2,933,515,224,52.55
SOLUSDT,2025-10-11 18:15:00+00:00,3,2,4,3111,1392,679,1.0
ETHUSDT,2025-10-11 18:45:00+00:00,4,2,3,5991,1983,620,26.225
ADAUSDT,2025-10-11 19:15:00+00:00,4,4,3,4197,2356,870,6.0125
XRPUSDT,2025-10-11 20:15:00+00:00,5,2,5,13083,5866,1981,11.6125
ADAUSDT,2025-10-11 20:30:00+00:00,4,3,3,4419,2321,909,3.025
ADAUSDT,2025-10-11 20:45:00+00:00,4,3,3,3530,1742,791,3.025
SOLUSDT,2025-10-11 20:45:00+00:00,5,3,5,12588,6107,2570,8.2125
SOLUSDT,2025-10-11 21:15:00+00:00,5,2,5,17169,7145,3204,1.0
BTCUSDT,2025-10-11 21:45:00+00:00,4,2,5,5763,2122,797,104.35
SOLUSDT,2025-10-11 22:00:00+00:00,4,2,4,7148,3141,1420,1.275
ADAUSDT,2025-10-11 22:30:00+00:00,2,2,2,1381,611,301,3.1375
SOLUSDT,2025-10-11 22:45:00+00:00,4,2,4,4929,2197,965,1.275
ADAUSDT,2025-10-11 23:00:00+00:00,2,2,2,1501,641,354,3.1375
SOLUSDT,2025-10-11 23:00:00+00:00,5,3,4,7826,3624,1559,8.2125
ADAUSDT,2025-10-11 23:30:00+00:00,2,2,1,1045,466,238,3.1375
SOLUSDT,2025-10-11 23:45:00+00:00,4,2,4,4442,1936,895,1.275
XRPUSDT,2025-10-11 23:45:00+00:00,4,3,4,3589,1783,697,32.2375
SOLUSDT,2025-10-12 00:15:00+00:00,5,3,4,7694,3565,1588,8.2125
SOLUSDT,2025-10-12 01:00:00+00:00,5,3,4,7915,3616,1606,8.2125
SOLUSDT,2025-10-12 01:15:00+00:00,4,2,4,7383,3184,1565,1.275
AVAXUSDT,2025-10-12 01:30:00+00:00,2,5,2,885,599,180,51.5625
ADAUSDT,2025-10-12 02:00:00+00:00,2,3,2,1692,796,393,28.9875
SOLUSDT,2025-10-12 02:00:00+00:00,4,2,4,6967,3060,1413,1.275
SOLUSDT,2025-10-12 03:00:00+00:00,5,2,5,10435,4550,2116,1.0
BTCUSDT,2025-10-12 03:30:00+00:00,5,1,5,19337,4908,1328,173.075
XRPUSDT,2025-10-12 06:15:00+00:00,3,3,3,3253,1675,604,62.125
ETHUSDT,2025-10-12 07:45:00+00:00,4,3,5,6928,3252,631,1.0
SOLUSDT,2025-10-12 09:30:00+00:00,4,2,3,3951,1672,830,1.275
BTCUSDT,2025-10-12 12:00:00+00:00,5,2,5,12776,4175,1108,57.2
ADAUSDT,2025-10-12 13:45:00+00:00,2,3,2,1260,662,276,28.9875
SOLUSDT,2025-10-12 14:00:00+00:00,4,2,4,4471,1936,992,1.275
SOLUSDT,2025-10-12 14:15:00+00:00,4,2,4,3782,1591,859,1.275
ETHUSDT,2025-10-12 14:30:00+00:00,5,1,5,22121,5020,1496,232.8125
SOLUSDT,2025-10-12 14:30:00+00:00,4,2,4,4707,1862,1027,1.275
ADAUSDT,2025-10-12 14:45:00+00:00,5,3,5,17953,9459,3869,1.0
AVAXUSDT,2025-10-12 14:45:00+00:00,5,5,5,9275,6659,1754,1.0
DOGEUSDT,2025-10-12 14:45:00+00:00,5,1,5,55086,15159,8353,1.0
SOLUSDT,2025-10-12 14:45:00+00:00,5,2,5,63473,28277,11460,1.0
XRPUSDT,2025-10-12 14:45:00+00:00,5,2,5,50144,17688,8193,11.6125
ADAUSDT,2025-10-12 15:00:00+00:00,5,3,4,9648,4623,2134,1.0
AVAXUSDT,2025-10-12 15:00:00+00:00,4,5,4,4839,3405,959,3.15
XRPUSDT,2025-10-12 15:00:00+00:00,5,2,5,28682,10236,5143,11.6125
ADAUSDT,2025-10-12 15:45:00+00:00,3,3,3,3377,1764,726,10.725
ADAUSDT,2025-10-12 16:00:00+00:00,5,3,4,8157,4291,1739,1.0
SOLUSDT,2025-10-12 16:15:00+00:00,5,2,5,13607,6086,2735,1.0
SOLUSDT,2025-10-12 16:30:00+00:00,5,2,5,12879,5510,2600,1.0
DOGEUSDT,2025-10-12 16:45:00+00:00,5,2,5,25080,8336,4006,17.275
SOLUSDT,2025-10-12 16:45:00+00:00,5,2,5,23975,10475,4440,1.0
ADAUSDT,2025-10-12 17:15:00+00:00,3,3,3,2459,1252,550,10.725
AVAXUSDT,2025-10-12 17:15:00+00:00,3,5,4,2464,1632,463,11.7
XRPUSDT,2025-10-12 17:45:00+00:00,4,2,4,6603,2366,1229,29.925
DOGEUSDT,2025-10-12 21:00:00+00:00,5,2,5,11404,4189,1846,17.275
SOLUSDT,2025-10-12 21:15:00+00:00,5,3,5,12277,5751,2305,8.2125
ETHUSDT,2025-10-12 21:30:00+00:00,5,2,5,30624,9530,2284,22.9625
ADAUSDT,2025-10-12 22:00:00+00:00,3,2,2,2353,1026,541,1.2
AVAXUSDT,2025-10-12 22:00:00+00:00,2,5,3,1647,1098,308,51.5625
SOLUSDT,2025-10-12 22:00:00+00:00,5,2,5,11440,5127,2195,1.0
SOLUSDT,2025-10-12 22:30:00+00:00,5,2,4,7931,3560,1571,1.0
SOLUSDT,2025-10-12 23:00:00+00:00,4,2,4,6470,2842,1297,1.275
SOLUSDT,2025-10-12 23:15:00+00:00,4,2,4,4875,2117,1018,1.275
ADAUSDT,2025-10-13 00:00:00+00:00,2,2,2,1604,716,394,3.1375
ADAUSDT,2025-10-13 00:15:00+00:00,3,3,3,2446,1178,553,10.725
SOLUSDT,2025-10-13 00:45:00+00:00,5,3,5,9227,4638,1718,8.2125
ADAUSDT,2025-10-13 01:00:00+00:00,3,2,2,2238,899,506,1.2
SOLUSDT,2025-10-13 01:00:00+00:00,5,2,4,9243,3913,1835,1.0
XRPUSDT,2025-10-13 01:00:00+00:00,4,1,4,6980,1905,1206,1.0
ADAUSDT,2025-10-13 04:30:00+00:00,2,2,2,1089,474,249,3.1375
SOLUSDT,2025-10-13 05:30:00+00:00,3,2,3,3083,1309,673,1.0
ADAUSDT,2025-10-13 05:45:00+00:00,2,3,1,829,423,186,28.9875
DOGEUSDT,2025-10-13 05:45:00+00:00,4,3,3,3545,1729,653,16.275
SOLUSDT,2025-10-13 09:00:00+00:00,4,3,4,4796,2510,1061,26.9375
ADAUSDT,2025-10-13 09:15:00+00:00,2,3,2,1462,700,338,28.9875
XRPUSDT,2025-10-13 10:15:00+00:00,4,4,4,6475,3832,913,14.8625
AVAXUSDT,2025-10-13 11:00:00+00:00,3,5,4,3355,2489,573,11.7
AVAXUSDT,2025-10-13 11:15:00+00:00,4,5,4,3691,2766,600,3.15
DOGEUSDT,2025-10-13 11:30:00+00:00,5,2,5,12780,4784,2432,17.275
SOLUSDT,2025-10-13 12:30:00+00:00,4,3,4,5753,2666,1173,26.9375
ADAUSDT,2025-10-13 13:15:00+00:00,2,2,2,1661,744,407,3.1375
SOLUSDT,2025-10-13 13:15:00+00:00,4,3,5,5637,2616,1239,26.9375
ADAUSDT,2025-10-13 13:30:00+00:00,5,3,5,15094,6828,3383,1.0
SOLUSDT,2025-10-13 13:30:00+00:00,5,2,5,32601,14192,6291,1.0
ADAUSDT,2025-10-13 13:45:00+00:00,4,2,4,4771,2062,1059,1.0
ADAUSDT,2025-10-13 14:00:00+00:00,3,2,3,3165,1307,735,1.2
DOGEUSDT,2025-10-13 14:00:00+00:00,5,1,4,8875,2548,1534,1.0
SOLUSDT,2025-10-13 14:00:00+00:00,5,2,5,10136,4330,2102,1.0
ADAUSDT,2025-10-13 14:30:00+00:00,4,3,3,4103,1966,983,3.025
SOLUSDT,2025-10-13 14:30:00+00:00,5,2,5,11075,4939,2261,1.0
SOLUSDT,2025-10-13 14:45:00+00:00,4,2,5,7171,3064,1461,1.275
ADAUSDT,2025-10-13 15:00:00+00:00,3,2,2,2084,909,518,1.2
ADAUSDT,2025-10-13 15:15:00+00:00,3,2,2,1838,826,424,1.2
SOLUSDT,2025-10-13 15:45:00+00:00,4,3,5,6489,3138,1292,26.9375
XRPUSDT,2025-10-13 16:00:00+00:00,4,2,4,4904,1782,817,29.925
XRPUSDT,2025-10-13 16:30:00+00:00,4,1,4,4686,1348,827,1.0
SOLUSDT,2025-10-13 18:00:00+00:00,5,3,5,18341,8768,3383,8.2125
XRPUSDT,2025-10-13 19:00:00+00:00,4,1,3,3722,1077,605,1.0
AVAXUSDT,2025-10-13 19:45:00+00:00,3,5,3,2232,1576,413,11.7
ETHUSDT,2025-10-13 21:15:00+00:00,5,1,5,9505,2425,749,232.8125
SOLUSDT,2025-10-13 23:30:00+00:00,4,4,4,3547,2051,727,52.7875
ADAUSDT,2025-10-14 02:45:00+00:00,2,3,3,1131,516,265,28.9875
DOGEUSDT,2025-10-14 04:15:00+00:00,4,2,3,3712,1325,659,44.2
SOLUSDT,2025-10-14 06:00:00+00:00,5,4,5,7958,4451,1504,14.5375
ADAUSDT,2025-10-14 06:30:00+00:00,4,4,4,5954,3198,1298,6.0125
SOLUSDT,2025-10-14 06:30:00+00:00,5,4,5,22911,12844,3913,14.5375
ADAUSDT,2025-10-14 06:45:00+00:00,5,3,5,8989,4636,1972,1.0
ADAUSDT,2025-10-14 08:00:00+00:00,3,3,3,3081,1534,707,10.725
XRPUSDT,2025-10-14 08:15:00+00:00,4,1,4,4677,1358,823,1.0
SOLUSDT,2025-10-14 09:45:00+00:00,5,3,5,7858,4050,1526,8.2125
AVAXUSDT,2025-10-14 10:15:00+00:00,2,5,3,1623,1219,264,51.5625
SOLUSDT,2025-10-14 10:15:00+00:00,5,3,5,13580,6716,2631,8.2125
XRPUSDT,2025-10-14 10:45:00+00:00,4,2,4,4962,1943,969,29.925
ADAUSDT,2025-10-14 12:15:00+00:00,3,4,3,1850,1143,350,18.4375
ADAUSDT,2025-10-14 13:30:00+00:00,4,3,4,4909,2259,1142,3.025
AVAXUSDT,2025-10-14 13:30:00+00:00,3,5,3,2520,1765,462,11.7
ADAUSDT,2025-10-14 14:00:00+00:00,3,2,3,2520,1123,544,1.2
SOLUSDT,2025-10-14 14:00:00+00:00,5,2,5,9701,4344,1960,1.0
ADAUSDT,2025-10-14 14:15:00+00:00,4,3,3,4141,2059,935,3.025
AVAXUSDT,2025-10-14 16:00:00+00:00,2,5,3,1502,1052,282,51.5625
ADAUSDT,2025-10-14 17:00:00+00:00,4,3,3,4125,1989,878,3.025
SOLUSDT,2025-10-14 17:15:00+00:00,5,2,5,9833,4100,1987,1.0
SOLUSDT,2025-10-14 17:45:00+00:00,4,2,4,5935,2634,1169,1.275
SOLUSDT,2025-10-14 18:15:00+00:00,4,2,4,5554,2166,1187,1.275
DOGEUSDT,2025-10-14 18:45:00+00:00,3,1,3,2383,671,429,1.0
ADAUSDT,2025-10-14 19:30:00+00:00,4,3,4,4900,2342,1020,3.025
SOLUSDT,2025-10-14 19:30:00+00:00,5,2,5,25865,11385,4475,1.0
ADAUSDT,2025-10-14 19:45:00+00:00,3,2,4,3368,1489,781,1.2
SOLUSDT,2025-10-14 19:45:00+00:00,5,2,5,12448,5409,2398,1.0
SOLUSDT,2025-10-14 20:00:00+00:00,4,2,5,6744,2990,1332,1.275
DOGEUSDT,2025-10-14 21:45:00+00:00,2,2,2,1233,475,255,56.45
SOLUSDT,2025-10-14 22:30:00+00:00,3,3,3,2240,1054,498,43.7
SOLUSDT,2025-10-15 00:00:00+00:00,4,3,4,4089,1840,857,26.9375
SOLUSDT,2025-10-15 02:00:00+00:00,5,4,5,7899,4695,1473,14.5375
SOLUSDT,2025-10-15 08:15:00+00:00,5,4,5,11194,6082,2176,14.5375
DOGEUSDT,2025-10-15 09:00:00+00:00,3,2,3,2850,1127,565,69.6875
SOLUSDT,2025-10-15 09:15:00+00:00,4,2,4,4589,2040,932,1.275
SOLUSDT,2025-10-15 09:30:00+00:00,4,2,4,4839,2173,1043,1.275
BTCUSDT,2025-10-15 09:45:00+00:00,5,1,5,7805,1823,653,173.075
ADAUSDT,2025-10-15 11:15:00+00:00,3,4,2,2221,1349,455,18.4375
SOLUSDT,2025-10-15 11:15:00+00:00,5,3,5,9080,4742,1606,8.2125
SOLUSDT,2025-10-15 12:45:00+00:00,4,2,4,4516,1975,980,1.275
SOLUSDT,2025-10-15 13:15:00+00:00,4,2,4,4401,1957,936,1.275
SOLUSDT,2025-10-15 13:30:00+00:00,5,2,5,14589,6488,2957,1.0
ADAUSDT,2025-10-15 13:45:00+00:00,4,3,4,5455,2851,1203,3.025
DOGEUSDT,2025-10-15 13:45:00+00:00,5,2,5,12372,4274,2310,17.275
SOLUSDT,2025-10-15 15:00:00+00:00,5,3,5,13725,7180,2554,8.2125
SOLUSDT,2025-10-15 15:15:00+00:00,5,2,5,9440,4215,1876,1.0
SOLUSDT,2025-10-15 16:45:00+00:00,4,2,5,4995,2152,1016,1.275
ADAUSDT,2025-10-15 17:00:00+00:00,3,3,3,2460,1305,536,10.725
SOLUSDT,2025-10-15 18:00:00+00:00,4,2,4,4083,1815,907,1.275
SOLUSDT,2025-10-15 18:15:00+00:00,4,2,4,3737,1632,815,1.275
XRPUSDT,2025-10-15 19:45:00+00:00,4,2,4,5401,2356,1030,29.925
ADAUSDT,2025-10-15 20:30:00+00:00,4,3,4,3589,1845,782,3.025
BTCUSDT,2025-10-16 00:00:00+00:00,5,1,5,11302,2599,938,173.075
ADAUSDT,2025-10-16 00:15:00+00:00,2,2,2,989,431,239,3.1375
XRPUSDT,2025-10-16 00:30:00+00:00,3,1,3,2788,797,501,1.0
ADAUSDT,2025-10-16 01:30:00+00:00,1,3,2,683,316,168,39.4875
AVAXUSDT,2025-10-16 03:15:00+00:00,1,5,1,241,160,49,225.225
SOLUSDT,2025-10-16 05:30:00+00:00,4,2,4,4168,1781,924,1.275
SOLUSDT,2025-10-16 06:15:00+00:00,3,2,4,3105,1316,698,1.0
SOLUSDT,2025-10-16 06:30:00+00:00,4,2,4,3988,1780,885,1.275
DOGEUSDT,2025-10-16 07:15:00+00:00,3,3,3,3303,1761,569,36.4125
DOGEUSDT,2025-10-16 07:30:00+00:00,3,3,3,2241,1118,431,36.4125
DOGEUSDT,2025-10-16 08:30:00+00:00,3,2,3,2700,1167,547,69.6875
AVAXUSDT,2025-10-16 09:15:00+00:00,1,4,1,316,183,70,15.825
SOLUSDT,2025-10-16 09:45:00+00:00,5,3,5,19088,8717,3653,8.2125
SOLUSDT,2025-10-16 13:15:00+00:00,4,2,4,3530,1581,801,1.275
SOLUSDT,2025-10-16 13:30:00+00:00,5,2,5,8490,3384,1772,1.0
SOLUSDT,2025-10-16 13:45:00+00:00,4,2,4,7599,3383,1580,1.275
SOLUSDT,2025-10-16 14:45:00+00:00,5,3,5,7926,3778,1714,8.2125
DOGEUSDT,2025-10-16 16:00:00+00:00,5,2,5,17626,6630,3361,17.275
ADAUSDT,2025-10-16 16:30:00+00:00,4,4,3,3732,2056,814,6.0125
SOLUSDT,2025-10-16 17:15:00+00:00,5,2,5,7803,3424,1701,1.0
ADAUSDT,2025-10-16 17:30:00+00:00,3,2,3,2540,1079,600,1.2
SOLUSDT,2025-10-16 18:15:00+00:00,4,2,4,6372,2667,1470,1.275
ADAUSDT,2025-10-16 18:30:00+00:00,3,2,3,2258,991,514,1.2
SOLUSDT,2025-10-16 18:30:00+00:00,4,2,4,7539,3041,1628,1.275
SOLUSDT,2025-10-16 18:45:00+00:00,4,2,4,6010,2569,1332,1.275
SOLUSDT,2025-10-16 19:00:00+00:00,4,2,4,6336,2663,1388,1.275
SOLUSDT,2025-10-16 19:30:00+00:00,5,3,5,14916,7643,2760,8.2125
ADAUSDT,2025-10-16 19:45:00+00:00,3,3,2,2237,1053,551,10.725
XRPUSDT,2025-10-16 19:45:00+00:00,5,2,4,9680,3484,1812,11.6125
SOLUSDT,2025-10-17 00:00:00+00:00,4,4,4,4400,2366,914,52.7875
XRPUSDT,2025-10-17 00:00:00+00:00,3,2,3,2903,1016,573,48.225
BTCUSDT,2025-10-17 00:30:00+00:00,5,1,5,14481,2335,1059,173.075
BTCUSDT,2025-10-17 03:15:00+00:00,4,1,4,5947,1393,579,46.3875
ADAUSDT,2025-10-17 05:15:00+00:00,2,4,2,842,490,178,52.55
ADAUSDT,2025-10-17 06:30:00+00:00,4,3,4,4897,2494,1084,3.025
ADAUSDT,2025-10-17 07:00:00+00:00,5,4,4,7848,4314,1676,1.275
ADAUSDT,2025-10-17 07:15:00+00:00,4,3,3,3504,1689,816,3.025
SOLUSDT,2025-10-17 07:45:00+00:00,5,3,5,11650,5980,2401,8.2125
ADAUSDT,2025-10-17 09:00:00+00:00,3,3,3,3284,1717,751,10.725
XRPUSDT,2025-10-17 09:00:00+00:00,5,2,4,8748,3768,1693,11.6125
XRPUSDT,2025-10-17 09:15:00+00:00,4,2,4,6497,2881,1243,29.925
ADAUSDT,2025-10-17 10:00:00+00:00,3,4,3,2032,1111,466,18.4375
DOGEUSDT,2025-10-17 12:15:00+00:00,3,2,3,3357,1256,670,69.6875
ADAUSDT,2025-10-17 13:30:00+00:00,4,3,3,3852,1796,888,3.025
SOLUSDT,2025-10-17 13:30:00+00:00,5,3,5,17442,8187,3627,8.2125
XRPUSDT,2025-10-17 13:30:00+00:00,5,1,4,11940,3471,2045,1.0
ADAUSDT,2025-10-17 14:00:00+00:00,3,4,3,2861,1536,658,18.4375
ADAUSDT,2025-10-17 14:45:00+00:00,3,4,3,2733,1497,655,18.4375
ADAUSDT,2025-10-17 15:45:00+00:00,4,4,3,3553,2157,806,6.0125
DOGEUSDT,2025-10-17 16:00:00+00:00,5,2,4,8483,2829,1504,17.275
SOLUSDT,2025-10-17 17:30:00+00:00,4,3,4,5038,2602,1020,26.9375
BTCUSDT,2025-10-17 20:00:00+00:00,5,1,5,8182,1731,805,173.075
XRPUSDT,2025-10-17 23:00:00+00:00,3,4,3,2054,1195,352,28.8375
DOGEUSDT,2025-10-18 03:15:00+00:00,2,2,2,996,428,217,56.45
XRPUSDT,2025-10-18 06:15:00+00:00,2,3,2,1499,707,314,75.6375
SOLUSDT,2025-10-18 07:00:00+00:00,5,4,5,9991,5690,1868,14.5375
AVAXUSDT,2025-10-18 07:15:00+00:00,2,5,3,883,678,126,51.5625
SOLUSDT,2025-10-18 09:15:00+00:00,3,2,3,2435,1083,541,1.0
XRPUSDT,2025-10-18 09:30:00+00:00,2,2,3,1643,665,326,29.175
ADAUSDT,2025-10-18 10:00:00+00:00,1,5,2,682,439,131,81.6375
XRPUSDT,2025-10-18 10:30:00+00:00,2,2,3,1728,667,371,29.175
SOLUSDT,2025-10-18 11:15:00+00:00,3,3,4,2612,1378,574,43.7
DOGEUSDT,2025-10-18 12:30:00+00:00,2,2,2,1202,474,247,56.45
SOLUSDT,2025-10-18 13:00:00+00:00,3,2,3,2614,1149,587,1.0
AVAXUSDT,2025-10-18 13:30:00+00:00,1,4,1,316,175,84,15.825
SOLUSDT,2025-10-18 13:30:00+00:00,3,2,3,2933,1289,652,1.0
AVAXUSDT,2025-10-18 14:45:00+00:00,1,3,1,223,116,46,1.0
AVAXUSDT,2025-10-18 15:15:00+00:00,1,3,1,209,111,45,1.0
AVAXUSDT,2025-10-18 16:15:00+00:00,1,3,1,252,134,60,1.0
AVAXUSDT,2025-10-18 16:45:00+00:00,1,3,1,241,129,51,1.0
BTCUSDT,2025-10-18 20:00:00+00:00,4,1,4,6173,1427,630,46.3875
DOGEUSDT,2025-10-19 02:00:00+00:00,1,2,1,776,299,175,13.8375
SOLUSDT,2025-10-19 02:45:00+00:00,2,4,3,1660,930,342,69.175
DOGEUSDT,2025-10-19 03:00:00+00:00,1,2,1,657,268,148,13.8375
ADAUSDT,2025-10-19 03:15:00+00:00,1,3,1,419,220,105,39.4875
DOGEUSDT,2025-10-19 03:15:00+00:00,2,2,2,1070,387,235,56.45
ADAUSDT,2025-10-19 04:45:00+00:00,1,5,1,300,188,59,81.6375
BTCUSDT,2025-10-19 05:30:00+00:00,3,1,4,3426,977,418,1.0
SOLUSDT,2025-10-19 12:30:00+00:00,3,2,3,2313,968,486,1.0
SOLUSDT,2025-10-19 15:30:00+00:00,3,3,4,2799,1399,613,43.7
ETHUSDT,2025-10-19 19:00:00+00:00,5,2,5,9056,2753,832,22.9625
SOLUSDT,2025-10-19 20:15:00+00:00,2,3,2,1353,686,319,16.0375
DOGEUSDT,2025-10-19 20:30:00+00:00,1,3,1,745,344,160,47.5125
SOLUSDT,2025-10-19 23:00:00+00:00,3,3,3,2098,1025,470,43.7
ADAUSDT,2025-10-20 05:00:00+00:00,1,4,2,762,451,179,104.5375
DOGEUSDT,2025-10-20 09:45:00+00:00,2,2,2,1539,585,310,56.45
SOLUSDT,2025-10-20 15:30:00+00:00,3,2,3,2882,1290,677,1.0
ADAUSDT,2025-10-20 16:30:00+00:00,3,4,3,1991,1115,443,18.4375
BTCUSDT,2025-10-20 18:45:00+00:00,5,2,5,8602,2663,786,57.2
XRPUSDT,2025-10-20 20:00:00+00:00,5,3,5,9737,4805,1549,12.4625
DOGEUSDT,2025-10-20 20:30:00+00:00,1,2,1,759,297,173,13.8375
DOGEUSDT,2025-10-21 02:00:00+00:00,3,2,3,2682,1119,462,69.6875
BTCUSDT,2025-10-21 07:30:00+00:00,5,2,5,10555,3084,991,57.2
AVAXUSDT,2025-10-21 09:00:00+00:00,1,4,1,205,119,41,15.825
XRPUSDT,2025-10-21 10:45:00+00:00,4,3,4,4109,2079,743,32.2375
BTCUSDT,2025-10-21 11:00:00+00:00,5,1,5,10676,2524,859,173.075
SOLUSDT,2025-10-21 13:30:00+00:00,4,2,4,4678,2011,1030,1.275
ADAUSDT,2025-10-21 14:45:00+00:00,4,4,4,4061,2455,855,6.0125
ADAUSDT,2025-10-21 15:00:00+00:00,4,4,4,4376,2424,1010,6.0125
XRPUSDT,2025-10-21 16:45:00+00:00,5,2,4,7971,3403,1494,11.6125
ADAUSDT,2025-10-21 18:15:00+00:00,2,3,2,990,528,251,28.9875
SOLUSDT,2025-10-21 18:45:00+00:00,3,3,4,3162,1633,693,43.7
ADAUSDT,2025-10-21 20:00:00+00:00,2,3,2,808,397,174,28.9875
AVAXUSDT,2025-10-21 20:00:00+00:00,1,5,2,370,255,72,225.225
SOLUSDT,2025-10-21 20:30:00+00:00,3,3,4,3040,1508,703,43.7
SOLUSDT,2025-10-21 21:15:00+00:00,5,3,5,14504,7742,2493,8.2125
ADAUSDT,2025-10-21 22:15:00+00:00,2,4,2,1117,622,263,52.55
SOLUSDT,2025-10-22 00:00:00+00:00,4,3,4,4484,2384,939,26.9375
SOLUSDT,2025-10-22 01:30:00+00:00,3,2,3,2520,1086,532,1.0
DOGEUSDT,2025-10-22 03:00:00+00:00,3,4,2,2004,1087,349,10.075
BTCUSDT,2025-10-22 05:45:00+00:00,5,2,5,8881,3215,1095,57.2
ETHUSDT,2025-10-22 07:15:00+00:00,5,1,5,11966,2971,864,232.8125
ADAUSDT,2025-10-22 13:15:00+00:00,1,4,2,762,451,159,104.5375
ETHUSDT,2025-10-22 15:30:00+00:00,5,4,5,76957,45077,3262,1.0
SOLUSDT,2025-10-22 16:30:00+00:00,5,2,5,11130,4939,2369,1.0
ADAUSDT,2025-10-22 17:30:00+00:00,1,3,1,673,338,153,39.4875
DOGEUSDT,2025-10-22 18:00:00+00:00,3,2,2,2379,872,480,69.6875
ADAUSDT,2025-10-22 18:45:00+00:00,1,3,2,710,374,178,39.4875
ADAUSDT,2025-10-22 20:00:00+00:00,2,3,2,923,454,216,28.9875
SOLUSDT,2025-10-22 20:15:00+00:00,4,3,4,3953,2090,803,26.9375
ADAUSDT,2025-10-22 21:00:00+00:00,5,4,4,7679,4427,1515,1.275
SOLUSDT,2025-10-22 21:00:00+00:00,5,2,5,15404,6635,3141,1.0
ADAUSDT,2025-10-23 07:00:00+00:00,3,3,2,2329,1058,438,10.725
DOGEUSDT,2025-10-23 08:15:00+00:00,3,4,3,2436,1353,450,10.075
BTCUSDT,2025-10-23 10:00:00+00:00,5,3,5,10314,4886,1022,3.325
ADAUSDT,2025-10-23 10:15:00+00:00,1,4,1,433,259,96,104.5375
BTCUSDT,2025-10-23 11:45:00+00:00,5,2,5,7843,2361,804,57.2
SOLUSDT,2025-10-23 13:15:00+00:00,4,4,5,6558,4028,1215,52.7875
XRPUSDT,2025-10-23 13:15:00+00:00,3,3,3,1857,886,352,62.125
SOLUSDT,2025-10-23 15:30:00+00:00,4,5,5,7159,4470,1234,28.9
XRPUSDT,2025-10-23 17:15:00+00:00,2,2,2,1542,609,332,29.175
SOLUSDT,2025-10-23 17:30:00+00:00,5,4,5,8283,4743,1593,14.5375
SOLUSDT,2025-10-23 19:15:00+00:00,3,3,4,2961,1534,635,43.7
DOGEUSDT,2025-10-23 20:30:00+00:00,3,4,3,1769,1054,252,10.075
DOGEUSDT,2025-10-23 23:00:00+00:00,1,3,1,702,351,130,47.5125
XRPUSDT,2025-10-24 00:00:00+00:00,2,2,3,1564,642,317,29.175
DOGEUSDT,2025-10-24 00:30:00+00:00,2,2,2,1320,535,284,56.45
ETHUSDT,2025-10-24 02:45:00+00:00,4,1,5,7045,1661,631,106.55
ADAUSDT,2025-10-24 06:15:00+00:00,1,5,1,580,366,121,81.6375
AVAXUSDT,2025-10-24 08:15:00+00:00,1,4,1,259,144,65,15.825
BTCUSDT,2025-10-24 08:15:00+00:00,4,1,5,7070,1782,600,46.3875
DOGEUSDT,2025-10-24 08:15:00+00:00,2,2,2,1197,497,216,56.45
ETHUSDT,2025-10-24 08:30:00+00:00,5,2,5,17564,6559,1649,22.9625
AVAXUSDT,2025-10-24 09:00:00+00:00,1,4,1,282,172,62,15.825
AVAXUSDT,2025-10-24 09:15:00+00:00,1,3,1,224,119,49,1.0
AVAXUSDT,2025-10-24 09:30:00+00:00,1,3,1,202,106,46,1.0
AVAXUSDT,2025-10-24 10:00:00+00:00,1,3,1,254,125,66,1.0
ADAUSDT,2025-10-24 10:45:00+00:00,1,3,1,301,150,68,39.4875
AVAXUSDT,2025-10-24 11:00:00+00:00,1,3,1,210,106,45,1.0
ADAUSDT,2025-10-24 12:30:00+00:00,5,3,4,8469,4028,1743,1.0
DOGEUSDT,2025-10-24 12:30:00+00:00,5,1,5,17054,4803,2656,1.0
AVAXUSDT,2025-10-24 13:45:00+00:00,3,5,3,2100,1706,255,11.7
SOLUSDT,2025-10-24 13:45:00+00:00,5,3,5,12393,6526,2224,8.2125
DOGEUSDT,2025-10-24 22:15:00+00:00,1,3,1,491,226,113,47.5125
BTCUSDT,2025-10-24 22:30:00+00:00,3,2,4,3156,1098,358,18.6125
BTCUSDT,2025-10-24 22:45:00+00:00,3,2,4,3217,1163,426,18.6125
DOGEUSDT,2025-10-25 00:15:00+00:00,4,5,4,4064,2771,662,1.6
DOGEUSDT,2025-10-25 00:30:00+00:00,4,5,4,4706,3183,762,1.6
DOGEUSDT,2025-10-25 00:45:00+00:00,4,5,4,5667,3737,948,1.6
DOGEUSDT,2025-10-25 01:00:00+00:00,4,5,4,5573,3850,886,1.6
ETHUSDT,2025-10-25 02:00:00+00:00,4,1,4,4237,898,391,106.55
ETHUSDT,2025-10-25 04:00:00+00:00,3,1,3,3215,727,326,19.05
ETHUSDT,2025-10-25 04:45:00+00:00,3,3,3,3316,1521,309,1.15
ADAUSDT,2025-10-25 05:00:00+00:00,1,4,1,302,181,60,104.5375
DOGEUSDT,2025-10-25 05:15:00+00:00,3,5,4,2727,1759,493,2.925
DOGEUSDT,2025-10-25 09:15:00+00:00,1,2,2,769,311,166,13.8375
XRPUSDT,2025-10-25 09:45:00+00:00,2,2,3,1557,687,339,29.175
SOLUSDT,2025-10-25 11:15:00+00:00,3,5,4,2572,1702,443,40.7625
SOLUSDT,2025-10-25 12:15:00+00:00,3,4,3,1756,980,381,97.675
BTCUSDT,2025-10-25 12:30:00+00:00,3,2,3,2955,1271,457,18.6125
ETHUSDT,2025-10-25 14:00:00+00:00,3,1,3,2821,676,351,19.05
BTCUSDT,2025-10-25 15:15:00+00:00,3,3,4,3422,1623,582,11.4125
ETHUSDT,2025-10-25 15:30:00+00:00,4,3,4,4827,2425,432,1.0
BTCUSDT,2025-10-25 16:15:00+00:00,4,4,4,5002,2923,655,2.3625
ETHUSDT,2025-10-25 16:30:00+00:00,3,3,4,2789,1373,354,1.15
ETHUSDT,2025-10-25 18:00:00+00:00,3,2,4,3054,996,369,16.575
AVAXUSDT,2025-10-25 20:15:00+00:00,1,5,1,330,257,47,225.225
AVAXUSDT,2025-10-25 20:30:00+00:00,1,5,1,297,212,55,225.225
DOGEUSDT,2025-10-25 21:15:00+00:00,1,2,1,625,233,137,13.8375
XRPUSDT,2025-10-26 01:00:00+00:00,3,2,3,2554,948,447,48.225
DOGEUSDT,2025-10-26 01:30:00+00:00,1,3,1,595,278,126,47.5125
XRPUSDT,2025-10-26 01:30:00+00:00,2,2,2,1459,587,280,29.175
ETHUSDT,2025-10-26 02:15:00+00:00,4,1,4,4068,1094,341,106.55
ETHUSDT,2025-10-26 04:00:00+00:00,3,2,3,2184,729,279,16.575
ETHUSDT,2025-10-26 06:00:00+00:00,3,2,3,2056,698,273,16.575
ADAUSDT,2025-10-26 06:30:00+00:00,1,5,1,402,276,55,81.6375
ETHUSDT,2025-10-26 06:30:00+00:00,3,3,3,2871,1350,252,1.15
BTCUSDT,2025-10-26 07:00:00+00:00,4,5,4,5083,3155,569,1.5125
ETHUSDT,2025-10-26 07:15:00+00:00,3,3,3,2825,1385,347,1.15
DOGEUSDT,2025-10-26 07:30:00+00:00,2,5,2,952,615,173,4.8875
DOGEUSDT,2025-10-26 08:15:00+00:00,2,4,2,1105,676,199,20.825
BTCUSDT,2025-10-26 09:00:00+00:00,4,4,4,5313,3019,598,2.3625
XRPUSDT,2025-10-26 12:15:00+00:00,4,3,4,3633,1727,671,32.2375
ADAUSDT,2025-10-26 15:45:00+00:00,1,5,1,624,391,127,81.6375
DOGEUSDT,2025-10-26 17:00:00+00:00,2,3,3,1613,833,320,66.0875
DOGEUSDT,2025-10-26 17:45:00+00:00,2,4,2,967,536,195,20.825
XRPUSDT,2025-10-26 19:00:00+00:00,4,5,4,4762,3337,654,7.4375
ADAUSDT,2025-10-26 22:30:00+00:00,2,3,2,876,464,225,28.9875
DOGEUSDT,2025-10-27 01:00:00+00:00,3,2,3,2279,1010,406,69.6875
ADAUSDT,2025-10-27 02:30:00+00:00,2,5,2,1202,802,219,40.525
XRPUSDT,2025-10-27 03:00:00+00:00,3,3,3,2080,951,384,62.125
ADAUSDT,2025-10-27 03:15:00+00:00,2,4,2,932,561,190,52.55
DOGEUSDT,2025-10-27 03:15:00+00:00,4,5,4,4123,2786,541,1.6
SOLUSDT,2025-10-27 04:15:00+00:00,3,4,3,2358,1420,494,97.675
ADAUSDT,2025-10-27 06:00:00+00:00,2,4,2,900,532,191,52.55
SOLUSDT,2025-10-27 08:15:00+00:00,5,4,5,7789,4474,1462,14.5375
DOGEUSDT,2025-10-27 08:45:00+00:00,4,2,5,5940,2603,1085,44.2
DOGEUSDT,2025-10-27 09:00:00+00:00,4,3,4,5388,2620,1087,16.275
AVAXUSDT,2025-10-27 12:45:00+00:00,1,3,1,212,112,48,1.0
AVAXUSDT,2025-10-27 15:00:00+00:00,1,3,1,285,147,68,1.0
SOLUSDT,2025-10-27 15:00:00+00:00,4,3,4,4154,2204,883,26.9375
XRPUSDT,2025-10-27 15:30:00+00:00,4,3,3,4732,2268,723,32.2375
ADAUSDT,2025-10-27 17:15:00+00:00,2,3,2,943,503,206,28.9875
SOLUSDT,2025-10-27 17:30:00+00:00,3,2,4,2460,1091,554,1.0
BTCUSDT,2025-10-27 19:15:00+00:00,4,1,5,6542,1846,637,46.3875
SOLUSDT,2025-10-27 19:45:00+00:00,3,3,3,2517,1302,527,43.7
BTCUSDT,2025-10-28 00:30:00+00:00,4,1,5,7359,2139,746,46.3875
XRPUSDT,2025-10-28 04:00:00+00:00,3,1,2,1873,541,351,1.0
DOGEUSDT,2025-10-28 04:45:00+00:00,2,3,2,1075,485,217,66.0875
DOGEUSDT,2025-10-28 06:45:00+00:00,3,3,3,2616,1339,453,36.4125
SOLUSDT,2025-10-28 10:15:00+00:00,3,5,4,3150,2133,513,40.7625
SOLUSDT,2025-10-28 11:15:00+00:00,4,5,4,3906,2573,706,28.9
SOLUSDT,2025-10-28 12:15:00+00:00,4,5,4,3659,2277,685,28.9
XRPUSDT,2025-10-28 14:30:00+00:00,5,3,5,9181,4417,1532,12.4625
ADAUSDT,2025-10-28 14:45:00+00:00,4,4,3,4113,2280,910,6.0125
DOGEUSDT,2025-10-28 15:15:00+00:00,3,2,3,2442,802,442,69.6875
SOLUSDT,2025-10-28 15:15:00+00:00,4,3,4,4818,2561,978,26.9375
ADAUSDT,2025-10-28 18:15:00+00:00,1,3,1,507,262,129,39.4875
ADAUSDT,2025-10-28 19:15:00+00:00,3,4,2,1862,1064,400,18.4375
XRPUSDT,2025-10-28 19:30:00+00:00,4,2,3,4027,1713,730,29.925
DOGEUSDT,2025-10-28 20:00:00+00:00,5,3,5,10704,4927,1912,3.625
DOGEUSDT,2025-10-28 20:15:00+00:00,5,2,5,16808,6738,3098,17.275
ADAUSDT,2025-10-28 21:00:00+00:00,3,4,3,3071,1649,677,18.4375
XRPUSDT,2025-10-28 21:00:00+00:00,5,2,5,11807,5075,1950,11.6125
SOLUSDT,2025-10-28 23:45:00+00:00,2,3,3,1705,912,375,16.0375
XRPUSDT,2025-10-29 04:00:00+00:00,2,2,2,1352,502,273,29.175
XRPUSDT,2025-10-29 05:00:00+00:00,2,2,2,1160,471,226,29.175
BTCUSDT,2025-10-29 06:00:00+00:00,5,3,5,10152,4710,894,3.325
XRPUSDT,2025-10-29 06:15:00+00:00,2,3,2,1038,473,231,75.6375
BTCUSDT,2025-10-29 06:45:00+00:00,5,3,5,11934,5402,1150,3.325
ADAUSDT,2025-10-29 09:00:00+00:00,1,5,2,745,497,146,81.6375
AVAXUSDT,2025-10-29 09:15:00+00:00,1,3,1,200,106,40,1.0
BTCUSDT,2025-10-29 10:00:00+00:00,5,4,5,10756,5761,1140,1.4
ADAUSDT,2025-10-29 12:30:00+00:00,1,3,1,488,259,133,39.4875
SOLUSDT,2025-10-29 13:00:00+00:00,5,5,5,7944,5050,1397,8.275
SOLUSDT,2025-10-29 13:30:00+00:00,5,4,5,10210,6071,1785,14.5375
BTCUSDT,2025-10-29 14:00:00+00:00,5,1,5,17585,3119,1285,173.075
ETHUSDT,2025-10-29 15:00:00+00:00,5,1,5,15770,2393,982,232.8125
SOLUSDT,2025-10-29 15:45:00+00:00,5,3,5,8231,4275,1620,8.2125
ETHUSDT,2025-10-29 16:15:00+00:00,5,1,5,25855,6410,1644,232.8125
DOGEUSDT,2025-10-29 17:30:00+00:00,4,2,3,3525,1565,714,44.2
ADAUSDT,2025-10-29 18:30:00+00:00,5,3,5,23697,11717,5143,1.0
SOLUSDT,2025-10-29 18:30:00+00:00,5,2,5,74098,32609,13513,1.0
SOLUSDT,2025-10-29 18:45:00+00:00,5,2,5,22895,10184,4558,1.0
SOLUSDT,2025-10-29 19:00:00+00:00,5,2,5,13445,6022,2716,1.0
ADAUSDT,2025-10-29 20:00:00+00:00,3,4,3,2459,1333,540,18.4375
SOLUSDT,2025-10-29 20:00:00+00:00,5,3,5,9347,4382,2001,8.2125
ADAUSDT,2025-10-29 21:45:00+00:00,1,3,1,369,189,84,39.4875
XRPUSDT,2025-10-29 22:15:00+00:00,2,2,2,1463,641,300,29.175
BTCUSDT,2025-10-29 22:30:00+00:00,4,1,4,5754,1412,564,46.3875
XRPUSDT,2025-10-29 23:45:00+00:00,4,3,4,3498,1638,593,32.2375
ADAUSDT,2025-10-30 01:15:00+00:00,1,2,1,393,173,80,2.95
SOLUSDT,2025-10-30 01:30:00+00:00,3,2,3,2117,874,440,1.0
XRPUSDT,2025-10-30 03:30:00+00:00,2,2,2,1625,563,318,29.175
ADAUSDT,2025-10-30 04:15:00+00:00,4,4,4,5566,3289,1159,6.0125
ADAUSDT,2025-10-30 05:00:00+00:00,3,4,3,1758,1050,370,18.4375
ADAUSDT,2025-10-30 05:30:00+00:00,3,4,2,1900,1108,414,18.4375
SOLUSDT,2025-10-30 06:45:00+00:00,3,2,4,2561,1076,520,1.0
XRPUSDT,2025-10-30 08:00:00+00:00,3,2,3,3097,1273,545,48.225
XRPUSDT,2025-10-30 08:30:00+00:00,2,2,3,1554,683,307,29.175
AVAXUSDT,2025-10-30 09:30:00+00:00,1,3,1,424,219,86,1.0
ADAUSDT,2025-10-30 10:30:00+00:00,1,3,1,468,236,113,39.4875
DOGEUSDT,2025-10-30 12:15:00+00:00,5,3,4,7866,3619,1473,3.625
SOLUSDT,2025-10-30 13:45:00+00:00,5,3,5,9156,4466,1817,8.2125
DOGEUSDT,2025-10-30 15:45:00+00:00,4,2,4,3960,1745,777,44.2
XRPUSDT,2025-10-30 17:00:00+00:00,4,2,3,4859,2149,815,29.925
XRPUSDT,2025-10-30 18:30:00+00:00,4,3,3,3831,1929,662,32.2375
DOGEUSDT,2025-10-30 19:15:00+00:00,4,2,3,3480,1449,672,44.2
ADAUSDT,2025-10-30 19:30:00+00:00,3,4,3,2580,1579,522,18.4375
SOLUSDT,2025-10-30 20:00:00+00:00,4,2,5,7310,3113,1578,1.275
DOGEUSDT,2025-10-30 22:45:00+00:00,2,4,2,1548,895,282,20.825
XRPUSDT,2025-10-30 22:45:00+00:00,3,5,3,3282,2130,548,12.5625
XRPUSDT,2025-10-30 23:15:00+00:00,3,5,3,2960,1856,460,12.5625
XRPUSDT,2025-10-31 00:45:00+00:00,5,5,4,7764,5630,978,1.5875
XRPUSDT,2025-10-31 01:15:00+00:00,4,5,4,5541,3968,718,7.4375
SOLUSDT,2025-10-31 02:45:00+00:00,3,4,4,3229,1769,654,97.675
AVAXUSDT,2025-10-31 04:45:00+00:00,1,4,1,243,143,48,15.825
ADAUSDT,2025-10-31 08:15:00+00:00,2,5,2,1054,679,212,40.525
XRPUSDT,2025-10-31 09:45:00+00:00,2,2,2,1323,533,287,29.175
BTCUSDT,2025-10-31 10:30:00+00:00,5,2,5,11255,4643,1155,57.2
BTCUSDT,2025-10-31 11:00:00+00:00,5,2,5,8896,2897,1002,57.2
XRPUSDT,2025-10-31 11:00:00+00:00,3,3,3,1786,921,350,62.125
AVAXUSDT,2025-10-31 13:30:00+00:00,1,5,2,767,560,134,225.225
SOLUSDT,2025-10-31 14:00:00+00:00,4,2,4,4877,2156,1054,1.275
XRPUSDT,2025-10-31 14:15:00+00:00,3,2,3,2295,824,438,48.225
SOLUSDT,2025-10-31 14:30:00+00:00,4,2,4,3835,1710,838,1.275
DOGEUSDT,2025-10-31 16:45:00+00:00,4,3,4,5319,2477,975,16.275
XRPUSDT,2025-10-31 17:30:00+00:00,4,2,3,3506,1247,646,29.925
ADAUSDT,2025-10-31 18:00:00+00:00,1,2,1,620,270,150,2.95
SOLUSDT,2025-10-31 18:15:00+00:00,3,2,3,2256,997,529,1.0
SOLUSDT,2025-10-31 18:45:00+00:00,3,2,3,2695,1145,599,1.0
ADAUSDT,2025-10-31 20:15:00+00:00,1,3,1,379,193,85,39.4875
BTCUSDT,2025-10-31 23:15:00+00:00,4,4,3,3953,2145,522,2.3625
XRPUSDT,2025-11-01 02:45:00+00:00,2,2,2,1057,439,232,29.175
ETHUSDT,2025-11-01 03:15:00+00:00,4,1,4,6213,1530,393,106.55
BTCUSDT,2025-11-01 03:30:00+00:00,4,2,5,7501,2746,765,104.35
ETHUSDT,2025-11-01 05:30:00+00:00,3,1,3,2421,622,241,19.05
DOGEUSDT,2025-11-01 06:15:00+00:00,2,5,2,1456,943,270,4.8875
BTCUSDT,2025-11-01 08:15:00+00:00,5,5,5,9832,6476,858,1.175
AVAXUSDT,2025-11-01 09:15:00+00:00,1,4,1,265,144,59,15.825
ETHUSDT,2025-11-01 09:45:00+00:00,4,2,4,3900,1329,403,26.225
AVAXUSDT,2025-11-01 10:45:00+00:00,1,4,1,271,166,67,15.825
ADAUSDT,2025-11-01 14:30:00+00:00,1,4,1,438,245,104,104.5375
XRPUSDT,2025-11-01 17:00:00+00:00,2,2,2,1456,501,275,29.175
ETHUSDT,2025-11-01 19:00:00+00:00,3,3,2,2475,1113,341,1.15
SOLUSDT,2025-11-01 19:15:00+00:00,2,3,2,1370,726,301,16.0375
DOGEUSDT,2025-11-01 19:45:00+00:00,1,4,1,602,347,114,16.3375
ETHUSDT,2025-11-01 19:45:00+00:00,3,2,3,2227,827,300,16.575
SOLUSDT,2025-11-01 21:15:00+00:00,2,3,2,1426,694,322,16.0375
BTCUSDT,2025-11-01 22:15:00+00:00,4,4,4,4721,2777,522,2.3625
DOGEUSDT,2025-11-01 22:15:00+00:00,1,2,1,473,166,109,13.8375
BTCUSDT,2025-11-01 22:30:00+00:00,4,5,4,3958,2517,484,1.5125
BTCUSDT,2025-11-01 22:45:00+00:00,4,4,4,4386,2582,490,2.3625
XRPUSDT,2025-11-01 23:00:00+00:00,1,2,1,638,261,133,2.1125
ETHUSDT,2025-11-01 23:15:00+00:00,3,3,3,3021,1528,292,1.15
XRPUSDT,2025-11-01 23:15:00+00:00,1,2,1,610,271,149,2.1125
SOLUSDT,2025-11-01 23:30:00+00:00,2,3,2,1142,603,249,16.0375
ETHUSDT,2025-11-01 23:45:00+00:00,3,3,3,2972,1362,277,1.15
SOLUSDT,2025-11-02 00:15:00+00:00,3,3,3,1748,913,411,43.7
BTCUSDT,2025-11-02 01:30:00+00:00,4,3,3,3832,1755,568,14.5875
DOGEUSDT,2025-11-02 02:30:00+00:00,1,2,1,725,315,166,13.8375
DOGEUSDT,2025-11-02 02:45:00+00:00,1,2,1,531,221,124,13.8375
BTCUSDT,2025-11-02 04:15:00+00:00,4,3,5,6409,3283,439,14.5875
DOGEUSDT,2025-11-02 04:15:00+00:00,1,2,2,547,232,127,13.8375
BTCUSDT,2025-11-02 04:30:00+00:00,5,4,5,14322,8814,786,1.4
SOLUSDT,2025-11-02 04:45:00+00:00,4,5,5,4831,3152,836,28.9
DOGEUSDT,2025-11-02 05:15:00+00:00,1,2,1,748,300,168,13.8375
SOLUSDT,2025-11-02 07:45:00+00:00,3,5,4,2970,1857,576,40.7625
AVAXUSDT,2025-11-02 08:15:00+00:00,1,3,1,214,113,48,1.0
DOGEUSDT,2025-11-02 09:15:00+00:00,1,2,1,728,320,168,13.8375
DOGEUSDT,2025-11-02 10:15:00+00:00,3,4,3,2185,1297,366,10.075
DOGEUSDT,2025-11-02 10:30:00+00:00,3,4,3,2543,1421,464,10.075
BTCUSDT,2025-11-02 11:30:00+00:00,5,4,5,11825,6501,1197,1.4
BTCUSDT,2025-11-02 11:45:00+00:00,5,4,5,17574,10006,1362,1.4
BTCUSDT,2025-11-02 12:15:00+00:00,5,5,5,16731,11189,1183,1.175
BTCUSDT,2025-11-02 12:30:00+00:00,5,5,5,14612,9377,1258,1.175
AVAXUSDT,2025-11-02 15:15:00+00:00,1,3,1,256,129,59,1.0
DOGEUSDT,2025-11-02 15:15:00+00:00,2,2,2,1531,579,313,56.45
XRPUSDT,2025-11-02 16:45:00+00:00,2,2,2,1228,485,263,29.175
SOLUSDT,2025-11-02 18:30:00+00:00,2,3,2,1123,590,260,16.0375
SOLUSDT,2025-11-02 20:30:00+00:00,2,3,2,967,511,241,16.0375
ETHUSDT,2025-11-02 22:00:00+00:00,4,3,4,4885,2386,373,1.0
BTCUSDT,2025-11-02 22:15:00+00:00,4,4,4,3561,2099,513,2.3625
ETHUSDT,2025-11-02 22:15:00+00:00,3,2,3,2815,1246,280,16.575
SOLUSDT,2025-11-02 22:30:00+00:00,3,5,4,2847,1817,507,40.7625
DOGEUSDT,2025-11-02 23:15:00+00:00,3,3,2,1819,846,355,36.4125
ETHUSDT,2025-11-03 00:15:00+00:00,5,1,5,12819,3724,964,232.8125
SOLUSDT,2025-11-03 01:00:00+00:00,4,3,4,3655,1934,874,26.9375
DOGEUSDT,2025-11-03 03:15:00+00:00,4,2,4,4525,2014,831,44.2
ADAUSDT,2025-11-03 03:30:00+00:00,4,4,3,3484,2028,779,6.0125
XRPUSDT,2025-11-03 04:00:00+00:00,4,3,4,5344,2492,889,32.2375
SOLUSDT,2025-11-03 04:45:00+00:00,4,4,4,4373,2589,905,52.7875
XRPUSDT,2025-11-03 06:00:00+00:00,3,2,3,2500,1048,496,48.225
XRPUSDT,2025-11-03 06:30:00+00:00,4,4,4,4752,2645,695,14.8625
BTCUSDT,2025-11-03 09:30:00+00:00,5,1,5,10720,2855,1026,173.075
SOLUSDT,2025-11-03 10:15:00+00:00,3,4,4,2647,1425,595,97.675
SOLUSDT,2025-11-03 11:45:00+00:00,4,3,4,3711,1879,739,26.9375
ETHUSDT,2025-11-03 14:00:00+00:00,5,3,5,33838,17950,1754,1.4625
ETHUSDT,2025-11-03 14:15:00+00:00,5,4,5,20725,12535,1129,1.0
ADAUSDT,2025-11-03 15:15:00+00:00,5,4,5,9926,5992,1943,1.275
AVAXUSDT,2025-11-03 15:15:00+00:00,4,5,4,5005,3585,867,3.15
ADAUSDT,2025-11-03 15:30:00+00:00,5,3,5,25978,12690,5416,1.0
AVAXUSDT,2025-11-03 15:30:00+00:00,5,5,5,11242,7627,1968,1.0
ADAUSDT,2025-11-03 16:15:00+00:00,3,3,3,2519,1332,591,10.725
DOGEUSDT,2025-11-03 16:15:00+00:00,5,2,4,9050,4049,1975,17.275
DOGEUSDT,2025-11-04 04:15:00+00:00,3,2,3,2124,810,414,69.6875
XRPUSDT,2025-11-04 05:30:00+00:00,5,3,5,12365,5706,2024,12.4625
AVAXUSDT,2025-11-04 05:45:00+00:00,3,5,3,1898,1375,313,11.7
SOLUSDT,2025-11-04 08:30:00+00:00,5,3,5,8347,4250,1866,8.2125
DOGEUSDT,2025-11-04 08:45:00+00:00,3,3,3,3395,1547,770,36.4125
SOLUSDT,2025-11-04 09:15:00+00:00,4,3,4,5659,2921,1229,26.9375
SOLUSDT,2025-11-04 10:00:00+00:00,4,3,4,4927,2383,1127,26.9375
ETHUSDT,2025-11-04 11:00:00+00:00,5,3,5,39789,21120,2316,1.4625
AVAXUSDT,2025-11-04 11:45:00+00:00,1,4,1,307,190,68,15.825
XRPUSDT,2025-11-04 14:15:00+00:00,4,1,3,3969,1138,699,1.0
ADAUSDT,2025-11-04 15:15:00+00:00,3,4,2,2147,1235,491,18.4375
XRPUSDT,2025-11-04 15:15:00+00:00,5,2,4,8171,3095,1604,11.6125
SOLUSDT,2025-11-04 17:45:00+00:00,5,3,4,8088,3880,1851,8.2125
ADAUSDT,2025-11-04 18:00:00+00:00,3,4,2,3022,1707,675,18.4375
ADAUSDT,2025-11-04 18:30:00+00:00,5,4,4,7748,4592,1727,1.275
ADAUSDT,2025-11-04 19:00:00+00:00,3,3,3,3373,1672,773,10.725
ADAUSDT,2025-11-04 19:15:00+00:00,3,3,2,2663,1351,604,10.725
XRPUSDT,2025-11-04 19:15:00+00:00,5,2,4,9375,3113,1647,11.6125
ADAUSDT,2025-11-04 19:30:00+00:00,4,5,4,5788,3738,965,4.225
ADAUSDT,2025-11-04 19:45:00+00:00,3,5,3,2740,1928,502,15.725
AVAXUSDT,2025-11-04 20:00:00+00:00,2,5,2,807,553,149,51.5625
ADAUSDT,2025-11-04 20:15:00+00:00,5,4,5,13971,8128,2960,1.275
SOLUSDT,2025-11-04 20:45:00+00:00,5,3,5,12980,6249,2953,8.2125
ADAUSDT,2025-11-04 21:15:00+00:00,3,4,3,2529,1405,609,18.4375
ADAUSDT,2025-11-04 21:30:00+00:00,5,4,4,9578,5549,2150,1.275
XRPUSDT,2025-11-04 21:30:00+00:00,5,2,5,27762,9839,4577,11.6125
ADAUSDT,2025-11-04 21:45:00+00:00,5,4,4,8129,4630,1836,1.275
AVAXUSDT,2025-11-04 22:00:00+00:00,3,5,3,1952,1343,386,11.7
DOGEUSDT,2025-11-04 22:45:00+00:00,3,2,3,2803,1006,501,69.6875
ETHUSDT,2025-11-05 01:45:00+00:00,5,1,5,64806,11434,4130,232.8125
XRPUSDT,2025-11-05 02:15:00+00:00,5,2,4,8693,3105,1439,11.6125
SOLUSDT,2025-11-05 02:45:00+00:00,5,4,5,8753,4805,1905,14.5375
XRPUSDT,2025-11-05 03:45:00+00:00,4,2,4,6059,2698,1052,29.925
ETHUSDT,2025-11-05 04:00:00+00:00,5,1,5,19745,3613,1300,232.8125
DOGEUSDT,2025-11-05 04:15:00+00:00,2,2,2,1675,653,358,56.45
ETHUSDT,2025-11-05 04:15:00+00:00,5,1,5,17154,3976,1227,232.8125
AVAXUSDT,2025-11-05 04:30:00+00:00,1,5,2,669,505,104,225.225
ADAUSDT,2025-11-05 06:15:00+00:00,2,4,2,913,508,203,52.55
DOGEUSDT,2025-11-05 06:15:00+00:00,3,4,3,2777,1500,531,10.075
XRPUSDT,2025-11-05 13:45:00+00:00,5,3,5,9799,4671,1756,12.4625
AVAXUSDT,2025-11-05 16:45:00+00:00,1,5,2,633,428,116,225.225
DOGEUSDT,2025-11-05 16:45:00+00:00,3,3,4,2897,1326,645,36.4125
AVAXUSDT,2025-11-05 17:00:00+00:00,1,4,2,427,263,85,15.825
DOGEUSDT,2025-11-05 18:45:00+00:00,3,2,3,2142,939,468,69.6875
BTCUSDT,2025-11-05 20:30:00+00:00,5,1,5,15184,3967,1345,173.075
XRPUSDT,2025-11-05 20:45:00+00:00,5,2,4,9379,3999,1676,11.6125
XRPUSDT,2025-11-05 21:00:00+00:00,4,2,4,6724,2685,1149,29.925
XRPUSDT,2025-11-06 00:45:00+00:00,3,2,2,2173,704,410,48.225
XRPUSDT,2025-11-06 04:45:00+00:00,3,2,3,2901,1263,513,48.225
BTCUSDT,2025-11-06 06:45:00+00:00,5,2,5,9416,3772,1087,57.2
SOLUSDT,2025-11-06 07:30:00+00:00,3,2,3,2859,1273,648,1.0
XRPUSDT,2025-11-06 08:00:00+00:00,3,1,2,2295,661,398,1.0
XRPUSDT,2025-11-06 10:00:00+00:00,3,2,4,3091,1262,554,48.225
AVAXUSDT,2025-11-06 13:00:00+00:00,1,4,1,291,165,70,15.825
SOLUSDT,2025-11-06 13:45:00+00:00,3,3,4,3259,1587,738,43.7
SOLUSDT,2025-11-06 15:00:00+00:00,5,3,4,8121,3940,1769,8.2125
XRPUSDT,2025-11-06 15:15:00+00:00,5,3,4,7644,3567,1437,12.4625
AVAXUSDT,2025-11-06 15:45:00+00:00,2,5,3,1045,705,195,51.5625
ADAUSDT,2025-11-06 19:15:00+00:00,1,2,1,672,283,154,2.95
ETHUSDT,2025-11-06 20:15:00+00:00,5,2,5,16618,5196,1526,22.9625
XRPUSDT,2025-11-06 20:45:00+00:00,5,2,4,9146,3994,1650,11.6125
XRPUSDT,2025-11-07 02:00:00+00:00,3,1,2,2897,823,514,1.0
XRPUSDT,2025-11-07 02:15:00+00:00,3,2,3,3258,1357,637,48.225
SOLUSDT,2025-11-07 03:15:00+00:00,3,3,3,2978,1499,657,43.7
AVAXUSDT,2025-11-07 03:30:00+00:00,1,5,1,245,164,48,225.225
SOLUSDT,2025-11-07 06:30:00+00:00,3,3,3,2082,1062,494,43.7
DOGEUSDT,2025-11-07 09:00:00+00:00,3,3,2,1863,911,431,36.4125
ADAUSDT,2025-11-07 09:30:00+00:00,2,5,2,1361,850,265,40.525
DOGEUSDT,2025-11-07 09:30:00+00:00,4,4,3,4681,2874,750,3.7875
DOGEUSDT,2025-11-07 10:00:00+00:00,3,2,2,1952,762,420,69.6875
BTCUSDT,2025-11-07 11:30:00+00:00,5,2,5,25902,7798,2349,57.2
XRPUSDT,2025-11-07 12:45:00+00:00,4,2,4,5263,2338,1000,29.925
SOLUSDT,2025-11-07 13:15:00+00:00,5,5,5,7763,4978,1261,8.275
XRPUSDT,2025-11-07 13:30:00+00:00,4,1,3,3978,1134,701,1.0
ADAUSDT,2025-11-07 13:45:00+00:00,2,4,2,990,533,244,52.55
SOLUSDT,2025-11-07 14:45:00+00:00,5,4,5,16452,9317,3183,14.5375
SOLUSDT,2025-11-07 15:15:00+00:00,5,3,5,9606,4551,2174,8.2125
DOGEUSDT,2025-11-07 15:30:00+00:00,4,2,4,6554,2188,1271,44.2
DOGEUSDT,2025-11-07 16:00:00+00:00,4,2,4,6102,2235,1212,44.2
ADAUSDT,2025-11-07 17:00:00+00:00,4,4,3,3552,1946,768,6.0125
DOGEUSDT,2025-11-07 17:30:00+00:00,5,2,4,7890,3050,1581,17.275
ADAUSDT,2025-11-07 18:15:00+00:00,3,4,3,2334,1372,522,18.4375
AVAXUSDT,2025-11-07 18:45:00+00:00,3,5,3,2112,1626,308,11.7
XRPUSDT,2025-11-07 19:15:00+00:00,4,1,3,4495,1264,749,1.0
SOLUSDT,2025-11-07 23:45:00+00:00,4,5,4,3531,2235,582,28.9
DOGEUSDT,2025-11-08 06:45:00+00:00,3,2,2,1801,619,356,69.6875
XRPUSDT,2025-11-08 10:15:00+00:00,3,2,2,1935,736,380,48.225
SOLUSDT,2025-11-08 13:00:00+00:00,4,5,4,4252,2711,770,28.9
SOLUSDT,2025-11-08 14:00:00+00:00,4,5,4,6390,4135,1089,28.9
XRPUSDT,2025-11-08 14:30:00+00:00,3,2,3,2931,1230,596,48.225
SOLUSDT,2025-11-08 15:00:00+00:00,3,5,4,2846,1833,500,40.7625
ADAUSDT,2025-11-08 16:00:00+00:00,2,4,2,1270,779,295,52.55
AVAXUSDT,2025-11-08 16:45:00+00:00,2,5,4,1458,1064,216,51.5625
ETHUSDT,2025-11-08 20:15:00+00:00,4,2,4,5655,1740,398,26.225
XRPUSDT,2025-11-08 21:00:00+00:00,3,4,3,2084,1177,367,28.8375
ADAUSDT,2025-11-08 22:15:00+00:00,1,4,1,401,237,97,104.5375
DOGEUSDT,2025-11-08 23:45:00+00:00,2,5,2,1581,1129,204,4.8875
AVAXUSDT,2025-11-09 02:15:00+00:00,3,5,1,1755,1528,136,11.7
SOLUSDT,2025-11-09 02:45:00+00:00,3,3,4,3022,1611,611,43.7
XRPUSDT,2025-11-09 04:45:00+00:00,2,2,1,1122,497,240,29.175
ETHUSDT,2025-11-09 05:45:00+00:00,4,3,4,4413,2007,325,1.0
ETHUSDT,2025-11-09 08:15:00+00:00,4,2,4,5111,1512,439,26.225
XRPUSDT,2025-11-09 08:15:00+00:00,3,4,2,1953,1069,319,28.8375
XRPUSDT,2025-11-09 12:15:00+00:00,4,4,3,4121,2471,677,14.8625
DOGEUSDT,2025-11-09 16:30:00+00:00,3,2,2,1763,633,359,69.6875
ADAUSDT,2025-11-09 16:45:00+00:00,2,4,2,1003,561,221,52.55
DOGEUSDT,2025-11-09 17:30:00+00:00,2,2,3,1647,673,355,56.45
ETHUSDT,2025-11-09 18:15:00+00:00,4,2,4,6840,2107,529,26.225
AVAXUSDT,2025-11-09 19:15:00+00:00,1,4,1,254,147,53,15.825
SOLUSDT,2025-11-09 23:45:00+00:00,3,4,3,2436,1483,509,97.675
DOGEUSDT,2025-11-10 03:00:00+00:00,3,2,2,2249,797,472,69.6875
SOLUSDT,2025-11-10 04:00:00+00:00,4,4,4,4034,2342,812,52.7875
AVAXUSDT,2025-11-10 04:30:00+00:00,1,4,1,262,147,59,15.825
BTCUSDT,2025-11-10 04:30:00+00:00,4,1,4,7029,1777,717,46.3875
SOLUSDT,2025-11-10 06:00:00+00:00,3,3,3,2535,1239,574,43.7
BTCUSDT,2025-11-10 07:00:00+00:00,5,1,5,8898,2566,806,173.075
ETHUSDT,2025-11-10 08:15:00+00:00,5,5,5,16548,10456,744,1.0
AVAXUSDT,2025-11-10 11:15:00+00:00,1,3,1,267,135,76,1.0
XRPUSDT,2025-11-10 13:30:00+00:00,4,2,4,4281,1727,848,29.925
ADAUSDT,2025-11-10 14:15:00+00:00,1,4,1,778,421,205,104.5375
ADAUSDT,2025-11-10 18:15:00+00:00,1,2,1,575,226,124,2.95
ADAUSDT,2025-11-10 19:00:00+00:00,1,4,1,668,394,145,104.5375
DOGEUSDT,2025-11-10 19:45:00+00:00,3,2,2,1753,758,356,69.6875
SOLUSDT,2025-11-10 23:00:00+00:00,3,3,3,2519,1323,539,43.7
DOGEUSDT,2025-11-11 02:45:00+00:00,3,2,3,2845,1019,571,69.6875
BTCUSDT,2025-11-11 03:00:00+00:00,5,2,5,13407,4051,1069,57.2
ETHUSDT,2025-11-11 03:15:00+00:00,5,4,5,19877,10697,868,1.0
BTCUSDT,2025-11-11 04:45:00+00:00,5,3,5,11173,5213,831,3.325
ETHUSDT,2025-11-11 06:00:00+00:00,5,4,5,48404,29786,1984,1.0
SOLUSDT,2025-11-11 06:00:00+00:00,5,5,5,9658,6363,1473,8.275
ETHUSDT,2025-11-11 06:15:00+00:00,5,5,5,21469,13833,871,1.0
SOLUSDT,2025-11-11 07:15:00+00:00,4,2,4,3584,1566,791,1.275
BTCUSDT,2025-11-11 08:15:00+00:00,5,1,5,8428,2208,747,173.075
SOLUSDT,2025-11-11 09:15:00+00:00,3,4,4,3464,1886,709,97.675
ETHUSDT,2025-11-11 09:30:00+00:00,5,3,5,16950,9030,1000,1.4625
DOGEUSDT,2025-11-11 09:45:00+00:00,3,4,2,2417,1355,386,10.075
DOGEUSDT,2025-11-11 21:15:00+00:00,1,2,1,780,303,181,13.8375
ETHUSDT,2025-11-11 21:30:00+00:00,5,1,5,21836,4414,1713,232.8125
DOGEUSDT,2025-11-11 23:15:00+00:00,2,3,2,1174,619,236,66.0875
ADAUSDT,2025-11-12 01:45:00+00:00,1,3,1,409,214,99,39.4875
BTCUSDT,2025-11-12 01:45:00+00:00,5,1,5,10774,2953,754,173.075
BTCUSDT,2025-11-12 02:00:00+00:00,5,3,5,12684,6019,807,3.325
BTCUSDT,2025-11-12 03:15:00+00:00,4,2,4,5410,1590,541,104.35
DOGEUSDT,2025-11-12 04:30:00+00:00,2,3,2,1158,599,207,66.0875
ETHUSDT,2025-11-12 05:00:00+00:00,5,5,5,18031,12777,696,1.0
ETHUSDT,2025-11-12 05:15:00+00:00,5,5,5,19217,12936,743,1.0
DOGEUSDT,2025-11-12 10:45:00+00:00,2,2,2,1170,480,253,56.45
AVAXUSDT,2025-11-12 12:30:00+00:00,1,4,1,228,135,52,15.825
XRPUSDT,2025-11-12 14:15:00+00:00,3,2,3,1919,833,405,48.225
ADAUSDT,2025-11-12 16:00:00+00:00,4,4,3,4754,2838,905,6.0125
XRPUSDT,2025-11-12 16:00:00+00:00,5,3,5,16336,8196,2679,12.4625
BTCUSDT,2025-11-12 18:30:00+00:00,5,1,5,10581,2253,839,173.075
BTCUSDT,2025-11-12 21:15:00+00:00,5,4,4,9238,5342,713,1.4
BTCUSDT,2025-11-12 21:30:00+00:00,5,4,5,10100,5944,710,1.4
XRPUSDT,2025-11-12 23:15:00+00:00,3,2,3,2947,1288,563,48.225
BTCUSDT,2025-11-13 00:00:00+00:00,5,2,5,7727,2473,720,57.2
SOLUSDT,2025-11-13 06:00:00+00:00,4,4,4,4351,2615,782,52.7875
ADAUSDT,2025-11-13 06:15:00+00:00,2,5,2,995,637,212,40.525
BTCUSDT,2025-11-13 07:15:00+00:00,5,1,5,14084,2932,975,173.075
SOLUSDT,2025-11-13 07:30:00+00:00,4,4,4,3973,2189,846,52.7875
SOLUSDT,2025-11-13 08:00:00+00:00,3,4,3,2629,1444,564,97.675
SOLUSDT,2025-11-13 08:15:00+00:00,3,3,3,1923,1020,438,43.7
AVAXUSDT,2025-11-13 12:30:00+00:00,1,4,1,202,125,58,15.825
XRPUSDT,2025-11-13 13:30:00+00:00,5,2,5,9711,4209,1704,11.6125
SOLUSDT,2025-11-13 13:45:00+00:00,4,3,4,3821,1998,839,26.9375
ADAUSDT,2025-11-13 14:45:00+00:00,3,3,3,3156,1641,710,10.725
ADAUSDT,2025-11-13 15:30:00+00:00,2,4,2,1491,889,302,52.55
XRPUSDT,2025-11-13 15:45:00+00:00,5,3,5,9725,4718,1692,12.4625
SOLUSDT,2025-11-13 16:15:00+00:00,5,5,5,8008,5239,1464,8.275
DOGEUSDT,2025-11-13 17:30:00+00:00,5,4,4,8244,4419,1510,1.0
SOLUSDT,2025-11-13 19:30:00+00:00,5,4,5,10577,6435,2068,14.5375
ADAUSDT,2025-11-13 20:30:00+00:00,3,4,2,2388,1401,494,18.4375
SOLUSDT,2025-11-13 20:30:00+00:00,5,3,5,10373,5363,2140,8.2125
DOGEUSDT,2025-11-13 21:00:00+00:00,4,3,3,3850,1762,760,16.275
SOLUSDT,2025-11-13 22:45:00+00:00,4,4,4,3711,2275,668,52.7875
AVAXUSDT,2025-11-14 00:30:00+00:00,1,4,1,522,317,118,15.825
ADAUSDT,2025-11-14 04:30:00+00:00,5,5,4,7726,4991,1608,1.0
ADAUSDT,2025-11-14 07:00:00+00:00,3,3,2,1755,921,435,10.725
AVAXUSDT,2025-11-14 07:00:00+00:00,2,5,2,968,718,165,51.5625
SOLUSDT,2025-11-14 07:00:00+00:00,5,4,5,11742,7103,2177,14.5375
XRPUSDT,2025-11-14 07:00:00+00:00,4,2,4,6858,2400,1317,29.925
AVAXUSDT,2025-11-14 12:00:00+00:00,2,5,2,933,644,169,51.5625
AVAXUSDT,2025-11-14 13:45:00+00:00,2,5,2,906,598,177,51.5625
ADAUSDT,2025-11-14 15:00:00+00:00,3,3,2,1820,913,391,10.725
ADAUSDT,2025-11-14 19:15:00+00:00,2,4,2,1038,641,225,52.55
XRPUSDT,2025-11-14 23:00:00+00:00,5,2,4,10317,4568,1634,11.6125
ETHUSDT,2025-11-14 23:30:00+00:00,5,2,5,23800,10114,2055,22.9625
SOLUSDT,2025-11-15 07:45:00+00:00,2,3,2,1605,825,367,16.0375
SOLUSDT,2025-11-15 10:45:00+00:00,2,3,2,1440,770,336,16.0375
XRPUSDT,2025-11-15 14:00:00+00:00,3,2,2,2316,923,477,48.225
SOLUSDT,2025-11-15 15:30:00+00:00,3,3,3,1823,907,453,43.7
ETHUSDT,2025-11-15 17:45:00+00:00,5,5,5,19825,13522,913,1.0
XRPUSDT,2025-11-15 19:15:00+00:00,2,2,2,1379,565,288,29.175
AVAXUSDT,2025-11-15 21:30:00+00:00,1,5,1,302,226,47,225.225
SOLUSDT,2025-11-15 21:45:00+00:00,3,5,3,2963,1893,541,40.7625
BTCUSDT,2025-11-15 23:00:00+00:00,4,2,4,5374,1634,539,104.35
BTCUSDT,2025-11-15 23:45:00+00:00,4,3,4,4587,2241,563,14.5875
SOLUSDT,2025-11-16 02:30:00+00:00,3,3,3,2355,1121,577,43.7
XRPUSDT,2025-11-16 08:00:00+00:00,3,3,2,1853,877,378,62.125
DOGEUSDT,2025-11-16 08:30:00+00:00,1,2,1,554,211,120,13.8375
ETHUSDT,2025-11-16 09:00:00+00:00,4,1,3,6541,1593,590,106.55
XRPUSDT,2025-11-16 10:45:00+00:00,2,2,2,1156,495,257,29.175
AVAXUSDT,2025-11-16 11:45:00+00:00,1,4,1,265,149,61,15.825
ETHUSDT,2025-11-16 12:30:00+00:00,5,2,5,20854,7648,1228,22.9625
ETHUSDT,2025-11-16 12:45:00+00:00,5,4,5,18111,10878,914,1.0
AVAXUSDT,2025-11-16 14:15:00+00:00,1,4,1,255,156,53,15.825
SOLUSDT,2025-11-16 16:45:00+00:00,5,5,5,7966,5056,1520,8.275
ADAUSDT,2025-11-16 19:15:00+00:00,2,4,1,828,469,181,52.55
SOLUSDT,2025-11-16 22:15:00+00:00,4,3,4,3634,1775,836,26.9375
SOLUSDT,2025-11-16 23:00:00+00:00,5,3,5,13871,6667,3141,8.2125
ADAUSDT,2025-11-16 23:15:00+00:00,3,4,2,1797,1056,454,18.4375
SOLUSDT,2025-11-17 01:30:00+00:00,3,4,4,2919,1708,574,97.675
DOGEUSDT,2025-11-17 02:00:00+00:00,4,3,5,4355,2003,751,16.275
DOGEUSDT,2025-11-17 07:00:00+00:00,2,3,2,1374,659,295,66.0875
ETHUSDT,2025-11-17 08:45:00+00:00,4,2,4,6632,2316,588,26.225
XRPUSDT,2025-11-17 09:45:00+00:00,2,3,2,1316,597,274,75.6375
ADAUSDT,2025-11-17 13:30:00+00:00,3,5,3,2319,1576,426,15.725
ADAUSDT,2025-11-17 14:30:00+00:00,5,4,4,9312,5375,1981,1.275
AVAXUSDT,2025-11-17 14:30:00+00:00,3,5,3,3253,2279,599,11.7
ADAUSDT,2025-11-17 14:45:00+00:00,4,3,3,3625,1898,790,3.025
XRPUSDT,2025-11-17 17:00:00+00:00,4,1,4,5532,1605,962,1.0
XRPUSDT,2025-11-17 22:15:00+00:00,4,2,4,3938,1361,692,29.925
DOGEUSDT,2025-11-18 00:30:00+00:00,4,4,4,5410,3216,907,3.7875
XRPUSDT,2025-11-18 00:45:00+00:00,5,2,4,9376,3055,1612,11.6125
SOLUSDT,2025-11-18 01:00:00+00:00,4,4,4,4996,2723,1132,52.7875
XRPUSDT,2025-11-18 03:00:00+00:00,5,2,4,10057,4316,1864,11.6125
XRPUSDT,2025-11-18 03:15:00+00:00,4,2,4,6414,2623,1276,29.925
SOLUSDT,2025-11-18 03:30:00+00:00,5,3,5,11855,6152,2598,8.2125
ADAUSDT,2025-11-18 04:15:00+00:00,3,4,3,2067,1201,466,18.4375
XRPUSDT,2025-11-18 04:30:00+00:00,4,2,4,5274,1930,997,29.925
XRPUSDT,2025-11-18 04:45:00+00:00,5,2,4,7691,2585,1411,11.6125
DOGEUSDT,2025-11-18 05:45:00+00:00,2,2,2,1664,673,361,56.45
DOGEUSDT,2025-11-18 06:15:00+00:00,2,2,2,1525,634,305,56.45
XRPUSDT,2025-11-18 11:00:00+00:00,3,3,4,3065,1509,537,62.125
ADAUSDT,2025-11-18 13:00:00+00:00,1,3,1,500,257,113,39.4875
XRPUSDT,2025-11-18 14:15:00+00:00,4,2,4,4636,1685,848,29.925
XRPUSDT,2025-11-18 14:30:00+00:00,5,1,5,12414,3562,2166,1.0
XRPUSDT,2025-11-18 14:45:00+00:00,4,1,3,6235,1767,1106,1.0
XRPUSDT,2025-11-18 15:15:00+00:00,5,2,5,14041,5918,2361,11.6125
XRPUSDT,2025-11-18 15:45:00+00:00,4,2,4,5292,1714,1018,29.925
ADAUSDT,2025-11-18 16:00:00+00:00,2,4,3,1617,928,369,52.55
DOGEUSDT,2025-11-18 19:15:00+00:00,3,5,3,2365,1485,430,2.925
SOLUSDT,2025-11-18 20:15:00+00:00,3,4,3,2329,1269,516,97.675
XRPUSDT,2025-11-18 20:15:00+00:00,3,2,3,2103,885,460,48.225
BTCUSDT,2025-11-18 21:45:00+00:00,4,1,5,7451,1716,764,46.3875
DOGEUSDT,2025-11-18 22:45:00+00:00,1,2,1,727,318,157,13.8375
BTCUSDT,2025-11-18 23:15:00+00:00,4,2,5,6160,2252,609,104.35
DOGEUSDT,2025-11-18 23:45:00+00:00,2,2,1,816,341,192,56.45
XRPUSDT,2025-11-19 00:15:00+00:00,4,3,4,4364,2184,714,32.2375
BTCUSDT,2025-11-19 01:15:00+00:00,5,1,5,14517,2479,1046,173.075
AVAXUSDT,2025-11-19 01:30:00+00:00,1,4,1,238,146,54,15.825
DOGEUSDT,2025-11-19 04:00:00+00:00,2,2,2,1695,720,367,56.45
XRPUSDT,2025-11-19 04:00:00+00:00,3,2,3,2599,998,430,48.225
AVAXUSDT,2025-11-19 04:30:00+00:00,1,5,1,340,230,61,225.225
DOGEUSDT,2025-11-19 05:15:00+00:00,3,4,3,3130,1777,582,10.075
XRPUSDT,2025-11-19 07:00:00+00:00,4,5,4,5023,3510,660,7.4375
ETHUSDT,2025-11-19 09:30:00+00:00,5,1,5,15165,3621,1173,232.8125
SOLUSDT,2025-11-19 10:00:00+00:00,3,4,3,2339,1266,536,97.675
DOGEUSDT,2025-11-19 10:30:00+00:00,1,3,1,771,367,184,47.5125
XRPUSDT,2025-11-19 14:45:00+00:00,4,1,3,4376,1265,772,1.0
DOGEUSDT,2025-11-19 18:00:00+00:00,5,4,3,8032,4666,1394,1.0
DOGEUSDT,2025-11-19 18:15:00+00:00,5,5,4,9987,6315,1566,1.0
DOGEUSDT,2025-11-19 21:15:00+00:00,5,3,4,9388,4276,1953,3.625
ADAUSDT,2025-11-19 21:45:00+00:00,2,5,2,1052,655,233,40.525
ADAUSDT,2025-11-20 01:15:00+00:00,1,4,1,548,328,122,104.5375
ADAUSDT,2025-11-20 02:45:00+00:00,1,4,1,416,253,92,104.5375
SOLUSDT,2025-11-20 05:15:00+00:00,3,4,3,1929,1034,416,97.675
SOLUSDT,2025-11-20 09:15:00+00:00,4,5,4,4246,2719,759,28.9
DOGEUSDT,2025-11-20 09:30:00+00:00,3,5,2,1961,1263,350,2.925
DOGEUSDT,2025-11-20 10:15:00+00:00,3,5,2,1819,1178,328,2.925
DOGEUSDT,2025-11-20 13:00:00+00:00,2,2,2,1519,602,331,56.45
XRPUSDT,2025-11-20 13:30:00+00:00,5,1,5,9564,2445,1437,1.0
XRPUSDT,2025-11-20 16:00:00+00:00,5,3,5,18545,8940,2861,12.4625
XRPUSDT,2025-11-20 17:30:00+00:00,5,2,4,10395,4638,1965,11.6125
DOGEUSDT,2025-11-20 18:00:00+00:00,5,4,4,8080,4372,1445,1.0
AVAXUSDT,2025-11-20 18:30:00+00:00,1,5,2,462,337,81,225.225
DOGEUSDT,2025-11-20 19:00:00+00:00,5,5,4,9168,5874,1322,1.0
ADAUSDT,2025-11-20 22:15:00+00:00,1,4,1,732,430,164,104.5375
DOGEUSDT,2025-11-21 05:30:00+00:00,3,2,3,2071,740,446,69.6875
SOLUSDT,2025-11-21 06:30:00+00:00,4,5,5,6668,4764,1007,28.9
BTCUSDT,2025-11-21 07:00:00+00:00,5,1,5,17351,4420,1524,173.075
ADAUSDT,2025-11-21 07:30:00+00:00,5,4,5,24538,13283,4910,1.275
AVAXUSDT,2025-11-21 07:30:00+00:00,5,5,5,8901,5879,1589,1.0
SOLUSDT,2025-11-21 07:30:00+00:00,5,2,5,68267,30195,12098,1.0
XRPUSDT,2025-11-21 07:30:00+00:00,5,1,5,54605,15174,7719,1.0
ADAUSDT,2025-11-21 07:45:00+00:00,4,5,4,4574,3034,903,4.225
ETHUSDT,2025-11-21 07:45:00+00:00,5,2,5,74201,24880,5781,22.9625
ADAUSDT,2025-11-21 08:00:00+00:00,4,5,4,6643,4463,1209,4.225
AVAXUSDT,2025-11-21 08:00:00+00:00,2,5,2,1283,904,225,51.5625
ADAUSDT,2025-11-21 08:15:00+00:00,4,5,4,5380,4005,786,4.225
ADAUSDT,2025-11-21 09:45:00+00:00,4,5,3,3863,3093,472,4.225
XRPUSDT,2025-11-21 10:00:00+00:00,5,2,5,13093,5620,2344,11.6125
XRPUSDT,2025-11-21 10:45:00+00:00,4,2,3,4045,1727,824,29.925
DOGEUSDT,2025-11-21 12:15:00+00:00,5,3,5,14013,6307,2847,3.625
ADAUSDT,2025-11-21 13:15:00+00:00,3,4,3,2335,1320,525,18.4375
ADAUSDT,2025-11-21 15:15:00+00:00,3,4,2,2214,1262,522,18.4375
SOLUSDT,2025-11-21 15:15:00+00:00,5,3,5,9998,5141,2223,8.2125
DOGEUSDT,2025-11-21 15:45:00+00:00,4,2,3,4232,1571,847,44.2
DOGEUSDT,2025-11-21 17:00:00+00:00,4,2,4,7386,2735,1447,44.2
XRPUSDT,2025-11-21 17:45:00+00:00,4,2,3,4641,1648,854,29.925
DOGEUSDT,2025-11-21 18:45:00+00:00,4,2,4,5603,2161,1120,44.2
BTCUSDT,2025-11-21 19:45:00+00:00,5,1,5,17547,4246,1505,173.075
DOGEUSDT,2025-11-21 21:00:00+00:00,3,1,2,2960,850,545,1.0
DOGEUSDT,2025-11-22 03:15:00+00:00,3,3,2,2273,1158,433,36.4125
DOGEUSDT,2025-11-22 03:30:00+00:00,3,3,3,2483,1285,469,36.4125
DOGEUSDT,2025-11-22 07:00:00+00:00,2,2,2,1742,681,363,56.45
XRPUSDT,2025-11-22 08:30:00+00:00,4,3,4,5729,2583,1043,32.2375
SOLUSDT,2025-11-22 12:00:00+00:00,3,5,3,3034,2031,552,40.7625
DOGEUSDT,2025-11-22 14:15:00+00:00,4,3,4,5117,2347,1032,16.275
SOLUSDT,2025-11-22 19:00:00+00:00,3,4,3,1876,1025,426,97.675
ETHUSDT,2025-11-22 20:00:00+00:00,4,1,4,5535,1030,380,106.55
ADAUSDT,2025-11-22 20:15:00+00:00,1,3,1,255,136,64,39.4875
DOGEUSDT,2025-11-22 21:00:00+00:00,2,2,2,1125,480,257,56.45
DOGEUSDT,2025-11-23 02:30:00+00:00,4,4,4,4005,2183,720,3.7875
DOGEUSDT,2025-11-23 02:45:00+00:00,3,3,3,2152,1054,461,36.4125
ETHUSDT,2025-11-23 05:30:00+00:00,5,3,5,12435,6237,749,1.4625
DOGEUSDT,2025-11-23 06:00:00+00:00,2,2,2,1183,531,268,56.45
ETHUSDT,2025-11-23 06:15:00+00:00,5,5,5,8944,5697,524,1.0
XRPUSDT,2025-11-23 07:00:00+00:00,3,3,4,3268,1621,688,62.125
XRPUSDT,2025-11-23 08:15:00+00:00,2,2,2,1565,627,342,29.175
SOLUSDT,2025-11-23 08:30:00+00:00,3,3,2,1817,931,444,43.7
BTCUSDT,2025-11-23 10:30:00+00:00,4,1,4,6392,1859,708,46.3875
BTCUSDT,2025-11-23 11:45:00+00:00,5,2,5,8544,2717,823,57.2
SOLUSDT,2025-11-23 14:30:00+00:00,3,3,3,2800,1491,668,43.7
XRPUSDT,2025-11-23 18:15:00+00:00,3,2,3,2701,1152,561,48.225
XRPUSDT,2025-11-23 18:45:00+00:00,3,2,3,2212,902,450,48.225
SOLUSDT,2025-11-23 21:30:00+00:00,2,3,3,1676,885,402,16.0375
ADAUSDT,2025-11-24 00:30:00+00:00,1,3,2,663,348,168,39.4875
XRPUSDT,2025-11-24 01:00:00+00:00,3,1,3,2981,790,507,1.0
XRPUSDT,2025-11-24 01:15:00+00:00,3,1,2,2669,670,461,1.0
ADAUSDT,2025-11-24 06:15:00+00:00,1,4,1,481,266,117,104.5375
XRPUSDT,2025-11-24 08:15:00+00:00,3,2,2,2589,806,459,48.225
ADAUSDT,2025-11-24 09:45:00+00:00,1,5,2,631,441,111,81.6375
BTCUSDT,2025-11-24 10:45:00+00:00,5,2,5,8188,2725,699,57.2
XRPUSDT,2025-11-24 10:45:00+00:00,3,2,2,1868,762,411,48.225
XRPUSDT,2025-11-24 17:15:00+00:00,5,2,5,10636,4348,1947,11.6125
ETHUSDT,2025-11-24 18:00:00+00:00,5,3,5,52397,27798,2937,1.4625
ETHUSDT,2025-11-24 18:15:00+00:00,5,5,5,27685,17949,1409,1.0
ADAUSDT,2025-11-24 20:00:00+00:00,2,4,2,1139,685,244,52.55
BTCUSDT,2025-11-24 22:30:00+00:00,4,2,4,6230,2102,724,104.35
XRPUSDT,2025-11-24 23:45:00+00:00,4,5,4,4031,2710,576,7.4375
XRPUSDT,2025-11-25 00:45:00+00:00,3,2,3,3455,1274,667,48.225
XRPUSDT,2025-11-25 08:00:00+00:00,4,4,4,6097,3493,926,14.8625
AVAXUSDT,2025-11-25 10:15:00+00:00,1,3,1,231,122,47,1.0
ETHUSDT,2025-11-25 10:15:00+00:00,5,3,5,12443,5933,1127,1.4625
XRPUSDT,2025-11-25 10:15:00+00:00,5,5,4,7965,6205,798,1.5875
DOGEUSDT,2025-11-25 12:00:00+00:00,2,2,2,1600,711,350,56.45
SOLUSDT,2025-11-25 14:30:00+00:00,5,3,4,7656,3882,1722,8.2125
SOLUSDT,2025-11-25 16:00:00+00:00,4,4,3,3537,1914,823,52.7875
SOLUSDT,2025-11-25 16:30:00+00:00,4,3,4,3682,1947,843,26.9375
DOGEUSDT,2025-11-25 16:45:00+00:00,2,2,2,1488,599,291,56.45
ADAUSDT,2025-11-25 19:15:00+00:00,2,5,2,945,659,178,40.525
ETHUSDT,2025-11-26 01:00:00+00:00,5,3,5,11762,5534,663,1.4625
SOLUSDT,2025-11-26 01:15:00+00:00,2,3,3,1660,864,391,16.0375
XRPUSDT,2025-11-26 02:45:00+00:00,2,2,2,1134,442,254,29.175
ETHUSDT,2025-11-26 05:45:00+00:00,5,2,5,8930,2792,596,22.9625
XRPUSDT,2025-11-26 08:00:00+00:00,2,2,2,1424,524,305,29.175
AVAXUSDT,2025-11-26 09:45:00+00:00,1,3,1,298,151,68,1.0
AVAXUSDT,2025-11-26 10:00:00+00:00,1,3,1,259,135,54,1.0
AVAXUSDT,2025-11-26 10:15:00+00:00,1,3,1,289,134,69,1.0
SOLUSDT,2025-11-26 10:45:00+00:00,2,3,3,1302,695,291,16.0375
AVAXUSDT,2025-11-26 13:45:00+00:00,1,3,1,296,153,54,1.0
XRPUSDT,2025-11-26 16:00:00+00:00,4,2,4,3653,1433,697,29.925
AVAXUSDT,2025-11-26 16:45:00+00:00,1,3,1,256,118,48,1.0
XRPUSDT,2025-11-26 17:30:00+00:00,4,2,4,6187,2454,1166,29.925
XRPUSDT,2025-11-26 18:00:00+00:00,4,2,4,5690,2084,1105,29.925
SOLUSDT,2025-11-26 19:30:00+00:00,4,5,4,4286,2820,811,28.9
XRPUSDT,2025-11-26 19:30:00+00:00,3,2,3,2490,953,494,48.225
SOLUSDT,2025-11-26 20:00:00+00:00,4,5,4,4890,3059,954,28.9
XRPUSDT,2025-11-26 21:15:00+00:00,3,2,3,2165,724,409,48.225
DOGEUSDT,2025-11-26 22:30:00+00:00,2,3,1,897,431,185,66.0875
DOGEUSDT,2025-11-27 02:45:00+00:00,2,3,2,1619,765,350,66.0875
DOGEUSDT,2025-11-27 06:15:00+00:00,2,5,2,1203,785,223,4.8875
BTCUSDT,2025-11-27 09:00:00+00:00,5,3,5,8937,4213,1701,3.325
DOGEUSDT,2025-11-27 09:15:00+00:00,2,2,2,1195,530,259,56.45
AVAXUSDT,2025-11-27 09:45:00+00:00,1,3,1,290,151,66,1.0
BTCUSDT,2025-11-27 11:00:00+00:00,4,2,4,5732,2305,887,104.35
SOLUSDT,2025-11-27 11:30:00+00:00,3,3,3,1802,937,408,43.7
DOGEUSDT,2025-11-27 14:45:00+00:00,1,2,1,754,306,171,13.8375
ETHUSDT,2025-11-27 17:15:00+00:00,5,2,4,8032,2608,675,22.9625
DOGEUSDT,2025-11-27 21:00:00+00:00,1,3,1,756,403,156,47.5125
XRPUSDT,2025-11-28 15:15:00+00:00,5,2,5,11971,4997,2233,11.6125
SOLUSDT,2025-11-28 19:15:00+00:00,3,5,4,2976,1883,595,40.7625
XRPUSDT,2025-11-28 20:15:00+00:00,2,2,3,1631,621,322,29.175
DOGEUSDT,2025-11-28 22:30:00+00:00,1,2,1,668,279,157,13.8375
BTCUSDT,2025-11-28 23:30:00+00:00,4,2,3,3671,1288,464,104.35
ADAUSDT,2025-11-28 23:45:00+00:00,1,5,1,205,134,43,81.6375
DOGEUSDT,2025-11-28 23:45:00+00:00,1,2,1,335,144,83,13.8375
DOGEUSDT,2025-11-29 00:45:00+00:00,1,2,1,535,237,115,13.8375
DOGEUSDT,2025-11-29 01:15:00+00:00,1,2,1,570,255,141,13.8375
XRPUSDT,2025-11-29 01:45:00+00:00,1,2,1,748,305,166,2.1125
XRPUSDT,2025-11-29 02:15:00+00:00,1,2,1,765,317,168,2.1125
XRPUSDT,2025-11-29 02:45:00+00:00,1,2,1,757,333,174,2.1125
XRPUSDT,2025-11-29 03:00:00+00:00,1,2,2,720,319,168,2.1125
BTCUSDT,2025-11-29 04:00:00+00:00,3,2,3,3340,1326,512,18.6125
XRPUSDT,2025-11-29 04:15:00+00:00,1,2,2,789,302,170,2.1125
XRPUSDT,2025-11-29 05:00:00+00:00,1,2,1,639,278,145,2.1125
DOGEUSDT,2025-11-29 05:15:00+00:00,1,4,1,429,251,90,16.3375
XRPUSDT,2025-11-29 05:15:00+00:00,1,2,2,761,308,181,2.1125
BTCUSDT,2025-11-29 05:30:00+00:00,3,2,3,3190,1302,472,18.6125
DOGEUSDT,2025-11-29 05:30:00+00:00,1,5,1,517,339,94,1.9625
BTCUSDT,2025-11-29 07:00:00+00:00,5,4,4,7755,4154,767,1.4
DOGEUSDT,2025-11-29 08:30:00+00:00,2,4,1,910,528,165,20.825
DOGEUSDT,2025-11-29 09:15:00+00:00,2,5,1,1545,1230,154,4.8875
ADAUSDT,2025-11-29 10:15:00+00:00,1,4,1,413,233,97,104.5375
ADAUSDT,2025-11-29 11:00:00+00:00,2,5,1,815,685,70,40.525
ETHUSDT,2025-11-29 12:45:00+00:00,3,2,3,2628,826,354,16.575
DOGEUSDT,2025-11-29 13:15:00+00:00,1,3,1,662,303,141,47.5125
ETHUSDT,2025-11-29 16:45:00+00:00,4,2,5,5586,2013,596,26.225
DOGEUSDT,2025-11-29 17:00:00+00:00,1,3,1,764,354,165,47.5125
DOGEUSDT,2025-11-29 17:15:00+00:00,2,2,2,915,404,203,56.45
XRPUSDT,2025-11-29 20:45:00+00:00,2,2,2,1698,740,351,29.175
XRPUSDT,2025-11-29 21:45:00+00:00,1,2,1,796,323,168,2.1125
ETHUSDT,2025-11-29 23:30:00+00:00,3,1,2,2374,594,251,19.05
SOLUSDT,2025-11-30 00:30:00+00:00,3,5,4,2213,1573,380,40.7625
XRPUSDT,2025-11-30 00:30:00+00:00,1,2,1,726,312,146,2.1125
ETHUSDT,2025-11-30 01:30:00+00:00,3,1,3,3163,716,289,19.05
XRPUSDT,2025-11-30 01:45:00+00:00,1,2,1,558,238,124,2.1125
DOGEUSDT,2025-11-30 02:15:00+00:00,1,3,1,492,237,110,47.5125
ADAUSDT,2025-11-30 03:15:00+00:00,2,5,2,1038,755,147,40.525
BTCUSDT,2025-11-30 04:15:00+00:00,3,2,2,3153,1184,420,18.6125
XRPUSDT,2025-11-30 04:30:00+00:00,1,2,1,618,254,132,2.1125
XRPUSDT,2025-11-30 06:00:00+00:00,1,2,1,716,314,160,2.1125
DOGEUSDT,2025-11-30 07:15:00+00:00,1,5,1,478,303,72,1.9625
BTCUSDT,2025-11-30 07:30:00+00:00,4,4,3,4690,2631,652,2.3625
SOLUSDT,2025-11-30 09:45:00+00:00,2,4,2,1287,753,267,69.175
BTCUSDT,2025-11-30 10:30:00+00:00,4,3,4,6079,2839,653,14.5875
SOLUSDT,2025-11-30 13:30:00+00:00,5,5,5,8576,5691,1477,8.275
BTCUSDT,2025-11-30 15:15:00+00:00,4,2,4,6274,2034,732,104.35
ETHUSDT,2025-11-30 15:45:00+00:00,4,4,5,6381,3766,415,1.0
DOGEUSDT,2025-11-30 18:15:00+00:00,2,3,2,847,417,167,66.0875
XRPUSDT,2025-11-30 19:00:00+00:00,1,2,1,765,316,181,2.1125
BTCUSDT,2025-11-30 19:45:00+00:00,3,2,3,2828,1065,396,18.6125
XRPUSDT,2025-11-30 20:00:00+00:00,1,2,1,737,321,174,2.1125
ADAUSDT,2025-11-30 23:45:00+00:00,2,5,2,838,553,166,40.525
AVAXUSDT,2025-11-30 23:45:00+00:00,1,5,2,648,482,118,225.225
ADAUSDT,2025-12-01 00:00:00+00:00,5,4,4,7756,4614,1629,1.275
ADAUSDT,2025-12-01 00:30:00+00:00,4,5,3,4323,2828,831,4.225
ADAUSDT,2025-12-01 01:15:00+00:00,4,5,4,3726,2416,696,4.225
XRPUSDT,2025-12-01 01:30:00+00:00,4,2,3,3787,1152,673,29.925
ADAUSDT,2025-12-01 02:00:00+00:00,2,5,2,1454,1059,245,40.525
ETHUSDT,2025-12-01 03:45:00+00:00,5,3,5,15067,7539,1023,1.4625
ETHUSDT,2025-12-01 04:15:00+00:00,5,3,5,31669,15894,2332,1.4625
ADAUSDT,2025-12-01 06:00:00+00:00,1,5,1,682,447,142,81.6375
SOLUSDT,2025-12-01 08:45:00+00:00,3,5,3,2848,1874,538,40.7625
ETHUSDT,2025-12-01 09:30:00+00:00,5,5,5,17882,12310,872,1.0
ETHUSDT,2025-12-01 10:15:00+00:00,4,3,5,6181,3095,613,1.0
ETHUSDT,2025-12-01 10:30:00+00:00,5,4,5,8206,5046,603,1.0
DOGEUSDT,2025-12-01 10:45:00+00:00,2,4,1,845,505,172,20.825
ETHUSDT,2025-12-01 10:45:00+00:00,5,5,5,11926,9672,548,1.0
ETHUSDT,2025-12-01 11:00:00+00:00,5,5,5,17338,12289,941,1.0
BTCUSDT,2025-12-01 11:15:00+00:00,5,1,5,10149,2843,954,173.075
ETHUSDT,2025-12-01 11:15:00+00:00,5,4,5,15650,9586,975,1.0
ETHUSDT,2025-12-01 11:30:00+00:00,5,5,5,19240,14868,771,1.0
ETHUSDT,2025-12-01 11:45:00+00:00,4,3,5,7369,3362,716,1.0
XRPUSDT,2025-12-01 13:15:00+00:00,3,2,3,2648,948,558,48.225
DOGEUSDT,2025-12-01 14:00:00+00:00,3,3,3,1976,1015,393,36.4125
DOGEUSDT,2025-12-01 14:15:00+00:00,2,2,2,1237,549,277,56.45
DOGEUSDT,2025-12-01 14:30:00+00:00,4,2,3,4207,1849,815,44.2
ETHUSDT,2025-12-01 14:45:00+00:00,5,1,5,27990,6934,2562,232.8125
SOLUSDT,2025-12-01 14:45:00+00:00,4,3,4,4575,2365,1021,26.9375
ETHUSDT,2025-12-01 15:30:00+00:00,5,2,5,92742,28768,8597,22.9625
ETHUSDT,2025-12-01 20:00:00+00:00,5,2,5,29238,10248,1986,22.9625
XRPUSDT,2025-12-01 23:30:00+00:00,2,2,2,1510,573,305,29.175
DOGEUSDT,2025-12-01 23:45:00+00:00,1,2,1,718,315,161,13.8375
ADAUSDT,2025-12-02 01:15:00+00:00,1,4,1,617,335,138,104.5375
XRPUSDT,2025-12-02 03:30:00+00:00,3,4,4,2570,1406,418,28.8375
SOLUSDT,2025-12-02 04:15:00+00:00,3,4,3,2084,1285,390,97.675
XRPUSDT,2025-12-02 10:30:00+00:00,2,2,2,1194,517,267,29.175
ETHUSDT,2025-12-02 12:15:00+00:00,5,3,5,8929,4216,695,1.4625
ADAUSDT,2025-12-02 13:15:00+00:00,2,4,2,823,505,189,52.55
ETHUSDT,2025-12-02 13:45:00+00:00,5,3,5,21010,9866,1330,1.4625
ETHUSDT,2025-12-02 14:00:00+00:00,5,3,5,42735,22697,2488,1.4625
SOLUSDT,2025-12-02 14:15:00+00:00,4,4,5,5618,3343,1113,52.7875
DOGEUSDT,2025-12-02 14:30:00+00:00,4,3,3,3789,1710,743,16.275
ETHUSDT,2025-12-02 14:30:00+00:00,5,3,5,60358,27947,3783,1.4625
ADAUSDT,2025-12-02 15:00:00+00:00,4,4,3,3992,2462,879,6.0125
DOGEUSDT,2025-12-02 15:00:00+00:00,5,4,5,11117,5970,1922,1.0
XRPUSDT,2025-12-02 15:15:00+00:00,5,2,5,13841,5607,2763,11.6125
SOLUSDT,2025-12-02 17:15:00+00:00,5,5,5,10850,7981,1644,8.275
SOLUSDT,2025-12-02 18:00:00+00:00,5,5,4,9502,7635,1040,8.275
SOLUSDT,2025-12-02 18:15:00+00:00,5,5,4,8601,6895,968,8.275
XRPUSDT,2025-12-02 19:15:00+00:00,3,2,2,1909,794,412,48.225
XRPUSDT,2025-12-02 20:15:00+00:00,4,4,4,5641,3167,929,14.8625
BTCUSDT,2025-12-02 22:15:00+00:00,5,2,5,11265,3661,748,57.2
ETHUSDT,2025-12-02 22:15:00+00:00,4,1,4,7385,1124,503,106.55
XRPUSDT,2025-12-03 00:15:00+00:00,4,5,3,3565,2304,515,7.4375
SOLUSDT,2025-12-03 02:45:00+00:00,3,4,3,2524,1528,529,97.675
DOGEUSDT,2025-12-03 06:15:00+00:00,3,3,3,2380,1256,446,36.4125
DOGEUSDT,2025-12-03 08:45:00+00:00,3,4,3,2040,1201,357,10.075
AVAXUSDT,2025-12-03 14:00:00+00:00,3,5,3,1906,1390,324,11.7
ADAUSDT,2025-12-03 15:15:00+00:00,2,4,2,1044,590,244,52.55
AVAXUSDT,2025-12-03 16:30:00+00:00,1,5,2,618,440,110,225.225
XRPUSDT,2025-12-03 17:00:00+00:00,3,2,3,2120,829,426,48.225
DOGEUSDT,2025-12-04 06:00:00+00:00,2,5,2,1298,889,215,4.8875
XRPUSDT,2025-12-04 07:15:00+00:00,3,5,3,2817,1839,450,12.5625
DOGEUSDT,2025-12-04 08:45:00+00:00,2,4,1,835,455,174,20.825
ADAUSDT,2025-12-04 10:00:00+00:00,1,4,1,294,179,74,104.5375
SOLUSDT,2025-12-04 12:15:00+00:00,4,5,4,4070,2848,654,28.9
ADAUSDT,2025-12-04 19:15:00+00:00,3,4,2,2096,1236,454,18.4375
XRPUSDT,2025-12-04 19:30:00+00:00,4,2,3,4077,1436,804,29.925
DOGEUSDT,2025-12-05 03:15:00+00:00,1,3,1,637,305,147,47.5125
XRPUSDT,2025-12-05 03:15:00+00:00,2,4,2,1641,924,313,31.5375
ADAUSDT,2025-12-05 07:15:00+00:00,1,3,1,249,127,54,39.4875
XRPUSDT,2025-12-05 11:30:00+00:00,4,5,4,3742,2734,394,7.4375
ADAUSDT,2025-12-05 12:15:00+00:00,1,5,1,269,168,64,81.6375
XRPUSDT,2025-12-05 13:00:00+00:00,3,2,2,1920,795,419,48.225
ADAUSDT,2025-12-05 16:15:00+00:00,2,4,2,1596,924,379,52.55
DOGEUSDT,2025-12-05 16:15:00+00:00,3,2,3,3410,1463,734,69.6875
DOGEUSDT,2025-12-05 16:30:00+00:00,5,3,4,7721,3727,1575,3.625
SOLUSDT,2025-12-05 17:45:00+00:00,4,4,4,4459,2565,937,52.7875
ADAUSDT,2025-12-05 18:15:00+00:00,3,5,2,2131,1692,260,15.725
ADAUSDT,2025-12-05 19:00:00+00:00,2,5,2,1267,834,249,40.525
AVAXUSDT,2025-12-05 23:15:00+00:00,2,5,3,1540,1276,161,51.5625
BTCUSDT,2025-12-05 23:30:00+00:00,4,2,4,5665,1907,612,104.35
XRPUSDT,2025-12-06 00:30:00+00:00,2,2,2,1105,492,254,29.175
XRPUSDT,2025-12-06 02:15:00+00:00,1,2,1,775,307,169,2.1125
XRPUSDT,2025-12-06 02:45:00+00:00,1,3,1,734,359,159,17.675
XRPUSDT,2025-12-06 03:00:00+00:00,2,3,2,1157,564,281,75.6375
ADAUSDT,2025-12-06 03:15:00+00:00,1,5,1,424,296,70,81.6375
ETHUSDT,2025-12-06 05:15:00+00:00,3,1,3,3433,941,330,19.05
XRPUSDT,2025-12-06 05:30:00+00:00,1,2,1,713,320,166,2.1125
DOGEUSDT,2025-12-06 06:30:00+00:00,1,2,1,568,252,128,13.8375
ETHUSDT,2025-12-06 06:30:00+00:00,3,2,3,2670,859,334,16.575
SOLUSDT,2025-12-06 07:15:00+00:00,2,5,2,1439,955,281,21.8625
ADAUSDT,2025-12-06 08:15:00+00:00,1,5,1,367,232,74,81.6375
BTCUSDT,2025-12-06 11:30:00+00:00,5,2,5,9544,3319,877,57.2
DOGEUSDT,2025-12-06 12:30:00+00:00,1,2,1,457,202,116,13.8375
ETHUSDT,2025-12-06 13:00:00+00:00,3,2,3,2904,892,329,16.575
AVAXUSDT,2025-12-06 13:30:00+00:00,1,5,1,392,326,41,225.225
ADAUSDT,2025-12-06 17:30:00+00:00,1,5,1,341,222,71,81.6375
ETHUSDT,2025-12-06 17:45:00+00:00,4,3,4,3710,1674,347,1.0
AVAXUSDT,2025-12-06 18:45:00+00:00,1,5,1,221,144,46,225.225
ETHUSDT,2025-12-06 20:45:00+00:00,3,2,2,2266,894,294,16.575
DOGEUSDT,2025-12-06 21:15:00+00:00,1,2,1,654,290,150,13.8375
XRPUSDT,2025-12-06 21:45:00+00:00,1,2,1,668,290,151,2.1125
XRPUSDT,2025-12-06 22:30:00+00:00,1,3,1,566,261,128,17.675
XRPUSDT,2025-12-07 00:15:00+00:00,1,2,1,788,332,182,2.1125
BTCUSDT,2025-12-07 02:00:00+00:00,3,1,3,3384,979,362,1.0
BTCUSDT,2025-12-07 02:30:00+00:00,4,2,3,3701,1130,450,104.35
ETHUSDT,2025-12-07 03:15:00+00:00,3,1,3,3043,881,364,19.05
DOGEUSDT,2025-12-07 03:30:00+00:00,1,3,1,431,200,115,47.5125
ETHUSDT,2025-12-07 04:00:00+00:00,3,2,3,3166,1133,369,16.575
XRPUSDT,2025-12-07 04:00:00+00:00,3,2,2,1780,793,398,48.225
DOGEUSDT,2025-12-07 04:15:00+00:00,1,3,1,421,218,96,47.5125
SOLUSDT,2025-12-07 04:15:00+00:00,2,5,3,1341,930,219,21.8625
BTCUSDT,2025-12-07 04:45:00+00:00,3,2,4,3359,1109,394,18.6125
BTCUSDT,2025-12-07 05:15:00+00:00,3,1,3,3149,902,361,1.0
BTCUSDT,2025-12-07 06:30:00+00:00,3,2,3,2319,724,309,18.6125
BTCUSDT,2025-12-07 06:45:00+00:00,3,1,3,3101,809,372,1.0
DOGEUSDT,2025-12-07 08:45:00+00:00,1,3,1,517,257,118,47.5125
ETHUSDT,2025-12-07 08:45:00+00:00,3,2,3,3245,966,368,16.575
SOLUSDT,2025-12-07 10:15:00+00:00,2,4,3,1396,792,305,69.175
XRPUSDT,2025-12-07 11:15:00+00:00,1,2,1,783,329,176,2.1125
ETHUSDT,2025-12-07 11:30:00+00:00,3,2,3,2418,892,267,16.575
SOLUSDT,2025-12-07 11:30:00+00:00,2,4,1,980,556,221,69.175
XRPUSDT,2025-12-07 14:00:00+00:00,3,3,3,2254,1084,447,62.125
ADAUSDT,2025-12-07 14:30:00+00:00,3,5,3,2358,1477,513,15.725
SOLUSDT,2025-12-07 15:00:00+00:00,5,5,4,16779,13298,1877,8.275
SOLUSDT,2025-12-07 16:00:00+00:00,5,5,5,10926,8415,1323,8.275
XRPUSDT,2025-12-07 16:15:00+00:00,3,2,3,2109,783,442,48.225
ADAUSDT,2025-12-07 22:00:00+00:00,3,4,3,3404,2043,710,18.4375
BTCUSDT,2025-12-07 23:15:00+00:00,5,1,5,12393,1841,620,173.075
DOGEUSDT,2025-12-08 04:45:00+00:00,1,3,1,575,266,131,47.5125
XRPUSDT,2025-12-08 08:00:00+00:00,2,3,2,1260,598,260,75.6375
ETHUSDT,2025-12-08 08:30:00+00:00,4,1,4,7323,1553,657,106.55
SOLUSDT,2025-12-08 11:45:00+00:00,3,4,4,3361,1969,687,97.675
XRPUSDT,2025-12-08 13:00:00+00:00,3,3,3,2076,956,422,62.125
ADAUSDT,2025-12-08 14:30:00+00:00,4,5,3,3518,2344,687,4.225
SOLUSDT,2025-12-08 14:30:00+00:00,5,4,5,10353,5757,2069,14.5375
SOLUSDT,2025-12-08 14:45:00+00:00,4,3,4,6365,3371,1345,26.9375
DOGEUSDT,2025-12-08 15:00:00+00:00,4,2,3,3983,1650,849,44.2
XRPUSDT,2025-12-08 15:15:00+00:00,5,3,4,8684,4225,1533,12.4625
XRPUSDT,2025-12-08 17:30:00+00:00,2,2,2,1527,586,332,29.175
DOGEUSDT,2025-12-08 21:15:00+00:00,1,2,1,770,329,178,13.8375
AVAXUSDT,2025-12-08 21:45:00+00:00,1,5,1,267,188,43,225.225
ETHUSDT,2025-12-08 21:45:00+00:00,4,2,4,7184,2253,557,26.225
SOLUSDT,2025-12-08 22:45:00+00:00,3,5,3,2063,1522,281,40.7625
DOGEUSDT,2025-12-08 23:15:00+00:00,3,5,4,2579,1915,275,2.925
DOGEUSDT,2025-12-08 23:45:00+00:00,1,3,1,388,194,85,47.5125
XRPUSDT,2025-12-09 00:15:00+00:00,2,2,1,1010,427,223,29.175
DOGEUSDT,2025-12-09 01:00:00+00:00,2,3,2,1006,491,241,66.0875
ADAUSDT,2025-12-09 07:00:00+00:00,1,4,1,486,284,108,104.5375
SOLUSDT,2025-12-09 08:15:00+00:00,2,3,3,1272,674,290,16.0375
XRPUSDT,2025-12-09 09:00:00+00:00,2,3,2,1025,487,213,75.6375
ADAUSDT,2025-12-09 10:30:00+00:00,3,5,3,2149,1690,248,15.725
ADAUSDT,2025-12-09 12:15:00+00:00,3,5,3,3365,2115,718,15.725
XRPUSDT,2025-12-09 12:45:00+00:00,2,2,2,1188,506,271,29.175
XRPUSDT,2025-12-09 14:30:00+00:00,4,2,4,5151,2074,959,29.925
ETHUSDT,2025-12-09 14:45:00+00:00,5,1,5,19652,3418,1347,232.8125
ADAUSDT,2025-12-09 15:00:00+00:00,5,4,4,7860,4807,1672,1.275
BTCUSDT,2025-12-09 15:45:00+00:00,5,2,5,63721,22036,4755,57.2
AVAXUSDT,2025-12-09 16:00:00+00:00,3,5,3,2797,2108,419,11.7
ADAUSDT,2025-12-09 17:00:00+00:00,4,5,3,3964,2530,832,4.225
AVAXUSDT,2025-12-09 17:00:00+00:00,3,5,2,2784,2411,231,11.7
SOLUSDT,2025-12-09 17:00:00+00:00,5,5,5,18007,13375,2508,8.275
DOGEUSDT,2025-12-09 17:15:00+00:00,5,4,4,9592,5598,1725,1.0
SOLUSDT,2025-12-09 17:15:00+00:00,5,5,5,22855,18177,2599,8.275
XRPUSDT,2025-12-09 17:15:00+00:00,5,5,5,16233,11474,2120,1.5875
SOLUSDT,2025-12-09 17:30:00+00:00,5,5,5,14567,11176,1927,8.275
XRPUSDT,2025-12-09 17:30:00+00:00,5,5,4,12470,9699,1237,1.5875
SOLUSDT,2025-12-09 17:45:00+00:00,5,5,5,11700,9251,1432,8.275
ADAUSDT,2025-12-09 18:00:00+00:00,4,5,3,3694,2498,649,4.225
BTCUSDT,2025-12-09 20:00:00+00:00,5,1,5,14668,3082,1072,173.075
ADAUSDT,2025-12-09 21:45:00+00:00,3,5,3,2995,1869,664,15.725
SOLUSDT,2025-12-09 21:45:00+00:00,5,5,5,10283,6632,1874,8.275
XRPUSDT,2025-12-09 22:30:00+00:00,3,3,3,2203,1005,391,62.125
XRPUSDT,2025-12-09 23:45:00+00:00,2,3,2,1036,500,224,75.6375
DOGEUSDT,2025-12-10 00:15:00+00:00,2,2,2,1357,544,293,56.45
DOGEUSDT,2025-12-10 03:30:00+00:00,1,2,1,768,309,172,13.8375
ADAUSDT,2025-12-10 03:45:00+00:00,2,5,1,1150,828,190,40.525
XRPUSDT,2025-12-10 04:00:00+00:00,3,5,3,2306,1575,339,12.5625
ETHUSDT,2025-12-10 07:00:00+00:00,4,2,4,4485,1401,460,26.225
XRPUSDT,2025-12-10 07:15:00+00:00,3,5,3,2698,1921,372,12.5625
DOGEUSDT,2025-12-10 07:30:00+00:00,1,2,1,607,244,130,13.8375
XRPUSDT,2025-12-10 08:45:00+00:00,2,5,2,1736,1166,291,7.925
DOGEUSDT,2025-12-10 09:15:00+00:00,2,3,1,827,400,184,66.0875
XRPUSDT,2025-12-10 14:30:00+00:00,4,2,4,3888,1626,725,29.925
ADAUSDT,2025-12-10 15:00:00+00:00,2,5,1,1063,673,219,40.525
ADAUSDT,2025-12-10 19:30:00+00:00,4,3,3,3643,1911,846,3.025
ETHUSDT,2025-12-10 23:00:00+00:00,5,1,5,13663,3023,1019,232.8125
SOLUSDT,2025-12-10 23:15:00+00:00,3,5,3,2789,1792,550,40.7625
XRPUSDT,2025-12-11 00:30:00+00:00,4,5,4,6868,4523,1007,7.4375
XRPUSDT,2025-12-11 02:00:00+00:00,4,3,4,3807,1820,688,32.2375
SOLUSDT,2025-12-11 02:30:00+00:00,5,5,5,9602,6945,1293,8.275
DOGEUSDT,2025-12-11 03:00:00+00:00,4,5,3,6039,3965,886,1.6
DOGEUSDT,2025-12-11 03:15:00+00:00,4,5,3,4002,2630,635,1.6
DOGEUSDT,2025-12-11 04:15:00+00:00,3,4,3,1777,958,375,10.075
BTCUSDT,2025-12-11 05:15:00+00:00,4,1,4,7222,1833,526,46.3875
XRPUSDT,2025-12-11 05:45:00+00:00,2,5,3,1383,868,252,7.925
ADAUSDT,2025-12-11 06:45:00+00:00,2,5,2,1560,970,307,40.525
XRPUSDT,2025-12-11 09:45:00+00:00,2,4,2,1401,755,301,31.5375
DOGEUSDT,2025-12-11 10:00:00+00:00,1,3,1,647,332,150,47.5125
ETHUSDT,2025-12-11 10:30:00+00:00,4,1,4,5515,1374,534,106.55
ADAUSDT,2025-12-11 12:00:00+00:00,5,5,4,8763,6125,1329,1.0
ADAUSDT,2025-12-11 12:30:00+00:00,3,5,3,3172,2261,520,15.725
ADAUSDT,2025-12-11 13:00:00+00:00,4,5,3,4648,3489,657,4.225
BTCUSDT,2025-12-11 14:15:00+00:00,5,2,4,9208,3373,848,57.2
SOLUSDT,2025-12-11 14:30:00+00:00,5,5,5,9167,5694,1836,8.275
BTCUSDT,2025-12-11 18:15:00+00:00,5,1,5,15543,3015,1041,173.075
XRPUSDT,2025-12-11 18:30:00+00:00,4,4,4,4804,2613,868,14.8625
ADAUSDT,2025-12-11 20:00:00+00:00,3,5,2,1791,1427,230,15.725
XRPUSDT,2025-12-11 22:00:00+00:00,3,2,3,2105,816,427,48.225
XRPUSDT,2025-12-11 23:00:00+00:00,3,3,3,2053,986,371,62.125
XRPUSDT,2025-12-12 00:30:00+00:00,1,2,1,796,297,176,2.1125
DOGEUSDT,2025-12-12 02:00:00+00:00,2,2,1,885,346,192,56.45
SOLUSDT,2025-12-12 04:30:00+00:00,3,5,3,2176,1582,324,40.7625
SOLUSDT,2025-12-12 06:30:00+00:00,4,5,4,4809,3677,628,28.9
SOLUSDT,2025-12-12 07:00:00+00:00,4,5,3,3763,2855,535,28.9
DOGEUSDT,2025-12-12 07:30:00+00:00,1,3,1,762,352,175,47.5125
DOGEUSDT,2025-12-12 08:00:00+00:00,1,3,1,549,257,134,47.5125
BTCUSDT,2025-12-12 09:15:00+00:00,4,2,4,5730,1704,579,104.35
DOGEUSDT,2025-12-12 09:15:00+00:00,1,3,1,521,256,118,47.5125
DOGEUSDT,2025-12-12 12:15:00+00:00,1,2,1,448,201,107,13.8375
DOGEUSDT,2025-12-12 12:30:00+00:00,1,2,1,675,299,153,13.8375
ADAUSDT,2025-12-12 15:30:00+00:00,4,4,3,3851,2151,844,6.0125
SOLUSDT,2025-12-12 15:30:00+00:00,5,5,5,19915,13186,3485,8.275
ETHUSDT,2025-12-12 16:00:00+00:00,5,2,5,76833,24069,5850,22.9625
ADAUSDT,2025-12-12 17:00:00+00:00,4,5,3,6592,4951,1014,4.225
ADAUSDT,2025-12-12 17:15:00+00:00,5,5,3,8683,7278,916,1.0
ADAUSDT,2025-12-12 17:30:00+00:00,5,5,3,10170,8582,1037,1.0
BTCUSDT,2025-12-12 21:15:00+00:00,4,2,5,5549,1773,604,104.35
BTCUSDT,2025-12-13 00:15:00+00:00,3,1,3,3408,907,343,1.0
XRPUSDT,2025-12-13 00:30:00+00:00,1,2,1,759,337,173,2.1125
XRPUSDT,2025-12-13 00:45:00+00:00,1,2,1,775,316,172,2.1125
ETHUSDT,2025-12-13 01:45:00+00:00,3,2,3,3302,1364,361,16.575
XRPUSDT,2025-12-13 03:00:00+00:00,1,2,2,793,354,178,2.1125
BTCUSDT,2025-12-13 03:15:00+00:00,3,2,3,2852,1056,413,18.6125
BTCUSDT,2025-12-13 03:45:00+00:00,3,2,3,3102,1304,479,18.6125
DOGEUSDT,2025-12-13 04:45:00+00:00,1,4,1,242,130,52,16.3375
SOLUSDT,2025-12-13 07:00:00+00:00,1,4,1,790,459,163,4.8125
ETHUSDT,2025-12-13 10:15:00+00:00,4,2,4,5543,1925,553,26.225
SOLUSDT,2025-12-13 12:30:00+00:00,3,4,3,1792,1078,409,97.675
BTCUSDT,2025-12-13 16:00:00+00:00,4,3,4,7454,3373,738,14.5875
ADAUSDT,2025-12-13 16:45:00+00:00,1,3,1,202,105,52,39.4875
BTCUSDT,2025-12-13 16:45:00+00:00,4,3,4,3602,1629,514,14.5875
ETHUSDT,2025-12-13 17:00:00+00:00,4,3,4,4833,2413,448,1.0
ETHUSDT,2025-12-13 17:30:00+00:00,4,3,4,4486,2267,407,1.0
XRPUSDT,2025-12-13 17:30:00+00:00,1,3,1,707,324,160,17.675
DOGEUSDT,2025-12-13 17:45:00+00:00,1,3,1,400,212,84,47.5125
ETHUSDT,2025-12-13 18:15:00+00:00,3,1,4,3313,821,342,19.05
ADAUSDT,2025-12-13 18:30:00+00:00,1,3,1,215,106,53,39.4875
ETHUSDT,2025-12-13 19:15:00+00:00,3,3,2,2055,942,276,1.15
XRPUSDT,2025-12-13 19:30:00+00:00,1,4,1,783,428,152,6.8125
XRPUSDT,2025-12-13 22:00:00+00:00,2,3,2,916,454,201,75.6375
ADAUSDT,2025-12-13 22:45:00+00:00,1,4,1,405,241,79,104.5375
XRPUSDT,2025-12-13 23:15:00+00:00,1,3,1,590,296,133,17.675
DOGEUSDT,2025-12-14 01:00:00+00:00,1,4,1,322,194,69,16.3375
SOLUSDT,2025-12-14 01:15:00+00:00,2,5,2,1103,755,193,21.8625
ETHUSDT,2025-12-14 02:45:00+00:00,3,2,3,1903,673,229,16.575
BTCUSDT,2025-12-14 03:45:00+00:00,3,4,3,2732,1493,430,1.6125
ETHUSDT,2025-12-14 03:45:00+00:00,2,2,2,1648,513,209,3.9875
DOGEUSDT,2025-12-14 04:00:00+00:00,1,5,1,582,377,90,1.9625
BTCUSDT,2025-12-14 06:00:00+00:00,3,2,3,2746,1175,442,18.6125
XRPUSDT,2025-12-14 06:00:00+00:00,1,3,1,628,295,141,17.675
XRPUSDT,2025-12-14 06:15:00+00:00,1,2,1,721,306,172,2.1125
ADAUSDT,2025-12-14 06:45:00+00:00,1,2,1,389,127,66,2.95
XRPUSDT,2025-12-14 07:00:00+00:00,1,2,1,568,245,135,2.1125
ETHUSDT,2025-12-14 07:15:00+00:00,2,1,2,1722,457,201,1.0
XRPUSDT,2025-12-14 08:30:00+00:00,1,4,1,560,313,135,6.8125
SOLUSDT,2025-12-14 10:00:00+00:00,5,5,5,7809,4962,1225,8.275
SOLUSDT,2025-12-14 10:15:00+00:00,4,5,4,4758,3474,748,28.9
ETHUSDT,2025-12-14 10:45:00+00:00,3,2,3,2917,937,345,16.575
DOGEUSDT,2025-12-14 11:00:00+00:00,2,2,2,1210,497,262,56.45
ETHUSDT,2025-12-14 11:15:00+00:00,5,3,5,12041,5811,744,1.4625
ADAUSDT,2025-12-14 11:30:00+00:00,3,5,3,2502,1672,479,15.725
DOGEUSDT,2025-12-14 13:15:00+00:00,1,2,1,611,263,126,13.8375
SOLUSDT,2025-12-14 14:00:00+00:00,2,4,2,1737,1005,373,69.175
ETHUSDT,2025-12-14 18:15:00+00:00,5,3,5,13981,6467,809,1.4625
XRPUSDT,2025-12-14 18:15:00+00:00,2,3,2,1300,633,286,75.6375
ETHUSDT,2025-12-14 18:45:00+00:00,5,4,5,16668,9479,809,1.0
XRPUSDT,2025-12-14 19:30:00+00:00,2,3,1,1131,564,242,75.6375
XRPUSDT,2025-12-14 22:30:00+00:00,3,3,2,1899,867,384,62.125
ETHUSDT,2025-12-15 03:30:00+00:00,4,1,4,6973,1699,610,106.55
XRPUSDT,2025-12-15 05:30:00+00:00,1,4,2,782,423,164,6.8125
SOLUSDT,2025-12-15 06:00:00+00:00,3,5,3,1849,1218,311,40.7625
XRPUSDT,2025-12-15 07:45:00+00:00,1,2,1,699,307,171,2.1125
ETHUSDT,2025-12-15 12:30:00+00:00,4,1,4,6996,1667,629,106.55
XRPUSDT,2025-12-15 12:45:00+00:00,2,3,2,1091,511,255,75.6375
SOLUSDT,2025-12-15 13:00:00+00:00,4,4,4,4213,2581,836,52.7875
AVAXUSDT,2025-12-15 14:00:00+00:00,1,2,1,342,137,59,1.0
XRPUSDT,2025-12-15 14:15:00+00:00,3,3,3,2753,1247,594,62.125
XRPUSDT,2025-12-15 14:45:00+00:00,5,2,5,13243,5873,2490,11.6125
DOGEUSDT,2025-12-15 15:00:00+00:00,5,2,4,9245,3522,1938,17.275
SOLUSDT,2025-12-15 16:00:00+00:00,5,4,5,11378,6558,2277,14.5375
ETHUSDT,2025-12-15 19:45:00+00:00,5,1,5,18520,4740,1422,232.8125
DOGEUSDT,2025-12-16 01:30:00+00:00,2,2,2,1332,570,289,56.45
SOLUSDT,2025-12-16 02:45:00+00:00,3,4,3,2149,1227,473,97.675
XRPUSDT,2025-12-16 05:00:00+00:00,3,4,2,1757,951,365,28.8375
SOLUSDT,2025-12-16 14:15:00+00:00,4,4,4,4644,2740,969,52.7875
AVAXUSDT,2025-12-16 16:45:00+00:00,1,5,1,252,182,41,225.225
DOGEUSDT,2025-12-16 16:45:00+00:00,2,2,1,1113,430,229,56.45
DOGEUSDT,2025-12-16 18:15:00+00:00,1,2,1,695,283,163,13.8375
DOGEUSDT,2025-12-16 23:00:00+00:00,1,2,1,742,314,169,13.8375
BTCUSDT,2025-12-16 23:30:00+00:00,3,1,3,3444,963,355,1.0
DOGEUSDT,2025-12-17 00:45:00+00:00,1,3,1,339,156,77,47.5125
SOLUSDT,2025-12-17 05:00:00+00:00,3,4,3,2449,1406,494,97.675
XRPUSDT,2025-12-17 08:00:00+00:00,2,4,2,1093,660,212,31.5375
SOLUSDT,2025-12-17 08:45:00+00:00,2,4,2,1487,899,299,69.175
ADAUSDT,2025-12-17 09:30:00+00:00,1,4,1,288,165,72,104.5375
ADAUSDT,2025-12-17 10:30:00+00:00,1,5,1,334,208,71,81.6375
XRPUSDT,2025-12-17 12:15:00+00:00,2,3,2,1271,646,270,75.6375
ADAUSDT,2025-12-17 15:00:00+00:00,4,4,4,4460,2507,933,6.0125
AVAXUSDT,2025-12-17 16:15:00+00:00,3,5,3,2525,1964,350,11.7
SOLUSDT,2025-12-17 16:30:00+00:00,5,4,5,17697,10836,3418,14.5375
SOLUSDT,2025-12-17 17:00:00+00:00,5,5,5,20018,12524,3527,8.275
ADAUSDT,2025-12-17 18:30:00+00:00,2,4,2,1021,596,254,52.55
XRPUSDT,2025-12-17 19:00:00+00:00,4,3,4,5939,3023,1062,32.2375
AVAXUSDT,2025-12-17 21:00:00+00:00,1,4,1,338,202,70,15.825
ADAUSDT,2025-12-18 00:30:00+00:00,1,4,1,302,181,60,104.5375
ADAUSDT,2025-12-18 01:30:00+00:00,1,3,1,524,269,134,39.4875
ADAUSDT,2025-12-18 02:15:00+00:00,1,4,1,475,288,114,104.5375
ADAUSDT,2025-12-18 04:30:00+00:00,1,4,1,259,152,49,104.5375
BTCUSDT,2025-12-18 04:30:00+00:00,4,2,5,6418,2506,599,104.35
DOGEUSDT,2025-12-18 06:00:00+00:00,2,3,2,1242,618,265,66.0875
DOGEUSDT,2025-12-18 09:45:00+00:00,5,1,2,15035,2494,2209,1.0
ETHUSDT,2025-12-18 10:00:00+00:00,4,1,4,5662,1147,567,106.55
SOLUSDT,2025-12-18 10:15:00+00:00,3,5,3,1974,1297,367,40.7625
XRPUSDT,2025-12-18 10:45:00+00:00,2,2,2,1183,518,267,29.175
ADAUSDT,2025-12-18 13:30:00+00:00,4,4,3,3775,2154,811,6.0125
DOGEUSDT,2025-12-18 13:30:00+00:00,5,2,4,8633,3239,1702,17.275
SOLUSDT,2025-12-18 14:30:00+00:00,5,4,5,15459,8572,2997,14.5375
DOGEUSDT,2025-12-18 15:45:00+00:00,3,2,2,1776,746,368,69.6875
AVAXUSDT,2025-12-18 17:15:00+00:00,4,5,4,3552,2623,561,3.15
SOLUSDT,2025-12-18 17:15:00+00:00,5,4,5,28617,17241,5328,14.5375
ADAUSDT,2025-12-18 20:00:00+00:00,2,4,2,1486,856,336,52.55
SOLUSDT,2025-12-18 20:00:00+00:00,5,4,4,7890,4890,1579,14.5375
DOGEUSDT,2025-12-18 20:15:00+00:00,3,2,2,2039,779,452,69.6875
SOLUSDT,2025-12-18 21:15:00+00:00,4,4,4,4617,2742,942,52.7875
XRPUSDT,2025-12-18 22:00:00+00:00,3,3,3,1904,921,409,62.125
DOGEUSDT,2025-12-18 22:30:00+00:00,2,5,2,1548,993,277,4.8875
BTCUSDT,2025-12-19 09:15:00+00:00,4,1,4,6929,1484,672,46.3875
DOGEUSDT,2025-12-19 12:45:00+00:00,1,3,1,697,358,181,47.5125
ADAUSDT,2025-12-19 13:30:00+00:00,1,5,1,386,244,88,81.6375
DOGEUSDT,2025-12-19 14:30:00+00:00,4,3,3,4315,2003,895,16.275
SOLUSDT,2025-12-19 14:30:00+00:00,5,5,5,11948,7550,2249,8.275
SOLUSDT,2025-12-19 14:45:00+00:00,5,4,5,9229,5670,1745,14.5375
SOLUSDT,2025-12-19 17:00:00+00:00,4,5,3,3602,2303,707,28.9
XRPUSDT,2025-12-19 18:30:00+00:00,2,2,2,1298,568,306,29.175
XRPUSDT,2025-12-19 22:00:00+00:00,2,3,2,1278,642,259,75.6375
BTCUSDT,2025-12-19 23:45:00+00:00,3,2,3,2474,1061,351,18.6125
SOLUSDT,2025-12-20 00:00:00+00:00,3,5,3,2063,1447,319,40.7625
SOLUSDT,2025-12-20 01:15:00+00:00,2,5,3,1336,887,253,21.8625
DOGEUSDT,2025-12-20 01:30:00+00:00,1,2,1,394,170,91,13.8375
XRPUSDT,2025-12-20 01:30:00+00:00,1,2,1,676,287,172,2.1125
ETHUSDT,2025-12-20 02:15:00+00:00,3,2,2,2210,726,297,16.575
BTCUSDT,2025-12-20 02:45:00+00:00,3,2,4,2998,1012,377,18.6125
XRPUSDT,2025-12-20 02:45:00+00:00,1,2,1,670,298,151,2.1125
DOGEUSDT,2025-12-20 03:30:00+00:00,2,5,3,1166,811,145,4.8875
ETHUSDT,2025-12-20 03:45:00+00:00,2,1,3,1603,421,195,1.0
XRPUSDT,2025-12-20 03:45:00+00:00,1,2,1,499,206,121,2.1125
BTCUSDT,2025-12-20 05:00:00+00:00,3,2,4,3423,1005,418,18.6125
ETHUSDT,2025-12-20 06:00:00+00:00,3,2,3,2445,1046,232,16.575
DOGEUSDT,2025-12-20 06:15:00+00:00,1,5,1,783,574,108,1.9625
SOLUSDT,2025-12-20 07:45:00+00:00,2,3,2,1058,559,239,16.0375
BTCUSDT,2025-12-20 08:30:00+00:00,3,1,3,3412,985,418,1.0
DOGEUSDT,2025-12-20 09:45:00+00:00,1,4,1,400,215,92,16.3375
ETHUSDT,2025-12-20 10:00:00+00:00,2,2,3,1635,557,277,3.9875
SOLUSDT,2025-12-20 10:45:00+00:00,1,4,1,772,429,183,4.8125
SOLUSDT,2025-12-20 11:30:00+00:00,2,4,2,1045,604,218,69.175
SOLUSDT,2025-12-20 12:15:00+00:00,1,3,1,730,370,178,1.0
SOLUSDT,2025-12-20 12:30:00+00:00,1,4,1,772,423,187,4.8125
DOGEUSDT,2025-12-20 15:45:00+00:00,1,4,1,536,324,103,16.3375
ETHUSDT,2025-12-20 16:15:00+00:00,3,3,3,2520,1313,282,1.15
ETHUSDT,2025-12-20 16:30:00+00:00,3,3,3,2484,1144,282,1.15
ADAUSDT,2025-12-20 17:45:00+00:00,1,4,1,212,120,50,104.5375
DOGEUSDT,2025-12-20 17:45:00+00:00,1,4,1,280,152,65,16.3375
ETHUSDT,2025-12-20 17:45:00+00:00,3,3,4,2028,960,211,1.15
BTCUSDT,2025-12-20 18:15:00+00:00,3,3,2,2374,1167,464,11.4125
ETHUSDT,2025-12-20 19:00:00+00:00,3,1,3,2489,667,268,19.05
ETHUSDT,2025-12-20 19:30:00+00:00,2,3,2,1254,609,179,1.0
ETHUSDT,2025-12-20 19:45:00+00:00,2,2,2,1441,571,188,3.9875
ETHUSDT,2025-12-20 20:15:00+00:00,2,3,2,1212,612,171,1.0
BTCUSDT,2025-12-20 20:30:00+00:00,3,2,3,2472,980,395,18.6125
BTCUSDT,2025-12-20 20:45:00+00:00,3,4,3,2694,1644,456,1.6125
ETHUSDT,2025-12-20 21:15:00+00:00,2,2,2,1539,470,210,3.9875
SOLUSDT,2025-12-20 21:15:00+00:00,2,5,3,1304,933,206,21.8625
XRPUSDT,2025-12-20 21:15:00+00:00,1,2,1,615,263,140,2.1125
BTCUSDT,2025-12-20 21:30:00+00:00,3,4,2,2086,1173,417,1.6125
ETHUSDT,2025-12-20 21:45:00+00:00,2,1,2,1717,482,213,1.0
XRPUSDT,2025-12-20 21:45:00+00:00,1,3,1,727,367,161,17.675
BTCUSDT,2025-12-20 22:15:00+00:00,3,4,4,3084,1661,433,1.6125
ETHUSDT,2025-12-20 22:15:00+00:00,3,4,3,2120,1140,286,1.0
SOLUSDT,2025-12-20 23:45:00+00:00,1,4,2,708,407,147,4.8125
DOGEUSDT,2025-12-21 00:15:00+00:00,1,3,1,304,144,68,47.5125
BTCUSDT,2025-12-21 01:15:00+00:00,2,3,2,1747,853,327,1.0
ETHUSDT,2025-12-21 01:15:00+00:00,3,5,3,2133,1420,199,1.0
ETHUSDT,2025-12-21 01:30:00+00:00,5,2,5,7725,2532,604,22.9625
DOGEUSDT,2025-12-21 02:15:00+00:00,2,4,2,906,524,197,20.825
XRPUSDT,2025-12-21 02:15:00+00:00,2,2,3,1422,626,317,29.175
DOGEUSDT,2025-12-21 03:00:00+00:00,1,2,1,677,298,150,13.8375
ETHUSDT,2025-12-21 03:00:00+00:00,3,2,3,3461,1062,316,16.575
ETHUSDT,2025-12-21 03:45:00+00:00,2,4,2,1510,832,163,1.0
BTCUSDT,2025-12-21 04:30:00+00:00,3,3,3,1943,892,292,11.4125
ETHUSDT,2025-12-21 04:45:00+00:00,2,2,2,903,333,150,3.9875
ETHUSDT,2025-12-21 05:00:00+00:00,2,1,2,1615,431,192,1.0
SOLUSDT,2025-12-21 05:15:00+00:00,1,4,2,792,489,167,4.8125
ETHUSDT,2025-12-21 05:30:00+00:00,2,2,2,1494,641,191,3.9875
DOGEUSDT,2025-12-21 06:00:00+00:00,2,5,1,1122,720,205,4.8875
ETHUSDT,2025-12-21 06:00:00+00:00,2,1,1,1271,342,166,1.0
SOLUSDT,2025-12-21 06:00:00+00:00,1,5,2,740,477,142,1.0
ETHUSDT,2025-12-21 06:30:00+00:00,2,2,2,1120,358,174,3.9875
SOLUSDT,2025-12-21 06:30:00+00:00,1,3,1,516,265,124,1.0
ETHUSDT,2025-12-21 07:15:00+00:00,2,2,2,1280,393,186,3.9875
SOLUSDT,2025-12-21 07:30:00+00:00,1,5,2,747,477,152,1.0
SOLUSDT,2025-12-21 09:00:00+00:00,3,5,3,1980,1265,352,40.7625
DOGEUSDT,2025-12-21 11:30:00+00:00,1,2,1,492,203,101,13.8375
ETHUSDT,2025-12-21 11:45:00+00:00,2,2,3,1511,563,234,3.9875
AVAXUSDT,2025-12-21 13:00:00+00:00,1,5,1,400,287,68,225.225
DOGEUSDT,2025-12-21 17:00:00+00:00,2,4,2,1016,574,186,20.825
DOGEUSDT,2025-12-21 17:45:00+00:00,1,2,1,375,162,90,13.8375
ADAUSDT,2025-12-21 19:30:00+00:00,1,4,1,245,137,58,104.5375
ETHUSDT,2025-12-21 20:00:00+00:00,4,3,3,3774,1863,303,1.0
XRPUSDT,2025-12-21 20:15:00+00:00,1,2,1,590,258,127,2.1125
ETHUSDT,2025-12-21 20:45:00+00:00,3,2,3,3152,1293,319,16.575
ETHUSDT,2025-12-21 23:00:00+00:00,5,1,5,15730,2827,1161,232.8125
DOGEUSDT,2025-12-21 23:15:00+00:00,1,2,1,628,277,140,13.8375
ADAUSDT,2025-12-22 00:15:00+00:00,3,4,3,2241,1336,492,18.4375
DOGEUSDT,2025-12-22 01:45:00+00:00,2,2,1,1076,446,252,56.45
XRPUSDT,2025-12-22 02:15:00+00:00,2,2,3,1636,709,355,29.175
XRPUSDT,2025-12-22 02:45:00+00:00,1,4,2,768,412,167,6.8125
BTCUSDT,2025-12-22 05:30:00+00:00,4,1,3,5009,1442,553,46.3875
SOLUSDT,2025-12-22 06:45:00+00:00,2,5,3,1227,778,237,21.8625
BTCUSDT,2025-12-22 08:00:00+00:00,5,1,5,7956,2090,931,173.075
BTCUSDT,2025-12-22 09:15:00+00:00,5,2,4,9046,3687,754,57.2
SOLUSDT,2025-12-22 09:15:00+00:00,2,4,3,1562,855,364,69.175
BTCUSDT,2025-12-22 09:30:00+00:00,5,2,4,8234,2431,666,57.2
SOLUSDT,2025-12-22 14:30:00+00:00,5,4,5,8220,4632,1679,14.5375
SOLUSDT,2025-12-22 15:15:00+00:00,4,4,4,4596,2486,948,52.7875
ADAUSDT,2025-12-22 18:30:00+00:00,1,4,1,387,221,87,104.5375
DOGEUSDT,2025-12-22 21:00:00+00:00,2,2,1,833,336,187,56.45
XRPUSDT,2025-12-22 22:00:00+00:00,2,4,3,1302,720,264,31.5375
DOGEUSDT,2025-12-22 22:30:00+00:00,2,5,1,1065,697,154,4.8875
SOLUSDT,2025-12-23 00:00:00+00:00,2,5,2,1649,1136,249,21.8625
DOGEUSDT,2025-12-23 01:30:00+00:00,1,2,1,648,280,148,13.8375
SOLUSDT,2025-12-23 02:00:00+00:00,2,3,2,1573,786,361,16.0375
SOLUSDT,2025-12-23 03:00:00+00:00,3,4,3,2708,1546,559,97.675
XRPUSDT,2025-12-23 05:00:00+00:00,2,3,2,1008,469,232,75.6375
SOLUSDT,2025-12-23 06:45:00+00:00,2,5,3,1594,1108,250,21.8625
SOLUSDT,2025-12-23 08:15:00+00:00,2,5,4,1500,981,270,21.8625
XRPUSDT,2025-12-23 19:45:00+00:00,1,2,1,642,264,151,2.1125
SOLUSDT,2025-12-23 20:45:00+00:00,4,5,4,3828,2626,667,28.9
XRPUSDT,2025-12-23 21:45:00+00:00,1,2,1,653,271,149,2.1125
DOGEUSDT,2025-12-23 22:45:00+00:00,1,5,1,647,405,126,1.9625
SOLUSDT,2025-12-23 23:00:00+00:00,3,5,3,2320,1686,313,40.7625
AVAXUSDT,2025-12-23 23:45:00+00:00,1,3,1,212,105,46,1.0
XRPUSDT,2025-12-24 00:15:00+00:00,1,3,1,757,404,163,17.675
SOLUSDT,2025-12-24 01:00:00+00:00,3,5,2,1777,1174,313,40.7625
DOGEUSDT,2025-12-24 02:45:00+00:00,1,2,1,762,331,176,13.8375
DOGEUSDT,2025-12-24 03:15:00+00:00,1,3,2,736,331,162,47.5125
ETHUSDT,2025-12-24 08:30:00+00:00,4,2,4,7512,2267,676,26.225
DOGEUSDT,2025-12-24 10:45:00+00:00,2,3,1,939,449,230,66.0875
ETHUSDT,2025-12-24 11:15:00+00:00,3,1,3,2726,683,341,19.05
XRPUSDT,2025-12-24 12:30:00+00:00,2,3,2,1119,536,266,75.6375
ADAUSDT,2025-12-24 13:00:00+00:00,1,5,1,444,301,81,81.6375
XRPUSDT,2025-12-24 13:00:00+00:00,2,3,1,1232,613,312,75.6375
ADAUSDT,2025-12-24 14:45:00+00:00,2,5,2,1208,782,237,40.525
SOLUSDT,2025-12-24 15:30:00+00:00,4,4,4,3632,2008,811,52.7875
DOGEUSDT,2025-12-24 16:00:00+00:00,2,2,2,1720,756,373,56.45
ETHUSDT,2025-12-24 18:30:00+00:00,3,1,3,3122,638,288,19.05
XRPUSDT,2025-12-24 19:45:00+00:00,1,2,2,781,345,176,2.1125
BTCUSDT,2025-12-24 20:15:00+00:00,3,2,3,2934,1075,419,18.6125
DOGEUSDT,2025-12-24 22:30:00+00:00,1,4,1,710,382,160,16.3375
DOGEUSDT,2025-12-24 22:45:00+00:00,1,2,1,433,177,93,13.8375
BTCUSDT,2025-12-24 23:45:00+00:00,3,2,3,3168,996,392,18.6125
DOGEUSDT,2025-12-25 00:45:00+00:00,1,2,1,462,207,107,13.8375
ETHUSDT,2025-12-25 01:00:00+00:00,2,1,2,1664,458,219,1.0
XRPUSDT,2025-12-25 01:00:00+00:00,1,2,1,628,270,141,2.1125
XRPUSDT,2025-12-25 01:15:00+00:00,1,2,1,633,282,140,2.1125
BTCUSDT,2025-12-25 01:30:00+00:00,3,1,3,3458,845,320,1.0
ETHUSDT,2025-12-25 01:30:00+00:00,3,2,3,1884,588,226,16.575
SOLUSDT,2025-12-25 01:45:00+00:00,1,5,2,795,508,169,1.0
SOLUSDT,2025-12-25 02:15:00+00:00,1,5,2,756,469,150,1.0
ETHUSDT,2025-12-25 03:00:00+00:00,2,1,2,1737,488,261,1.0
DOGEUSDT,2025-12-25 04:15:00+00:00,1,4,1,703,387,144,16.3375
SOLUSDT,2025-12-25 04:15:00+00:00,1,3,1,719,360,165,1.0
ETHUSDT,2025-12-25 04:45:00+00:00,2,2,2,1433,473,208,3.9875
BTCUSDT,2025-12-25 06:45:00+00:00,4,3,3,4473,2017,918,14.5875
ETHUSDT,2025-12-25 06:45:00+00:00,3,4,3,2260,1324,295,1.0
SOLUSDT,2025-12-25 07:00:00+00:00,2,5,3,1115,741,211,21.8625
ETHUSDT,2025-12-25 07:15:00+00:00,3,3,3,1982,1024,333,1.15
ETHUSDT,2025-12-25 07:30:00+00:00,3,4,3,2700,1495,446,1.0
ETHUSDT,2025-12-25 07:45:00+00:00,4,5,4,5027,3157,629,1.325
ETHUSDT,2025-12-25 09:00:00+00:00,3,1,4,3000,624,295,19.05
SOLUSDT,2025-12-25 11:00:00+00:00,2,4,2,1126,609,234,69.175
SOLUSDT,2025-12-25 11:45:00+00:00,2,5,2,1099,687,224,21.8625
DOGEUSDT,2025-12-25 12:30:00+00:00,1,2,1,763,336,185,13.8375
ETHUSDT,2025-12-25 13:30:00+00:00,4,2,5,4856,2079,441,26.225
ETHUSDT,2025-12-25 19:45:00+00:00,2,2,2,1404,429,173,3.9875
SOLUSDT,2025-12-25 19:45:00+00:00,1,3,1,652,328,151,1.0
XRPUSDT,2025-12-25 19:45:00+00:00,1,2,1,619,276,156,2.1125
SOLUSDT,2025-12-25 20:00:00+00:00,1,3,1,762,406,176,1.0
XRPUSDT,2025-12-25 20:30:00+00:00,1,2,2,720,293,164,2.1125
ETHUSDT,2025-12-25 20:45:00+00:00,2,1,2,1684,474,182,1.0
ETHUSDT,2025-12-25 21:15:00+00:00,2,2,3,1507,498,187,3.9875
DOGEUSDT,2025-12-25 21:45:00+00:00,1,2,1,297,124,68,13.8375
SOLUSDT,2025-12-25 22:15:00+00:00,2,4,2,847,509,187,69.175
DOGEUSDT,2025-12-26 00:00:00+00:00,2,3,2,1580,748,369,66.0875
BTCUSDT,2025-12-26 00:30:00+00:00,5,1,5,8400,1935,647,173.075
BTCUSDT,2025-12-26 01:00:00+00:00,4,1,4,6484,1264,496,46.3875
AVAXUSDT,2025-12-26 02:15:00+00:00,4,5,3,3553,3208,229,3.15
DOGEUSDT,2025-12-26 02:15:00+00:00,5,3,4,8131,3984,1572,3.625
BTCUSDT,2025-12-26 04:00:00+00:00,5,2,5,11887,3700,1286,57.2
DOGEUSDT,2025-12-26 05:15:00+00:00,1,2,2,675,293,165,13.8375
SOLUSDT,2025-12-26 06:45:00+00:00,2,4,2,1074,640,243,69.175
ADAUSDT,2025-12-26 07:00:00+00:00,1,5,1,623,460,104,81.6375
XRPUSDT,2025-12-26 07:30:00+00:00,2,3,3,1593,747,356,75.6375
ADAUSDT,2025-12-26 07:45:00+00:00,1,5,1,595,384,121,81.6375
ADAUSDT,2025-12-26 08:15:00+00:00,1,3,1,669,345,177,39.4875
ETHUSDT,2025-12-26 08:30:00+00:00,4,2,4,6711,2513,911,26.225
XRPUSDT,2025-12-26 08:45:00+00:00,2,3,2,1217,569,297,75.6375
ADAUSDT,2025-12-26 12:00:00+00:00,2,5,3,1646,1190,217,40.525
ETHUSDT,2025-12-26 12:15:00+00:00,3,1,3,3247,939,419,19.05
XRPUSDT,2025-12-26 13:15:00+00:00,2,2,1,958,429,238,29.175
DOGEUSDT,2025-12-26 13:45:00+00:00,2,3,1,1029,481,253,66.0875
SOLUSDT,2025-12-26 13:45:00+00:00,4,5,5,6964,4811,1257,28.9
SOLUSDT,2025-12-26 15:00:00+00:00,5,4,5,11666,7167,2235,14.5375
XRPUSDT,2025-12-26 15:30:00+00:00,4,4,4,5075,2740,1043,14.8625
DOGEUSDT,2025-12-26 16:00:00+00:00,3,4,2,2623,1540,539,10.075
AVAXUSDT,2025-12-26 16:45:00+00:00,1,2,1,305,131,54,1.0
ADAUSDT,2025-12-26 17:30:00+00:00,1,5,1,435,275,89,81.6375
XRPUSDT,2025-12-26 18:15:00+00:00,2,2,1,902,384,211,29.175
ETHUSDT,2025-12-26 19:15:00+00:00,4,2,3,3644,1116,306,26.225
DOGEUSDT,2025-12-26 19:30:00+00:00,2,3,1,1046,530,255,66.0875
DOGEUSDT,2025-12-26 19:45:00+00:00,1,4,2,762,427,163,16.3375
SOLUSDT,2025-12-26 20:30:00+00:00,2,5,2,1316,896,232,21.8625
ETHUSDT,2025-12-26 22:00:00+00:00,3,1,2,1866,462,219,19.05
SOLUSDT,2025-12-26 23:00:00+00:00,2,3,2,1008,526,225,16.0375
DOGEUSDT,2025-12-26 23:30:00+00:00,1,5,2,600,390,113,1.9625
XRPUSDT,2025-12-26 23:30:00+00:00,1,2,1,615,273,146,2.1125
SOLUSDT,2025-12-26 23:45:00+00:00,1,3,2,782,414,173,1.0
BTCUSDT,2025-12-27 00:30:00+00:00,3,2,3,2596,1106,496,18.6125
XRPUSDT,2025-12-27 01:15:00+00:00,1,3,2,699,348,164,17.675
DOGEUSDT,2025-12-27 01:30:00+00:00,1,4,1,305,171,67,16.3375
DOGEUSDT,2025-12-27 01:45:00+00:00,1,4,1,414,231,99,16.3375
ETHUSDT,2025-12-27 02:15:00+00:00,2,1,2,1394,357,166,1.0
ETHUSDT,2025-12-27 02:45:00+00:00,2,1,2,1510,400,198,1.0
ETHUSDT,2025-12-27 03:30:00+00:00,2,2,3,1706,574,223,3.9875
DOGEUSDT,2025-12-27 03:45:00+00:00,1,3,1,555,251,132,47.5125
ETHUSDT,2025-12-27 04:15:00+00:00,2,3,2,996,496,163,1.0
ETHUSDT,2025-12-27 04:45:00+00:00,2,2,2,1107,410,171,3.9875
SOLUSDT,2025-12-27 05:30:00+00:00,2,5,2,1079,721,194,21.8625
ETHUSDT,2025-12-27 05:45:00+00:00,2,3,3,1367,656,214,1.0
ETHUSDT,2025-12-27 06:15:00+00:00,2,2,1,1135,448,221,3.9875
SOLUSDT,2025-12-27 06:15:00+00:00,1,4,2,773,462,168,4.8125
ETHUSDT,2025-12-27 07:00:00+00:00,2,3,3,1557,737,219,1.0
ETHUSDT,2025-12-27 07:15:00+00:00,3,2,4,2801,936,318,16.575
ETHUSDT,2025-12-27 07:45:00+00:00,2,3,3,1186,607,242,1.0
ETHUSDT,2025-12-27 08:00:00+00:00,2,3,3,1557,726,240,1.0
SOLUSDT,2025-12-27 08:00:00+00:00,1,3,1,741,395,180,1.0
XRPUSDT,2025-12-27 08:15:00+00:00,1,3,1,664,318,163,17.675
ETHUSDT,2025-12-27 08:30:00+00:00,2,3,3,1595,745,254,1.0
ETHUSDT,2025-12-27 08:45:00+00:00,2,3,3,1333,675,243,1.0
ETHUSDT,2025-12-27 09:00:00+00:00,2,3,3,1538,706,260,1.0
ADAUSDT,2025-12-27 09:15:00+00:00,1,4,1,255,153,56,104.5375
DOGEUSDT,2025-12-27 09:45:00+00:00,1,2,1,762,318,183,13.8375
XRPUSDT,2025-12-27 09:45:00+00:00,1,2,1,766,336,176,2.1125
XRPUSDT,2025-12-27 10:00:00+00:00,2,3,1,807,384,215,75.6375
ETHUSDT,2025-12-27 10:15:00+00:00,3,2,4,2717,894,381,16.575
DOGEUSDT,2025-12-27 10:30:00+00:00,2,3,1,1174,555,309,66.0875
XRPUSDT,2025-12-27 10:45:00+00:00,1,2,1,612,259,147,2.1125
ETHUSDT,2025-12-27 11:00:00+00:00,4,3,4,3482,1666,458,1.0
ETHUSDT,2025-12-27 11:15:00+00:00,3,3,3,2265,1102,314,1.15
DOGEUSDT,2025-12-27 12:15:00+00:00,1,3,1,696,332,188,47.5125
ETHUSDT,2025-12-27 12:15:00+00:00,2,3,3,1528,796,256,1.0
ETHUSDT,2025-12-27 15:15:00+00:00,2,2,3,1659,696,287,3.9875
ETHUSDT,2025-12-27 15:30:00+00:00,3,2,3,2258,995,346,16.575
ETHUSDT,2025-12-27 17:30:00+00:00,2,2,2,1319,502,220,3.9875
BTCUSDT,2025-12-27 17:45:00+00:00,3,3,3,3316,1643,638,11.4125
ETHUSDT,2025-12-27 18:00:00+00:00,2,3,2,1387,656,278,1.0
BTCUSDT,2025-12-27 18:15:00+00:00,4,3,4,4328,2239,837,14.5875
ETHUSDT,2025-12-27 18:30:00+00:00,2,2,2,1223,448,193,3.9875
ETHUSDT,2025-12-27 19:15:00+00:00,2,2,3,1149,468,189,3.9875
SOLUSDT,2025-12-27 19:15:00+00:00,1,3,1,753,402,156,1.0
ETHUSDT,2025-12-27 19:30:00+00:00,2,3,3,1062,558,178,1.0
XRPUSDT,2025-12-27 19:30:00+00:00,1,3,1,582,300,151,17.675
DOGEUSDT,2025-12-27 19:45:00+00:00,1,2,1,549,193,127,13.8375
ETHUSDT,2025-12-27 19:45:00+00:00,2,3,3,1446,669,244,1.0
ADAUSDT,2025-12-27 20:00:00+00:00,4,5,4,6939,5073,1076,4.225
BTCUSDT,2025-12-27 20:30:00+00:00,3,3,3,2836,1318,600,11.4125
ETHUSDT,2025-12-27 20:30:00+00:00,2,3,3,1505,693,207,1.0
BTCUSDT,2025-12-27 20:45:00+00:00,3,4,2,2127,1145,495,1.6125
ETHUSDT,2025-12-27 20:45:00+00:00,2,4,3,991,585,165,1.0
ETHUSDT,2025-12-27 21:15:00+00:00,2,2,2,1256,516,197,3.9875
ETHUSDT,2025-12-27 21:30:00+00:00,2,3,3,1383,643,185,1.0
ETHUSDT,2025-12-27 21:45:00+00:00,3,4,3,1750,1081,172,1.0
SOLUSDT,2025-12-27 22:00:00+00:00,3,5,4,2387,1560,425,40.7625
ADAUSDT,2025-12-27 22:45:00+00:00,1,4,1,352,202,80,104.5375
ETHUSDT,2025-12-27 23:15:00+00:00,3,1,3,2952,617,288,19.05
XRPUSDT,2025-12-27 23:15:00+00:00,1,3,1,673,329,152,17.675
BTCUSDT,2025-12-27 23:30:00+00:00,3,4,2,1957,1052,404,1.6125
ETHUSDT,2025-12-27 23:30:00+00:00,2,1,3,1730,475,174,1.0
ETHUSDT,2025-12-28 02:15:00+00:00,2,2,2,1434,525,205,3.9875
XRPUSDT,2025-12-28 02:15:00+00:00,1,3,1,641,316,153,17.675
XRPUSDT,2025-12-28 03:00:00+00:00,1,3,1,638,319,149,17.675
BTCUSDT,2025-12-28 03:15:00+00:00,3,2,4,2995,1110,478,18.6125
ETHUSDT,2025-12-28 03:15:00+00:00,2,2,3,1502,508,208,3.9875
SOLUSDT,2025-12-28 03:45:00+00:00,1,5,1,776,485,148,1.0
BTCUSDT,2025-12-28 04:15:00+00:00,3,3,3,2585,1231,462,11.4125
ETHUSDT,2025-12-28 04:15:00+00:00,2,2,2,1708,522,215,3.9875
SOLUSDT,2025-12-28 04:15:00+00:00,1,5,2,773,503,141,1.0
BTCUSDT,2025-12-28 04:45:00+00:00,3,2,3,3096,1299,564,18.6125
ETHUSDT,2025-12-28 04:45:00+00:00,2,2,2,1364,487,217,3.9875
ETHUSDT,2025-12-28 05:00:00+00:00,3,1,3,2893,726,311,19.05
XRPUSDT,2025-12-28 05:00:00+00:00,1,3,1,634,328,158,17.675
ETHUSDT,2025-12-28 06:00:00+00:00,3,2,3,2056,636,299,16.575
SOLUSDT,2025-12-28 06:30:00+00:00,1,4,2,748,438,154,4.8125
SOLUSDT,2025-12-28 07:15:00+00:00,1,3,1,774,409,186,1.0
BTCUSDT,2025-12-28 07:45:00+00:00,3,3,3,3013,1383,635,11.4125
SOLUSDT,2025-12-28 09:45:00+00:00,1,4,2,782,442,170,4.8125
BTCUSDT,2025-12-28 11:00:00+00:00,4,4,3,5460,2995,853,2.3625
SOLUSDT,2025-12-28 11:00:00+00:00,2,4,3,1359,836,297,69.175
ETHUSDT,2025-12-28 11:15:00+00:00,3,3,4,2607,1226,320,1.15
ETHUSDT,2025-12-28 11:30:00+00:00,3,3,4,2888,1304,381,1.15
SOLUSDT,2025-12-28 12:00:00+00:00,2,5,3,1474,963,280,21.8625
XRPUSDT,2025-12-28 12:00:00+00:00,1,2,1,765,337,200,2.1125
ETHUSDT,2025-12-28 12:15:00+00:00,3,3,4,2010,978,282,1.15
BTCUSDT,2025-12-28 12:30:00+00:00,4,4,3,5072,2722,904,2.3625
BTCUSDT,2025-12-28 12:45:00+00:00,4,3,3,4042,2031,799,14.5875
ETHUSDT,2025-12-28 12:45:00+00:00,3,3,4,2552,1221,313,1.15
ETHUSDT,2025-12-28 13:00:00+00:00,4,4,5,3910,2283,383,1.0
XRPUSDT,2025-12-28 14:00:00+00:00,1,3,1,734,375,184,17.675
ETHUSDT,2025-12-28 14:30:00+00:00,4,2,4,6348,1952,694,26.225
XRPUSDT,2025-12-28 16:15:00+00:00,2,3,1,1024,496,227,75.6375
AVAXUSDT,2025-12-28 16:30:00+00:00,1,2,1,206,89,51,1.0
ETHUSDT,2025-12-28 16:45:00+00:00,2,3,3,1667,830,297,1.0
ETHUSDT,2025-12-28 17:00:00+00:00,4,4,4,3654,2166,414,1.0
ETHUSDT,2025-12-28 19:15:00+00:00,3,1,3,3240,727,272,19.05
ETHUSDT,2025-12-28 19:45:00+00:00,2,2,2,1704,611,219,3.9875
ETHUSDT,2025-12-28 20:15:00+00:00,3,1,3,2680,757,297,19.05
ETHUSDT,2025-12-28 20:30:00+00:00,2,2,2,1348,549,216,3.9875
ETHUSDT,2025-12-28 21:45:00+00:00,2,1,2,1684,456,196,1.0
ETHUSDT,2025-12-28 22:00:00+00:00,2,1,2,1731,493,205,1.0
SOLUSDT,2025-12-28 22:00:00+00:00,2,5,3,1074,714,181,21.8625
ETHUSDT,2025-12-28 22:30:00+00:00,3,1,3,2336,673,233,19.05
XRPUSDT,2025-12-28 22:30:00+00:00,1,3,1,605,302,130,17.675
XRPUSDT,2025-12-28 22:45:00+00:00,2,3,2,1112,555,227,75.6375
XRPUSDT,2025-12-28 23:30:00+00:00,1,3,1,657,313,170,17.675
SOLUSDT,2025-12-28 23:45:00+00:00,4,5,5,4554,3220,722,28.9
XRPUSDT,2025-12-29 00:00:00+00:00,1,3,1,794,390,175,17.675
SOLUSDT,2025-12-29 01:30:00+00:00,5,5,5,22116,15253,3443,8.275
XRPUSDT,2025-12-29 01:30:00+00:00,3,3,4,2741,1406,554,62.125
DOGEUSDT,2025-12-29 02:00:00+00:00,4,3,4,4641,2468,907,16.275
ETHUSDT,2025-12-29 05:45:00+00:00,4,3,5,7515,3693,484,1.0
ETHUSDT,2025-12-29 06:00:00+00:00,4,3,5,6474,3066,585,1.0
ETHUSDT,2025-12-29 06:15:00+00:00,4,3,5,6717,3548,547,1.0
BTCUSDT,2025-12-29 07:45:00+00:00,5,2,5,8083,2954,1231,57.2
XRPUSDT,2025-12-29 10:15:00+00:00,2,2,2,1131,486,257,29.175
DOGEUSDT,2025-12-29 13:00:00+00:00,2,4,2,1360,764,290,20.825
SOLUSDT,2025-12-29 15:15:00+00:00,4,5,3,3959,2885,581,28.9
SOLUSDT,2025-12-29 15:45:00+00:00,3,5,3,2933,2037,472,40.7625
SOLUSDT,2025-12-29 16:00:00+00:00,3,5,3,3193,2224,532,40.7625
ETHUSDT,2025-12-29 16:45:00+00:00,4,1,4,6695,1401,513,106.55
ETHUSDT,2025-12-29 22:00:00+00:00,3,2,3,2959,877,333,16.575
DOGEUSDT,2025-12-29 23:30:00+00:00,1,4,1,328,182,75,16.3375
BTCUSDT,2025-12-30 02:15:00+00:00,5,4,4,9248,5263,782,1.4
SOLUSDT,2025-12-30 05:45:00+00:00,1,4,2,763,435,170,4.8125
ETHUSDT,2025-12-30 06:45:00+00:00,4,3,3,4237,2074,294,1.0
ETHUSDT,2025-12-30 07:00:00+00:00,4,3,3,4685,2202,364,1.0
SOLUSDT,2025-12-30 08:30:00+00:00,3,5,3,2333,1638,363,40.7625
SOLUSDT,2025-12-30 09:45:00+00:00,2,4,3,1602,916,336,69.175
ETHUSDT,2025-12-30 11:15:00+00:00,4,3,3,4687,2363,403,1.0
XRPUSDT,2025-12-30 11:15:00+00:00,1,4,1,583,321,144,6.8125
DOGEUSDT,2025-12-30 11:30:00+00:00,1,4,1,580,328,126,16.3375
ETHUSDT,2025-12-30 12:45:00+00:00,4,3,4,3636,1683,388,1.0
DOGEUSDT,2025-12-30 17:45:00+00:00,2,3,2,1288,637,285,66.0875
SOLUSDT,2025-12-30 18:30:00+00:00,3,5,4,3080,2522,314,40.7625
XRPUSDT,2025-12-30 19:15:00+00:00,2,3,2,1080,493,259,75.6375
XRPUSDT,2025-12-30 21:15:00+00:00,1,4,1,598,322,134,6.8125
XRPUSDT,2025-12-30 21:30:00+00:00,1,4,1,691,371,141,6.8125
SOLUSDT,2025-12-31 00:15:00+00:00,3,5,4,2627,2013,317,40.7625
DOGEUSDT,2025-12-31 00:30:00+00:00,1,5,1,563,351,100,1.9625
XRPUSDT,2025-12-31 02:00:00+00:00,1,2,2,743,324,174,2.1125
XRPUSDT,2025-12-31 02:45:00+00:00,1,2,2,725,314,164,2.1125
ETHUSDT,2025-12-31 03:45:00+00:00,2,1,2,1488,383,155,1.0
XRPUSDT,2025-12-31 04:15:00+00:00,1,3,2,716,340,157,17.675
SOLUSDT,2025-12-31 05:30:00+00:00,1,3,1,797,421,178,1.0
DOGEUSDT,2025-12-31 05:45:00+00:00,1,5,1,328,213,63,1.9625
DOGEUSDT,2025-12-31 06:30:00+00:00,1,5,1,318,203,73,1.9625
ETHUSDT,2025-12-31 06:45:00+00:00,2,3,2,1073,485,160,1.0
ETHUSDT,2025-12-31 07:45:00+00:00,3,2,3,2861,1122,382,16.575
XRPUSDT,2025-12-31 08:00:00+00:00,1,3,2,720,342,164,17.675
SOLUSDT,2025-12-31 08:15:00+00:00,2,5,3,1372,859,272,21.8625
XRPUSDT,2025-12-31 09:30:00+00:00,1,2,1,585,262,147,2.1125
ETHUSDT,2025-12-31 09:45:00+00:00,3,3,4,2220,1149,285,1.15
ETHUSDT,2025-12-31 10:00:00+00:00,3,2,4,2913,1160,354,16.575
DOGEUSDT,2025-12-31 10:15:00+00:00,1,3,1,732,364,202,47.5125
DOGEUSDT,2025-12-31 11:15:00+00:00,1,3,1,621,307,146,47.5125
DOGEUSDT,2025-12-31 11:30:00+00:00,2,5,2,1327,899,225,4.8875
ETHUSDT,2025-12-31 11:30:00+00:00,5,3,5,10564,4865,811,1.4625
ETHUSDT,2025-12-31 11:45:00+00:00,5,3,5,9950,4712,729,1.4625
ETHUSDT,2025-12-31 13:00:00+00:00,4,1,3,3739,872,342,106.55
ADAUSDT,2025-12-31 14:45:00+00:00,1,5,1,777,500,151,81.6375
ADAUSDT,2025-12-31 16:30:00+00:00,5,5,4,9827,6901,1555,1.0
SOLUSDT,2025-12-31 17:15:00+00:00,3,5,3,2413,1656,395,40.7625
DOGEUSDT,2025-12-31 18:15:00+00:00,2,3,2,1434,710,339,66.0875
DOGEUSDT,2025-12-31 20:00:00+00:00,3,4,3,3447,1848,704,10.075
XRPUSDT,2025-12-31 21:15:00+00:00,2,4,2,985,566,202,31.5375
ETHUSDT,2025-12-31 22:00:00+00:00,3,2,3,1831,657,218,16.575
ETHUSDT,2025-12-31 22:30:00+00:00,3,3,3,2735,1230,319,1.15
ETHUSDT,2025-12-31 23:15:00+00:00,3,3,3,2448,1175,252,1.15
DOGEUSDT,2025-12-31 23:30:00+00:00,1,4,2,523,315,107,16.3375
BTCUSDT,2026-01-01 00:30:00+00:00,3,3,4,2992,1477,458,11.4125
ETHUSDT,2026-01-01 00:30:00+00:00,3,1,3,2128,608,240,19.05
DOGEUSDT,2026-01-01 01:45:00+00:00,1,5,1,715,477,129,1.9625
DOGEUSDT,2026-01-01 02:00:00+00:00,1,5,1,790,512,148,1.9625
ETHUSDT,2026-01-01 02:00:00+00:00,2,1,3,1735,469,201,1.0
ETHUSDT,2026-01-01 02:45:00+00:00,2,2,2,1534,539,173,3.9875
BTCUSDT,2026-01-01 03:00:00+00:00,4,4,4,4816,2702,466,2.3625
BTCUSDT,2026-01-01 03:15:00+00:00,4,4,3,4528,2484,414,2.3625
ETHUSDT,2026-01-01 03:15:00+00:00,2,2,3,1447,524,198,3.9875
ETHUSDT,2026-01-01 04:30:00+00:00,4,3,5,4494,2145,366,1.0
SOLUSDT,2026-01-01 04:30:00+00:00,2,5,2,1479,1106,198,21.8625
XRPUSDT,2026-01-01 04:30:00+00:00,1,4,1,739,446,143,6.8125
BTCUSDT,2026-01-01 05:15:00+00:00,4,3,4,3608,1642,459,14.5875
DOGEUSDT,2026-01-01 05:15:00+00:00,1,3,1,469,211,120,47.5125
SOLUSDT,2026-01-01 05:15:00+00:00,1,4,2,673,406,132,4.8125
BTCUSDT,2026-01-01 05:45:00+00:00,3,4,3,2781,1629,452,1.6125
SOLUSDT,2026-01-01 05:45:00+00:00,1,5,2,770,487,145,1.0
ETHUSDT,2026-01-01 06:00:00+00:00,3,3,4,2519,1348,217,1.15
ETHUSDT,2026-01-01 06:30:00+00:00,2,3,3,1345,648,170,1.0
XRPUSDT,2026-01-01 06:30:00+00:00,1,4,1,492,264,113,6.8125
BTCUSDT,2026-01-01 06:45:00+00:00,3,4,2,1883,1051,418,1.6125
ETHUSDT,2026-01-01 06:45:00+00:00,3,5,4,2096,1492,147,1.0
DOGEUSDT,2026-01-01 07:00:00+00:00,1,4,1,439,253,99,16.3375
ETHUSDT,2026-01-01 07:00:00+00:00,3,4,4,2825,1567,253,1.0
ETHUSDT,2026-01-01 07:15:00+00:00,3,3,3,1936,1035,213,1.15
ETHUSDT,2026-01-01 07:30:00+00:00,3,4,4,2198,1210,288,1.0
XRPUSDT,2026-01-01 07:30:00+00:00,1,2,1,573,249,135,2.1125
BTCUSDT,2026-01-01 07:45:00+00:00,4,3,4,3728,1981,563,14.5875
DOGEUSDT,2026-01-01 07:45:00+00:00,1,5,1,466,312,81,1.9625
ETHUSDT,2026-01-01 07:45:00+00:00,3,3,3,1801,824,298,1.15
BTCUSDT,2026-01-01 08:00:00+00:00,4,3,5,6468,3170,709,14.5875
ETHUSDT,2026-01-01 08:00:00+00:00,3,3,4,2008,960,207,1.15
DOGEUSDT,2026-01-01 08:45:00+00:00,3,4,3,1868,1086,387,10.075
ETHUSDT,2026-01-01 08:45:00+00:00,2,3,4,1520,775,151,1.0
DOGEUSDT,2026-01-01 09:00:00+00:00,4,4,4,4256,2360,829,3.7875
ETHUSDT,2026-01-01 09:45:00+00:00,2,2,3,1461,597,189,3.9875
ETHUSDT,2026-01-01 10:00:00+00:00,2,3,3,1151,535,194,1.0
ETHUSDT,2026-01-01 10:15:00+00:00,2,3,3,1679,878,210,1.0
ETHUSDT,2026-01-01 10:30:00+00:00,2,4,3,1059,583,174,1.0
BTCUSDT,2026-01-01 10:45:00+00:00,3,3,3,2820,1411,519,11.4125
ETHUSDT,2026-01-01 10:45:00+00:00,2,3,2,955,473,167,1.0
ETHUSDT,2026-01-01 11:00:00+00:00,3,3,4,1750,913,235,1.15
XRPUSDT,2026-01-01 11:15:00+00:00,1,3,2,680,339,162,17.675
ETHUSDT,2026-01-01 11:30:00+00:00,3,3,3,2313,1075,315,1.15
XRPUSDT,2026-01-01 11:30:00+00:00,1,4,1,787,445,185,6.8125
ETHUSDT,2026-01-01 11:45:00+00:00,3,3,4,2074,1068,289,1.15
BTCUSDT,2026-01-01 12:00:00+00:00,4,3,4,4006,1914,590,14.5875
ETHUSDT,2026-01-01 12:15:00+00:00,3,4,3,2574,1387,308,1.0
XRPUSDT,2026-01-01 12:15:00+00:00,1,3,1,768,366,196,17.675
ETHUSDT,2026-01-01 12:45:00+00:00,3,3,3,2242,1057,255,1.15
XRPUSDT,2026-01-01 12:45:00+00:00,1,4,1,622,342,149,6.8125
ETHUSDT,2026-01-01 13:30:00+00:00,3,3,3,2625,1269,310,1.15
ETHUSDT,2026-01-01 14:45:00+00:00,3,3,3,2310,1053,263,1.15
XRPUSDT,2026-01-01 15:00:00+00:00,1,4,1,629,342,130,6.8125
ADAUSDT,2026-01-01 15:15:00+00:00,1,4,1,291,180,70,104.5375
DOGEUSDT,2026-01-01 15:30:00+00:00,5,4,4,7652,4482,1409,1.0
DOGEUSDT,2026-01-01 16:15:00+00:00,4,5,3,5220,3491,884,1.6
ETHUSDT,2026-01-01 16:15:00+00:00,3,1,3,3366,815,302,19.05
DOGEUSDT,2026-01-01 16:45:00+00:00,3,5,3,3339,2274,535,2.925
ETHUSDT,2026-01-01 17:00:00+00:00,3,4,4,3062,1723,260,1.0
DOGEUSDT,2026-01-01 17:30:00+00:00,4,5,3,3613,2498,604,1.6
AVAXUSDT,2026-01-01 18:15:00+00:00,4,5,3,5213,4923,193,3.15
DOGEUSDT,2026-01-01 18:15:00+00:00,3,5,2,2145,1554,336,2.925
AVAXUSDT,2026-01-01 18:30:00+00:00,5,5,3,10082,9555,350,1.0
DOGEUSDT,2026-01-01 18:30:00+00:00,3,5,2,1859,1366,290,2.925
ADAUSDT,2026-01-01 19:00:00+00:00,1,5,1,419,260,95,81.6375
AVAXUSDT,2026-01-01 19:30:00+00:00,5,5,4,10845,9527,883,1.0
DOGEUSDT,2026-01-01 19:30:00+00:00,3,5,2,1810,1205,325,2.925
XRPUSDT,2026-01-01 19:30:00+00:00,1,3,1,792,393,179,17.675
AVAXUSDT,2026-01-01 19:45:00+00:00,4,5,3,3998,3340,433,3.15
AVAXUSDT,2026-01-01 20:00:00+00:00,3,5,4,3072,2359,434,11.7
DOGEUSDT,2026-01-01 20:00:00+00:00,3,5,3,2516,1598,471,2.925
ETHUSDT,2026-01-01 20:15:00+00:00,2,2,3,1715,620,197,3.9875
ADAUSDT,2026-01-01 21:15:00+00:00,1,5,1,432,312,67,81.6375
ETHUSDT,2026-01-01 21:30:00+00:00,3,1,3,1863,523,184,19.05
DOGEUSDT,2026-01-01 21:45:00+00:00,2,5,3,1297,949,192,4.8875
ETHUSDT,2026-01-01 22:15:00+00:00,2,2,3,1374,548,180,3.9875
ETHUSDT,2026-01-02 02:45:00+00:00,3,2,4,2804,880,249,16.575
DOGEUSDT,2026-01-02 03:15:00+00:00,3,5,2,2143,1367,410,2.925
DOGEUSDT,2026-01-02 03:30:00+00:00,4,4,4,4815,2884,913,3.7875
ADAUSDT,2026-01-02 04:30:00+00:00,1,5,1,497,361,85,81.6375
XRPUSDT,2026-01-02 05:45:00+00:00,2,5,2,1113,787,147,7.925
XRPUSDT,2026-01-02 06:30:00+00:00,2,5,3,1728,1228,262,7.925
DOGEUSDT,2026-01-02 08:15:00+00:00,3,5,3,1821,1183,309,2.925
DOGEUSDT,2026-01-02 09:15:00+00:00,3,5,2,1795,1216,306,2.925
DOGEUSDT,2026-01-02 10:30:00+00:00,3,4,2,1967,1057,437,10.075
XRPUSDT,2026-01-02 13:30:00+00:00,2,3,3,1460,766,324,75.6375
AVAXUSDT,2026-01-02 14:15:00+00:00,1,5,1,477,340,79,225.225
DOGEUSDT,2026-01-02 14:30:00+00:00,5,2,5,17117,6853,3272,17.275
BTCUSDT,2026-01-02 15:45:00+00:00,5,1,5,26351,4902,1759,173.075
ADAUSDT,2026-01-02 17:00:00+00:00,4,5,4,4930,3305,963,4.225
DOGEUSDT,2026-01-02 17:00:00+00:00,5,4,4,9094,5462,1485,1.0
DOGEUSDT,2026-01-02 17:15:00+00:00,4,4,3,4649,2565,823,3.7875
DOGEUSDT,2026-01-02 18:15:00+00:00,4,5,3,4652,3070,714,1.6
DOGEUSDT,2026-01-02 19:15:00+00:00,4,5,3,4014,2805,604,1.6
DOGEUSDT,2026-01-02 19:30:00+00:00,3,5,2,2751,1980,368,2.925
DOGEUSDT,2026-01-02 19:45:00+00:00,4,5,3,4341,3613,372,1.6
DOGEUSDT,2026-01-02 20:00:00+00:00,4,5,3,5098,3637,683,1.6
DOGEUSDT,2026-01-02 20:30:00+00:00,3,5,3,1997,1297,332,2.925
DOGEUSDT,2026-01-02 21:15:00+00:00,3,5,3,2308,1557,361,2.925
DOGEUSDT,2026-01-02 22:00:00+00:00,5,4,5,18018,10771,2841,1.0
DOGEUSDT,2026-01-02 22:45:00+00:00,5,3,4,8281,4377,1337,3.625
BTCUSDT,2026-01-02 23:30:00+00:00,4,2,4,4099,1413,496,104.35
DOGEUSDT,2026-01-03 00:00:00+00:00,3,4,4,3408,2019,613,10.075
ETHUSDT,2026-01-03 00:30:00+00:00,3,1,3,3089,673,276,19.05
AVAXUSDT,2026-01-03 01:15:00+00:00,1,5,1,200,135,39,225.225
DOGEUSDT,2026-01-03 02:45:00+00:00,3,3,3,2169,1069,475,36.4125
ETHUSDT,2026-01-03 04:15:00+00:00,2,1,3,1477,397,169,1.0
SOLUSDT,2026-01-03 05:15:00+00:00,2,5,3,1678,1162,251,21.8625
BTCUSDT,2026-01-03 06:00:00+00:00,4,3,4,4340,1958,580,14.5875
XRPUSDT,2026-01-03 06:30:00+00:00,3,5,3,2725,1799,409,12.5625
XRPUSDT,2026-01-03 07:30:00+00:00,4,4,4,4224,2356,819,14.8625
DOGEUSDT,2026-01-03 10:00:00+00:00,3,4,3,2740,1595,539,10.075
XRPUSDT,2026-01-03 10:00:00+00:00,2,3,2,1177,571,252,75.6375
BTCUSDT,2026-01-03 12:30:00+00:00,3,2,4,3466,1371,540,18.6125
DOGEUSDT,2026-01-03 12:30:00+00:00,2,4,2,1139,654,235,20.825
DOGEUSDT,2026-01-03 12:45:00+00:00,4,5,4,4274,2935,646,1.6
SOLUSDT,2026-01-03 12:45:00+00:00,3,4,3,1804,1103,342,97.675
ETHUSDT,2026-01-03 13:45:00+00:00,2,1,3,1743,463,214,1.0
DOGEUSDT,2026-01-03 15:15:00+00:00,2,5,2,1318,831,251,4.8875
SOLUSDT,2026-01-03 15:15:00+00:00,2,5,3,1523,1021,270,21.8625
ETHUSDT,2026-01-03 15:30:00+00:00,3,1,3,2592,640,261,19.05
BTCUSDT,2026-01-03 15:45:00+00:00,3,3,3,3118,1472,642,11.4125
DOGEUSDT,2026-01-03 16:00:00+00:00,4,4,4,4669,2519,855,3.7875
ETHUSDT,2026-01-03 18:00:00+00:00,2,1,3,1643,463,185,1.0
ETHUSDT,2026-01-03 18:45:00+00:00,2,1,3,1246,332,154,1.0
SOLUSDT,2026-01-03 19:15:00+00:00,1,3,1,773,413,164,1.0
ETHUSDT,2026-01-03 19:30:00+00:00,2,1,3,1609,404,181,1.0
BTCUSDT,2026-01-03 20:00:00+00:00,4,3,3,4250,1956,683,14.5875
BTCUSDT,2026-01-03 20:15:00+00:00,3,3,2,2856,1383,550,11.4125
ETHUSDT,2026-01-03 20:15:00+00:00,2,2,2,1331,457,180,3.9875
XRPUSDT,2026-01-03 20:15:00+00:00,1,2,1,597,266,140,2.1125
ETHUSDT,2026-01-03 21:00:00+00:00,2,1,2,1727,412,192,1.0
XRPUSDT,2026-01-03 21:00:00+00:00,1,2,1,721,311,148,2.1125
XRPUSDT,2026-01-03 21:45:00+00:00,1,2,1,721,320,160,2.1125
XRPUSDT,2026-01-03 22:00:00+00:00,1,3,1,772,357,184,17.675
DOGEUSDT,2026-01-04 05:00:00+00:00,3,3,3,2291,1095,486,36.4125
ETHUSDT,2026-01-04 05:00:00+00:00,4,3,3,3971,1953,333,1.0
ETHUSDT,2026-01-04 05:45:00+00:00,2,2,2,1740,555,201,3.9875
XRPUSDT,2026-01-04 05:45:00+00:00,3,5,2,2247,1553,313,12.5625
SOLUSDT,2026-01-04 07:45:00+00:00,2,3,4,1225,637,248,16.0375
DOGEUSDT,2026-01-04 08:00:00+00:00,3,3,3,3420,1640,717,36.4125
ETHUSDT,2026-01-04 09:30:00+00:00,3,1,3,2822,756,310,19.05
ETHUSDT,2026-01-04 10:45:00+00:00,3,3,3,3120,1492,377,1.15
ETHUSDT,2026-01-04 11:00:00+00:00,4,4,4,7201,3949,731,1.0
ADAUSDT,2026-01-04 11:30:00+00:00,3,5,1,2738,2504,148,15.725
ADAUSDT,2026-01-04 11:45:00+00:00,3,5,1,1895,1685,135,15.725
ETHUSDT,2026-01-04 12:00:00+00:00,4,2,4,3498,1139,406,26.225
DOGEUSDT,2026-01-04 13:15:00+00:00,3,4,3,3113,1716,592,10.075
AVAXUSDT,2026-01-04 13:45:00+00:00,1,5,2,470,338,71,225.225
XRPUSDT,2026-01-04 14:00:00+00:00,3,3,3,2283,1028,453,62.125
ETHUSDT,2026-01-04 15:15:00+00:00,3,2,3,2535,755,308,16.575
XRPUSDT,2026-01-04 17:00:00+00:00,2,2,2,1468,627,312,29.175
DOGEUSDT,2026-01-04 17:30:00+00:00,2,3,2,1421,753,297,66.0875
ETHUSDT,2026-01-04 19:30:00+00:00,3,1,3,2641,556,218,19.05
AVAXUSDT,2026-01-04 19:45:00+00:00,1,5,1,222,162,35,225.225
ETHUSDT,2026-01-04 19:45:00+00:00,3,1,4,2220,573,207,19.05
DOGEUSDT,2026-01-04 21:15:00+00:00,2,4,2,930,498,185,20.825
BTCUSDT,2026-01-04 22:45:00+00:00,3,1,3,3044,855,396,1.0
ETHUSDT,2026-01-04 22:45:00+00:00,3,1,3,2233,496,220,19.05
SOLUSDT,2026-01-05 07:30:00+00:00,2,4,3,1459,827,330,69.175
DOGEUSDT,2026-01-05 09:45:00+00:00,5,3,4,8007,3823,1466,3.625
BTCUSDT,2026-01-05 13:45:00+00:00,5,2,5,9395,3373,1091,57.2
ADAUSDT,2026-01-05 15:45:00+00:00,3,4,3,2813,1718,610,18.4375
DOGEUSDT,2026-01-05 16:15:00+00:00,4,4,3,6560,3677,1211,3.7875
DOGEUSDT,2026-01-05 16:30:00+00:00,4,4,4,7324,3945,1372,3.7875
XRPUSDT,2026-01-05 17:00:00+00:00,4,2,4,3550,1585,701,29.925
DOGEUSDT,2026-01-05 17:45:00+00:00,5,3,5,13085,6276,2403,3.625
SOLUSDT,2026-01-05 18:00:00+00:00,4,4,4,3831,2164,798,52.7875
SOLUSDT,2026-01-06 00:00:00+00:00,4,5,4,4025,2827,620,28.9
ADAUSDT,2026-01-06 03:45:00+00:00,1,4,1,535,311,128,104.5375
ETHUSDT,2026-01-06 05:30:00+00:00,4,1,4,4763,842,406,106.55
XRPUSDT,2026-01-06 07:45:00+00:00,5,4,5,11532,7117,1755,4.1125
SOLUSDT,2026-01-06 08:30:00+00:00,3,5,2,2426,1532,476,40.7625
XRPUSDT,2026-01-06 09:45:00+00:00,4,3,4,4392,1990,891,32.2375
DOGEUSDT,2026-01-06 14:30:00+00:00,5,3,4,8778,3968,1851,3.625
SOLUSDT,2026-01-06 14:45:00+00:00,5,4,5,10642,6507,2055,14.5375
SOLUSDT,2026-01-06 16:15:00+00:00,5,5,5,8334,5267,1583,8.275
XRPUSDT,2026-01-06 16:15:00+00:00,5,5,5,23285,15012,3077,1.5875
XRPUSDT,2026-01-06 16:45:00+00:00,5,4,5,14337,7742,2492,4.1125
DOGEUSDT,2026-01-06 17:15:00+00:00,4,4,3,4248,2346,779,3.7875
XRPUSDT,2026-01-06 17:15:00+00:00,4,4,4,7207,4099,1307,14.8625
ADAUSDT,2026-01-06 17:30:00+00:00,2,3,3,1423,761,333,28.9875
ADAUSDT,2026-01-06 18:00:00+00:00,2,4,2,1702,958,386,52.55
ADAUSDT,2026-01-06 18:30:00+00:00,1,4,1,528,304,133,104.5375
SOLUSDT,2026-01-06 19:45:00+00:00,2,4,2,1622,997,342,69.175
DOGEUSDT,2026-01-06 21:45:00+00:00,2,2,2,1666,739,337,56.45
ETHUSDT,2026-01-06 22:45:00+00:00,4,1,4,5478,1345,491,106.55
XRPUSDT,2026-01-07 00:15:00+00:00,5,5,4,10840,8669,942,1.5875
XRPUSDT,2026-01-07 00:30:00+00:00,5,5,4,7667,5625,739,1.5875
XRPUSDT,2026-01-07 01:15:00+00:00,4,3,4,5676,2642,1038,32.2375
DOGEUSDT,2026-01-07 04:15:00+00:00,1,2,1,712,318,176,13.8375
XRPUSDT,2026-01-07 05:30:00+00:00,3,3,3,2863,1523,517,62.125
SOLUSDT,2026-01-07 09:15:00+00:00,4,5,4,7392,5457,1097,28.9
DOGEUSDT,2026-01-07 09:30:00+00:00,4,3,4,5237,2507,994,16.275
XRPUSDT,2026-01-07 09:30:00+00:00,4,3,4,6437,3139,1160,32.2375
XRPUSDT,2026-01-07 11:15:00+00:00,2,2,2,1491,612,311,29.175
XRPUSDT,2026-01-07 12:30:00+00:00,3,2,2,1767,773,366,48.225
SOLUSDT,2026-01-07 18:45:00+00:00,3,4,4,2981,1756,569,97.675
ETHUSDT,2026-01-07 19:45:00+00:00,4,1,4,5804,1141,468,106.55
SOLUSDT,2026-01-07 21:15:00+00:00,2,4,2,1152,674,243,69.175
ADAUSDT,2026-01-08 00:00:00+00:00,1,5,1,468,292,93,81.6375
XRPUSDT,2026-01-08 00:00:00+00:00,3,2,3,2860,1051,525,48.225
BTCUSDT,2026-01-08 05:45:00+00:00,4,2,4,4520,1464,498,104.35
BTCUSDT,2026-01-08 08:30:00+00:00,5,3,5,20823,10151,1474,3.325
ETHUSDT,2026-01-08 12:00:00+00:00,5,2,5,18045,5745,1373,22.9625
SOLUSDT,2026-01-08 12:45:00+00:00,2,3,2,1298,693,309,16.0375
DOGEUSDT,2026-01-08 15:30:00+00:00,4,5,3,5002,3128,771,1.6
DOGEUSDT,2026-01-08 15:45:00+00:00,3,4,3,3203,1921,506,10.075
DOGEUSDT,2026-01-08 16:00:00+00:00,4,5,3,6094,4161,870,1.6
XRPUSDT,2026-01-08 16:15:00+00:00,5,5,4,8787,6157,1055,1.5875
XRPUSDT,2026-01-08 16:45:00+00:00,4,5,4,6756,4273,1004,7.4375
DOGEUSDT,2026-01-08 17:00:00+00:00,4,4,3,3863,2237,680,3.7875
DOGEUSDT,2026-01-08 17:15:00+00:00,3,5,2,2698,1680,443,2.925
ETHUSDT,2026-01-08 17:45:00+00:00,5,2,5,13732,4573,1007,22.9625
SOLUSDT,2026-01-08 18:00:00+00:00,4,5,4,3975,2610,712,28.9
ETHUSDT,2026-01-08 21:30:00+00:00,4,1,4,4681,1288,531,106.55
DOGEUSDT,2026-01-08 23:45:00+00:00,1,4,1,561,308,118,16.3375
ETHUSDT,2026-01-09 00:30:00+00:00,3,1,3,3329,650,276,19.05
BTCUSDT,2026-01-09 02:45:00+00:00,4,2,4,5742,1944,611,104.35
XRPUSDT,2026-01-09 04:00:00+00:00,3,3,3,1824,820,390,62.125
ADAUSDT,2026-01-09 04:45:00+00:00,1,2,1,314,108,57,2.95
ETHUSDT,2026-01-09 05:30:00+00:00,3,1,2,2954,590,225,19.05
DOGEUSDT,2026-01-09 06:00:00+00:00,2,5,1,939,629,157,4.8875
XRPUSDT,2026-01-09 07:30:00+00:00,3,5,3,2566,1630,393,12.5625
XRPUSDT,2026-01-09 08:45:00+00:00,5,5,5,12947,8223,1792,1.5875
SOLUSDT,2026-01-09 11:45:00+00:00,2,5,2,1496,936,283,21.8625
ADAUSDT,2026-01-09 14:45:00+00:00,2,4,2,1204,715,265,52.55
XRPUSDT,2026-01-09 15:15:00+00:00,5,3,4,9576,4747,1783,12.4625
AVAXUSDT,2026-01-09 15:30:00+00:00,2,5,2,890,606,184,51.5625
DOGEUSDT,2026-01-09 15:30:00+00:00,5,3,4,10315,5036,2089,3.625
BTCUSDT,2026-01-09 21:45:00+00:00,3,1,3,3277,945,378,1.0
SOLUSDT,2026-01-09 21:45:00+00:00,2,5,2,1733,1179,295,21.8625
XRPUSDT,2026-01-09 22:00:00+00:00,2,4,2,1452,853,263,31.5375
SOLUSDT,2026-01-09 22:15:00+00:00,2,5,3,1676,1170,269,21.8625
DOGEUSDT,2026-01-09 22:45:00+00:00,1,3,1,617,320,110,47.5125
ETHUSDT,2026-01-09 22:45:00+00:00,3,2,2,2196,787,215,16.575
BTCUSDT,2026-01-09 23:00:00+00:00,3,1,4,3114,845,377,1.0
BTCUSDT,2026-01-09 23:15:00+00:00,3,3,4,2443,1147,300,11.4125
DOGEUSDT,2026-01-10 01:30:00+00:00,1,3,1,364,185,88,47.5125
BTCUSDT,2026-01-10 02:30:00+00:00,3,3,4,3458,1612,452,11.4125
BTCUSDT,2026-01-10 03:45:00+00:00,3,4,3,2921,1696,340,1.6125
DOGEUSDT,2026-01-10 03:45:00+00:00,1,3,1,579,279,113,47.5125
XRPUSDT,2026-01-10 03:45:00+00:00,1,3,1,734,374,170,17.675
XRPUSDT,2026-01-10 04:15:00+00:00,1,2,1,723,317,164,2.1125
ETHUSDT,2026-01-10 05:00:00+00:00,3,3,4,2893,1491,267,1.15
ETHUSDT,2026-01-10 05:15:00+00:00,2,3,2,1150,540,163,1.0
SOLUSDT,2026-01-10 05:15:00+00:00,1,5,1,763,480,156,1.0
ETHUSDT,2026-01-10 05:30:00+00:00,3,4,3,2679,1602,219,1.0
BTCUSDT,2026-01-10 05:45:00+00:00,2,3,2,1467,726,289,1.0
BTCUSDT,2026-01-10 06:00:00+00:00,2,3,2,1602,801,318,1.0
ETHUSDT,2026-01-10 06:00:00+00:00,3,3,3,1997,1029,211,1.15
ETHUSDT,2026-01-10 06:15:00+00:00,3,3,3,2464,1121,258,1.15
ETHUSDT,2026-01-10 06:30:00+00:00,2,3,2,1453,699,186,1.0
BTCUSDT,2026-01-10 06:45:00+00:00,3,5,2,2635,1678,355,1.0
ETHUSDT,2026-01-10 06:45:00+00:00,2,3,2,1295,621,185,1.0
ETHUSDT,2026-01-10 07:00:00+00:00,4,3,4,3826,1931,383,1.0
BTCUSDT,2026-01-10 07:30:00+00:00,3,2,3,3264,1247,456,18.6125
ETHUSDT,2026-01-10 07:45:00+00:00,2,3,3,1382,656,216,1.0
ETHUSDT,2026-01-10 08:00:00+00:00,2,2,3,1653,674,254,3.9875
ETHUSDT,2026-01-10 08:45:00+00:00,2,3,3,1181,586,188,1.0
DOGEUSDT,2026-01-10 09:00:00+00:00,2,5,2,1194,861,150,4.8875
ETHUSDT,2026-01-10 09:30:00+00:00,2,2,3,1658,646,208,3.9875
DOGEUSDT,2026-01-10 10:45:00+00:00,1,5,1,787,505,137,1.9625
DOGEUSDT,2026-01-10 12:00:00+00:00,2,5,2,820,524,140,4.8875
ETHUSDT,2026-01-10 13:30:00+00:00,2,1,2,1292,355,177,1.0
ETHUSDT,2026-01-10 14:15:00+00:00,3,2,3,2031,620,256,16.575
ETHUSDT,2026-01-10 15:00:00+00:00,2,2,3,1659,522,221,3.9875
SOLUSDT,2026-01-10 15:15:00+00:00,2,5,2,1351,903,253,21.8625
BTCUSDT,2026-01-10 15:30:00+00:00,3,4,3,2951,1662,536,1.6125
ETHUSDT,2026-01-10 16:15:00+00:00,2,2,2,1368,596,234,3.9875
ETHUSDT,2026-01-10 16:45:00+00:00,2,2,1,1046,453,184,3.9875
DOGEUSDT,2026-01-10 17:00:00+00:00,1,3,1,372,196,85,47.5125
ETHUSDT,2026-01-10 17:30:00+00:00,3,5,2,2592,2082,196,1.0
DOGEUSDT,2026-01-10 18:00:00+00:00,1,3,2,774,404,147,47.5125
SOLUSDT,2026-01-10 18:30:00+00:00,2,5,2,1272,900,197,21.8625
ETHUSDT,2026-01-10 18:45:00+00:00,2,3,3,1085,545,181,1.0
ETHUSDT,2026-01-10 19:00:00+00:00,2,3,2,978,452,154,1.0
ETHUSDT,2026-01-10 19:15:00+00:00,2,3,3,1211,623,168,1.0
DOGEUSDT,2026-01-10 19:30:00+00:00,1,5,1,515,323,94,1.9625
BTCUSDT,2026-01-10 19:45:00+00:00,3,3,3,2702,1357,546,11.4125
DOGEUSDT,2026-01-10 19:45:00+00:00,1,5,1,438,286,75,1.9625
DOGEUSDT,2026-01-10 20:00:00+00:00,2,5,1,1148,766,197,4.8875
ETHUSDT,2026-01-10 20:15:00+00:00,1,4,1,711,399,119,1.0
ETHUSDT,2026-01-10 20:45:00+00:00,2,3,2,1062,506,139,1.0
SOLUSDT,2026-01-10 21:15:00+00:00,1,5,1,748,472,157,1.0
BTCUSDT,2026-01-10 21:30:00+00:00,3,3,3,2430,1147,451,11.4125
BTCUSDT,2026-01-10 21:45:00+00:00,3,4,3,2204,1228,440,1.6125
XRPUSDT,2026-01-10 22:45:00+00:00,3,4,2,1754,1014,312,28.8375
ETHUSDT,2026-01-10 23:15:00+00:00,3,3,3,2053,966,233,1.15
SOLUSDT,2026-01-10 23:15:00+00:00,1,5,2,759,486,130,1.0
DOGEUSDT,2026-01-10 23:30:00+00:00,1,5,1,362,226,56,1.9625
BTCUSDT,2026-01-11 00:00:00+00:00,4,3,3,3648,1648,545,14.5875
XRPUSDT,2026-01-11 00:30:00+00:00,1,4,1,650,370,139,6.8125
ETHUSDT,2026-01-11 00:45:00+00:00,2,1,2,1340,331,153,1.0
ETHUSDT,2026-01-11 01:30:00+00:00,2,2,3,1542,501,190,3.9875
BTCUSDT,2026-01-11 01:45:00+00:00,3,3,2,1915,964,384,11.4125
ETHUSDT,2026-01-11 02:30:00+00:00,2,2,1,936,364,137,3.9875
ETHUSDT,2026-01-11 02:45:00+00:00,2,1,2,1468,389,178,1.0
BTCUSDT,2026-01-11 03:00:00+00:00,3,3,3,2490,1158,416,11.4125
ETHUSDT,2026-01-11 03:00:00+00:00,2,1,2,1064,299,134,1.0
DOGEUSDT,2026-01-11 03:15:00+00:00,1,3,1,424,213,98,47.5125
ETHUSDT,2026-01-11 03:15:00+00:00,2,1,2,1434,374,161,1.0
XRPUSDT,2026-01-11 04:00:00+00:00,1,3,2,657,341,159,17.675
ETHUSDT,2026-01-11 04:15:00+00:00,2,2,2,1008,407,139,3.9875
SOLUSDT,2026-01-11 04:15:00+00:00,2,5,2,1100,735,191,21.8625
BTCUSDT,2026-01-11 04:45:00+00:00,2,3,3,1674,806,302,1.0
ETHUSDT,2026-01-11 04:45:00+00:00,1,2,2,665,245,93,1.0
SOLUSDT,2026-01-11 04:45:00+00:00,1,5,1,654,408,128,1.0
XRPUSDT,2026-01-11 04:45:00+00:00,1,3,1,455,209,107,17.675
BTCUSDT,2026-01-11 05:00:00+00:00,2,3,3,1447,741,329,1.0
SOLUSDT,2026-01-11 05:00:00+00:00,1,5,1,758,494,145,1.0
ETHUSDT,2026-01-11 05:15:00+00:00,1,2,3,773,343,124,1.0
BTCUSDT,2026-01-11 05:30:00+00:00,3,2,3,2053,885,378,18.6125
ETHUSDT,2026-01-11 05:30:00+00:00,2,2,3,850,297,117,3.9875
SOLUSDT,2026-01-11 05:30:00+00:00,1,5,1,711,443,138,1.0
DOGEUSDT,2026-01-11 06:00:00+00:00,2,5,1,1095,758,162,4.8875
ETHUSDT,2026-01-11 06:30:00+00:00,2,1,2,964,274,132,1.0
SOLUSDT,2026-01-11 06:45:00+00:00,1,5,1,749,469,144,1.0
ETHUSDT,2026-01-11 07:00:00+00:00,2,2,2,1131,348,143,3.9875
ETHUSDT,2026-01-11 07:15:00+00:00,2,1,2,1248,333,152,1.0
SOLUSDT,2026-01-11 07:30:00+00:00,1,5,2,772,483,144,1.0
ETHUSDT,2026-01-11 07:45:00+00:00,2,4,2,1598,931,162,1.0
ETHUSDT,2026-01-11 08:00:00+00:00,2,1,2,1542,355,159,1.0
BTCUSDT,2026-01-11 08:15:00+00:00,3,3,3,2303,1090,465,11.4125
DOGEUSDT,2026-01-11 08:15:00+00:00,1,4,1,335,185,84,16.3375
ETHUSDT,2026-01-11 08:15:00+00:00,2,2,2,964,340,139,3.9875
XRPUSDT,2026-01-11 08:30:00+00:00,1,3,1,753,387,166,17.675
BTCUSDT,2026-01-11 09:00:00+00:00,3,4,4,2462,1323,420,1.6125
ETHUSDT,2026-01-11 10:00:00+00:00,3,2,4,2003,841,225,16.575
ETHUSDT,2026-01-11 10:15:00+00:00,2,2,3,1533,532,189,3.9875
ADAUSDT,2026-01-11 10:30:00+00:00,1,2,1,208,90,54,2.95
DOGEUSDT,2026-01-11 15:45:00+00:00,5,4,4,11393,6411,1765,1.0
BTCUSDT,2026-01-11 16:00:00+00:00,4,3,4,6550,3269,720,14.5875
DOGEUSDT,2026-01-11 16:15:00+00:00,3,5,3,2696,1734,437,2.925
XRPUSDT,2026-01-11 17:45:00+00:00,2,4,1,939,512,204,31.5375
DOGEUSDT,2026-01-11 19:15:00+00:00,1,4,1,584,336,134,16.3375
DOGEUSDT,2026-01-11 19:45:00+00:00,3,4,2,1810,1077,356,10.075
ETHUSDT,2026-01-11 19:45:00+00:00,3,1,3,3397,835,294,19.05
BTCUSDT,2026-01-11 20:45:00+00:00,3,2,4,3134,1216,371,18.6125
ETHUSDT,2026-01-11 20:45:00+00:00,4,3,4,4273,2205,341,1.0
ETHUSDT,2026-01-11 21:30:00+00:00,3,2,3,3258,1433,244,16.575
ETHUSDT,2026-01-11 22:45:00+00:00,3,3,3,2980,1371,238,1.15
DOGEUSDT,2026-01-12 00:45:00+00:00,3,3,2,2689,1248,565,36.4125
SOLUSDT,2026-01-12 00:45:00+00:00,4,5,5,5681,3651,1050,28.9
SOLUSDT,2026-01-12 07:30:00+00:00,4,5,5,5141,3842,682,28.9
SOLUSDT,2026-01-12 07:45:00+00:00,4,5,4,3882,2738,598,28.9
DOGEUSDT,2026-01-12 08:15:00+00:00,4,5,2,4227,3283,483,1.6
DOGEUSDT,2026-01-12 08:30:00+00:00,5,5,4,15101,10948,2055,1.0
ADAUSDT,2026-01-12 08:45:00+00:00,3,5,2,2172,1621,296,15.725
DOGEUSDT,2026-01-12 08:45:00+00:00,5,5,3,8985,6861,1083,1.0
XRPUSDT,2026-01-12 09:45:00+00:00,2,2,3,1439,601,292,29.175
DOGEUSDT,2026-01-12 10:00:00+00:00,3,5,2,2245,1545,322,2.925
ETHUSDT,2026-01-12 10:30:00+00:00,3,1,3,3420,708,294,19.05
DOGEUSDT,2026-01-12 12:00:00+00:00,2,5,2,1603,1062,250,4.8875
DOGEUSDT,2026-01-12 14:15:00+00:00,4,3,3,5223,2784,953,16.275
DOGEUSDT,2026-01-12 15:15:00+00:00,4,4,3,3932,2194,820,3.7875
SOLUSDT,2026-01-12 15:15:00+00:00,4,4,4,4976,2752,1054,52.7875
DOGEUSDT,2026-01-12 16:00:00+00:00,3,2,2,2311,961,490,69.6875
SOLUSDT,2026-01-12 17:30:00+00:00,5,5,5,8584,5883,1423,8.275
SOLUSDT,2026-01-12 20:00:00+00:00,3,4,3,2237,1326,440,97.675
XRPUSDT,2026-01-12 21:00:00+00:00,3,4,3,3054,1879,441,28.8375
BTCUSDT,2026-01-12 21:30:00+00:00,3,1,3,3124,888,358,1.0
ETHUSDT,2026-01-12 22:15:00+00:00,4,2,4,3581,1278,358,26.225
SOLUSDT,2026-01-12 22:30:00+00:00,3,5,3,2038,1265,397,40.7625
ETHUSDT,2026-01-12 23:45:00+00:00,2,1,2,1569,456,189,1.0
DOGEUSDT,2026-01-13 00:00:00+00:00,3,5,3,1888,1235,279,2.925
XRPUSDT,2026-01-13 01:15:00+00:00,2,2,2,990,439,216,29.175
DOGEUSDT,2026-01-13 01:30:00+00:00,2,5,1,1387,861,245,4.8875
ETHUSDT,2026-01-13 02:15:00+00:00,3,3,2,3294,1724,224,1.15
SOLUSDT,2026-01-13 04:30:00+00:00,3,5,2,2129,1609,284,40.7625
ETHUSDT,2026-01-13 05:45:00+00:00,4,2,4,4469,1503,472,26.225
ETHUSDT,2026-01-13 07:45:00+00:00,4,4,5,3597,2081,341,1.0
ETHUSDT,2026-01-13 08:00:00+00:00,4,3,4,5022,2279,399,1.0
ADAUSDT,2026-01-13 08:15:00+00:00,1,4,1,203,124,45,104.5375
ETHUSDT,2026-01-13 08:15:00+00:00,4,4,4,4252,2415,309,1.0
ETHUSDT,2026-01-13 08:30:00+00:00,4,5,5,5512,3719,325,1.325
ETHUSDT,2026-01-13 08:45:00+00:00,4,4,5,5921,3293,460,1.0
ETHUSDT,2026-01-13 11:00:00+00:00,4,2,3,4096,1391,407,26.225
AVAXUSDT,2026-01-13 16:00:00+00:00,5,5,3,7788,6992,480,1.0
AVAXUSDT,2026-01-13 16:15:00+00:00,5,5,3,9021,8469,356,1.0
AVAXUSDT,2026-01-13 16:30:00+00:00,5,5,3,12865,12218,406,1.0
DOGEUSDT,2026-01-13 16:30:00+00:00,4,3,3,3587,1900,706,16.275
SOLUSDT,2026-01-13 21:45:00+00:00,2,3,2,1226,633,284,16.0375
ADAUSDT,2026-01-13 22:00:00+00:00,5,4,4,8270,4904,1729,1.275
ADAUSDT,2026-01-13 22:15:00+00:00,4,5,4,5555,3652,990,4.225
AVAXUSDT,2026-01-13 22:30:00+00:00,2,5,2,1728,1450,171,51.5625
XRPUSDT,2026-01-13 22:30:00+00:00,4,3,4,5068,2329,1012,32.2375
ADAUSDT,2026-01-14 01:30:00+00:00,2,5,3,959,636,173,40.525
DOGEUSDT,2026-01-14 02:00:00+00:00,2,3,2,1673,755,361,66.0875
ETHUSDT,2026-01-14 02:00:00+00:00,5,2,5,14794,4330,1263,22.9625
BTCUSDT,2026-01-14 02:45:00+00:00,4,2,5,6711,2078,689,104.35
XRPUSDT,2026-01-14 05:15:00+00:00,4,4,4,3910,2423,634,14.8625
XRPUSDT,2026-01-14 06:00:00+00:00,4,5,4,6551,4550,842,7.4375
XRPUSDT,2026-01-14 06:30:00+00:00,4,5,4,7286,5787,731,7.4375
XRPUSDT,2026-01-14 08:00:00+00:00,4,5,3,4120,2979,515,7.4375
ETHUSDT,2026-01-14 08:45:00+00:00,4,2,4,3775,1247,417,26.225
BTCUSDT,2026-01-14 12:00:00+00:00,5,3,5,13627,6445,1182,3.325
BTCUSDT,2026-01-14 12:15:00+00:00,5,4,4,8528,5104,789,1.4
BTCUSDT,2026-01-14 12:45:00+00:00,3,3,4,3149,1439,544,11.4125
SOLUSDT,2026-01-14 13:30:00+00:00,2,3,2,1683,899,381,16.0375
DOGEUSDT,2026-01-14 13:45:00+00:00,2,3,2,1127,510,244,66.0875
ADAUSDT,2026-01-14 14:30:00+00:00,3,4,2,1755,1024,402,18.4375
XRPUSDT,2026-01-14 14:30:00+00:00,4,2,4,7112,2821,1275,29.925
ADAUSDT,2026-01-14 15:15:00+00:00,3,5,2,1896,1349,326,15.725
DOGEUSDT,2026-01-14 15:30:00+00:00,3,3,3,2928,1342,599,36.4125
XRPUSDT,2026-01-14 15:30:00+00:00,4,3,4,5248,2404,1011,32.2375
XRPUSDT,2026-01-14 16:15:00+00:00,3,2,4,3265,1443,694,48.225
BTCUSDT,2026-01-14 17:45:00+00:00,5,1,5,19965,5290,1437,173.075
SOLUSDT,2026-01-14 20:00:00+00:00,4,5,4,4630,2908,842,28.9
ETHUSDT,2026-01-14 21:15:00+00:00,4,1,4,6583,1160,527,106.55
SOLUSDT,2026-01-15 00:15:00+00:00,2,4,3,1483,839,342,69.175
XRPUSDT,2026-01-15 04:45:00+00:00,2,2,2,1289,524,265,29.175
ADAUSDT,2026-01-15 06:45:00+00:00,1,5,1,445,318,72,81.6375
BTCUSDT,2026-01-15 07:15:00+00:00,5,2,5,7752,2282,783,57.2
DOGEUSDT,2026-01-15 08:00:00+00:00,2,5,2,1401,877,241,4.8875
ETHUSDT,2026-01-15 10:30:00+00:00,4,2,4,5899,2086,624,26.225
XRPUSDT,2026-01-15 13:45:00+00:00,3,4,3,2797,1685,479,28.8375
SOLUSDT,2026-01-15 15:15:00+00:00,5,5,5,11815,8355,1741,8.275
XRPUSDT,2026-01-15 15:15:00+00:00,5,5,3,7700,4901,1100,1.5875
SOLUSDT,2026-01-15 15:30:00+00:00,5,5,4,10093,7645,1287,8.275
XRPUSDT,2026-01-15 17:30:00+00:00,3,2,2,2028,798,471,48.225
ADAUSDT,2026-01-15 17:45:00+00:00,2,5,2,1035,678,206,40.525
DOGEUSDT,2026-01-15 18:00:00+00:00,3,3,3,1924,927,411,36.4125
AVAXUSDT,2026-01-15 18:30:00+00:00,3,5,2,2383,2203,118,11.7
BTCUSDT,2026-01-15 19:30:00+00:00,5,1,5,19186,4852,1375,173.075
DOGEUSDT,2026-01-15 23:15:00+00:00,2,5,1,986,614,190,4.8875
DOGEUSDT,2026-01-15 23:30:00+00:00,1,5,1,679,451,127,1.9625
DOGEUSDT,2026-01-15 23:45:00+00:00,1,5,1,630,397,121,1.9625
DOGEUSDT,2026-01-16 00:00:00+00:00,1,3,1,685,351,155,47.5125
XRPUSDT,2026-01-16 00:00:00+00:00,2,5,2,1555,985,265,7.925
DOGEUSDT,2026-01-16 01:15:00+00:00,1,4,1,618,361,128,16.3375
ETHUSDT,2026-01-16 03:15:00+00:00,4,4,4,7170,3861,467,1.0
BTCUSDT,2026-01-16 05:30:00+00:00,5,3,5,10084,4555,760,3.325
SOLUSDT,2026-01-16 06:30:00+00:00,2,5,3,1355,869,251,21.8625
AVAXUSDT,2026-01-16 07:30:00+00:00,1,4,1,264,154,68,15.825
ETHUSDT,2026-01-16 08:00:00+00:00,5,4,4,9162,4926,635,1.0
ETHUSDT,2026-01-16 09:30:00+00:00,4,4,4,5209,3023,376,1.0
ETHUSDT,2026-01-16 09:45:00+00:00,4,4,3,4197,2355,334,1.0
ETHUSDT,2026-01-16 10:15:00+00:00,4,3,4,4515,2289,375,1.0
DOGEUSDT,2026-01-16 10:45:00+00:00,1,5,1,743,464,149,1.9625
DOGEUSDT,2026-01-16 11:15:00+00:00,5,5,5,10472,6743,1112,1.0
DOGEUSDT,2026-01-16 11:30:00+00:00,4,5,4,4555,2881,583,1.6
DOGEUSDT,2026-01-16 11:45:00+00:00,5,5,5,7790,5849,623,1.0
DOGEUSDT,2026-01-16 12:00:00+00:00,4,5,4,4728,3293,511,1.6
BTCUSDT,2026-01-16 12:15:00+00:00,4,2,4,4633,1512,550,104.35
SOLUSDT,2026-01-16 13:00:00+00:00,3,5,3,2890,2206,325,40.7625
XRPUSDT,2026-01-16 14:15:00+00:00,2,3,3,1497,781,308,75.6375
XRPUSDT,2026-01-16 15:45:00+00:00,5,5,4,8619,5655,1336,1.5875
ETHUSDT,2026-01-16 17:15:00+00:00,5,2,4,9684,3909,680,22.9625
ETHUSDT,2026-01-16 20:15:00+00:00,5,3,5,9089,4352,629,1.4625
ETHUSDT,2026-01-16 21:15:00+00:00,4,2,4,4005,1529,316,26.225
BTCUSDT,2026-01-16 21:45:00+00:00,4,2,4,5137,1853,524,104.35
DOGEUSDT,2026-01-16 23:00:00+00:00,2,4,2,1038,602,198,20.825
DOGEUSDT,2026-01-16 23:15:00+00:00,1,5,2,766,500,139,1.9625
XRPUSDT,2026-01-17 00:00:00+00:00,2,4,1,905,492,192,31.5375
ETHUSDT,2026-01-17 00:15:00+00:00,4,3,3,3569,1779,308,1.0
ETHUSDT,2026-01-17 00:30:00+00:00,4,3,3,3988,2066,355,1.0
ETHUSDT,2026-01-17 00:45:00+00:00,3,3,2,2101,1023,270,1.15
XRPUSDT,2026-01-17 01:45:00+00:00,1,3,1,601,292,154,17.675
DOGEUSDT,2026-01-17 02:15:00+00:00,1,4,2,784,447,153,16.3375
SOLUSDT,2026-01-17 02:15:00+00:00,2,4,2,928,549,186,69.175
ETHUSDT,2026-01-17 02:45:00+00:00,3,3,2,2480,1249,309,1.15
BTCUSDT,2026-01-17 03:00:00+00:00,3,2,3,2149,877,329,18.6125
ETHUSDT,2026-01-17 03:15:00+00:00,2,3,2,1033,503,168,1.0
SOLUSDT,2026-01-17 03:30:00+00:00,1,4,1,753,458,158,4.8125
ETHUSDT,2026-01-17 04:45:00+00:00,2,4,3,1728,937,199,1.0
ETHUSDT,2026-01-17 05:15:00+00:00,2,2,2,1450,564,211,3.9875
DOGEUSDT,2026-01-17 05:30:00+00:00,1,4,1,361,221,78,16.3375
BTCUSDT,2026-01-17 05:45:00+00:00,2,3,2,1718,854,356,1.0
ETHUSDT,2026-01-17 05:45:00+00:00,2,4,2,1669,974,217,1.0
SOLUSDT,2026-01-17 06:15:00+00:00,1,3,1,746,392,189,1.0
ETHUSDT,2026-01-17 06:30:00+00:00,2,2,2,1712,651,225,3.9875
ETHUSDT,2026-01-17 06:45:00+00:00,2,4,1,1405,860,192,1.0
DOGEUSDT,2026-01-17 07:15:00+00:00,1,4,1,431,234,108,16.3375
DOGEUSDT,2026-01-17 07:30:00+00:00,1,5,1,485,302,102,1.9625
ETHUSDT,2026-01-17 07:45:00+00:00,3,3,2,1903,873,257,1.15
DOGEUSDT,2026-01-17 08:30:00+00:00,1,5,1,513,344,106,1.9625
BTCUSDT,2026-01-17 08:45:00+00:00,3,4,3,2515,1363,504,1.6125
BTCUSDT,2026-01-17 09:00:00+00:00,3,3,3,2239,1107,434,11.4125
ETHUSDT,2026-01-17 09:00:00+00:00,2,4,2,1469,799,246,1.0
DOGEUSDT,2026-01-17 09:15:00+00:00,1,5,1,542,363,109,1.9625
ETHUSDT,2026-01-17 09:15:00+00:00,2,2,2,1464,620,225,3.9875
ETHUSDT,2026-01-17 10:15:00+00:00,2,3,2,1555,699,247,1.0
XRPUSDT,2026-01-17 10:15:00+00:00,1,2,1,660,281,161,2.1125
ETHUSDT,2026-01-17 10:45:00+00:00,2,4,3,1395,754,222,1.0
XRPUSDT,2026-01-17 11:30:00+00:00,1,2,1,635,283,149,2.1125
ADAUSDT,2026-01-17 11:45:00+00:00,1,5,1,214,152,35,81.6375
DOGEUSDT,2026-01-17 11:45:00+00:00,1,4,1,503,278,125,16.3375
ETHUSDT,2026-01-17 12:30:00+00:00,3,3,2,1820,841,246,1.15
BTCUSDT,2026-01-17 12:45:00+00:00,3,4,3,2817,1626,561,1.6125
ETHUSDT,2026-01-17 12:45:00+00:00,2,4,2,1712,945,247,1.0
XRPUSDT,2026-01-17 13:00:00+00:00,2,4,1,884,494,181,31.5375
XRPUSDT,2026-01-17 13:15:00+00:00,2,4,1,941,537,201,31.5375
DOGEUSDT,2026-01-17 13:45:00+00:00,1,5,1,601,381,104,1.9625
ETHUSDT,2026-01-17 13:45:00+00:00,3,3,2,1863,933,307,1.15
BTCUSDT,2026-01-17 14:15:00+00:00,4,2,4,4337,1617,568,104.35
DOGEUSDT,2026-01-17 14:15:00+00:00,1,4,1,678,400,155,16.3375
BTCUSDT,2026-01-17 15:30:00+00:00,5,4,5,8096,4386,716,1.4
DOGEUSDT,2026-01-17 15:45:00+00:00,4,4,4,3612,2032,714,3.7875
DOGEUSDT,2026-01-17 16:00:00+00:00,3,4,3,2368,1342,440,10.075
DOGEUSDT,2026-01-17 16:30:00+00:00,2,3,2,1322,700,280,66.0875
XRPUSDT,2026-01-17 17:30:00+00:00,1,2,1,704,312,162,2.1125
ETHUSDT,2026-01-17 18:15:00+00:00,3,2,2,2031,897,305,16.575
SOLUSDT,2026-01-17 18:15:00+00:00,1,3,1,673,356,161,1.0
SOLUSDT,2026-01-17 18:30:00+00:00,1,3,1,758,399,170,1.0
XRPUSDT,2026-01-17 18:30:00+00:00,1,2,1,614,268,145,2.1125
ETHUSDT,2026-01-17 18:45:00+00:00,2,3,3,1695,864,246,1.0
ETHUSDT,2026-01-17 19:00:00+00:00,2,3,2,1653,805,240,1.0
ETHUSDT,2026-01-17 19:45:00+00:00,3,3,2,2156,1137,300,1.15
SOLUSDT,2026-01-17 19:45:00+00:00,1,3,2,766,409,172,1.0
ETHUSDT,2026-01-17 20:00:00+00:00,2,3,2,1738,794,268,1.0
BTCUSDT,2026-01-17 20:15:00+00:00,3,2,3,2523,992,423,18.6125
BTCUSDT,2026-01-17 20:30:00+00:00,2,3,2,1716,833,333,1.0
ETHUSDT,2026-01-17 20:30:00+00:00,2,2,3,1362,609,186,3.9875
ETHUSDT,2026-01-17 20:45:00+00:00,2,3,2,1484,704,220,1.0
ETHUSDT,2026-01-17 21:00:00+00:00,2,3,2,1530,774,226,1.0
ETHUSDT,2026-01-17 21:45:00+00:00,2,3,2,1632,750,213,1.0
ETHUSDT,2026-01-17 22:00:00+00:00,3,2,3,2243,995,261,16.575
XRPUSDT,2026-01-18 00:15:00+00:00,1,3,1,635,299,158,17.675
SOLUSDT,2026-01-18 01:45:00+00:00,2,5,2,1623,1132,278,21.8625
DOGEUSDT,2026-01-18 02:45:00+00:00,1,4,1,590,335,118,16.3375
ETHUSDT,2026-01-18 02:45:00+00:00,3,2,2,2226,765,252,16.575
ETHUSDT,2026-01-18 03:15:00+00:00,3,3,3,2709,1230,334,1.15
ETHUSDT,2026-01-18 03:30:00+00:00,4,3,4,4323,2098,464,1.0
ETHUSDT,2026-01-18 03:45:00+00:00,3,3,3,2893,1328,299,1.15
XRPUSDT,2026-01-18 04:00:00+00:00,1,2,1,681,296,152,2.1125
ETHUSDT,2026-01-18 04:15:00+00:00,3,3,4,2194,1060,223,1.15
XRPUSDT,2026-01-18 04:30:00+00:00,1,2,1,484,215,113,2.1125
DOGEUSDT,2026-01-18 05:00:00+00:00,1,5,1,519,322,92,1.9625
XRPUSDT,2026-01-18 05:00:00+00:00,1,3,1,599,304,137,17.675
BTCUSDT,2026-01-18 05:15:00+00:00,3,3,4,2738,1315,431,11.4125
XRPUSDT,2026-01-18 05:45:00+00:00,1,2,1,600,251,127,2.1125
BTCUSDT,2026-01-18 06:00:00+00:00,3,4,3,2453,1320,403,1.6125
BTCUSDT,2026-01-18 06:15:00+00:00,3,4,3,3122,1728,422,1.6125
ETHUSDT,2026-01-18 06:15:00+00:00,3,3,3,2661,1223,380,1.15
BTCUSDT,2026-01-18 06:30:00+00:00,4,4,4,3565,2062,476,2.3625
BTCUSDT,2026-01-18 06:45:00+00:00,3,4,4,2850,1549,484,1.6125
ETHUSDT,2026-01-18 06:45:00+00:00,3,3,3,2414,1207,394,1.15
DOGEUSDT,2026-01-18 07:00:00+00:00,1,4,1,766,471,152,16.3375
DOGEUSDT,2026-01-18 07:15:00+00:00,2,5,1,1082,784,149,4.8875
ETHUSDT,2026-01-18 07:15:00+00:00,3,3,3,2684,1224,366,1.15
SOLUSDT,2026-01-18 07:15:00+00:00,2,5,2,1087,709,217,21.8625
BTCUSDT,2026-01-18 07:30:00+00:00,4,3,4,3719,1958,545,14.5875
ETHUSDT,2026-01-18 07:45:00+00:00,3,3,3,2541,1243,342,1.15
ADAUSDT,2026-01-18 08:00:00+00:00,1,5,2,767,522,138,81.6375
BTCUSDT,2026-01-18 08:15:00+00:00,3,3,3,2394,1160,396,11.4125
SOLUSDT,2026-01-18 08:45:00+00:00,2,5,2,1270,871,211,21.8625
ETHUSDT,2026-01-18 09:45:00+00:00,3,3,4,3311,1573,426,1.15
BTCUSDT,2026-01-18 10:15:00+00:00,3,3,3,2988,1361,481,11.4125
ETHUSDT,2026-01-18 10:15:00+00:00,3,4,4,3361,1841,505,1.0
ETHUSDT,2026-01-18 11:15:00+00:00,3,5,3,1881,1175,246,1.0
XRPUSDT,2026-01-18 11:15:00+00:00,1,3,2,597,314,130,17.675
ETHUSDT,2026-01-18 12:00:00+00:00,3,3,2,1954,917,277,1.15
ETHUSDT,2026-01-18 12:45:00+00:00,3,3,3,2425,1094,312,1.15
DOGEUSDT,2026-01-18 13:00:00+00:00,1,4,1,753,406,169,16.3375
DOGEUSDT,2026-01-18 13:15:00+00:00,2,4,2,906,539,188,20.825
ETHUSDT,2026-01-18 13:15:00+00:00,4,2,4,4179,1499,428,26.225
ETHUSDT,2026-01-18 13:30:00+00:00,4,2,5,5945,2160,605,26.225
ETHUSDT,2026-01-18 13:45:00+00:00,3,3,4,3122,1404,369,1.15
ETHUSDT,2026-01-18 14:30:00+00:00,4,2,5,7498,2577,681,26.225
BTCUSDT,2026-01-18 16:15:00+00:00,3,2,2,3294,1348,492,18.6125
XRPUSDT,2026-01-18 17:15:00+00:00,1,2,1,722,315,173,2.1125
BTCUSDT,2026-01-18 19:00:00+00:00,4,3,5,4859,2349,614,14.5875
XRPUSDT,2026-01-18 19:45:00+00:00,1,2,1,691,304,161,2.1125
XRPUSDT,2026-01-18 21:00:00+00:00,1,2,1,666,295,155,2.1125
SOLUSDT,2026-01-18 21:15:00+00:00,1,3,1,586,296,141,1.0
XRPUSDT,2026-01-18 21:45:00+00:00,1,2,1,720,317,149,2.1125
BTCUSDT,2026-01-18 22:15:00+00:00,3,5,5,3052,2022,386,1.0
ETHUSDT,2026-01-18 22:45:00+00:00,3,3,3,2498,1197,284,1.15
DOGEUSDT,2026-01-18 23:00:00+00:00,4,4,3,5621,3118,1030,3.7875
ADAUSDT,2026-01-18 23:45:00+00:00,5,5,4,7679,5638,1186,1.0
AVAXUSDT,2026-01-18 23:45:00+00:00,3,5,3,3370,2628,479,11.7
AVAXUSDT,2026-01-19 00:00:00+00:00,5,5,5,10477,7399,1832,1.0
DOGEUSDT,2026-01-19 00:00:00+00:00,5,1,5,94806,23669,12697,1.0
XRPUSDT,2026-01-19 00:00:00+00:00,5,2,5,66610,22603,10284,11.6125
ADAUSDT,2026-01-19 00:15:00+00:00,4,5,4,7252,4854,1341,4.225
DOGEUSDT,2026-01-19 00:15:00+00:00,5,3,5,20156,9792,3849,3.625
DOGEUSDT,2026-01-19 00:30:00+00:00,5,4,4,11776,6486,2391,1.0
XRPUSDT,2026-01-19 01:15:00+00:00,4,4,3,5406,2969,1007,14.8625
ADAUSDT,2026-01-19 02:00:00+00:00,2,5,1,970,618,208,40.525
ADAUSDT,2026-01-19 02:15:00+00:00,1,5,1,670,431,151,81.6375
XRPUSDT,2026-01-19 03:00:00+00:00,2,4,3,1712,938,342,31.5375
DOGEUSDT,2026-01-19 03:45:00+00:00,2,5,2,951,652,160,4.8875
DOGEUSDT,2026-01-19 06:00:00+00:00,1,4,2,774,422,178,16.3375
DOGEUSDT,2026-01-19 07:30:00+00:00,1,3,1,757,391,183,47.5125
BTCUSDT,2026-01-19 08:45:00+00:00,5,2,5,9203,2878,898,57.2
XRPUSDT,2026-01-19 10:00:00+00:00,2,3,3,1541,721,328,75.6375
DOGEUSDT,2026-01-19 10:15:00+00:00,1,4,1,582,339,126,16.3375
DOGEUSDT,2026-01-19 11:45:00+00:00,2,5,1,1067,756,170,4.8875
DOGEUSDT,2026-01-19 12:00:00+00:00,3,5,2,1758,1150,303,2.925
SOLUSDT,2026-01-19 12:15:00+00:00,2,5,3,1589,1045,294,21.8625
XRPUSDT,2026-01-19 15:00:00+00:00,2,2,2,1465,626,338,29.175
XRPUSDT,2026-01-19 15:30:00+00:00,2,3,2,1311,604,291,75.6375
ETHUSDT,2026-01-19 16:30:00+00:00,5,3,4,8266,4253,650,1.4625
ADAUSDT,2026-01-19 17:00:00+00:00,1,3,1,490,260,114,39.4875
ETHUSDT,2026-01-19 17:00:00+00:00,4,3,4,6873,3477,676,1.0
ETHUSDT,2026-01-19 17:15:00+00:00,4,3,3,4495,2051,472,1.0
ETHUSDT,2026-01-19 19:00:00+00:00,4,4,3,5458,3046,434,1.0
ETHUSDT,2026-01-19 19:15:00+00:00,4,4,3,6161,3765,506,1.0
ETHUSDT,2026-01-19 19:30:00+00:00,4,5,3,6136,4263,431,1.325
ETHUSDT,2026-01-19 20:00:00+00:00,4,3,4,5013,2511,410,1.0
ETHUSDT,2026-01-19 20:15:00+00:00,4,3,4,5119,2514,376,1.0
ETHUSDT,2026-01-19 20:30:00+00:00,4,4,4,5897,3470,372,1.0
ETHUSDT,2026-01-19 21:00:00+00:00,5,3,4,8811,4391,587,1.4625
ETHUSDT,2026-01-19 21:15:00+00:00,4,5,3,4952,3149,357,1.325
ETHUSDT,2026-01-19 21:30:00+00:00,4,3,3,4028,2148,419,1.0
SOLUSDT,2026-01-19 21:30:00+00:00,2,3,1,801,412,190,16.0375
SOLUSDT,2026-01-19 21:45:00+00:00,1,4,2,728,392,165,4.8125
XRPUSDT,2026-01-19 22:00:00+00:00,4,5,3,3835,2427,636,7.4375
DOGEUSDT,2026-01-20 00:15:00+00:00,2,3,1,904,441,195,66.0875
XRPUSDT,2026-01-20 01:30:00+00:00,3,4,3,1845,989,370,28.8375
SOLUSDT,2026-01-20 05:15:00+00:00,3,4,3,2478,1427,546,97.675
XRPUSDT,2026-01-20 05:15:00+00:00,2,2,2,1632,730,393,29.175
ETHUSDT,2026-01-20 06:15:00+00:00,5,2,5,44788,14092,4886,22.9625
SOLUSDT,2026-01-20 06:30:00+00:00,5,3,4,14360,7590,3409,8.2125
SOLUSDT,2026-01-20 07:00:00+00:00,5,3,4,10266,5417,2490,8.2125
SOLUSDT,2026-01-20 08:15:00+00:00,5,4,4,8445,4699,1931,14.5375
BTCUSDT,2026-01-20 08:30:00+00:00,5,2,5,27206,8695,3280,57.2
XRPUSDT,2026-01-20 08:30:00+00:00,5,5,5,15644,10793,2043,1.5875
ETHUSDT,2026-01-20 11:15:00+00:00,5,2,5,7670,2921,996,22.9625
BTCUSDT,2026-01-20 11:30:00+00:00,5,3,4,8278,3812,1538,3.325
ADAUSDT,2026-01-20 14:30:00+00:00,3,5,3,2261,1443,458,15.725
DOGEUSDT,2026-01-20 14:30:00+00:00,4,3,3,5417,2700,1185,16.275
SOLUSDT,2026-01-20 15:15:00+00:00,5,5,4,8168,5184,1569,8.275
XRPUSDT,2026-01-20 19:45:00+00:00,3,3,2,1882,976,410,62.125
SOLUSDT,2026-01-20 21:45:00+00:00,2,4,2,1446,812,340,69.175
DOGEUSDT,2026-01-21 00:30:00+00:00,3,4,2,1892,1129,355,10.075
DOGEUSDT,2026-01-21 00:45:00+00:00,4,5,3,4630,3595,498,1.6
DOGEUSDT,2026-01-21 01:00:00+00:00,3,5,3,2737,1881,400,2.925
DOGEUSDT,2026-01-21 01:15:00+00:00,2,5,2,1389,917,206,4.8875
DOGEUSDT,2026-01-21 02:00:00+00:00,3,5,2,2291,1454,407,2.925
DOGEUSDT,2026-01-21 02:30:00+00:00,2,5,1,1314,818,246,4.8875
DOGEUSDT,2026-01-21 03:00:00+00:00,2,5,1,930,583,178,4.8875
DOGEUSDT,2026-01-21 03:45:00+00:00,1,4,1,595,336,120,16.3375
ETHUSDT,2026-01-21 05:15:00+00:00,3,2,3,3059,901,332,16.575
BTCUSDT,2026-01-21 10:15:00+00:00,5,3,4,8986,4420,1164,3.325
DOGEUSDT,2026-01-21 12:45:00+00:00,2,5,2,1717,1200,270,4.8875
DOGEUSDT,2026-01-21 13:00:00+00:00,3,5,2,2073,1404,304,2.925
DOGEUSDT,2026-01-21 13:30:00+00:00,3,5,2,2353,1621,329,2.925
XRPUSDT,2026-01-21 13:45:00+00:00,3,3,4,2623,1345,497,62.125
DOGEUSDT,2026-01-21 14:00:00+00:00,5,4,4,8221,4759,1457,1.0
SOLUSDT,2026-01-21 15:15:00+00:00,5,4,5,8273,4953,1721,14.5375
SOLUSDT,2026-01-21 16:00:00+00:00,4,4,4,3788,2172,828,52.7875
DOGEUSDT,2026-01-21 16:30:00+00:00,5,5,4,9484,6071,1452,1.0
DOGEUSDT,2026-01-21 16:45:00+00:00,5,4,4,10198,6202,1682,1.0
XRPUSDT,2026-01-21 19:30:00+00:00,5,2,5,16303,6993,3086,11.6125
DOGEUSDT,2026-01-21 20:15:00+00:00,3,2,2,2393,1015,563,69.6875
SOLUSDT,2026-01-22 00:45:00+00:00,2,3,2,1007,539,244,16.0375
ETHUSDT,2026-01-22 06:15:00+00:00,5,2,5,8723,2675,739,22.9625
SOLUSDT,2026-01-22 12:15:00+00:00,3,5,2,1914,1196,417,40.7625
DOGEUSDT,2026-01-22 12:30:00+00:00,1,3,1,685,312,169,47.5125
XRPUSDT,2026-01-22 12:45:00+00:00,2,5,2,1369,880,241,7.925
XRPUSDT,2026-01-22 13:00:00+00:00,3,5,3,3015,2073,475,12.5625
DOGEUSDT,2026-01-22 17:00:00+00:00,3,5,2,2764,1942,399,2.925
DOGEUSDT,2026-01-22 21:15:00+00:00,1,4,1,526,289,116,16.3375
BTCUSDT,2026-01-22 22:15:00+00:00,4,1,4,5797,1521,620,46.3875
DOGEUSDT,2026-01-22 23:45:00+00:00,1,5,1,671,452,103,1.9625
SOLUSDT,2026-01-23 01:15:00+00:00,2,3,2,1102,590,257,16.0375
SOLUSDT,2026-01-23 02:15:00+00:00,3,2,3,1974,815,432,1.0
BTCUSDT,2026-01-23 02:30:00+00:00,4,2,4,6292,2108,638,104.35
DOGEUSDT,2026-01-23 02:30:00+00:00,1,5,1,664,437,126,1.9625
ADAUSDT,2026-01-23 03:00:00+00:00,1,2,1,217,93,55,2.95
DOGEUSDT,2026-01-23 03:30:00+00:00,1,4,1,501,273,122,16.3375
DOGEUSDT,2026-01-23 03:45:00+00:00,1,5,2,515,320,93,1.9625
AVAXUSDT,2026-01-23 07:45:00+00:00,1,3,1,216,102,46,1.0
BTCUSDT,2026-01-23 09:00:00+00:00,5,4,4,12566,7727,950,1.4
BTCUSDT,2026-01-23 09:15:00+00:00,5,3,5,19859,9574,1513,3.325
DOGEUSDT,2026-01-23 09:30:00+00:00,2,3,1,857,431,198,66.0875
SOLUSDT,2026-01-23 10:45:00+00:00,2,3,2,1574,836,393,16.0375
ETHUSDT,2026-01-23 12:15:00+00:00,4,4,4,7410,4274,525,1.0
DOGEUSDT,2026-01-23 13:00:00+00:00,1,3,1,481,236,123,47.5125
ETHUSDT,2026-01-23 13:15:00+00:00,5,2,4,9539,3349,618,22.9625
SOLUSDT,2026-01-23 17:45:00+00:00,3,5,3,3406,2127,718,40.7625
ADAUSDT,2026-01-23 21:00:00+00:00,1,3,1,307,161,80,39.4875
SOLUSDT,2026-01-23 21:15:00+00:00,2,4,2,1179,684,261,69.175
DOGEUSDT,2026-01-23 21:30:00+00:00,1,2,1,705,298,190,13.8375
XRPUSDT,2026-01-23 21:30:00+00:00,2,3,1,814,371,182,75.6375
XRPUSDT,2026-01-23 21:45:00+00:00,2,3,1,876,406,193,75.6375
SOLUSDT,2026-01-24 00:45:00+00:00,2,4,2,1047,612,227,69.175
ETHUSDT,2026-01-24 03:15:00+00:00,4,3,5,6757,3450,437,1.0
BTCUSDT,2026-01-24 04:15:00+00:00,4,4,3,5794,3590,530,2.3625
ETHUSDT,2026-01-24 05:15:00+00:00,2,3,2,1548,702,215,1.0
XRPUSDT,2026-01-24 06:00:00+00:00,1,3,2,636,320,161,17.675
SOLUSDT,2026-01-24 06:30:00+00:00,1,3,1,689,364,152,1.0
BTCUSDT,2026-01-24 07:15:00+00:00,4,4,5,4434,2384,491,2.3625
ETHUSDT,2026-01-24 08:15:00+00:00,2,3,2,1226,582,218,1.0
ETHUSDT,2026-01-24 08:30:00+00:00,3,4,2,1978,1109,261,1.0
XRPUSDT,2026-01-24 08:30:00+00:00,1,3,1,534,278,127,17.675
ETHUSDT,2026-01-24 08:45:00+00:00,3,3,3,2218,1154,265,1.15
BTCUSDT,2026-01-24 09:30:00+00:00,3,4,4,2560,1423,489,1.6125
ETHUSDT,2026-01-24 09:30:00+00:00,2,2,2,1276,472,200,3.9875
BTCUSDT,2026-01-24 09:45:00+00:00,3,4,2,2524,1389,534,1.6125
ETHUSDT,2026-01-24 10:15:00+00:00,2,3,2,1356,614,205,1.0
SOLUSDT,2026-01-24 10:15:00+00:00,2,5,2,1102,703,213,21.8625
BTCUSDT,2026-01-24 10:30:00+00:00,3,3,3,3285,1515,568,11.4125
DOGEUSDT,2026-01-24 10:30:00+00:00,1,4,1,286,163,61,16.3375
XRPUSDT,2026-01-24 10:45:00+00:00,1,4,1,570,316,130,6.8125
BTCUSDT,2026-01-24 11:00:00+00:00,3,3,3,3172,1535,664,11.4125
ETHUSDT,2026-01-24 11:00:00+00:00,2,4,2,1303,785,221,1.0
ETHUSDT,2026-01-24 11:15:00+00:00,3,3,2,1815,833,318,1.15
XRPUSDT,2026-01-24 11:45:00+00:00,1,3,1,529,275,127,17.675
ETHUSDT,2026-01-24 13:00:00+00:00,2,2,2,1325,513,235,3.9875
XRPUSDT,2026-01-24 13:15:00+00:00,1,3,1,615,312,151,17.675
ETHUSDT,2026-01-24 13:30:00+00:00,2,3,2,1487,686,263,1.0
SOLUSDT,2026-01-24 14:30:00+00:00,2,4,2,1469,872,325,69.175
DOGEUSDT,2026-01-24 16:00:00+00:00,2,5,2,1701,1183,251,4.8875
SOLUSDT,2026-01-24 16:30:00+00:00,3,4,2,1765,1000,396,97.675
ETHUSDT,2026-01-24 18:15:00+00:00,2,2,2,1603,550,244,3.9875
XRPUSDT,2026-01-24 18:30:00+00:00,1,4,1,670,362,156,6.8125
XRPUSDT,2026-01-24 19:30:00+00:00,1,4,1,497,275,116,6.8125
XRPUSDT,2026-01-24 19:45:00+00:00,1,4,1,473,255,116,6.8125
ETHUSDT,2026-01-24 20:00:00+00:00,3,3,3,2560,1188,269,1.15
ETHUSDT,2026-01-24 20:15:00+00:00,2,3,2,1242,607,163,1.0
BTCUSDT,2026-01-24 20:30:00+00:00,3,3,2,2138,1021,480,11.4125
ETHUSDT,2026-01-24 20:30:00+00:00,2,4,2,1166,640,155,1.0
ETHUSDT,2026-01-24 20:45:00+00:00,2,5,2,1032,643,153,1.0
ETHUSDT,2026-01-24 21:15:00+00:00,3,2,2,1761,733,207,16.575
XRPUSDT,2026-01-24 21:15:00+00:00,1,3,1,474,248,110,17.675
SOLUSDT,2026-01-24 21:30:00+00:00,2,5,2,891,601,155,21.8625
ETHUSDT,2026-01-24 21:45:00+00:00,2,3,3,1676,874,186,1.0
ETHUSDT,2026-01-24 22:00:00+00:00,3,3,3,2971,1370,264,1.15
ETHUSDT,2026-01-24 22:30:00+00:00,2,2,2,1217,437,146,3.9875
XRPUSDT,2026-01-24 22:45:00+00:00,1,4,1,606,341,123,6.8125
ETHUSDT,2026-01-24 23:30:00+00:00,2,1,2,1531,433,171,1.0
DOGEUSDT,2026-01-25 00:30:00+00:00,2,5,2,817,593,102,4.8875
XRPUSDT,2026-01-25 00:30:00+00:00,2,5,2,1114,745,201,7.925
SOLUSDT,2026-01-25 01:00:00+00:00,2,4,2,872,473,215,69.175
ETHUSDT,2026-01-25 02:15:00+00:00,2,2,2,1135,363,163,3.9875
DOGEUSDT,2026-01-25 02:45:00+00:00,1,5,1,225,140,45,1.9625
XRPUSDT,2026-01-25 03:00:00+00:00,1,4,1,518,279,118,6.8125
XRPUSDT,2026-01-25 03:45:00+00:00,1,4,1,790,434,170,6.8125
XRPUSDT,2026-01-25 04:00:00+00:00,1,4,1,729,402,153,6.8125
ETHUSDT,2026-01-25 04:15:00+00:00,4,3,4,4160,2212,549,1.0
SOLUSDT,2026-01-25 05:30:00+00:00,2,4,2,1062,583,249,69.175
ETHUSDT,2026-01-25 05:45:00+00:00,3,3,2,2179,1024,263,1.15
BTCUSDT,2026-01-25 06:15:00+00:00,5,3,5,8158,3807,759,3.325
BTCUSDT,2026-01-25 08:15:00+00:00,3,3,3,3262,1639,547,11.4125
ADAUSDT,2026-01-25 10:15:00+00:00,1,5,1,383,238,81,81.6375
ETHUSDT,2026-01-25 11:00:00+00:00,3,2,3,2961,1044,355,16.575
BTCUSDT,2026-01-25 11:45:00+00:00,4,2,3,4900,1628,664,104.35
BTCUSDT,2026-01-25 15:00:00+00:00,4,3,3,5182,2363,860,14.5875
XRPUSDT,2026-01-25 16:00:00+00:00,5,4,5,16739,9184,2962,4.1125
SOLUSDT,2026-01-25 20:00:00+00:00,5,5,5,16852,13074,1906,8.275
XRPUSDT,2026-01-25 20:00:00+00:00,3,2,3,2663,1183,569,48.225
ETHUSDT,2026-01-25 20:30:00+00:00,5,3,5,29078,13096,2224,1.4625
BTCUSDT,2026-01-25 21:15:00+00:00,5,1,5,10619,2338,814,173.075
SOLUSDT,2026-01-25 22:00:00+00:00,3,5,3,3363,2232,650,40.7625
XRPUSDT,2026-01-25 23:30:00+00:00,2,3,2,1696,785,355,75.6375
ADAUSDT,2026-01-26 03:45:00+00:00,1,5,1,395,286,63,81.6375
DOGEUSDT,2026-01-26 04:00:00+00:00,1,2,1,726,323,179,13.8375
DOGEUSDT,2026-01-26 06:30:00+00:00,2,5,2,973,670,135,4.8875
DOGEUSDT,2026-01-26 06:45:00+00:00,2,4,2,1070,633,215,20.825
ETHUSDT,2026-01-26 07:00:00+00:00,5,2,5,11584,3396,961,22.9625
SOLUSDT,2026-01-26 09:00:00+00:00,3,4,3,2331,1332,492,97.675
XRPUSDT,2026-01-26 10:00:00+00:00,2,4,3,1674,912,349,31.5375
ETHUSDT,2026-01-26 10:30:00+00:00,5,4,5,8771,5163,622,1.0
ETHUSDT,2026-01-26 10:45:00+00:00,4,3,3,4832,2490,502,1.0
ETHUSDT,2026-01-26 11:00:00+00:00,4,4,4,7129,4158,599,1.0
DOGEUSDT,2026-01-26 12:15:00+00:00,1,3,2,697,360,164,47.5125
XRPUSDT,2026-01-26 13:15:00+00:00,3,4,4,3317,1982,631,28.8375
ETHUSDT,2026-01-26 14:15:00+00:00,5,3,5,18110,8436,1322,1.4625
ADAUSDT,2026-01-26 15:00:00+00:00,3,5,2,1859,1166,403,15.725
SOLUSDT,2026-01-26 17:30:00+00:00,3,4,4,3063,1877,609,97.675
DOGEUSDT,2026-01-26 21:00:00+00:00,2,4,1,810,435,174,20.825
DOGEUSDT,2026-01-26 22:15:00+00:00,1,4,2,686,415,125,16.3375
SOLUSDT,2026-01-26 23:45:00+00:00,2,4,2,945,540,222,69.175
XRPUSDT,2026-01-27 00:45:00+00:00,1,2,1,694,299,166,2.1125
ETHUSDT,2026-01-27 03:15:00+00:00,4,2,5,6553,2235,587,26.225
DOGEUSDT,2026-01-27 04:45:00+00:00,1,5,1,577,395,92,1.9625
BTCUSDT,2026-01-27 06:45:00+00:00,4,4,4,5762,3302,683,2.3625
ETHUSDT,2026-01-27 06:45:00+00:00,4,4,5,5186,3030,378,1.0
ETHUSDT,2026-01-27 07:00:00+00:00,4,3,4,3714,1748,402,1.0
XRPUSDT,2026-01-27 09:30:00+00:00,2,2,2,880,385,186,29.175
ETHUSDT,2026-01-27 10:15:00+00:00,4,3,5,5774,2947,455,1.0
XRPUSDT,2026-01-27 10:15:00+00:00,1,3,1,751,348,162,17.675
ETHUSDT,2026-01-27 10:30:00+00:00,4,3,5,6798,3056,542,1.0
XRPUSDT,2026-01-27 11:00:00+00:00,1,3,2,795,366,190,17.675
SOLUSDT,2026-01-27 11:15:00+00:00,2,4,2,1320,772,286,69.175
ETHUSDT,2026-01-27 11:30:00+00:00,5,4,5,9612,5251,726,1.0
DOGEUSDT,2026-01-27 16:00:00+00:00,5,3,4,7868,4144,1549,3.625
XRPUSDT,2026-01-27 16:15:00+00:00,3,2,3,2561,1107,575,48.225
DOGEUSDT,2026-01-27 17:00:00+00:00,4,4,4,4253,2597,714,3.7875
ADAUSDT,2026-01-27 18:00:00+00:00,1,4,1,499,291,116,104.5375
SOLUSDT,2026-01-27 19:00:00+00:00,3,5,3,2672,1803,427,40.7625
ETHUSDT,2026-01-27 21:45:00+00:00,5,3,5,12084,6353,876,1.4625
ETHUSDT,2026-01-27 22:45:00+00:00,4,4,5,5641,3205,405,1.0
ETHUSDT,2026-01-27 23:15:00+00:00,4,3,5,7367,3364,556,1.0
SOLUSDT,2026-01-28 00:00:00+00:00,3,4,3,1835,1075,414,97.675
SOLUSDT,2026-01-28 02:00:00+00:00,2,4,3,1652,955,364,69.175
DOGEUSDT,2026-01-28 04:15:00+00:00,2,5,2,1130,703,199,4.8875
DOGEUSDT,2026-01-28 06:30:00+00:00,1,3,1,705,333,186,47.5125
ETHUSDT,2026-01-28 07:30:00+00:00,4,2,4,5602,1923,568,26.225
ADAUSDT,2026-01-28 08:15:00+00:00,1,5,1,262,177,48,81.6375
ETHUSDT,2026-01-28 08:30:00+00:00,5,2,4,7758,2360,738,22.9625
DOGEUSDT,2026-01-28 09:00:00+00:00,1,4,1,612,332,130,16.3375
SOLUSDT,2026-01-28 09:15:00+00:00,3,5,4,2968,2045,506,40.7625
XRPUSDT,2026-01-28 10:30:00+00:00,2,3,2,1018,512,234,75.6375
XRPUSDT,2026-01-28 15:30:00+00:00,2,2,2,1685,687,371,29.175
DOGEUSDT,2026-01-28 17:45:00+00:00,3,3,2,1935,996,446,36.4125
DOGEUSDT,2026-01-28 18:15:00+00:00,2,4,2,1283,704,281,20.825
XRPUSDT,2026-01-28 18:45:00+00:00,2,2,2,1023,446,233,29.175
XRPUSDT,2026-01-28 19:15:00+00:00,2,2,2,1642,682,356,29.175
XRPUSDT,2026-01-28 20:15:00+00:00,3,3,3,2145,1035,441,62.125
DOGEUSDT,2026-01-28 21:15:00+00:00,2,4,2,1017,617,213,20.825
XRPUSDT,2026-01-29 00:30:00+00:00,2,4,2,1218,663,229,31.5375
SOLUSDT,2026-01-29 06:45:00+00:00,2,4,2,1349,809,273,69.175
ETHUSDT,2026-01-29 07:00:00+00:00,4,2,3,4221,1387,428,26.225
XRPUSDT,2026-01-29 09:15:00+00:00,3,5,5,2392,1543,335,12.5625
ETHUSDT,2026-01-29 09:30:00+00:00,4,2,4,4512,1926,428,26.225
DOGEUSDT,2026-01-29 10:15:00+00:00,3,5,4,1969,1321,298,2.925
ETHUSDT,2026-01-29 10:30:00+00:00,3,3,3,2952,1361,380,1.15
DOGEUSDT,2026-01-29 13:00:00+00:00,2,5,1,859,560,133,4.8875
ETHUSDT,2026-01-29 13:00:00+00:00,3,2,3,2917,915,321,16.575
DOGEUSDT,2026-01-29 15:00:00+00:00,5,4,5,20938,11425,3788,1.0
AVAXUSDT,2026-01-29 15:15:00+00:00,4,5,3,3537,2668,566,3.15
DOGEUSDT,2026-01-29 15:30:00+00:00,5,4,4,7847,4210,1537,1.0
AVAXUSDT,2026-01-29 17:00:00+00:00,2,5,2,1436,1144,187,51.5625
XRPUSDT,2026-01-29 18:00:00+00:00,3,3,3,3328,1641,672,62.125
ETHUSDT,2026-01-29 19:45:00+00:00,5,1,4,10874,2097,848,232.8125
ETHUSDT,2026-01-29 21:00:00+00:00,5,1,5,15803,4019,1283,232.8125
ADAUSDT,2026-01-30 01:30:00+00:00,5,4,4,9910,5665,2008,1.275
DOGEUSDT,2026-01-30 01:30:00+00:00,5,2,5,23122,9318,4195,17.275
DOGEUSDT,2026-01-30 01:45:00+00:00,5,3,4,10178,4773,2043,3.625
SOLUSDT,2026-01-30 02:15:00+00:00,5,4,5,8373,4961,1765,14.5375
SOLUSDT,2026-01-30 05:45:00+00:00,2,5,2,1499,935,311,21.8625
DOGEUSDT,2026-01-30 06:00:00+00:00,4,5,3,3475,2487,496,1.6
ETHUSDT,2026-01-30 09:00:00+00:00,5,1,4,11906,2804,994,232.8125
BTCUSDT,2026-01-30 10:15:00+00:00,5,1,5,13701,2076,872,173.075
SOLUSDT,2026-01-30 10:45:00+00:00,3,4,3,1913,1109,407,97.675
XRPUSDT,2026-01-30 15:00:00+00:00,5,5,5,11968,8235,1776,1.5875
XRPUSDT,2026-01-30 15:15:00+00:00,5,5,5,19767,13895,2754,1.5875
ADAUSDT,2026-01-30 15:30:00+00:00,3,5,2,2358,1775,342,15.725
XRPUSDT,2026-01-30 15:30:00+00:00,5,5,5,22212,14433,3228,1.5875
XRPUSDT,2026-01-30 15:45:00+00:00,5,5,5,18462,12634,2421,1.5875
SOLUSDT,2026-01-30 21:30:00+00:00,2,3,2,1556,827,373,16.0375
BTCUSDT,2026-01-30 22:15:00+00:00,5,2,5,10566,3648,840,57.2
ADAUSDT,2026-01-30 23:15:00+00:00,2,5,1,1090,904,119,40.525
ETHUSDT,2026-01-30 23:45:00+00:00,4,2,4,4258,1401,405,26.225
BTCUSDT,2026-01-31 02:00:00+00:00,5,3,5,8022,3609,733,3.325
DOGEUSDT,2026-01-31 03:30:00+00:00,1,4,2,563,304,112,16.3375
DOGEUSDT,2026-01-31 03:45:00+00:00,1,2,1,482,213,116,13.8375
DOGEUSDT,2026-01-31 05:30:00+00:00,1,4,1,545,299,118,16.3375
XRPUSDT,2026-01-31 06:00:00+00:00,2,4,2,1054,571,249,31.5375
ADAUSDT,2026-01-31 06:15:00+00:00,4,5,3,3652,3297,200,4.225
ETHUSDT,2026-01-31 07:00:00+00:00,4,3,3,5259,2369,463,1.0
DOGEUSDT,2026-01-31 07:30:00+00:00,3,4,3,3170,1735,693,10.075
ADAUSDT,2026-01-31 09:00:00+00:00,1,4,1,409,241,91,104.5375
SOLUSDT,2026-01-31 09:45:00+00:00,3,5,4,3027,2282,444,40.7625
SOLUSDT,2026-01-31 11:00:00+00:00,3,5,3,2557,1756,448,40.7625
BTCUSDT,2026-01-31 13:00:00+00:00,5,3,5,11981,5727,853,3.325
AVAXUSDT,2026-01-31 15:30:00+00:00,1,5,2,489,368,69,225.225
XRPUSDT,2026-01-31 15:45:00+00:00,4,3,3,3720,1794,813,32.2375
ADAUSDT,2026-01-31 17:00:00+00:00,5,4,5,14582,8397,2925,1.275
SOLUSDT,2026-01-31 17:00:00+00:00,5,2,5,61718,25470,11623,1.0
DOGEUSDT,2026-01-31 18:00:00+00:00,4,3,3,5254,2690,1080,16.275
ADAUSDT,2026-01-31 18:30:00+00:00,5,3,5,11070,5921,2303,1.0
AVAXUSDT,2026-01-31 18:30:00+00:00,4,5,4,4860,3529,817,3.15
SOLUSDT,2026-01-31 18:30:00+00:00,5,2,5,53155,19856,9134,1.0
ADAUSDT,2026-01-31 18:45:00+00:00,4,4,4,6791,4111,1514,6.0125
AVAXUSDT,2026-01-31 18:45:00+00:00,4,5,4,3931,2869,646,3.15
ADAUSDT,2026-01-31 19:00:00+00:00,4,5,3,3900,2427,835,4.225
DOGEUSDT,2026-01-31 19:00:00+00:00,5,3,4,11726,5715,2553,3.625
DOGEUSDT,2026-01-31 19:15:00+00:00,5,4,4,8772,4759,1760,1.0
ADAUSDT,2026-01-31 19:30:00+00:00,3,5,3,2085,1324,439,15.725
DOGEUSDT,2026-01-31 19:30:00+00:00,5,4,4,7660,4113,1581,1.0
SOLUSDT,2026-01-31 20:30:00+00:00,4,3,4,6223,3212,1397,26.9375
DOGEUSDT,2026-01-31 23:15:00+00:00,4,3,3,4826,2338,1043,16.275
SOLUSDT,2026-01-31 23:15:00+00:00,5,3,5,8249,4400,1740,8.2125
XRPUSDT,2026-01-31 23:45:00+00:00,3,3,3,2482,1162,567,62.125
BTCUSDT,2026-02-01 05:45:00+00:00,5,2,5,11267,3582,1035,57.2
ETHUSDT,2026-02-01 06:15:00+00:00,5,2,5,9303,3624,1130,22.9625
DOGEUSDT,2026-02-01 08:45:00+00:00,2,4,1,1030,553,238,20.825
DOGEUSDT,2026-02-01 10:45:00+00:00,2,3,2,1493,697,342,66.0875
DOGEUSDT,2026-02-01 14:45:00+00:00,4,2,3,3837,1713,862,44.2
SOLUSDT,2026-02-01 15:15:00+00:00,5,3,4,9043,4766,2028,8.2125
SOLUSDT,2026-02-01 15:30:00+00:00,5,4,4,9597,5183,2144,14.5375
XRPUSDT,2026-02-01 15:30:00+00:00,5,2,4,9319,4179,1873,11.6125
DOGEUSDT,2026-02-01 18:00:00+00:00,4,3,3,5753,2658,1328,16.275
ADAUSDT,2026-02-01 19:45:00+00:00,2,5,2,1063,716,204,40.525
SOLUSDT,2026-02-02 00:00:00+00:00,5,3,4,7812,4136,1743,8.2125
SOLUSDT,2026-02-02 00:15:00+00:00,5,3,5,7746,4139,1663,8.2125
XRPUSDT,2026-02-02 00:15:00+00:00,4,2,4,6680,2906,1386,29.925
XRPUSDT,2026-02-02 01:30:00+00:00,4,2,3,3823,1570,834,29.925
ADAUSDT,2026-02-02 03:15:00+00:00,4,5,3,4128,2608,903,4.225
XRPUSDT,2026-02-02 04:15:00+00:00,5,3,4,8161,3916,1712,12.4625
XRPUSDT,2026-02-02 04:30:00+00:00,4,3,4,5818,2884,1247,32.2375
SOLUSDT,2026-02-02 06:15:00+00:00,5,4,4,8999,5334,1893,14.5375
SOLUSDT,2026-02-02 06:30:00+00:00,5,3,5,21468,11419,4582,8.2125
XRPUSDT,2026-02-02 06:30:00+00:00,5,2,5,23846,10416,4457,11.6125
XRPUSDT,2026-02-02 06:45:00+00:00,5,2,4,12666,5430,2417,11.6125
DOGEUSDT,2026-02-02 11:15:00+00:00,2,3,2,908,441,216,66.0875
XRPUSDT,2026-02-02 12:30:00+00:00,4,3,4,5167,2647,1048,32.2375
XRPUSDT,2026-02-02 13:45:00+00:00,3,3,3,3410,1683,714,62.125
ADAUSDT,2026-02-02 14:00:00+00:00,2,5,2,1193,816,224,40.525
DOGEUSDT,2026-02-02 14:00:00+00:00,3,3,3,2448,1270,534,36.4125
DOGEUSDT,2026-02-02 14:15:00+00:00,3,3,2,2043,1068,444,36.4125
ADAUSDT,2026-02-02 15:00:00+00:00,2,5,2,1714,1146,350,40.525
BTCUSDT,2026-02-02 22:30:00+00:00,4,1,4,5554,1538,658,46.3875
DOGEUSDT,2026-02-03 00:00:00+00:00,2,3,1,1022,515,256,66.0875
SOLUSDT,2026-02-03 02:45:00+00:00,3,4,3,2897,1591,679,97.675
DOGEUSDT,2026-02-03 03:00:00+00:00,4,5,4,4806,3106,656,1.6
XRPUSDT,2026-02-03 09:15:00+00:00,4,3,4,4401,2009,888,32.2375
SOLUSDT,2026-02-03 11:15:00+00:00,3,5,2,2015,1267,422,40.7625
AVAXUSDT,2026-02-03 12:15:00+00:00,1,4,1,470,253,102,15.825
AVAXUSDT,2026-02-03 12:45:00+00:00,1,3,1,386,203,80,1.0
SOLUSDT,2026-02-03 13:45:00+00:00,3,5,3,2446,1669,422,40.7625
AVAXUSDT,2026-02-03 14:30:00+00:00,1,5,2,487,370,81,225.225
DOGEUSDT,2026-02-03 16:00:00+00:00,4,3,4,5240,2422,1133,16.275
DOGEUSDT,2026-02-03 16:15:00+00:00,4,3,4,5540,2639,1161,16.275
ETHUSDT,2026-02-03 16:30:00+00:00,5,2,5,61492,19623,4345,22.9625
XRPUSDT,2026-02-03 16:30:00+00:00,4,3,4,5845,2744,1184,32.2375
ETHUSDT,2026-02-03 16:45:00+00:00,5,2,5,50226,17493,3417,22.9625
DOGEUSDT,2026-02-03 18:15:00+00:00,5,3,4,8221,3823,1796,3.625
DOGEUSDT,2026-02-03 19:00:00+00:00,5,3,4,7946,3749,1801,3.625
ADAUSDT,2026-02-03 19:15:00+00:00,3,5,3,2778,1859,553,15.725
BTCUSDT,2026-02-03 22:00:00+00:00,5,2,5,19598,5738,1431,57.2
DOGEUSDT,2026-02-04 06:30:00+00:00,2,4,3,1496,905,277,20.825
XRPUSDT,2026-02-04 08:00:00+00:00,2,3,2,1469,717,321,75.6375
DOGEUSDT,2026-02-04 10:45:00+00:00,3,1,1,2701,294,159,1.0
DOGEUSDT,2026-02-04 12:45:00+00:00,3,1,1,2541,375,214,1.0
XRPUSDT,2026-02-04 14:30:00+00:00,5,3,4,11406,5417,2356,12.4625
DOGEUSDT,2026-02-04 18:00:00+00:00,4,3,3,4357,1963,1013,16.275
XRPUSDT,2026-02-04 18:15:00+00:00,5,3,4,8804,4346,1783,12.4625
XRPUSDT,2026-02-04 18:45:00+00:00,4,3,4,5759,2830,1192,32.2375
ADAUSDT,2026-02-04 19:00:00+00:00,2,5,2,1195,794,257,40.525
ADAUSDT,2026-02-04 20:00:00+00:00,2,5,2,1061,695,204,40.525
SOLUSDT,2026-02-04 23:15:00+00:00,4,4,4,7245,4250,1575,52.7875
DOGEUSDT,2026-02-04 23:30:00+00:00,3,3,2,2408,1159,543,36.4125
XRPUSDT,2026-02-05 01:45:00+00:00,4,2,3,4160,1857,964,29.925
XRPUSDT,2026-02-05 02:45:00+00:00,4,3,4,7150,3485,1517,32.2375
DOGEUSDT,2026-02-05 05:00:00+00:00,3,4,3,2781,1527,588,10.075
ADAUSDT,2026-02-05 05:15:00+00:00,3,5,2,1988,1260,420,15.725
XRPUSDT,2026-02-05 07:00:00+00:00,5,3,4,8480,4357,1722,12.4625
SOLUSDT,2026-02-05 13:00:00+00:00,4,4,4,4932,2705,1081,52.7875
SOLUSDT,2026-02-05 14:45:00+00:00,5,4,4,10950,6145,2384,14.5375
DOGEUSDT,2026-02-05 15:00:00+00:00,5,3,4,11572,5483,2635,3.625
SOLUSDT,2026-02-05 15:00:00+00:00,5,4,5,19718,11447,4164,14.5375
XRPUSDT,2026-02-05 15:00:00+00:00,5,3,5,19776,9991,4001,12.4625
ADAUSDT,2026-02-05 15:15:00+00:00,4,5,4,7407,4816,1505,4.225
DOGEUSDT,2026-02-05 15:15:00+00:00,5,2,5,22225,9948,4766,17.275
ADAUSDT,2026-02-05 15:30:00+00:00,4,5,4,7368,4770,1554,4.225
DOGEUSDT,2026-02-05 15:45:00+00:00,5,3,4,11563,5460,2546,3.625
DOGEUSDT,2026-02-05 16:15:00+00:00,5,2,4,10262,4477,2275,17.275
XRPUSDT,2026-02-05 16:45:00+00:00,5,3,5,18752,9658,3618,12.4625
DOGEUSDT,2026-02-05 18:15:00+00:00,5,3,4,7962,3739,1810,3.625
XRPUSDT,2026-02-05 18:15:00+00:00,5,3,5,17815,8424,3649,12.4625
DOGEUSDT,2026-02-05 18:45:00+00:00,4,3,3,7194,3336,1649,16.275
SOLUSDT,2026-02-05 19:00:00+00:00,5,3,4,8132,4354,1937,8.2125
XRPUSDT,2026-02-05 19:45:00+00:00,5,3,5,13031,6124,2715,12.4625
ADAUSDT,2026-02-05 20:15:00+00:00,5,5,4,9758,6785,1772,1.0
AVAXUSDT,2026-02-05 20:15:00+00:00,4,5,3,3639,2641,604,3.15
ADAUSDT,2026-02-05 20:30:00+00:00,4,5,4,5886,3780,1254,4.225
ADAUSDT,2026-02-05 20:45:00+00:00,4,5,3,5005,3361,1019,4.225
XRPUSDT,2026-02-05 20:45:00+00:00,5,3,5,30539,14594,6225,12.4625
AVAXUSDT,2026-02-05 21:00:00+00:00,3,5,3,2304,1699,384,11.7
AVAXUSDT,2026-02-06 00:00:00+00:00,4,5,4,5037,3745,810,3.15
ADAUSDT,2026-02-06 00:15:00+00:00,5,5,5,31871,20640,6535,1.0
AVAXUSDT,2026-02-06 00:15:00+00:00,5,5,4,9054,6792,1467,1.0
SOLUSDT,2026-02-06 00:15:00+00:00,5,2,5,160719,56570,29107,1.0
ADAUSDT,2026-02-06 00:30:00+00:00,5,5,4,8945,5722,1847,1.0
DOGEUSDT,2026-02-06 01:00:00+00:00,5,2,4,13815,6191,3155,17.275
ADAUSDT,2026-02-06 01:15:00+00:00,3,4,2,2542,1492,593,18.4375
DOGEUSDT,2026-02-06 02:00:00+00:00,5,4,3,7787,4258,1594,1.0
SOLUSDT,2026-02-06 02:30:00+00:00,5,4,4,9995,5750,2147,14.5375
ADAUSDT,2026-02-06 02:45:00+00:00,2,5,1,1031,643,233,40.525
DOGEUSDT,2026-02-06 06:30:00+00:00,3,3,3,3221,1582,712,36.4125
SOLUSDT,2026-02-06 07:30:00+00:00,4,4,4,5596,3273,1205,52.7875
XRPUSDT,2026-02-06 09:15:00+00:00,4,2,4,5586,2490,1222,29.925
ADAUSDT,2026-02-06 09:30:00+00:00,2,5,3,1675,1072,351,40.525
DOGEUSDT,2026-02-06 09:30:00+00:00,3,3,2,2869,1349,634,36.4125
XRPUSDT,2026-02-06 10:30:00+00:00,5,3,5,20146,9193,4125,12.4625
DOGEUSDT,2026-02-06 11:30:00+00:00,3,4,3,3135,1709,699,10.075
DOGEUSDT,2026-02-06 11:45:00+00:00,3,4,2,2444,1374,520,10.075
XRPUSDT,2026-02-06 13:00:00+00:00,5,3,5,15078,7623,3024,12.4625
SOLUSDT,2026-02-06 13:15:00+00:00,5,5,5,8330,5225,1651,8.275
ADAUSDT,2026-02-06 13:45:00+00:00,2,5,2,1112,693,230,40.525
BTCUSDT,2026-02-06 13:45:00+00:00,5,3,5,60782,28393,4566,3.325
DOGEUSDT,2026-02-06 14:30:00+00:00,5,3,4,10959,5207,2390,3.625
BTCUSDT,2026-02-06 14:45:00+00:00,5,4,5,171352,102637,10295,1.4
DOGEUSDT,2026-02-06 16:15:00+00:00,5,4,4,9998,5563,1929,1.0
SOLUSDT,2026-02-06 16:15:00+00:00,5,4,5,10715,6313,2227,14.5375
SOLUSDT,2026-02-06 16:30:00+00:00,5,4,5,10474,6490,2111,14.5375
ADAUSDT,2026-02-06 16:45:00+00:00,2,5,3,1548,986,337,40.525
DOGEUSDT,2026-02-06 17:30:00+00:00,4,3,4,6993,3622,1545,16.275
DOGEUSDT,2026-02-06 18:00:00+00:00,5,3,4,8180,4045,1758,3.625
XRPUSDT,2026-02-06 18:15:00+00:00,5,3,5,14934,7705,2921,12.4625
XRPUSDT,2026-02-06 18:30:00+00:00,5,2,4,8655,3803,1820,11.6125
SOLUSDT,2026-02-06 20:45:00+00:00,4,5,4,7020,4745,1339,28.9
ADAUSDT,2026-02-06 22:30:00+00:00,2,4,2,897,533,210,52.55
ETHUSDT,2026-02-06 22:30:00+00:00,5,2,5,29002,11715,2162,22.9625
DOGEUSDT,2026-02-07 00:30:00+00:00,3,3,2,2321,1143,527,36.4125
ADAUSDT,2026-02-07 04:00:00+00:00,2,5,2,995,663,202,40.525
SOLUSDT,2026-02-07 04:00:00+00:00,4,4,4,4506,2577,1023,52.7875
SOLUSDT,2026-02-07 04:30:00+00:00,4,4,4,3568,2164,777,52.7875
ADAUSDT,2026-02-07 07:00:00+00:00,3,5,3,1946,1285,400,15.725
DOGEUSDT,2026-02-07 07:00:00+00:00,4,4,3,7415,4393,1386,3.7875
DOGEUSDT,2026-02-07 07:15:00+00:00,4,3,4,7463,3393,1663,16.275
XRPUSDT,2026-02-07 08:45:00+00:00,3,2,3,3049,1288,692,48.225
XRPUSDT,2026-02-07 10:30:00+00:00,5,3,4,7702,4026,1533,12.4625
XRPUSDT,2026-02-07 12:30:00+00:00,4,3,4,6957,3273,1505,32.2375
DOGEUSDT,2026-02-07 14:00:00+00:00,2,4,1,1057,575,233,20.825
XRPUSDT,2026-02-07 15:30:00+00:00,4,3,3,3742,1762,886,32.2375
ADAUSDT,2026-02-07 16:00:00+00:00,5,5,5,19072,12793,3712,1.0
AVAXUSDT,2026-02-07 16:00:00+00:00,5,5,5,8394,6898,1020,1.0
ADAUSDT,2026-02-07 16:15:00+00:00,5,5,5,8747,5743,1795,1.0
ETHUSDT,2026-02-07 17:00:00+00:00,5,3,5,49506,26384,3169,1.4625
BTCUSDT,2026-02-08 04:30:00+00:00,4,1,4,5555,1192,482,46.3875
SOLUSDT,2026-02-08 04:30:00+00:00,2,5,2,1329,880,253,21.8625
ETHUSDT,2026-02-08 05:30:00+00:00,4,3,4,6358,3017,616,1.0
DOGEUSDT,2026-02-08 11:00:00+00:00,2,3,1,932,450,229,66.0875
XRPUSDT,2026-02-08 12:00:00+00:00,3,3,3,3332,1773,741,62.125
DOGEUSDT,2026-02-08 12:15:00+00:00,2,3,1,971,450,235,66.0875
ETHUSDT,2026-02-08 14:00:00+00:00,5,2,5,13749,5290,1159,22.9625
SOLUSDT,2026-02-09 03:45:00+00:00,3,4,3,2167,1244,505,97.675
XRPUSDT,2026-02-09 04:30:00+00:00,2,3,2,1562,781,344,75.6375
DOGEUSDT,2026-02-09 04:45:00+00:00,1,3,1,461,244,108,47.5125
SOLUSDT,2026-02-09 07:00:00+00:00,3,5,4,2864,1870,575,40.7625
DOGEUSDT,2026-02-09 09:00:00+00:00,2,5,2,1548,1037,269,4.8875
XRPUSDT,2026-02-09 13:30:00+00:00,3,4,3,2637,1461,520,28.8375
XRPUSDT,2026-02-09 15:15:00+00:00,4,4,3,5425,3106,1131,14.8625
SOLUSDT,2026-02-09 17:30:00+00:00,5,5,5,7758,4873,1610,8.275
SOLUSDT,2026-02-09 19:15:00+00:00,4,5,4,3731,2606,657,28.9
ETHUSDT,2026-02-09 23:45:00+00:00,4,1,4,7566,1779,716,106.55
DOGEUSDT,2026-02-10 00:00:00+00:00,2,3,1,851,450,216,66.0875
DOGEUSDT,2026-02-10 04:30:00+00:00,1,5,1,504,315,115,1.9625
SOLUSDT,2026-02-10 06:00:00+00:00,2,4,3,1398,820,302,69.175
DOGEUSDT,2026-02-10 06:15:00+00:00,2,4,2,1381,819,270,20.825
ETHUSDT,2026-02-10 06:15:00+00:00,5,4,5,35982,19324,2650,1.0
ETHUSDT,2026-02-10 06:30:00+00:00,5,3,5,30586,13760,2546,1.4625
DOGEUSDT,2026-02-10 06:45:00+00:00,3,4,3,3441,1889,746,10.075
ETHUSDT,2026-02-10 06:45:00+00:00,5,3,5,85921,42690,7430,1.4625
XRPUSDT,2026-02-10 07:00:00+00:00,3,4,3,2548,1390,529,28.8375
SOLUSDT,2026-02-10 07:30:00+00:00,2,5,2,1202,751,257,21.8625
DOGEUSDT,2026-02-10 09:15:00+00:00,2,4,1,799,457,178,20.825
SOLUSDT,2026-02-10 09:30:00+00:00,4,5,3,4317,2774,605,28.9
ADAUSDT,2026-02-10 12:15:00+00:00,1,3,1,368,190,82,39.4875
DOGEUSDT,2026-02-10 13:30:00+00:00,2,4,1,1229,701,265,20.825
ETHUSDT,2026-02-10 14:30:00+00:00,5,1,5,59111,11920,4614,232.8125
ETHUSDT,2026-02-10 15:00:00+00:00,5,1,5,36307,6949,2889,232.8125
DOGEUSDT,2026-02-10 16:15:00+00:00,2,2,1,1599,715,403,56.45
ETHUSDT,2026-02-10 16:30:00+00:00,5,1,4,15398,2756,1134,232.8125
ETHUSDT,2026-02-10 19:00:00+00:00,5,3,4,21955,10661,1109,1.4625
ETHUSDT,2026-02-10 19:15:00+00:00,5,4,4,25388,15037,1249,1.0
SOLUSDT,2026-02-10 22:30:00+00:00,2,4,3,1346,769,290,69.175
ADAUSDT,2026-02-10 22:45:00+00:00,1,5,1,217,142,38,81.6375
XRPUSDT,2026-02-11 01:45:00+00:00,2,4,1,1175,644,261,31.5375
DOGEUSDT,2026-02-11 04:00:00+00:00,1,3,1,746,398,173,47.5125
SOLUSDT,2026-02-11 08:45:00+00:00,2,4,2,1311,762,283,69.175
XRPUSDT,2026-02-11 09:00:00+00:00,3,3,2,1816,957,402,62.125
XRPUSDT,2026-02-11 11:30:00+00:00,3,4,3,2006,1090,415,28.8375
DOGEUSDT,2026-02-11 13:30:00+00:00,4,3,3,5210,2595,1098,16.275
XRPUSDT,2026-02-11 14:15:00+00:00,4,4,4,6967,3848,1411,14.8625
DOGEUSDT,2026-02-11 14:30:00+00:00,4,3,3,5448,2560,1267,16.275
BTCUSDT,2026-02-11 15:15:00+00:00,5,1,5,69396,10884,4504,173.075
XRPUSDT,2026-02-11 18:15:00+00:00,4,3,3,4161,2042,944,32.2375
DOGEUSDT,2026-02-11 21:00:00+00:00,2,3,1,967,499,228,66.0875
DOGEUSDT,2026-02-11 22:00:00+00:00,2,3,1,956,495,234,66.0875
XRPUSDT,2026-02-12 02:30:00+00:00,2,4,2,1627,883,355,31.5375
SOLUSDT,2026-02-12 04:45:00+00:00,2,4,2,1068,585,248,69.175
DOGEUSDT,2026-02-12 05:30:00+00:00,1,3,1,746,388,181,47.5125
ETHUSDT,2026-02-12 08:15:00+00:00,5,2,4,10863,3394,971,22.9625
DOGEUSDT,2026-02-12 09:15:00+00:00,1,4,1,601,327,141,16.3375
BTCUSDT,2026-02-12 11:15:00+00:00,5,1,5,23468,5224,2527,173.075
DOGEUSDT,2026-02-12 11:45:00+00:00,3,1,1,2719,329,186,1.0
ETHUSDT,2026-02-12 11:45:00+00:00,4,1,4,7132,1832,691,106.55
ADAUSDT,2026-02-12 12:15:00+00:00,1,5,1,382,273,71,81.6375
XRPUSDT,2026-02-12 12:15:00+00:00,2,4,2,1453,821,313,31.5375
XRPUSDT,2026-02-12 16:15:00+00:00,5,3,4,7875,4130,1681,12.4625
XRPUSDT,2026-02-12 16:30:00+00:00,4,2,4,6838,3040,1494,29.925
SOLUSDT,2026-02-12 17:00:00+00:00,4,5,4,6700,4230,1375,28.9
BTCUSDT,2026-02-12 18:15:00+00:00,5,1,5,33477,7836,2450,173.075
XRPUSDT,2026-02-12 19:15:00+00:00,3,3,2,2462,1130,583,62.125
ADAUSDT,2026-02-12 21:15:00+00:00,1,5,1,226,144,57,81.6375
DOGEUSDT,2026-02-12 23:45:00+00:00,2,5,2,865,568,152,4.8875
BTCUSDT,2026-02-13 02:00:00+00:00,5,1,4,12245,3018,1124,173.075
DOGEUSDT,2026-02-13 02:45:00+00:00,1,4,1,672,371,151,16.3375
DOGEUSDT,2026-02-13 07:00:00+00:00,3,5,2,2046,1271,391,2.925
BTCUSDT,2026-02-13 08:00:00+00:00,5,1,4,12431,2900,1120,173.075
SOLUSDT,2026-02-13 14:30:00+00:00,5,5,5,9280,5841,1862,8.275
XRPUSDT,2026-02-13 14:30:00+00:00,5,3,4,8152,3803,1689,12.4625
SOLUSDT,2026-02-13 16:15:00+00:00,4,4,4,3628,2064,831,52.7875
DOGEUSDT,2026-02-13 17:45:00+00:00,2,4,2,1193,672,246,20.825
DOGEUSDT,2026-02-13 23:15:00+00:00,2,4,1,836,463,176,20.825
SOLUSDT,2026-02-14 01:30:00+00:00,2,5,3,1229,784,239,21.8625
ETHUSDT,2026-02-14 01:45:00+00:00,4,3,3,4793,2494,515,1.0
ETHUSDT,2026-02-14 02:00:00+00:00,4,4,3,6986,3786,831,1.0
ETHUSDT,2026-02-14 02:15:00+00:00,4,4,3,6947,3986,701,1.0
ETHUSDT,2026-02-14 03:15:00+00:00,3,2,2,2678,834,305,16.575
ETHUSDT,2026-02-14 03:45:00+00:00,4,5,3,6343,4394,402,1.325
XRPUSDT,2026-02-14 05:15:00+00:00,1,2,1,549,241,134,2.1125
ETHUSDT,2026-02-14 05:45:00+00:00,3,2,3,2382,717,267,16.575
XRPUSDT,2026-02-14 06:45:00+00:00,1,4,1,584,316,142,6.8125
ETHUSDT,2026-02-14 10:15:00+00:00,3,1,2,3022,839,360,19.05
ADAUSDT,2026-02-14 11:15:00+00:00,2,5,2,1500,999,299,40.525
XRPUSDT,2026-02-14 13:00:00+00:00,3,3,3,2580,1270,558,62.125
BTCUSDT,2026-02-14 14:15:00+00:00,5,1,5,16140,4465,1269,173.075
DOGEUSDT,2026-02-14 14:45:00+00:00,4,4,3,5607,3057,1198,3.7875
BTCUSDT,2026-02-14 19:45:00+00:00,5,4,4,12625,7358,786,1.4
DOGEUSDT,2026-02-14 21:15:00+00:00,4,3,3,4832,2247,1050,16.275
DOGEUSDT,2026-02-14 22:45:00+00:00,4,3,4,3910,1821,705,16.275
DOGEUSDT,2026-02-14 23:15:00+00:00,4,4,4,5106,2781,1032,3.7875
BTCUSDT,2026-02-14 23:30:00+00:00,4,1,4,5388,1190,502,46.3875
DOGEUSDT,2026-02-15 01:45:00+00:00,4,3,3,4007,1861,844,16.275
DOGEUSDT,2026-02-15 02:00:00+00:00,5,3,4,8351,4313,1713,3.625
DOGEUSDT,2026-02-15 02:30:00+00:00,5,5,3,8855,5975,1476,1.0
DOGEUSDT,2026-02-15 02:45:00+00:00,4,4,3,4141,2507,845,3.7875
DOGEUSDT,2026-02-15 03:00:00+00:00,5,4,4,13703,8370,2443,1.0
ADAUSDT,2026-02-15 03:15:00+00:00,1,5,1,527,352,103,81.6375
DOGEUSDT,2026-02-15 03:15:00+00:00,4,4,4,6604,3732,1397,3.7875
XRPUSDT,2026-02-15 03:15:00+00:00,3,2,2,1859,773,420,48.225
DOGEUSDT,2026-02-15 04:30:00+00:00,4,3,3,4083,1981,836,16.275
XRPUSDT,2026-02-15 05:30:00+00:00,5,3,4,8054,3943,1665,12.4625
XRPUSDT,2026-02-15 06:45:00+00:00,3,2,3,2518,1093,573,48.225
ETHUSDT,2026-02-15 07:15:00+00:00,5,3,5,23254,10952,1754,1.4625
BTCUSDT,2026-02-15 07:45:00+00:00,5,3,5,15350,7793,1296,3.325
XRPUSDT,2026-02-15 07:45:00+00:00,5,3,5,12431,6308,2313,12.4625
XRPUSDT,2026-02-15 12:00:00+00:00,5,4,4,9875,5363,1882,4.1125
ADAUSDT,2026-02-15 12:30:00+00:00,1,5,1,551,352,113,81.6375
DOGEUSDT,2026-02-15 12:45:00+00:00,5,3,4,10023,4854,2025,3.625
XRPUSDT,2026-02-15 12:45:00+00:00,5,4,5,12842,7046,2540,4.1125
DOGEUSDT,2026-02-15 13:00:00+00:00,4,4,3,5953,3232,1174,3.7875
XRPUSDT,2026-02-15 14:15:00+00:00,4,5,4,5899,3732,965,7.4375
XRPUSDT,2026-02-15 19:00:00+00:00,5,5,4,9065,5710,1567,1.5875
XRPUSDT,2026-02-15 20:00:00+00:00,5,5,3,8773,6417,1112,1.5875
DOGEUSDT,2026-02-15 22:15:00+00:00,2,3,2,1013,463,233,66.0875
BTCUSDT,2026-02-15 22:45:00+00:00,5,1,4,8566,2091,589,173.075
DOGEUSDT,2026-02-15 23:00:00+00:00,4,3,3,3496,1810,727,16.275
SOLUSDT,2026-02-16 00:00:00+00:00,2,4,3,1735,957,424,69.175
XRPUSDT,2026-02-16 02:00:00+00:00,3,2,2,1850,815,429,48.225
SOLUSDT,2026-02-16 02:45:00+00:00,3,5,4,2193,1572,351,40.7625
DOGEUSDT,2026-02-16 04:00:00+00:00,2,3,2,1323,648,307,66.0875
ADAUSDT,2026-02-16 05:45:00+00:00,1,4,1,327,193,70,104.5375
DOGEUSDT,2026-02-16 05:45:00+00:00,2,4,2,936,529,201,20.825
SOLUSDT,2026-02-16 05:45:00+00:00,3,5,4,1855,1312,279,40.7625
BTCUSDT,2026-02-16 06:15:00+00:00,4,1,4,7477,2095,731,46.3875
ADAUSDT,2026-02-16 07:30:00+00:00,1,5,1,344,216,75,81.6375
XRPUSDT,2026-02-16 07:30:00+00:00,3,4,2,1890,1058,374,28.8375
SOLUSDT,2026-02-16 09:15:00+00:00,3,5,4,2608,1901,381,40.7625
DOGEUSDT,2026-02-16 09:45:00+00:00,3,5,2,2035,1462,301,2.925
XRPUSDT,2026-02-16 12:30:00+00:00,4,3,4,4045,1933,845,32.2375
ADAUSDT,2026-02-16 17:00:00+00:00,1,5,1,351,218,74,81.6375
ETHUSDT,2026-02-16 17:15:00+00:00,5,1,4,10021,2303,1074,232.8125
ADAUSDT,2026-02-16 18:45:00+00:00,1,4,1,207,127,53,104.5375
XRPUSDT,2026-02-16 19:00:00+00:00,3,4,3,1805,1088,370,28.8375
ADAUSDT,2026-02-16 21:00:00+00:00,1,5,1,286,179,64,81.6375
ETHUSDT,2026-02-16 22:30:00+00:00,5,2,4,7835,2313,687,22.9625
BTCUSDT,2026-02-17 00:30:00+00:00,5,4,5,13749,7434,791,1.4
ETHUSDT,2026-02-17 00:30:00+00:00,4,2,4,6778,2109,532,26.225
XRPUSDT,2026-02-17 03:00:00+00:00,2,4,2,1240,673,279,31.5375
ETHUSDT,2026-02-17 08:30:00+00:00,5,3,5,13452,6209,1099,1.4625
XRPUSDT,2026-02-17 10:00:00+00:00,2,4,3,1437,848,287,31.5375
ADAUSDT,2026-02-17 10:15:00+00:00,1,5,1,534,347,116,81.6375
SOLUSDT,2026-02-17 14:30:00+00:00,4,4,5,6772,4013,1420,52.7875
ADAUSDT,2026-02-17 15:45:00+00:00,1,4,1,588,354,126,104.5375
XRPUSDT,2026-02-17 17:30:00+00:00,3,2,2,2437,1055,521,48.225
XRPUSDT,2026-02-17 17:45:00+00:00,3,3,2,2396,1101,524,62.125
SOLUSDT,2026-02-17 18:30:00+00:00,3,4,3,2378,1348,550,97.675
ETHUSDT,2026-02-17 22:30:00+00:00,4,2,4,4762,1480,457,26.225
XRPUSDT,2026-02-17 22:45:00+00:00,2,4,1,1132,635,225,31.5375
ADAUSDT,2026-02-17 23:15:00+00:00,1,5,1,203,136,36,81.6375
SOLUSDT,2026-02-17 23:30:00+00:00,1,3,1,721,379,181,1.0
ETHUSDT,2026-02-18 02:45:00+00:00,4,3,3,6190,3020,474,1.0
SOLUSDT,2026-02-18 03:15:00+00:00,1,5,1,791,494,178,1.0
SOLUSDT,2026-02-18 05:00:00+00:00,1,4,2,737,396,182,4.8125
SOLUSDT,2026-02-18 08:30:00+00:00,3,5,3,2137,1570,329,40.7625
BTCUSDT,2026-02-18 10:15:00+00:00,4,2,4,7292,2662,688,104.35
ADAUSDT,2026-02-18 15:30:00+00:00,2,5,2,941,645,178,40.525
XRPUSDT,2026-02-18 16:00:00+00:00,4,4,3,4402,2390,887,14.8625
BTCUSDT,2026-02-18 23:15:00+00:00,4,1,4,5783,1477,540,46.3875
DOGEUSDT,2026-02-19 02:45:00+00:00,1,5,1,597,377,119,1.9625
DOGEUSDT,2026-02-19 03:15:00+00:00,1,5,1,737,462,138,1.9625
SOLUSDT,2026-02-19 03:15:00+00:00,1,5,1,765,479,169,1.0
BTCUSDT,2026-02-19 03:30:00+00:00,4,1,4,6424,1848,774,46.3875
XRPUSDT,2026-02-19 04:30:00+00:00,2,4,2,1062,631,216,31.5375
BTCUSDT,2026-02-19 06:45:00+00:00,5,3,4,7700,3512,819,3.325
DOGEUSDT,2026-02-19 08:30:00+00:00,2,4,2,1330,714,294,20.825
SOLUSDT,2026-02-19 12:30:00+00:00,2,4,3,1588,977,362,69.175
XRPUSDT,2026-02-19 13:30:00+00:00,4,4,3,5018,2958,937,14.8625
AVAXUSDT,2026-02-19 16:15:00+00:00,1,5,1,216,173,28,225.225
DOGEUSDT,2026-02-19 20:15:00+00:00,1,2,1,700,305,167,13.8375
SOLUSDT,2026-02-19 22:15:00+00:00,2,5,3,1664,1111,296,21.8625
ETHUSDT,2026-02-19 23:30:00+00:00,3,1,3,2856,722,307,19.05
BTCUSDT,2026-02-20 00:45:00+00:00,4,1,4,7238,1765,629,46.3875
BTCUSDT,2026-02-20 02:30:00+00:00,4,1,4,4669,1193,492,46.3875
SOLUSDT,2026-02-20 03:15:00+00:00,3,5,4,2384,1815,296,40.7625
DOGEUSDT,2026-02-20 03:30:00+00:00,1,3,1,554,265,131,47.5125
XRPUSDT,2026-02-20 03:30:00+00:00,2,5,2,1328,827,272,7.925
XRPUSDT,2026-02-20 05:45:00+00:00,2,4,3,1689,946,354,31.5375
ADAUSDT,2026-02-20 06:15:00+00:00,1,5,1,211,140,45,81.6375
DOGEUSDT,2026-02-20 06:15:00+00:00,2,4,1,955,571,177,20.825
BTCUSDT,2026-02-20 09:45:00+00:00,5,3,4,8319,4059,741,3.325
BTCUSDT,2026-02-20 10:00:00+00:00,5,3,5,18657,9490,1172,3.325
DOGEUSDT,2026-02-20 12:00:00+00:00,2,4,2,838,462,160,20.825
DOGEUSDT,2026-02-20 13:30:00+00:00,4,4,3,4718,2652,1041,3.7875
XRPUSDT,2026-02-20 13:45:00+00:00,4,4,4,3973,2372,776,14.8625
ADAUSDT,2026-02-20 16:30:00+00:00,2,5,2,1134,755,222,40.525
ETHUSDT,2026-02-20 17:15:00+00:00,5,1,5,18863,3086,1435,232.8125
BTCUSDT,2026-02-20 22:45:00+00:00,5,1,4,9555,1678,673,173.075
XRPUSDT,2026-02-20 23:15:00+00:00,1,3,1,674,337,158,17.675
ETHUSDT,2026-02-21 01:15:00+00:00,3,1,3,2827,671,227,19.05
ETHUSDT,2026-02-21 04:00:00+00:00,3,1,3,2425,658,218,19.05
SOLUSDT,2026-02-21 05:15:00+00:00,1,3,1,764,402,176,1.0
ETHUSDT,2026-02-21 05:30:00+00:00,2,1,2,1614,406,185,1.0
SOLUSDT,2026-02-21 05:30:00+00:00,1,4,1,749,437,184,4.8125
ETHUSDT,2026-02-21 05:45:00+00:00,2,1,2,1629,415,198,1.0
ETHUSDT,2026-02-21 06:45:00+00:00,2,1,2,1517,411,173,1.0
SOLUSDT,2026-02-21 07:15:00+00:00,1,3,1,733,385,166,1.0
XRPUSDT,2026-02-21 07:30:00+00:00,1,4,1,758,409,181,6.8125
SOLUSDT,2026-02-21 07:45:00+00:00,1,4,1,710,407,159,4.8125
SOLUSDT,2026-02-21 08:15:00+00:00,1,3,1,732,375,165,1.0
SOLUSDT,2026-02-21 10:15:00+00:00,2,4,2,1080,658,221,69.175
XRPUSDT,2026-02-21 10:30:00+00:00,1,4,1,775,439,170,6.8125
ETHUSDT,2026-02-21 10:45:00+00:00,2,2,2,1729,585,222,3.9875
DOGEUSDT,2026-02-21 15:15:00+00:00,2,3,1,918,455,210,66.0875
XRPUSDT,2026-02-21 18:15:00+00:00,2,5,1,1158,720,239,7.925
SOLUSDT,2026-02-21 19:00:00+00:00,2,4,2,1066,636,246,69.175
ADAUSDT,2026-02-21 19:15:00+00:00,1,5,1,217,149,39,81.6375
ETHUSDT,2026-02-21 19:15:00+00:00,3,2,3,2014,724,264,16.575
DOGEUSDT,2026-02-21 21:15:00+00:00,1,3,1,673,330,181,47.5125
SOLUSDT,2026-02-21 23:00:00+00:00,2,5,3,1566,993,312,21.8625
BTCUSDT,2026-02-22 00:45:00+00:00,4,2,3,5767,2088,580,104.35
DOGEUSDT,2026-02-22 02:45:00+00:00,2,5,1,968,617,166,4.8875
DOGEUSDT,2026-02-22 03:00:00+00:00,2,5,2,1495,978,268,4.8875
DOGEUSDT,2026-02-22 03:15:00+00:00,3,5,3,3412,2389,559,2.925
ETHUSDT,2026-02-22 03:30:00+00:00,3,1,3,3086,768,299,19.05
XRPUSDT,2026-02-22 03:30:00+00:00,1,4,1,745,444,154,6.8125
BTCUSDT,2026-02-22 04:00:00+00:00,3,2,3,3358,1079,453,18.6125
ETHUSDT,2026-02-22 04:45:00+00:00,2,2,2,1580,696,183,3.9875
SOLUSDT,2026-02-22 05:30:00+00:00,1,5,1,650,416,129,1.0
ETHUSDT,2026-02-22 06:45:00+00:00,2,1,2,1324,384,151,1.0
SOLUSDT,2026-02-22 07:15:00+00:00,1,3,1,686,358,155,1.0
XRPUSDT,2026-02-22 07:45:00+00:00,1,4,1,610,339,141,6.8125
SOLUSDT,2026-02-22 08:15:00+00:00,2,5,2,967,604,210,21.8625
SOLUSDT,2026-02-22 08:45:00+00:00,1,3,1,740,387,191,1.0
SOLUSDT,2026-02-22 09:00:00+00:00,2,2,2,1320,541,253,1.0
XRPUSDT,2026-02-22 09:15:00+00:00,1,3,1,571,295,138,17.675
ETHUSDT,2026-02-22 10:00:00+00:00,3,3,3,1833,902,240,1.15
BTCUSDT,2026-02-22 10:15:00+00:00,4,2,4,4129,1357,580,104.35
ETHUSDT,2026-02-22 11:45:00+00:00,3,5,3,3422,2526,299,1.0
ADAUSDT,2026-02-22 13:30:00+00:00,1,5,1,477,344,86,81.6375
ADAUSDT,2026-02-22 14:00:00+00:00,1,4,1,231,139,45,104.5375
DOGEUSDT,2026-02-22 14:45:00+00:00,3,4,3,2713,1508,584,10.075
ETHUSDT,2026-02-22 15:00:00+00:00,4,1,4,5073,1061,480,106.55
ETHUSDT,2026-02-22 15:45:00+00:00,3,1,3,3076,744,329,19.05
XRPUSDT,2026-02-22 16:15:00+00:00,2,5,2,1258,781,239,7.925
SOLUSDT,2026-02-22 16:30:00+00:00,2,5,2,1065,678,230,21.8625
ETHUSDT,2026-02-22 16:45:00+00:00,3,3,3,3403,1531,348,1.15
ETHUSDT,2026-02-22 17:45:00+00:00,4,1,3,4660,892,431,106.55
BTCUSDT,2026-02-22 18:00:00+00:00,5,3,4,8970,4196,739,3.325
BTCUSDT,2026-02-22 18:45:00+00:00,4,3,4,6675,3231,750,14.5875
ETHUSDT,2026-02-22 19:15:00+00:00,2,1,2,1735,420,198,1.0
XRPUSDT,2026-02-22 19:30:00+00:00,2,5,1,1086,699,197,7.925
ETHUSDT,2026-02-22 19:45:00+00:00,2,1,2,1441,400,168,1.0
ETHUSDT,2026-02-22 20:15:00+00:00,2,1,2,1677,443,201,1.0
SOLUSDT,2026-02-22 21:00:00+00:00,1,4,1,724,406,168,4.8125
DOGEUSDT,2026-02-22 21:15:00+00:00,1,3,1,393,196,84,47.5125
SOLUSDT,2026-02-22 21:15:00+00:00,1,5,2,775,512,144,1.0
ETHUSDT,2026-02-22 21:30:00+00:00,4,3,4,5889,2819,485,1.0
SOLUSDT,2026-02-22 21:30:00+00:00,2,5,2,1069,692,198,21.8625
SOLUSDT,2026-02-22 21:45:00+00:00,1,4,2,719,433,155,4.8125
SOLUSDT,2026-02-22 22:15:00+00:00,2,5,2,1173,730,247,21.8625
XRPUSDT,2026-02-23 00:00:00+00:00,2,4,2,1378,809,269,31.5375
ETHUSDT,2026-02-23 00:30:00+00:00,5,3,4,10933,5402,712,1.4625
XRPUSDT,2026-02-23 00:30:00+00:00,4,5,3,3984,2534,746,7.4375
AVAXUSDT,2026-02-23 01:00:00+00:00,4,5,4,3650,2864,525,3.15
DOGEUSDT,2026-02-23 02:15:00+00:00,2,3,2,1363,642,324,66.0875
XRPUSDT,2026-02-23 03:15:00+00:00,3,5,3,2568,1624,505,12.5625
XRPUSDT,2026-02-23 03:30:00+00:00,3,5,3,2466,1586,481,12.5625
SOLUSDT,2026-02-23 05:15:00+00:00,3,5,3,2205,1491,409,40.7625
XRPUSDT,2026-02-23 05:30:00+00:00,2,5,2,1620,1032,307,7.925
XRPUSDT,2026-02-23 09:15:00+00:00,3,4,3,1883,1032,396,28.8375
XRPUSDT,2026-02-23 11:00:00+00:00,3,5,3,2579,1653,447,12.5625
DOGEUSDT,2026-02-23 13:15:00+00:00,2,5,2,1472,953,277,4.8875
DOGEUSDT,2026-02-23 13:30:00+00:00,3,5,2,3102,2483,346,2.925
SOLUSDT,2026-02-23 14:30:00+00:00,4,4,4,6165,3638,1381,52.7875
XRPUSDT,2026-02-23 14:30:00+00:00,5,4,4,9094,4969,1672,4.1125
ADAUSDT,2026-02-23 15:00:00+00:00,2,5,1,939,643,177,40.525
XRPUSDT,2026-02-23 16:00:00+00:00,4,4,3,4086,2208,838,14.8625
ETHUSDT,2026-02-24 00:15:00+00:00,4,1,3,4689,1069,447,106.55
DOGEUSDT,2026-02-24 01:15:00+00:00,5,4,4,12163,7386,2297,1.0
BTCUSDT,2026-02-24 04:15:00+00:00,5,2,5,53871,18011,3090,57.2
DOGEUSDT,2026-02-24 04:15:00+00:00,3,3,2,1976,1044,449,36.4125
XRPUSDT,2026-02-24 05:15:00+00:00,3,3,3,2665,1297,600,62.125
DOGEUSDT,2026-02-24 08:15:00+00:00,2,4,2,981,526,218,20.825
DOGEUSDT,2026-02-24 10:30:00+00:00,1,4,1,461,261,114,16.3375
ETHUSDT,2026-02-24 10:30:00+00:00,5,2,4,8070,2370,805,22.9625
DOGEUSDT,2026-02-24 10:45:00+00:00,1,3,1,586,278,142,47.5125
SOLUSDT,2026-02-24 17:30:00+00:00,2,3,2,1474,782,351,16.0375
DOGEUSDT,2026-02-24 18:00:00+00:00,2,3,2,1455,720,316,66.0875
ADAUSDT,2026-02-24 18:45:00+00:00,1,3,1,210,106,55,39.4875
XRPUSDT,2026-02-24 20:15:00+00:00,4,2,2,3819,1581,836,29.925
SOLUSDT,2026-02-25 00:00:00+00:00,3,5,3,1775,1205,289,40.7625
XRPUSDT,2026-02-25 02:15:00+00:00,3,4,3,2794,1562,560,28.8375
ETHUSDT,2026-02-25 02:45:00+00:00,5,1,5,9859,2712,865,232.8125
ETHUSDT,2026-02-25 05:00:00+00:00,4,2,4,6922,2104,638,26.225
XRPUSDT,2026-02-25 06:30:00+00:00,2,4,2,1007,544,234,31.5375
ETHUSDT,2026-02-25 07:00:00+00:00,4,2,4,7475,2439,771,26.225
ETHUSDT,2026-02-25 08:00:00+00:00,4,2,3,5490,1632,534,26.225
XRPUSDT,2026-02-25 08:45:00+00:00,3,4,3,1840,1045,397,28.8375
XRPUSDT,2026-02-25 10:30:00+00:00,2,4,2,1076,648,226,31.5375
DOGEUSDT,2026-02-25 11:00:00+00:00,2,4,1,966,526,210,20.825
XRPUSDT,2026-02-25 11:45:00+00:00,2,3,2,1043,530,221,75.6375
BTCUSDT,2026-02-25 12:45:00+00:00,5,1,5,27310,6247,2091,173.075
AVAXUSDT,2026-02-25 13:00:00+00:00,5,5,4,8300,7738,379,1.0
AVAXUSDT,2026-02-25 13:15:00+00:00,4,5,3,4441,4053,240,3.15
AVAXUSDT,2026-02-25 13:30:00+00:00,4,5,3,4299,4010,198,3.15
ADAUSDT,2026-02-25 14:45:00+00:00,3,5,2,1850,1198,378,15.725
DOGEUSDT,2026-02-25 14:45:00+00:00,5,4,4,10938,6490,2204,1.0
DOGEUSDT,2026-02-25 15:00:00+00:00,5,4,4,11246,6323,2307,1.0
DOGEUSDT,2026-02-25 15:15:00+00:00,5,4,4,9164,5150,1838,1.0
DOGEUSDT,2026-02-25 16:00:00+00:00,4,3,3,4490,2288,969,16.275
DOGEUSDT,2026-02-25 17:30:00+00:00,4,5,3,5726,3994,814,1.6
ADAUSDT,2026-02-25 19:00:00+00:00,2,5,3,1589,1221,213,40.525
XRPUSDT,2026-02-25 19:30:00+00:00,4,5,4,4643,3121,802,7.4375
ADAUSDT,2026-02-25 20:00:00+00:00,5,5,4,8221,5531,1568,1.0
DOGEUSDT,2026-02-25 20:00:00+00:00,4,4,3,3639,2069,778,3.7875
DOGEUSDT,2026-02-25 21:15:00+00:00,3,5,2,2338,1547,407,2.925
DOGEUSDT,2026-02-25 23:30:00+00:00,4,5,4,5938,3697,1064,1.6
DOGEUSDT,2026-02-25 23:45:00+00:00,4,4,3,3979,2463,737,3.7875
XRPUSDT,2026-02-25 23:45:00+00:00,4,3,3,3826,1840,818,32.2375
DOGEUSDT,2026-02-26 00:45:00+00:00,4,5,4,4967,3765,605,1.6
DOGEUSDT,2026-02-26 02:15:00+00:00,2,3,2,1564,739,376,66.0875
XRPUSDT,2026-02-26 05:00:00+00:00,4,5,3,4370,2810,731,7.4375
DOGEUSDT,2026-02-26 07:15:00+00:00,2,4,1,825,456,171,20.825
ADAUSDT,2026-02-26 08:45:00+00:00,1,5,1,586,386,117,81.6375
DOGEUSDT,2026-02-26 09:00:00+00:00,2,3,2,1486,733,325,66.0875
SOLUSDT,2026-02-26 09:00:00+00:00,3,4,4,3390,2094,685,97.675
DOGEUSDT,2026-02-26 12:45:00+00:00,2,4,1,1054,576,234,20.825
XRPUSDT,2026-02-26 15:15:00+00:00,5,3,4,8153,4017,1665,12.4625
SOLUSDT,2026-02-26 15:30:00+00:00,4,4,4,6667,4102,1445,52.7875
XRPUSDT,2026-02-26 16:45:00+00:00,5,4,5,9389,5058,1680,4.1125
XRPUSDT,2026-02-26 20:00:00+00:00,3,5,3,3013,1915,518,12.5625
DOGEUSDT,2026-02-26 21:15:00+00:00,1,4,1,587,316,132,16.3375
DOGEUSDT,2026-02-26 22:15:00+00:00,1,4,1,422,246,95,16.3375
DOGEUSDT,2026-02-26 22:45:00+00:00,1,4,1,615,348,131,16.3375
XRPUSDT,2026-02-26 23:45:00+00:00,1,3,2,791,399,154,17.675
SOLUSDT,2026-02-27 00:00:00+00:00,2,4,2,1238,701,283,69.175
XRPUSDT,2026-02-27 02:45:00+00:00,2,3,2,1179,560,272,75.6375
BTCUSDT,2026-02-27 03:15:00+00:00,4,1,4,6415,1537,712,46.3875
DOGEUSDT,2026-02-27 05:15:00+00:00,2,4,1,900,537,179,20.825
XRPUSDT,2026-02-27 08:15:00+00:00,2,3,2,1107,575,238,75.6375
DOGEUSDT,2026-02-27 08:30:00+00:00,1,3,1,787,421,185,47.5125
DOGEUSDT,2026-02-27 09:00:00+00:00,2,4,1,861,493,195,20.825
ADAUSDT,2026-02-27 10:00:00+00:00,2,5,1,998,660,220,40.525
SOLUSDT,2026-02-27 10:45:00+00:00,4,5,4,3479,2254,705,28.9
ETHUSDT,2026-02-27 13:30:00+00:00,5,1,5,34981,7210,2669,232.8125
DOGEUSDT,2026-02-27 14:00:00+00:00,2,4,1,1180,704,239,20.825
DOGEUSDT,2026-02-27 15:15:00+00:00,3,5,1,2883,1939,502,2.925
XRPUSDT,2026-02-27 15:30:00+00:00,5,5,5,7714,5297,1310,1.5875
XRPUSDT,2026-02-27 17:00:00+00:00,3,5,3,3194,2042,610,12.5625
SOLUSDT,2026-02-27 18:30:00+00:00,4,5,3,3862,3027,473,28.9
XRPUSDT,2026-02-27 21:00:00+00:00,3,3,2,1768,941,395,62.125
DOGEUSDT,2026-02-27 21:45:00+00:00,1,5,1,790,527,144,1.9625
DOGEUSDT,2026-02-27 22:00:00+00:00,2,5,1,830,576,131,4.8875
XRPUSDT,2026-02-27 23:00:00+00:00,3,4,2,2125,1216,468,28.8375
DOGEUSDT,2026-02-27 23:30:00+00:00,1,4,1,645,399,126,16.3375
DOGEUSDT,2026-02-28 01:00:00+00:00,1,5,1,728,491,137,1.9625
DOGEUSDT,2026-02-28 01:45:00+00:00,1,4,1,376,213,86,16.3375
SOLUSDT,2026-02-28 03:45:00+00:00,1,3,1,722,366,180,1.0
SOLUSDT,2026-02-28 05:00:00+00:00,1,4,1,629,356,140,4.8125
DOGEUSDT,2026-02-28 05:45:00+00:00,1,5,1,586,380,113,1.9625
BTCUSDT,2026-02-28 06:00:00+00:00,4,1,3,5385,1501,628,46.3875
AVAXUSDT,2026-02-28 06:15:00+00:00,4,5,3,3876,3467,264,3.15
DOGEUSDT,2026-02-28 06:15:00+00:00,5,3,5,12475,6274,2557,3.625
DOGEUSDT,2026-02-28 06:45:00+00:00,5,3,4,7642,3939,1671,3.625
DOGEUSDT,2026-02-28 09:45:00+00:00,3,4,3,2699,1548,560,10.075
DOGEUSDT,2026-02-28 11:30:00+00:00,2,4,2,1669,907,362,20.825
XRPUSDT,2026-02-28 14:45:00+00:00,4,3,4,5339,2750,1147,32.2375
DOGEUSDT,2026-02-28 15:00:00+00:00,3,4,2,1931,1060,391,10.075
ADAUSDT,2026-02-28 15:15:00+00:00,2,5,2,838,653,129,40.525
SOLUSDT,2026-02-28 16:00:00+00:00,3,4,3,1829,1078,443,97.675
DOGEUSDT,2026-02-28 17:00:00+00:00,1,3,1,777,383,184,47.5125
XRPUSDT,2026-02-28 22:00:00+00:00,3,2,2,2410,1044,519,48.225
DOGEUSDT,2026-02-28 23:30:00+00:00,1,4,1,671,367,139,16.3375
SOLUSDT,2026-02-28 23:45:00+00:00,2,5,2,1675,1050,356,21.8625
DOGEUSDT,2026-03-01 00:45:00+00:00,1,3,1,795,418,177,47.5125
DOGEUSDT,2026-03-01 01:45:00+00:00,4,4,4,5224,3009,1031,3.7875
SOLUSDT,2026-03-01 01:45:00+00:00,5,5,5,11822,7891,2115,8.275
XRPUSDT,2026-03-01 01:45:00+00:00,5,3,5,8811,4603,1817,12.4625
DOGEUSDT,2026-03-01 02:00:00+00:00,5,4,4,9113,4939,1861,1.0
ETHUSDT,2026-03-01 02:45:00+00:00,5,1,5,22146,4723,1529,232.8125
XRPUSDT,2026-03-01 04:15:00+00:00,4,4,4,4799,2587,930,14.8625
DOGEUSDT,2026-03-01 05:15:00+00:00,1,3,1,546,272,135,47.5125
DOGEUSDT,2026-03-01 05:30:00+00:00,1,3,1,529,256,127,47.5125
DOGEUSDT,2026-03-01 07:00:00+00:00,2,3,1,818,409,192,66.0875
XRPUSDT,2026-03-01 09:30:00+00:00,3,4,3,1999,1103,420,28.8375
ADAUSDT,2026-03-01 10:15:00+00:00,1,5,1,737,553,97,81.6375
ETHUSDT,2026-03-01 13:15:00+00:00,5,1,5,13502,2661,978,232.8125
ADAUSDT,2026-03-01 14:15:00+00:00,2,5,1,858,616,163,40.525
SOLUSDT,2026-03-01 16:45:00+00:00,5,4,5,8396,5139,1800,14.5375
AVAXUSDT,2026-03-01 17:00:00+00:00,1,5,1,298,241,38,225.225
BTCUSDT,2026-03-01 23:15:00+00:00,5,1,5,22707,2046,1024,173.075
ADAUSDT,2026-03-02 00:15:00+00:00,1,5,1,426,270,88,81.6375
DOGEUSDT,2026-03-02 01:00:00+00:00,3,3,2,3066,1428,720,36.4125
DOGEUSDT,2026-03-02 02:45:00+00:00,1,2,1,663,294,153,13.8375
XRPUSDT,2026-03-02 09:30:00+00:00,2,3,2,1336,672,313,75.6375
DOGEUSDT,2026-03-02 11:00:00+00:00,2,3,2,1004,493,249,66.0875
DOGEUSDT,2026-03-02 13:30:00+00:00,2,3,2,1025,507,250,66.0875
XRPUSDT,2026-03-02 14:45:00+00:00,5,4,4,8541,4712,1646,4.1125
XRPUSDT,2026-03-02 15:30:00+00:00,5,4,4,10016,5864,1736,4.1125
XRPUSDT,2026-03-02 16:00:00+00:00,5,4,4,7864,4398,1449,4.1125
ADAUSDT,2026-03-02 17:45:00+00:00,1,5,1,652,449,137,81.6375
XRPUSDT,2026-03-02 18:30:00+00:00,4,5,3,4032,2685,600,7.4375
XRPUSDT,2026-03-02 19:00:00+00:00,4,5,3,4359,2810,670,7.4375
XRPUSDT,2026-03-02 20:00:00+00:00,4,5,3,5094,3506,735,7.4375
XRPUSDT,2026-03-03 00:30:00+00:00,4,5,3,3913,2815,544,7.4375
XRPUSDT,2026-03-03 03:30:00+00:00,3,5,2,2270,1599,311,12.5625
XRPUSDT,2026-03-03 05:15:00+00:00,3,5,3,2671,1849,410,12.5625
XRPUSDT,2026-03-03 06:30:00+00:00,3,5,2,1980,1346,319,12.5625
DOGEUSDT,2026-03-03 07:00:00+00:00,2,4,2,1103,672,219,20.825
DOGEUSDT,2026-03-03 07:30:00+00:00,3,4,3,2755,1481,550,10.075
DOGEUSDT,2026-03-03 07:45:00+00:00,2,4,2,1304,787,254,20.825
DOGEUSDT,2026-03-03 09:30:00+00:00,3,5,2,2364,1485,468,2.925
XRPUSDT,2026-03-03 10:00:00+00:00,2,3,2,1709,880,365,75.6375
XRPUSDT,2026-03-03 10:30:00+00:00,3,5,2,2332,1587,360,12.5625
ADAUSDT,2026-03-03 11:30:00+00:00,2,5,2,1015,737,163,40.525
DOGEUSDT,2026-03-03 12:30:00+00:00,2,4,2,1332,742,299,20.825
DOGEUSDT,2026-03-03 14:15:00+00:00,3,4,2,1893,1122,371,10.075
XRPUSDT,2026-03-03 15:00:00+00:00,5,5,3,8072,5491,1094,1.5875
ADAUSDT,2026-03-03 15:30:00+00:00,3,5,3,2561,1826,489,15.725
XRPUSDT,2026-03-03 15:30:00+00:00,5,5,3,7856,5589,1107,1.5875
XRPUSDT,2026-03-03 16:15:00+00:00,5,5,4,8269,5720,1173,1.5875
ADAUSDT,2026-03-03 19:30:00+00:00,2,5,2,1032,730,187,40.525
DOGEUSDT,2026-03-03 21:15:00+00:00,2,4,2,1242,684,286,20.825
ETHUSDT,2026-03-03 22:30:00+00:00,4,1,3,6763,1156,569,106.55
DOGEUSDT,2026-03-03 23:30:00+00:00,1,4,1,752,405,157,16.3375
ADAUSDT,2026-03-04 05:45:00+00:00,2,5,1,859,660,115,40.525
ADAUSDT,2026-03-04 07:00:00+00:00,1,4,1,346,209,80,104.5375
XRPUSDT,2026-03-04 09:15:00+00:00,5,5,4,8027,5112,1537,1.5875
XRPUSDT,2026-03-04 10:00:00+00:00,4,4,4,4643,2679,950,14.8625
DOGEUSDT,2026-03-04 10:15:00+00:00,3,4,2,2175,1199,510,10.075
SOLUSDT,2026-03-04 10:15:00+00:00,5,5,5,7982,5625,1344,8.275
DOGEUSDT,2026-03-04 11:45:00+00:00,2,4,2,1482,844,322,20.825
XRPUSDT,2026-03-04 13:45:00+00:00,3,4,3,2028,1121,438,28.8375
SOLUSDT,2026-03-04 14:45:00+00:00,4,4,4,7211,4190,1562,52.7875
DOGEUSDT,2026-03-04 15:00:00+00:00,5,3,4,8745,4433,1846,3.625
ADAUSDT,2026-03-04 15:30:00+00:00,3,5,3,1820,1180,364,15.725
DOGEUSDT,2026-03-04 15:45:00+00:00,5,3,4,9597,5031,2031,3.625
ADAUSDT,2026-03-04 16:00:00+00:00,3,5,4,2953,1970,595,15.725
DOGEUSDT,2026-03-04 16:15:00+00:00,5,4,4,9104,5350,1878,1.0
XRPUSDT,2026-03-04 16:15:00+00:00,5,5,4,12527,8738,1932,1.5875
DOGEUSDT,2026-03-04 16:30:00+00:00,4,3,3,3713,1913,858,16.275
XRPUSDT,2026-03-04 16:45:00+00:00,4,4,3,4156,2506,780,14.8625
DOGEUSDT,2026-03-04 17:15:00+00:00,5,3,4,9020,4711,1924,3.625
DOGEUSDT,2026-03-04 18:30:00+00:00,4,4,3,3995,2349,732,3.7875
XRPUSDT,2026-03-04 20:15:00+00:00,3,5,3,3186,2081,574,12.5625
DOGEUSDT,2026-03-04 20:45:00+00:00,4,4,3,4299,2307,849,3.7875
ADAUSDT,2026-03-04 21:00:00+00:00,2,5,2,915,711,132,40.525
DOGEUSDT,2026-03-04 21:15:00+00:00,4,5,3,3625,2314,619,1.6
DOGEUSDT,2026-03-04 21:30:00+00:00,4,5,3,3609,2406,616,1.6
DOGEUSDT,2026-03-05 00:30:00+00:00,4,5,2,3957,2683,626,1.6
DOGEUSDT,2026-03-05 01:45:00+00:00,4,4,3,3628,2238,684,3.7875
DOGEUSDT,2026-03-05 04:30:00+00:00,3,5,2,2386,1501,465,2.925
DOGEUSDT,2026-03-05 05:00:00+00:00,2,5,2,1565,1085,268,4.8875
DOGEUSDT,2026-03-05 05:15:00+00:00,3,5,2,2084,1306,377,2.925
ETHUSDT,2026-03-05 06:00:00+00:00,5,1,4,13110,1994,920,232.8125
XRPUSDT,2026-03-05 08:00:00+00:00,2,4,2,1622,935,328,31.5375
DOGEUSDT,2026-03-05 09:15:00+00:00,4,5,2,3604,2656,459,1.6
DOGEUSDT,2026-03-05 09:30:00+00:00,3,5,2,2503,1840,332,2.925
DOGEUSDT,2026-03-05 09:45:00+00:00,2,5,1,1629,1167,236,4.8875
DOGEUSDT,2026-03-05 10:15:00+00:00,4,5,3,3583,2337,606,1.6
DOGEUSDT,2026-03-05 10:45:00+00:00,3,5,2,2771,1728,486,2.925
XRPUSDT,2026-03-05 10:45:00+00:00,4,4,4,3567,2050,712,14.8625
SOLUSDT,2026-03-05 13:45:00+00:00,4,5,4,3676,2502,642,28.9
DOGEUSDT,2026-03-05 14:00:00+00:00,2,3,2,1628,831,361,66.0875
SOLUSDT,2026-03-05 16:00:00+00:00,5,5,5,7759,4943,1545,8.275
ADAUSDT,2026-03-05 16:45:00+00:00,1,5,1,313,208,58,81.6375
DOGEUSDT,2026-03-06 04:30:00+00:00,2,4,2,1375,773,289,20.825
DOGEUSDT,2026-03-06 05:00:00+00:00,1,3,1,668,352,145,47.5125
DOGEUSDT,2026-03-06 07:45:00+00:00,3,5,3,2029,1541,258,2.925
ETHUSDT,2026-03-06 08:30:00+00:00,4,1,3,7466,1168,528,106.55
XRPUSDT,2026-03-06 10:45:00+00:00,2,5,2,1105,725,184,7.925
XRPUSDT,2026-03-06 12:30:00+00:00,3,5,2,2937,2073,464,12.5625
AVAXUSDT,2026-03-06 13:30:00+00:00,2,5,3,1509,1215,171,51.5625
DOGEUSDT,2026-03-06 13:30:00+00:00,5,2,4,7836,2972,1434,17.275
XRPUSDT,2026-03-06 13:45:00+00:00,5,5,4,9079,6324,1291,1.5875
XRPUSDT,2026-03-06 14:00:00+00:00,5,5,4,9438,6599,1436,1.5875
BTCUSDT,2026-03-06 14:15:00+00:00,5,1,5,26750,5701,1688,173.075
SOLUSDT,2026-03-06 14:30:00+00:00,5,5,5,10426,6779,2061,8.275
XRPUSDT,2026-03-06 15:00:00+00:00,5,5,4,10130,7512,1469,1.5875
XRPUSDT,2026-03-06 16:00:00+00:00,4,5,3,5453,4250,714,7.4375
XRPUSDT,2026-03-06 18:00:00+00:00,3,5,3,3239,2353,487,12.5625
SOLUSDT,2026-03-06 19:00:00+00:00,2,5,3,1723,1105,365,21.8625
XRPUSDT,2026-03-06 19:30:00+00:00,2,5,2,1677,1161,263,7.925
DOGEUSDT,2026-03-06 21:00:00+00:00,1,5,1,525,331,110,1.9625
XRPUSDT,2026-03-06 21:30:00+00:00,2,5,2,1292,872,228,7.925
DOGEUSDT,2026-03-06 22:00:00+00:00,1,3,1,390,198,95,47.5125
SOLUSDT,2026-03-06 22:15:00+00:00,2,5,2,1202,859,218,21.8625
AVAXUSDT,2026-03-06 23:00:00+00:00,1,5,1,312,280,21,225.225
DOGEUSDT,2026-03-06 23:45:00+00:00,1,4,1,408,222,101,16.3375
XRPUSDT,2026-03-07 00:45:00+00:00,1,5,1,777,493,140,1.0
XRPUSDT,2026-03-07 01:15:00+00:00,1,5,1,777,505,144,1.0
XRPUSDT,2026-03-07 02:00:00+00:00,1,5,1,732,458,138,1.0
SOLUSDT,2026-03-07 02:15:00+00:00,1,5,2,729,470,148,1.0
DOGEUSDT,2026-03-07 03:00:00+00:00,2,4,2,881,479,194,20.825
XRPUSDT,2026-03-07 03:00:00+00:00,2,5,2,1444,927,245,7.925
XRPUSDT,2026-03-07 03:45:00+00:00,2,5,1,874,581,150,7.925
XRPUSDT,2026-03-07 04:00:00+00:00,2,5,2,1720,1109,296,7.925
BTCUSDT,2026-03-07 04:45:00+00:00,3,2,4,3408,1285,389,18.6125
SOLUSDT,2026-03-07 05:00:00+00:00,1,4,1,775,474,166,4.8125
SOLUSDT,2026-03-07 05:45:00+00:00,1,5,2,791,520,145,1.0
XRPUSDT,2026-03-07 06:00:00+00:00,1,5,1,780,496,148,1.0
ETHUSDT,2026-03-07 06:15:00+00:00,3,2,3,2847,908,276,16.575
ADAUSDT,2026-03-07 06:45:00+00:00,1,4,1,207,124,43,104.5375
SOLUSDT,2026-03-07 07:15:00+00:00,2,4,2,934,546,213,69.175
DOGEUSDT,2026-03-07 08:45:00+00:00,2,5,2,818,578,107,4.8875
XRPUSDT,2026-03-07 09:00:00+00:00,1,5,1,738,476,132,1.0
ETHUSDT,2026-03-07 09:30:00+00:00,3,3,4,3181,1483,369,1.15
XRPUSDT,2026-03-07 09:30:00+00:00,1,5,1,738,461,129,1.0
ETHUSDT,2026-03-07 09:45:00+00:00,4,3,4,4950,2583,445,1.0
XRPUSDT,2026-03-07 09:45:00+00:00,1,5,2,772,516,130,1.0
XRPUSDT,2026-03-07 10:00:00+00:00,1,5,1,690,437,142,1.0
DOGEUSDT,2026-03-07 10:15:00+00:00,1,4,1,401,226,80,16.3375
ETHUSDT,2026-03-07 10:30:00+00:00,4,3,3,3771,1883,380,1.0
XRPUSDT,2026-03-07 13:45:00+00:00,1,4,1,645,362,152,6.8125
DOGEUSDT,2026-03-07 14:30:00+00:00,2,4,3,1352,810,272,20.825
ETHUSDT,2026-03-07 17:30:00+00:00,2,4,2,1266,683,177,1.0
SOLUSDT,2026-03-07 18:45:00+00:00,1,4,1,699,413,163,4.8125
BTCUSDT,2026-03-07 20:45:00+00:00,4,1,5,6380,1537,416,46.3875
ETHUSDT,2026-03-07 22:15:00+00:00,3,1,2,2166,429,196,19.05
SOLUSDT,2026-03-07 23:30:00+00:00,1,4,1,710,436,146,4.8125
XRPUSDT,2026-03-07 23:45:00+00:00,1,4,1,574,356,135,6.8125
SOLUSDT,2026-03-08 01:45:00+00:00,1,5,2,738,461,158,1.0
DOGEUSDT,2026-03-08 02:00:00+00:00,1,5,1,567,352,105,1.9625
ETHUSDT,2026-03-08 02:00:00+00:00,3,1,2,2934,797,285,19.05
ETHUSDT,2026-03-08 02:30:00+00:00,4,1,3,5564,1116,485,106.55
SOLUSDT,2026-03-08 03:30:00+00:00,2,5,2,1090,679,231,21.8625
SOLUSDT,2026-03-08 04:15:00+00:00,1,5,1,749,472,166,1.0
ETHUSDT,2026-03-08 04:45:00+00:00,5,3,5,22129,10057,1430,1.4625
ETHUSDT,2026-03-08 10:00:00+00:00,4,4,5,4961,2678,371,1.0
DOGEUSDT,2026-03-08 12:15:00+00:00,3,4,3,2754,1564,607,10.075
SOLUSDT,2026-03-08 16:45:00+00:00,2,4,3,1462,810,349,69.175
XRPUSDT,2026-03-08 17:45:00+00:00,2,4,1,1034,574,238,31.5375
BTCUSDT,2026-03-08 20:15:00+00:00,4,1,4,5876,1303,516,46.3875
SOLUSDT,2026-03-08 20:30:00+00:00,3,4,3,1930,1191,425,97.675
BTCUSDT,2026-03-08 21:15:00+00:00,4,1,4,6433,1230,518,46.3875
ADAUSDT,2026-03-08 22:00:00+00:00,4,5,3,3755,2749,623,4.225
DOGEUSDT,2026-03-08 22:00:00+00:00,5,3,5,12243,5607,2482,3.625
XRPUSDT,2026-03-08 23:30:00+00:00,2,3,2,1191,590,264,75.6375
AVAXUSDT,2026-03-09 01:30:00+00:00,1,5,1,201,170,26,225.225
DOGEUSDT,2026-03-09 03:00:00+00:00,4,3,4,4763,2537,990,16.275
XRPUSDT,2026-03-09 09:30:00+00:00,4,5,3,4741,3369,714,7.4375
XRPUSDT,2026-03-09 09:45:00+00:00,3,5,3,2556,1694,442,12.5625
SOLUSDT,2026-03-09 10:30:00+00:00,3,4,3,1933,1147,416,97.675
XRPUSDT,2026-03-09 10:30:00+00:00,2,3,2,1321,637,328,75.6375
XRPUSDT,2026-03-09 14:00:00+00:00,4,5,3,5863,4154,841,7.4375
BTCUSDT,2026-03-09 15:30:00+00:00,5,1,5,23075,4615,1351,173.075
DOGEUSDT,2026-03-09 18:15:00+00:00,2,3,2,878,458,207,66.0875
SOLUSDT,2026-03-09 19:00:00+00:00,5,5,3,7929,7410,307,8.275
SOLUSDT,2026-03-09 19:15:00+00:00,4,5,5,6864,4361,1413,28.9
XRPUSDT,2026-03-09 19:30:00+00:00,5,5,4,7807,5443,1160,1.5875
SOLUSDT,2026-03-09 20:15:00+00:00,2,4,3,1249,679,308,69.175
XRPUSDT,2026-03-09 21:30:00+00:00,3,5,2,1847,1233,287,12.5625
BTCUSDT,2026-03-09 21:45:00+00:00,4,1,4,5713,1000,507,46.3875
ETHUSDT,2026-03-09 22:45:00+00:00,5,4,5,29697,18215,1404,1.0
XRPUSDT,2026-03-09 23:00:00+00:00,2,5,2,1370,940,226,7.925
XRPUSDT,2026-03-09 23:15:00+00:00,2,5,1,1092,692,198,7.925
SOLUSDT,2026-03-09 23:30:00+00:00,2,4,2,1157,670,265,69.175
ADAUSDT,2026-03-10 02:30:00+00:00,2,5,2,1558,1053,300,40.525
XRPUSDT,2026-03-10 04:15:00+00:00,2,5,1,1395,905,231,7.925
XRPUSDT,2026-03-10 05:15:00+00:00,2,5,2,1642,1084,280,7.925
XRPUSDT,2026-03-10 06:15:00+00:00,5,1,3,8454,1132,386,1.0
XRPUSDT,2026-03-10 06:30:00+00:00,4,1,3,4672,1179,334,1.0
XRPUSDT,2026-03-10 06:45:00+00:00,5,1,3,12658,1031,338,1.0
XRPUSDT,2026-03-10 07:00:00+00:00,5,1,4,13946,2124,696,1.0
XRPUSDT,2026-03-10 07:15:00+00:00,5,1,3,9166,1738,483,1.0
XRPUSDT,2026-03-10 07:30:00+00:00,4,1,3,6686,1500,389,1.0
DOGEUSDT,2026-03-10 09:15:00+00:00,3,4,3,2391,1338,522,10.075
XRPUSDT,2026-03-10 09:15:00+00:00,4,5,3,3946,2717,626,7.4375
XRPUSDT,2026-03-10 10:15:00+00:00,3,5,4,2619,1637,445,12.5625
ETHUSDT,2026-03-10 11:30:00+00:00,4,2,3,5159,1667,381,26.225
XRPUSDT,2026-03-10 11:30:00+00:00,2,4,3,1600,889,358,31.5375
AVAXUSDT,2026-03-10 12:15:00+00:00,1,3,1,236,109,50,1.0
XRPUSDT,2026-03-10 12:15:00+00:00,2,4,3,1424,789,313,31.5375
DOGEUSDT,2026-03-10 13:00:00+00:00,4,4,3,4570,2625,972,3.7875
XRPUSDT,2026-03-10 13:00:00+00:00,3,4,3,2097,1195,440,28.8375
DOGEUSDT,2026-03-10 13:30:00+00:00,4,4,4,7222,3873,1517,3.7875
DOGEUSDT,2026-03-10 14:30:00+00:00,5,4,4,8086,4632,1666,1.0
DOGEUSDT,2026-03-10 14:45:00+00:00,5,4,4,10623,5761,2236,1.0
SOLUSDT,2026-03-10 14:45:00+00:00,5,5,5,7947,5049,1582,8.275
XRPUSDT,2026-03-10 14:45:00+00:00,5,4,5,8131,4475,1714,4.1125
AVAXUSDT,2026-03-10 15:00:00+00:00,3,5,4,2833,2179,390,11.7
DOGEUSDT,2026-03-10 15:00:00+00:00,5,4,4,7736,4433,1701,1.0
ADAUSDT,2026-03-10 15:15:00+00:00,2,5,2,1481,1008,286,40.525
DOGEUSDT,2026-03-10 15:45:00+00:00,4,5,4,6202,4151,928,1.6
XRPUSDT,2026-03-10 16:00:00+00:00,4,5,3,5331,3530,983,7.4375
AVAXUSDT,2026-03-10 16:15:00+00:00,3,5,3,2080,1559,308,11.7
DOGEUSDT,2026-03-10 16:15:00+00:00,5,4,4,8087,4795,1621,1.0
DOGEUSDT,2026-03-10 20:00:00+00:00,3,5,2,2099,1312,385,2.925
ADAUSDT,2026-03-11 01:30:00+00:00,1,5,1,235,164,51,81.6375
SOLUSDT,2026-03-11 02:00:00+00:00,2,4,2,936,506,215,69.175
XRPUSDT,2026-03-11 02:00:00+00:00,1,3,1,736,352,183,17.675
DOGEUSDT,2026-03-11 04:45:00+00:00,3,5,3,2648,2001,369,2.925
DOGEUSDT,2026-03-11 05:00:00+00:00,3,5,2,1852,1379,277,2.925
XRPUSDT,2026-03-11 05:15:00+00:00,1,3,1,650,299,148,17.675
DOGEUSDT,2026-03-11 05:30:00+00:00,3,5,3,2874,1825,514,2.925
XRPUSDT,2026-03-11 09:00:00+00:00,1,3,1,726,388,170,17.675
XRPUSDT,2026-03-11 14:45:00+00:00,4,5,3,3715,2626,558,7.4375
DOGEUSDT,2026-03-11 15:15:00+00:00,3,3,2,2233,1195,498,36.4125
XRPUSDT,2026-03-11 18:15:00+00:00,3,5,3,2907,2030,443,12.5625
XRPUSDT,2026-03-11 21:30:00+00:00,2,5,1,1391,955,212,7.925
XRPUSDT,2026-03-11 23:30:00+00:00,2,5,2,1329,891,225,7.925
XRPUSDT,2026-03-12 00:15:00+00:00,2,5,2,1471,985,235,7.925
XRPUSDT,2026-03-12 01:45:00+00:00,2,5,2,1067,691,190,7.925
XRPUSDT,2026-03-12 02:15:00+00:00,2,5,2,1460,992,230,7.925
DOGEUSDT,2026-03-12 02:45:00+00:00,2,5,1,1049,661,206,4.8875
BTCUSDT,2026-03-12 03:15:00+00:00,4,1,4,6405,1383,505,46.3875
DOGEUSDT,2026-03-12 04:00:00+00:00,1,2,1,602,267,143,13.8375
XRPUSDT,2026-03-12 05:15:00+00:00,3,5,3,1851,1314,295,12.5625
XRPUSDT,2026-03-12 06:30:00+00:00,2,5,2,1148,785,191,7.925
DOGEUSDT,2026-03-12 06:45:00+00:00,1,4,1,474,263,114,16.3375
ETHUSDT,2026-03-12 06:45:00+00:00,3,1,3,3399,921,413,19.05
XRPUSDT,2026-03-12 06:45:00+00:00,2,5,2,1021,678,180,7.925
XRPUSDT,2026-03-12 07:15:00+00:00,2,5,2,1319,920,216,7.925
DOGEUSDT,2026-03-12 08:00:00+00:00,3,5,3,1825,1145,333,2.925
XRPUSDT,2026-03-12 11:00:00+00:00,3,5,3,1789,1238,293,12.5625
XRPUSDT,2026-03-12 11:45:00+00:00,2,5,3,1601,1017,286,7.925
XRPUSDT,2026-03-12 12:00:00+00:00,2,5,2,1643,1137,268,7.925
DOGEUSDT,2026-03-12 14:00:00+00:00,4,4,3,3945,2174,810,3.7875
DOGEUSDT,2026-03-12 14:30:00+00:00,4,4,3,3874,2100,807,3.7875
DOGEUSDT,2026-03-12 20:00:00+00:00,1,3,1,752,366,183,47.5125
BTCUSDT,2026-03-12 21:15:00+00:00,4,1,3,4237,1157,454,46.3875
DOGEUSDT,2026-03-12 21:15:00+00:00,1,3,1,582,266,132,47.5125
XRPUSDT,2026-03-13 00:30:00+00:00,5,5,5,13297,9411,2031,1.5875
SOLUSDT,2026-03-13 03:00:00+00:00,3,5,3,2451,1682,457,40.7625
ETHUSDT,2026-03-13 03:30:00+00:00,4,1,3,6185,1171,397,106.55
XRPUSDT,2026-03-13 04:45:00+00:00,2,5,2,1205,770,225,7.925
ETHUSDT,2026-03-13 05:15:00+00:00,4,1,3,4525,577,282,106.55
ADAUSDT,2026-03-13 06:00:00+00:00,1,5,1,514,329,103,81.6375
DOGEUSDT,2026-03-13 06:30:00+00:00,2,3,1,954,488,246,66.0875
XRPUSDT,2026-03-13 06:45:00+00:00,2,5,3,1502,952,295,7.925
XRPUSDT,2026-03-13 07:00:00+00:00,2,3,3,1480,767,332,75.6375
DOGEUSDT,2026-03-13 10:15:00+00:00,3,5,3,2389,1533,429,2.925
DOGEUSDT,2026-03-13 10:30:00+00:00,4,5,4,4452,3480,515,1.6
DOGEUSDT,2026-03-13 11:00:00+00:00,4,5,3,3993,2498,822,1.6
DOGEUSDT,2026-03-13 11:45:00+00:00,4,5,4,5532,3548,1035,1.6
DOGEUSDT,2026-03-13 13:00:00+00:00,4,4,3,4107,2379,920,3.7875
XRPUSDT,2026-03-13 13:00:00+00:00,3,3,3,1786,871,406,62.125
DOGEUSDT,2026-03-13 13:30:00+00:00,4,4,3,4226,2299,959,3.7875
DOGEUSDT,2026-03-13 13:45:00+00:00,4,4,3,3645,1968,837,3.7875
DOGEUSDT,2026-03-13 14:45:00+00:00,5,4,4,9427,5621,1797,1.0
DOGEUSDT,2026-03-13 17:15:00+00:00,4,5,3,4036,2728,707,1.6
DOGEUSDT,2026-03-13 17:45:00+00:00,4,5,3,3827,2419,724,1.6
SOLUSDT,2026-03-13 19:00:00+00:00,3,4,3,2183,1316,491,97.675
XRPUSDT,2026-03-13 19:45:00+00:00,3,5,3,2781,2171,283,12.5625
XRPUSDT,2026-03-14 00:15:00+00:00,2,4,1,880,524,180,31.5375
XRPUSDT,2026-03-14 02:00:00+00:00,1,4,2,754,413,161,6.8125
XRPUSDT,2026-03-14 02:30:00+00:00,1,4,1,626,358,141,6.8125
SOLUSDT,2026-03-14 03:30:00+00:00,2,5,2,1096,688,239,21.8625
DOGEUSDT,2026-03-14 04:15:00+00:00,1,4,1,649,371,152,16.3375
XRPUSDT,2026-03-14 04:15:00+00:00,2,4,2,876,542,173,31.5375
SOLUSDT,2026-03-14 06:00:00+00:00,1,4,2,720,408,168,4.8125
XRPUSDT,2026-03-14 06:00:00+00:00,1,5,1,749,476,150,1.0
XRPUSDT,2026-03-14 06:30:00+00:00,3,5,3,2395,1604,423,12.5625
XRPUSDT,2026-03-14 07:30:00+00:00,2,5,3,894,626,141,7.925
DOGEUSDT,2026-03-14 07:45:00+00:00,1,4,1,706,389,156,16.3375
XRPUSDT,2026-03-14 08:15:00+00:00,1,5,1,771,485,138,1.0
XRPUSDT,2026-03-14 09:30:00+00:00,1,4,2,625,368,144,6.8125
XRPUSDT,2026-03-14 11:00:00+00:00,1,5,1,767,476,144,1.0
XRPUSDT,2026-03-14 11:30:00+00:00,1,5,1,772,503,137,1.0
SOLUSDT,2026-03-14 12:30:00+00:00,2,5,2,1208,783,246,21.8625
DOGEUSDT,2026-03-14 12:45:00+00:00,1,5,1,698,506,121,1.9625
XRPUSDT,2026-03-14 12:45:00+00:00,2,5,2,912,623,162,7.925
XRPUSDT,2026-03-14 13:00:00+00:00,2,5,2,882,564,156,7.925
XRPUSDT,2026-03-14 13:30:00+00:00,1,4,2,638,371,145,6.8125
DOGEUSDT,2026-03-14 14:30:00+00:00,3,4,3,1869,1102,340,10.075
ADAUSDT,2026-03-14 14:45:00+00:00,1,5,1,207,137,42,81.6375
XRPUSDT,2026-03-14 16:00:00+00:00,2,5,2,1020,660,191,7.925
ETHUSDT,2026-03-14 16:15:00+00:00,2,1,2,1745,498,222,1.0
SOLUSDT,2026-03-14 17:00:00+00:00,2,5,1,994,642,198,21.8625
ETHUSDT,2026-03-14 17:30:00+00:00,2,2,2,1744,596,226,3.9875
XRPUSDT,2026-03-14 17:30:00+00:00,1,5,1,683,462,119,1.0
XRPUSDT,2026-03-14 17:45:00+00:00,2,5,2,935,659,159,7.925
XRPUSDT,2026-03-14 18:00:00+00:00,1,5,1,780,490,138,1.0
ETHUSDT,2026-03-14 18:15:00+00:00,2,1,2,1438,415,167,1.0
SOLUSDT,2026-03-14 18:15:00+00:00,1,4,1,782,461,185,4.8125
ETHUSDT,2026-03-14 18:30:00+00:00,2,1,2,1525,437,180,1.0
XRPUSDT,2026-03-14 18:30:00+00:00,1,5,1,635,398,123,1.0
SOLUSDT,2026-03-14 18:45:00+00:00,1,4,1,702,402,154,4.8125
XRPUSDT,2026-03-14 19:00:00+00:00,1,5,1,735,490,123,1.0
XRPUSDT,2026-03-14 19:15:00+00:00,1,5,1,613,415,110,1.0
SOLUSDT,2026-03-14 19:30:00+00:00,1,5,1,744,477,154,1.0
XRPUSDT,2026-03-14 19:30:00+00:00,1,4,1,566,339,111,6.8125
SOLUSDT,2026-03-14 19:45:00+00:00,1,4,1,766,456,172,4.8125
ETHUSDT,2026-03-14 20:00:00+00:00,2,2,2,1655,625,186,3.9875
XRPUSDT,2026-03-14 20:00:00+00:00,1,5,1,750,529,113,1.0
XRPUSDT,2026-03-14 20:15:00+00:00,1,5,1,553,347,113,1.0
XRPUSDT,2026-03-14 20:45:00+00:00,1,4,1,669,388,157,6.8125
SOLUSDT,2026-03-14 21:30:00+00:00,2,4,1,832,491,174,69.175
XRPUSDT,2026-03-14 21:30:00+00:00,1,4,2,518,290,128,6.8125
BTCUSDT,2026-03-14 21:45:00+00:00,3,1,3,3325,937,394,1.0
BTCUSDT,2026-03-14 22:00:00+00:00,3,2,2,3450,1064,422,18.6125
XRPUSDT,2026-03-14 22:15:00+00:00,1,5,1,641,398,130,1.0
XRPUSDT,2026-03-14 22:30:00+00:00,1,4,2,661,404,143,6.8125
XRPUSDT,2026-03-14 22:45:00+00:00,1,5,1,721,466,147,1.0
XRPUSDT,2026-03-14 23:00:00+00:00,3,5,3,2000,1298,393,12.5625
SOLUSDT,2026-03-14 23:45:00+00:00,2,5,2,1352,857,299,21.8625
XRPUSDT,2026-03-15 00:45:00+00:00,1,4,2,725,400,165,6.8125
BTCUSDT,2026-03-15 01:15:00+00:00,3,1,3,3382,807,318,1.0
XRPUSDT,2026-03-15 01:15:00+00:00,1,3,1,593,296,138,17.675
ETHUSDT,2026-03-15 01:30:00+00:00,3,1,3,3376,573,252,19.05
XRPUSDT,2026-03-15 01:30:00+00:00,1,2,2,652,274,142,2.1125
DOGEUSDT,2026-03-15 02:30:00+00:00,3,5,2,1754,1214,287,2.925
DOGEUSDT,2026-03-15 02:45:00+00:00,4,5,3,4067,2858,561,1.6
DOGEUSDT,2026-03-15 03:15:00+00:00,3,5,2,2578,1850,391,2.925
DOGEUSDT,2026-03-15 03:45:00+00:00,1,5,1,782,501,147,1.9625
DOGEUSDT,2026-03-15 04:00:00+00:00,2,5,1,1113,708,226,4.8875
DOGEUSDT,2026-03-15 04:15:00+00:00,2,5,1,1097,746,207,4.8875
DOGEUSDT,2026-03-15 05:00:00+00:00,1,5,1,656,414,110,1.9625
ADAUSDT,2026-03-15 06:00:00+00:00,1,3,1,224,105,43,39.4875
SOLUSDT,2026-03-15 06:45:00+00:00,1,4,2,742,416,172,4.8125
DOGEUSDT,2026-03-15 07:45:00+00:00,1,5,1,640,401,129,1.9625
ETHUSDT,2026-03-15 08:15:00+00:00,3,1,3,2849,812,284,19.05
ETHUSDT,2026-03-15 08:30:00+00:00,2,1,2,1538,413,199,1.0
DOGEUSDT,2026-03-15 09:00:00+00:00,3,5,2,2220,1572,356,2.925
ETHUSDT,2026-03-15 09:30:00+00:00,3,1,2,3079,635,283,19.05
SOLUSDT,2026-03-15 10:45:00+00:00,1,4,2,727,421,172,4.8125
XRPUSDT,2026-03-15 15:30:00+00:00,1,4,2,749,403,162,6.8125
ETHUSDT,2026-03-15 15:45:00+00:00,2,1,2,1609,405,189,1.0
DOGEUSDT,2026-03-15 16:45:00+00:00,1,5,1,558,361,105,1.9625
ETHUSDT,2026-03-15 17:30:00+00:00,3,1,2,1839,471,233,19.05
BTCUSDT,2026-03-15 19:15:00+00:00,3,1,3,3230,807,321,1.0
BTCUSDT,2026-03-15 19:30:00+00:00,3,1,3,3464,850,375,1.0
BTCUSDT,2026-03-15 19:45:00+00:00,3,1,3,2749,785,340,1.0
BTCUSDT,2026-03-15 20:00:00+00:00,3,1,2,2485,685,286,1.0
BTCUSDT,2026-03-15 20:15:00+00:00,3,1,3,2999,676,294,1.0
XRPUSDT,2026-03-15 20:45:00+00:00,1,3,1,593,291,145,17.675
SOLUSDT,2026-03-15 22:30:00+00:00,5,5,5,10180,6595,1911,8.275
XRPUSDT,2026-03-15 22:30:00+00:00,5,5,5,11791,7874,1961,1.5875
XRPUSDT,2026-03-15 22:45:00+00:00,5,5,4,8332,5343,1532,1.5875
ETHUSDT,2026-03-15 23:30:00+00:00,5,3,5,33217,15149,2192,1.4625
DOGEUSDT,2026-03-16 00:30:00+00:00,3,5,2,2356,1649,377,2.925
XRPUSDT,2026-03-16 00:45:00+00:00,2,5,2,1468,920,263,7.925
XRPUSDT,2026-03-16 01:15:00+00:00,3,5,3,3146,2173,521,12.5625
DOGEUSDT,2026-03-16 02:45:00+00:00,4,5,3,6290,4990,671,1.6
DOGEUSDT,2026-03-16 03:15:00+00:00,4,5,4,6039,4051,1103,1.6
DOGEUSDT,2026-03-16 03:30:00+00:00,5,4,5,11545,6257,2157,1.0
XRPUSDT,2026-03-16 03:30:00+00:00,5,5,5,16208,11015,2485,1.5875
ETHUSDT,2026-03-16 03:45:00+00:00,5,2,5,32506,12442,2635,22.9625
XRPUSDT,2026-03-16 03:45:00+00:00,4,5,3,5314,3818,729,7.4375
DOGEUSDT,2026-03-16 04:00:00+00:00,3,5,3,3443,2261,575,2.925
DOGEUSDT,2026-03-16 04:15:00+00:00,4,5,3,4473,3175,712,1.6
DOGEUSDT,2026-03-16 04:45:00+00:00,4,5,4,5604,3843,879,1.6
DOGEUSDT,2026-03-16 05:00:00+00:00,4,5,3,5441,4048,687,1.6
SOLUSDT,2026-03-16 05:00:00+00:00,5,5,4,8856,7327,899,8.275
DOGEUSDT,2026-03-16 05:30:00+00:00,3,4,3,2730,1504,602,10.075
SOLUSDT,2026-03-16 05:45:00+00:00,4,5,4,4858,3524,753,28.9
DOGEUSDT,2026-03-16 06:15:00+00:00,5,5,4,9328,6735,1273,1.0
DOGEUSDT,2026-03-16 07:00:00+00:00,4,5,3,3868,2742,613,1.6
DOGEUSDT,2026-03-16 07:15:00+00:00,4,5,3,4885,3467,699,1.6
DOGEUSDT,2026-03-16 07:45:00+00:00,4,5,3,5582,4403,649,1.6
ETHUSDT,2026-03-16 07:45:00+00:00,5,3,5,13599,6203,1394,1.4625
DOGEUSDT,2026-03-16 08:00:00+00:00,5,5,3,7968,6424,847,1.0
ADAUSDT,2026-03-16 08:15:00+00:00,3,5,2,1913,1443,264,15.725
DOGEUSDT,2026-03-16 08:15:00+00:00,5,5,3,10975,9012,1061,1.0
DOGEUSDT,2026-03-16 08:30:00+00:00,5,5,4,9759,7614,1071,1.0
DOGEUSDT,2026-03-16 08:45:00+00:00,4,5,4,6734,4924,946,1.6
DOGEUSDT,2026-03-16 09:00:00+00:00,4,5,4,6089,4000,865,1.6
ADAUSDT,2026-03-16 09:15:00+00:00,2,5,2,1189,865,212,40.525
XRPUSDT,2026-03-16 09:15:00+00:00,3,5,3,2128,1436,327,12.5625
DOGEUSDT,2026-03-16 09:45:00+00:00,3,5,2,2433,1577,451,2.925
XRPUSDT,2026-03-16 09:45:00+00:00,3,5,3,2506,1730,370,12.5625
AVAXUSDT,2026-03-16 10:00:00+00:00,1,4,1,215,132,50,15.825
DOGEUSDT,2026-03-16 10:00:00+00:00,3,4,2,1751,1009,375,10.075
DOGEUSDT,2026-03-16 10:45:00+00:00,3,4,3,2078,1119,464,10.075
ETHUSDT,2026-03-16 11:30:00+00:00,4,2,4,6812,2167,709,26.225
DOGEUSDT,2026-03-16 12:15:00+00:00,2,3,3,1733,817,379,66.0875
XRPUSDT,2026-03-16 12:45:00+00:00,2,5,2,1234,766,222,7.925
DOGEUSDT,2026-03-16 14:30:00+00:00,4,3,4,6945,3444,1458,16.275
DOGEUSDT,2026-03-16 14:45:00+00:00,5,4,4,7924,4856,1405,1.0
SOLUSDT,2026-03-16 15:15:00+00:00,4,5,5,4229,2949,714,28.9
SOLUSDT,2026-03-16 18:00:00+00:00,3,4,4,3473,2137,714,97.675
ADAUSDT,2026-03-16 18:30:00+00:00,1,5,1,429,268,99,81.6375
DOGEUSDT,2026-03-16 20:45:00+00:00,1,4,1,766,413,166,16.3375
BTCUSDT,2026-03-16 22:45:00+00:00,5,1,5,9207,1762,638,173.075
ETHUSDT,2026-03-16 23:00:00+00:00,5,2,5,23606,6986,1898,22.9625
XRPUSDT,2026-03-17 00:00:00+00:00,4,3,4,4745,2281,929,32.2375
XRPUSDT,2026-03-17 01:00:00+00:00,5,3,5,10336,5028,2031,12.4625
ADAUSDT,2026-03-17 01:15:00+00:00,1,4,2,642,395,129,104.5375
XRPUSDT,2026-03-17 03:30:00+00:00,5,4,5,8282,4570,1585,4.1125
ADAUSDT,2026-03-17 04:15:00+00:00,2,5,3,1650,1363,177,40.525
DOGEUSDT,2026-03-17 04:30:00+00:00,3,3,4,2891,1497,584,36.4125
ADAUSDT,2026-03-17 05:15:00+00:00,2,5,2,1202,844,194,40.525
BTCUSDT,2026-03-17 06:30:00+00:00,5,1,5,9801,1870,790,173.075
SOLUSDT,2026-03-17 07:15:00+00:00,2,4,3,1685,1031,360,69.175
XRPUSDT,2026-03-17 09:15:00+00:00,4,5,4,5265,3589,681,7.4375
ADAUSDT,2026-03-17 10:00:00+00:00,1,5,1,452,301,93,81.6375
XRPUSDT,2026-03-17 11:15:00+00:00,3,5,3,2655,1882,385,12.5625
XRPUSDT,2026-03-17 12:15:00+00:00,3,5,3,3395,2439,461,12.5625
ADAUSDT,2026-03-17 13:30:00+00:00,2,5,2,995,688,194,40.525
XRPUSDT,2026-03-17 13:30:00+00:00,5,5,5,12429,8274,1692,1.5875
XRPUSDT,2026-03-17 14:30:00+00:00,4,5,3,4616,3375,596,7.4375
XRPUSDT,2026-03-17 14:45:00+00:00,4,5,3,4573,3400,586,7.4375
DOGEUSDT,2026-03-17 15:00:00+00:00,4,5,4,6437,4621,817,1.6
XRPUSDT,2026-03-17 15:00:00+00:00,5,5,4,8613,6596,1032,1.5875
DOGEUSDT,2026-03-17 16:30:00+00:00,4,5,2,3678,3020,325,1.6
BTCUSDT,2026-03-17 17:45:00+00:00,5,1,5,10334,1945,866,173.075
ADAUSDT,2026-03-17 19:45:00+00:00,1,5,1,610,419,105,81.6375
XRPUSDT,2026-03-17 20:45:00+00:00,1,3,2,683,328,147,17.675
SOLUSDT,2026-03-17 21:30:00+00:00,3,5,2,1762,1208,299,40.7625
SOLUSDT,2026-03-17 22:15:00+00:00,2,5,3,1516,1044,268,21.8625
SOLUSDT,2026-03-18 03:30:00+00:00,2,4,2,1353,832,281,69.175
DOGEUSDT,2026-03-18 06:15:00+00:00,1,3,1,724,361,164,47.5125
SOLUSDT,2026-03-18 06:45:00+00:00,1,4,1,721,405,168,4.8125
ETHUSDT,2026-03-18 07:15:00+00:00,4,1,4,3924,1064,339,106.55
ADAUSDT,2026-03-18 07:30:00+00:00,1,5,1,312,206,63,81.6375
ETHUSDT,2026-03-18 07:45:00+00:00,4,2,3,4900,1743,649,26.225
DOGEUSDT,2026-03-18 10:15:00+00:00,1,5,1,700,494,93,1.9625
DOGEUSDT,2026-03-18 11:30:00+00:00,5,5,4,17023,12312,2268,1.0
DOGEUSDT,2026-03-18 12:30:00+00:00,4,5,4,7291,4908,1109,1.6
DOGEUSDT,2026-03-18 12:45:00+00:00,4,5,3,3691,2377,595,1.6
DOGEUSDT,2026-03-18 13:00:00+00:00,4,5,3,4293,2935,675,1.6
SOLUSDT,2026-03-18 13:00:00+00:00,5,5,4,8476,6609,1065,8.275
AVAXUSDT,2026-03-18 14:45:00+00:00,1,5,2,758,545,131,225.225
DOGEUSDT,2026-03-18 15:30:00+00:00,2,4,2,1592,942,345,20.825
ETHUSDT,2026-03-18 15:45:00+00:00,5,2,4,16429,4911,1304,22.9625
XRPUSDT,2026-03-18 15:45:00+00:00,4,5,3,3926,2663,577,7.4375
XRPUSDT,2026-03-18 16:15:00+00:00,4,5,3,3501,2546,496,7.4375
DOGEUSDT,2026-03-18 16:30:00+00:00,4,5,2,3690,2998,377,1.6
DOGEUSDT,2026-03-18 17:00:00+00:00,3,5,2,3384,2613,441,2.925
ADAUSDT,2026-03-18 17:30:00+00:00,1,5,1,637,459,119,81.6375
DOGEUSDT,2026-03-18 17:30:00+00:00,4,5,3,4283,3389,453,1.6
ETHUSDT,2026-03-18 17:45:00+00:00,5,2,5,14427,5349,1106,22.9625
DOGEUSDT,2026-03-18 18:30:00+00:00,4,5,3,5333,4081,670,1.6
SOLUSDT,2026-03-18 19:00:00+00:00,3,5,2,2649,1887,427,40.7625
SOLUSDT,2026-03-18 21:45:00+00:00,2,5,2,987,618,198,21.8625
XRPUSDT,2026-03-18 22:30:00+00:00,1,4,2,738,422,169,6.8125
DOGEUSDT,2026-03-19 00:00:00+00:00,2,5,2,1533,980,270,4.8875
XRPUSDT,2026-03-19 04:15:00+00:00,2,3,2,1177,584,237,75.6375
SOLUSDT,2026-03-19 04:45:00+00:00,1,4,2,779,435,186,4.8125
XRPUSDT,2026-03-19 05:00:00+00:00,1,2,1,735,322,171,2.1125
DOGEUSDT,2026-03-19 06:00:00+00:00,2,5,1,954,599,172,4.8875
SOLUSDT,2026-03-19 11:00:00+00:00,2,4,2,1146,697,254,69.175
XRPUSDT,2026-03-19 11:15:00+00:00,2,5,2,1423,996,225,7.925
XRPUSDT,2026-03-19 12:00:00+00:00,4,5,3,4061,3282,461,7.4375
XRPUSDT,2026-03-19 13:15:00+00:00,4,5,4,5665,4108,849,7.4375
XRPUSDT,2026-03-19 20:45:00+00:00,2,5,2,1070,673,193,7.925
ADAUSDT,2026-03-19 21:00:00+00:00,1,5,1,210,154,39,81.6375
SOLUSDT,2026-03-19 22:15:00+00:00,1,5,2,755,477,157,1.0
DOGEUSDT,2026-03-19 22:30:00+00:00,2,4,2,1323,722,303,20.825
SOLUSDT,2026-03-20 01:30:00+00:00,2,5,3,1235,812,246,21.8625
XRPUSDT,2026-03-20 04:30:00+00:00,2,4,2,1266,682,289,31.5375
SOLUSDT,2026-03-20 07:30:00+00:00,3,5,3,1945,1285,370,40.7625
DOGEUSDT,2026-03-20 11:00:00+00:00,1,4,2,727,405,163,16.3375
XRPUSDT,2026-03-20 12:45:00+00:00,3,5,2,1785,1224,287,12.5625
DOGEUSDT,2026-03-20 13:15:00+00:00,1,3,1,553,292,140,47.5125
XRPUSDT,2026-03-20 13:15:00+00:00,3,5,2,1912,1311,295,12.5625
DOGEUSDT,2026-03-20 16:45:00+00:00,1,3,1,695,360,139,47.5125
ADAUSDT,2026-03-20 17:00:00+00:00,1,5,1,310,204,61,81.6375
XRPUSDT,2026-03-20 20:15:00+00:00,2,5,1,1118,781,182,7.925
XRPUSDT,2026-03-20 20:45:00+00:00,2,5,1,1051,682,170,7.925
XRPUSDT,2026-03-20 21:00:00+00:00,2,5,1,1134,760,192,7.925
XRPUSDT,2026-03-20 21:30:00+00:00,3,5,2,2453,1749,340,12.5625
ETHUSDT,2026-03-20 22:00:00+00:00,5,1,5,15788,4191,1446,232.8125
SOLUSDT,2026-03-20 22:15:00+00:00,1,3,1,796,422,200,1.0
XRPUSDT,2026-03-20 23:45:00+00:00,2,5,1,808,538,139,7.925
XRPUSDT,2026-03-21 00:00:00+00:00,2,5,1,849,532,145,7.925
SOLUSDT,2026-03-21 00:45:00+00:00,1,3,1,615,320,154,1.0
XRPUSDT,2026-03-21 01:45:00+00:00,1,4,2,776,449,141,6.8125
XRPUSDT,2026-03-21 02:15:00+00:00,1,5,1,631,395,113,1.0
ETHUSDT,2026-03-21 03:15:00+00:00,2,1,2,1702,377,165,1.0
BTCUSDT,2026-03-21 03:30:00+00:00,3,2,3,2691,1078,358,18.6125
ETHUSDT,2026-03-21 03:30:00+00:00,2,2,2,1562,475,157,3.9875
BTCUSDT,2026-03-21 03:45:00+00:00,3,1,4,3258,892,326,1.0
XRPUSDT,2026-03-21 03:45:00+00:00,1,5,1,601,380,117,1.0
SOLUSDT,2026-03-21 04:00:00+00:00,2,4,3,1593,959,342,69.175
XRPUSDT,2026-03-21 04:30:00+00:00,1,5,2,792,505,139,1.0
BTCUSDT,2026-03-21 04:45:00+00:00,3,1,4,2746,734,311,1.0
ETHUSDT,2026-03-21 04:45:00+00:00,2,1,2,1250,356,154,1.0
SOLUSDT,2026-03-21 04:45:00+00:00,1,5,2,745,487,140,1.0
ETHUSDT,2026-03-21 05:00:00+00:00,3,1,4,3037,603,261,19.05
SOLUSDT,2026-03-21 05:00:00+00:00,1,5,2,777,528,152,1.0
DOGEUSDT,2026-03-21 05:15:00+00:00,1,2,1,385,168,93,13.8375
SOLUSDT,2026-03-21 05:15:00+00:00,1,5,1,690,445,135,1.0
XRPUSDT,2026-03-21 05:15:00+00:00,1,5,2,711,450,121,1.0
BTCUSDT,2026-03-21 05:30:00+00:00,4,1,5,6912,1878,539,46.3875
ETHUSDT,2026-03-21 05:45:00+00:00,2,2,2,1694,528,178,3.9875
SOLUSDT,2026-03-21 06:15:00+00:00,1,4,2,645,370,156,4.8125
XRPUSDT,2026-03-21 06:15:00+00:00,1,5,2,758,490,124,1.0
ETHUSDT,2026-03-21 06:30:00+00:00,2,1,2,1667,424,177,1.0
BTCUSDT,2026-03-21 06:45:00+00:00,3,2,3,2238,915,286,18.6125
ETHUSDT,2026-03-21 06:45:00+00:00,2,1,2,1642,461,150,1.0
SOLUSDT,2026-03-21 06:45:00+00:00,1,4,1,508,293,115,4.8125
XRPUSDT,2026-03-21 06:45:00+00:00,1,4,2,597,354,112,6.8125
XRPUSDT,2026-03-21 07:00:00+00:00,1,5,2,786,505,134,1.0
XRPUSDT,2026-03-21 07:15:00+00:00,2,5,1,803,533,135,7.925
XRPUSDT,2026-03-21 07:30:00+00:00,1,5,1,657,416,126,1.0
XRPUSDT,2026-03-21 07:45:00+00:00,1,5,1,705,449,140,1.0
XRPUSDT,2026-03-21 08:00:00+00:00,1,5,1,751,489,139,1.0
ETHUSDT,2026-03-21 08:45:00+00:00,2,2,2,1272,434,164,3.9875
SOLUSDT,2026-03-21 08:45:00+00:00,1,4,1,668,414,141,4.8125
XRPUSDT,2026-03-21 08:45:00+00:00,1,4,1,619,379,133,6.8125
SOLUSDT,2026-03-21 09:15:00+00:00,1,5,2,785,522,156,1.0
BTCUSDT,2026-03-21 10:00:00+00:00,4,1,5,4000,1025,449,46.3875
ETHUSDT,2026-03-21 10:45:00+00:00,2,1,2,1682,461,192,1.0
SOLUSDT,2026-03-21 10:45:00+00:00,1,4,1,540,316,118,4.8125
XRPUSDT,2026-03-21 11:00:00+00:00,1,4,2,735,447,141,6.8125
ETHUSDT,2026-03-21 11:15:00+00:00,2,1,2,1654,429,200,1.0
SOLUSDT,2026-03-21 11:15:00+00:00,1,3,1,630,336,134,1.0
XRPUSDT,2026-03-21 11:15:00+00:00,1,4,1,589,350,115,6.8125
ETHUSDT,2026-03-21 11:30:00+00:00,2,2,2,1434,423,192,3.9875
SOLUSDT,2026-03-21 12:00:00+00:00,1,4,1,720,433,168,4.8125
ETHUSDT,2026-03-21 12:30:00+00:00,2,2,2,1452,452,196,3.9875
XRPUSDT,2026-03-21 12:30:00+00:00,1,4,1,768,446,158,6.8125
ETHUSDT,2026-03-21 12:45:00+00:00,2,2,2,1488,450,197,3.9875
ETHUSDT,2026-03-21 13:00:00+00:00,2,2,2,1487,480,202,3.9875
BTCUSDT,2026-03-21 13:15:00+00:00,3,1,3,3193,882,431,1.0
BTCUSDT,2026-03-21 13:30:00+00:00,3,2,3,3254,1214,463,18.6125
BTCUSDT,2026-03-21 13:45:00+00:00,3,2,3,2889,1048,462,18.6125
ETHUSDT,2026-03-21 13:45:00+00:00,2,1,1,1409,406,187,1.0
DOGEUSDT,2026-03-21 15:15:00+00:00,1,3,1,778,388,190,47.5125
ETHUSDT,2026-03-21 15:15:00+00:00,4,1,4,6864,1909,588,106.55
ETHUSDT,2026-03-21 16:45:00+00:00,3,2,3,3280,1064,284,16.575
XRPUSDT,2026-03-21 17:15:00+00:00,1,5,1,784,493,148,1.0
SOLUSDT,2026-03-21 17:30:00+00:00,1,5,1,723,494,136,1.0
ETHUSDT,2026-03-21 17:45:00+00:00,2,1,2,1460,383,172,1.0
XRPUSDT,2026-03-21 17:45:00+00:00,1,5,1,727,474,124,1.0
BTCUSDT,2026-03-21 18:00:00+00:00,3,1,3,3038,786,363,1.0
ETHUSDT,2026-03-21 18:00:00+00:00,2,1,2,1742,462,208,1.0
BTCUSDT,2026-03-21 18:15:00+00:00,3,1,3,2981,829,335,1.0
XRPUSDT,2026-03-21 18:15:00+00:00,1,5,1,747,476,131,1.0
XRPUSDT,2026-03-21 18:30:00+00:00,1,5,1,782,497,135,1.0
BTCUSDT,2026-03-21 18:45:00+00:00,3,1,4,2558,678,298,1.0
ETHUSDT,2026-03-21 18:45:00+00:00,2,1,2,1653,399,187,1.0
SOLUSDT,2026-03-21 19:15:00+00:00,1,3,1,494,263,116,1.0
ETHUSDT,2026-03-21 19:45:00+00:00,2,1,2,1338,379,173,1.0
BTCUSDT,2026-03-21 20:00:00+00:00,3,1,5,3066,887,308,1.0
SOLUSDT,2026-03-21 20:15:00+00:00,1,5,1,704,456,145,1.0
XRPUSDT,2026-03-21 20:15:00+00:00,1,5,1,742,481,135,1.0
DOGEUSDT,2026-03-21 20:30:00+00:00,1,3,1,376,199,88,47.5125
XRPUSDT,2026-03-21 20:30:00+00:00,2,5,1,806,520,155,7.925
XRPUSDT,2026-03-21 20:45:00+00:00,1,5,1,600,393,105,1.0
BTCUSDT,2026-03-21 21:15:00+00:00,3,2,4,2766,871,377,18.6125
ETHUSDT,2026-03-21 21:15:00+00:00,2,1,2,1322,346,167,1.0
XRPUSDT,2026-03-21 21:15:00+00:00,1,5,1,702,443,131,1.0
BTCUSDT,2026-03-21 21:30:00+00:00,3,1,5,3371,871,320,1.0
ETHUSDT,2026-03-21 21:30:00+00:00,2,1,2,1452,407,165,1.0
BTCUSDT,2026-03-21 21:45:00+00:00,3,1,3,3369,901,387,1.0
SOLUSDT,2026-03-21 21:45:00+00:00,1,3,1,559,297,139,1.0
XRPUSDT,2026-03-21 21:45:00+00:00,1,5,1,728,501,111,1.0
ETHUSDT,2026-03-21 22:15:00+00:00,2,2,2,1447,428,172,3.9875
XRPUSDT,2026-03-21 22:15:00+00:00,1,5,1,730,490,127,1.0
XRPUSDT,2026-03-21 22:30:00+00:00,1,5,1,713,447,143,1.0
ETHUSDT,2026-03-21 22:45:00+00:00,2,1,2,1593,456,179,1.0
SOLUSDT,2026-03-21 22:45:00+00:00,1,4,1,643,354,154,4.8125
XRPUSDT,2026-03-21 22:45:00+00:00,1,5,1,702,481,131,1.0
BTCUSDT,2026-03-21 23:15:00+00:00,3,1,3,3371,730,347,1.0
ADAUSDT,2026-03-21 23:45:00+00:00,4,5,4,5459,3687,1080,4.225
ADAUSDT,2026-03-22 00:00:00+00:00,4,5,4,4438,2947,890,4.225
DOGEUSDT,2026-03-22 00:00:00+00:00,4,3,4,7377,3365,1613,16.275
XRPUSDT,2026-03-22 02:00:00+00:00,2,5,1,1622,1170,238,7.925
XRPUSDT,2026-03-22 03:00:00+00:00,2,5,2,1031,643,186,7.925
DOGEUSDT,2026-03-22 04:30:00+00:00,1,3,1,788,420,194,47.5125
DOGEUSDT,2026-03-22 04:45:00+00:00,1,4,2,651,387,143,16.3375
BTCUSDT,2026-03-22 06:45:00+00:00,3,1,3,3350,955,372,1.0
SOLUSDT,2026-03-22 07:15:00+00:00,1,5,1,714,459,122,1.0
XRPUSDT,2026-03-22 07:15:00+00:00,1,5,1,780,486,155,1.0
ETHUSDT,2026-03-22 08:45:00+00:00,4,2,4,6785,2092,543,26.225
XRPUSDT,2026-03-22 09:30:00+00:00,2,5,1,1671,1150,271,7.925
ETHUSDT,2026-03-22 10:15:00+00:00,3,1,2,3324,776,325,19.05
XRPUSDT,2026-03-22 10:30:00+00:00,3,5,3,3020,2158,464,12.5625
ADAUSDT,2026-03-22 13:15:00+00:00,1,5,1,361,284,50,81.6375
XRPUSDT,2026-03-22 13:15:00+00:00,2,5,2,1223,817,198,7.925
XRPUSDT,2026-03-22 14:15:00+00:00,2,5,1,1058,690,169,7.925
SOLUSDT,2026-03-22 15:15:00+00:00,2,3,2,1067,554,257,16.0375
ETHUSDT,2026-03-22 17:00:00+00:00,3,1,3,2844,800,325,19.05
SOLUSDT,2026-03-22 17:00:00+00:00,2,5,2,946,598,197,21.8625
XRPUSDT,2026-03-22 17:00:00+00:00,1,5,1,797,499,139,1.0
ADAUSDT,2026-03-22 17:45:00+00:00,1,5,1,270,179,49,81.6375
XRPUSDT,2026-03-22 17:45:00+00:00,1,5,1,755,510,134,1.0
DOGEUSDT,2026-03-22 18:30:00+00:00,3,5,3,2749,1724,545,2.925
DOGEUSDT,2026-03-22 18:45:00+00:00,1,2,1,562,241,146,13.8375
XRPUSDT,2026-03-22 18:45:00+00:00,2,5,2,1256,805,214,7.925
XRPUSDT,2026-03-22 19:30:00+00:00,2,5,2,1440,969,263,7.925
DOGEUSDT,2026-03-22 20:45:00+00:00,2,4,2,821,466,187,20.825
DOGEUSDT,2026-03-22 21:00:00+00:00,4,4,4,5264,2987,1083,3.7875
ADAUSDT,2026-03-22 21:30:00+00:00,1,4,1,436,266,89,104.5375
DOGEUSDT,2026-03-22 23:00:00+00:00,1,3,1,713,373,171,47.5125
XRPUSDT,2026-03-22 23:45:00+00:00,2,5,1,1735,1267,231,7.925
XRPUSDT,2026-03-23 01:30:00+00:00,3,5,2,2599,1923,330,12.5625
XRPUSDT,2026-03-23 02:00:00+00:00,4,5,3,3579,2736,452,7.4375
BTCUSDT,2026-03-23 02:45:00+00:00,5,1,4,8083,1482,603,173.075
XRPUSDT,2026-03-23 02:45:00+00:00,3,5,2,2068,1582,287,12.5625
XRPUSDT,2026-03-23 04:00:00+00:00,3,5,2,1873,1375,262,12.5625
ETHUSDT,2026-03-23 06:00:00+00:00,4,1,4,7455,1798,620,106.55
SOLUSDT,2026-03-23 06:30:00+00:00,3,5,3,3059,1953,637,40.7625
ADAUSDT,2026-03-23 11:15:00+00:00,4,5,3,3483,2234,701,4.225
XRPUSDT,2026-03-23 11:30:00+00:00,5,5,4,8182,5076,1428,1.5875
XRPUSDT,2026-03-23 13:00:00+00:00,4,4,3,3707,2082,728,14.8625
XRPUSDT,2026-03-23 15:30:00+00:00,4,4,4,5029,3022,942,14.8625
DOGEUSDT,2026-03-23 17:45:00+00:00,2,4,1,1310,707,294,20.825
DOGEUSDT,2026-03-23 19:00:00+00:00,2,4,2,1746,982,355,20.825
SOLUSDT,2026-03-23 19:00:00+00:00,3,4,3,2132,1226,492,97.675
ETHUSDT,2026-03-23 20:15:00+00:00,4,2,3,3600,1058,376,26.225
SOLUSDT,2026-03-23 21:00:00+00:00,2,5,3,1393,909,258,21.8625
DOGEUSDT,2026-03-23 21:30:00+00:00,1,5,1,749,466,138,1.9625
ETHUSDT,2026-03-24 02:00:00+00:00,5,2,4,13119,4670,924,22.9625
XRPUSDT,2026-03-24 05:00:00+00:00,2,4,2,1075,625,264,31.5375
BTCUSDT,2026-03-24 07:15:00+00:00,5,1,5,14373,3118,1058,173.075
SOLUSDT,2026-03-24 07:30:00+00:00,2,4,3,1423,797,337,69.175
DOGEUSDT,2026-03-24 08:00:00+00:00,2,4,2,1516,832,337,20.825
SOLUSDT,2026-03-24 09:00:00+00:00,2,5,3,1719,1074,325,21.8625
BTCUSDT,2026-03-24 09:15:00+00:00,5,3,4,9484,4330,856,3.325
BTCUSDT,2026-03-24 09:30:00+00:00,5,4,4,12683,6845,989,1.4
DOGEUSDT,2026-03-24 09:30:00+00:00,2,5,3,1450,928,253,4.8875
DOGEUSDT,2026-03-24 10:30:00+00:00,2,4,2,1367,734,333,20.825
XRPUSDT,2026-03-24 12:30:00+00:00,2,4,2,1177,705,253,31.5375
BTCUSDT,2026-03-24 12:45:00+00:00,5,4,5,12423,6691,858,1.4
XRPUSDT,2026-03-24 12:45:00+00:00,1,3,1,646,327,152,17.675
XRPUSDT,2026-03-24 15:00:00+00:00,3,3,3,2219,1137,518,62.125
DOGEUSDT,2026-03-24 22:00:00+00:00,2,4,1,1131,638,241,20.825
DOGEUSDT,2026-03-25 00:45:00+00:00,2,5,1,937,598,167,4.8875
XRPUSDT,2026-03-25 02:15:00+00:00,1,4,2,776,461,177,6.8125
DOGEUSDT,2026-03-25 03:30:00+00:00,1,4,1,728,404,165,16.3375
SOLUSDT,2026-03-25 03:30:00+00:00,2,5,2,1366,976,213,21.8625
ETHUSDT,2026-03-25 04:30:00+00:00,4,3,3,3789,1786,311,1.0
XRPUSDT,2026-03-25 04:45:00+00:00,1,5,1,709,443,146,1.0
DOGEUSDT,2026-03-25 05:15:00+00:00,3,5,4,2179,1446,381,2.925
ETHUSDT,2026-03-25 05:45:00+00:00,4,3,4,4766,2310,333,1.0
DOGEUSDT,2026-03-25 06:15:00+00:00,4,5,3,3532,2258,696,1.6
SOLUSDT,2026-03-25 07:30:00+00:00,2,4,2,1073,601,256,69.175
DOGEUSDT,2026-03-25 15:00:00+00:00,3,4,4,3388,1939,650,10.075
ETHUSDT,2026-03-25 15:45:00+00:00,5,1,4,9393,1987,774,232.8125
SOLUSDT,2026-03-25 15:45:00+00:00,3,5,3,2265,1415,451,40.7625
DOGEUSDT,2026-03-25 16:00:00+00:00,2,4,2,1086,618,219,20.825
DOGEUSDT,2026-03-25 17:30:00+00:00,2,3,2,924,482,210,66.0875
XRPUSDT,2026-03-25 18:30:00+00:00,1,4,1,770,452,166,6.8125
SOLUSDT,2026-03-25 23:00:00+00:00,1,4,2,778,442,169,4.8125
XRPUSDT,2026-03-25 23:15:00+00:00,1,3,1,527,272,132,17.675
SOLUSDT,2026-03-25 23:30:00+00:00,1,3,1,656,351,155,1.0
BTCUSDT,2026-03-26 00:30:00+00:00,4,1,5,6171,1358,476,46.3875
DOGEUSDT,2026-03-26 02:30:00+00:00,3,5,3,2970,2189,358,2.925
BTCUSDT,2026-03-26 04:30:00+00:00,3,1,4,3439,906,316,1.0
DOGEUSDT,2026-03-26 05:00:00+00:00,2,4,2,1202,666,245,20.825
DOGEUSDT,2026-03-26 06:15:00+00:00,3,5,2,1880,1262,334,2.925
ETHUSDT,2026-03-26 07:15:00+00:00,5,3,5,13184,6733,831,1.4625
ETHUSDT,2026-03-26 07:30:00+00:00,4,1,4,7318,1822,672,106.55
DOGEUSDT,2026-03-26 08:15:00+00:00,3,5,2,1755,1136,338,2.925
DOGEUSDT,2026-03-26 09:15:00+00:00,3,5,3,2283,1524,393,2.925
DOGEUSDT,2026-03-26 10:15:00+00:00,2,4,2,1524,909,333,20.825
DOGEUSDT,2026-03-26 10:45:00+00:00,2,5,1,1195,752,239,4.8875
DOGEUSDT,2026-03-26 13:45:00+00:00,3,4,3,2766,1579,633,10.075
XRPUSDT,2026-03-26 15:30:00+00:00,2,4,3,1747,958,374,31.5375
DOGEUSDT,2026-03-26 16:45:00+00:00,3,5,1,1855,1267,334,2.925
BTCUSDT,2026-03-26 17:00:00+00:00,5,1,4,8616,2126,729,173.075
DOGEUSDT,2026-03-26 18:00:00+00:00,3,5,1,1751,1123,344,2.925
XRPUSDT,2026-03-26 18:00:00+00:00,5,4,5,7655,4560,1375,4.1125
DOGEUSDT,2026-03-26 18:15:00+00:00,2,5,1,1667,1063,312,4.8875
XRPUSDT,2026-03-26 20:30:00+00:00,2,4,2,1083,598,250,31.5375
ADAUSDT,2026-03-26 22:30:00+00:00,1,2,1,409,144,90,2.95
ADAUSDT,2026-03-26 23:15:00+00:00,1,2,1,487,190,94,2.95
ADAUSDT,2026-03-26 23:30:00+00:00,1,2,1,424,185,88,2.95
DOGEUSDT,2026-03-27 00:45:00+00:00,1,5,2,789,547,121,1.9625
SOLUSDT,2026-03-27 02:15:00+00:00,1,5,2,789,497,157,1.0
SOLUSDT,2026-03-27 03:45:00+00:00,1,5,1,761,489,160,1.0
BTCUSDT,2026-03-27 04:30:00+00:00,4,1,5,5720,1473,553,46.3875
SOLUSDT,2026-03-27 04:30:00+00:00,2,5,2,889,582,178,21.8625
XRPUSDT,2026-03-27 04:30:00+00:00,1,5,2,746,475,143,1.0
BTCUSDT,2026-03-27 06:15:00+00:00,4,1,5,5985,1469,522,46.3875
XRPUSDT,2026-03-27 07:15:00+00:00,1,3,2,655,347,155,17.675
DOGEUSDT,2026-03-27 10:45:00+00:00,4,4,3,3939,2286,806,3.7875
DOGEUSDT,2026-03-27 11:00:00+00:00,3,4,2,2699,1598,594,10.075
ADAUSDT,2026-03-27 11:30:00+00:00,1,4,1,479,296,88,104.5375
ETHUSDT,2026-03-27 11:45:00+00:00,5,3,5,12648,5787,971,1.4625
BTCUSDT,2026-03-27 12:00:00+00:00,5,2,5,12764,4311,1262,57.2
ETHUSDT,2026-03-27 12:00:00+00:00,5,4,5,13882,8391,927,1.0
ADAUSDT,2026-03-27 13:00:00+00:00,1,5,1,302,200,54,81.6375
BTCUSDT,2026-03-27 14:15:00+00:00,5,1,5,32459,9091,2803,173.075
SOLUSDT,2026-03-27 22:00:00+00:00,2,4,1,837,475,192,69.175
SOLUSDT,2026-03-27 22:15:00+00:00,2,5,2,937,620,178,21.8625
DOGEUSDT,2026-03-27 23:15:00+00:00,1,5,1,333,208,66,1.9625
ETHUSDT,2026-03-27 23:15:00+00:00,3,1,3,2831,701,295,19.05
SOLUSDT,2026-03-27 23:30:00+00:00,1,4,2,732,416,159,4.8125
XRPUSDT,2026-03-27 23:30:00+00:00,2,4,2,876,532,188,31.5375
SOLUSDT,2026-03-28 00:45:00+00:00,1,4,1,645,362,136,4.8125
ETHUSDT,2026-03-28 02:45:00+00:00,2,1,2,1548,416,177,1.0
SOLUSDT,2026-03-28 02:45:00+00:00,1,4,2,549,311,112,4.8125
DOGEUSDT,2026-03-28 03:00:00+00:00,1,5,1,510,322,88,1.9625
ETHUSDT,2026-03-28 03:00:00+00:00,2,1,2,1650,463,198,1.0
DOGEUSDT,2026-03-28 03:15:00+00:00,1,3,1,281,145,54,47.5125
ETHUSDT,2026-03-28 03:15:00+00:00,2,1,2,1347,342,154,1.0
XRPUSDT,2026-03-28 03:15:00+00:00,1,4,1,662,406,124,6.8125
XRPUSDT,2026-03-28 03:30:00+00:00,1,5,2,616,391,127,1.0
XRPUSDT,2026-03-28 04:00:00+00:00,1,4,1,562,322,135,6.8125
SOLUSDT,2026-03-28 04:30:00+00:00,1,5,2,749,486,147,1.0
ETHUSDT,2026-03-28 04:45:00+00:00,2,1,2,1382,390,154,1.0
ETHUSDT,2026-03-28 05:30:00+00:00,2,2,2,1668,565,176,3.9875
SOLUSDT,2026-03-28 08:15:00+00:00,1,4,3,787,461,174,4.8125
XRPUSDT,2026-03-28 10:15:00+00:00,1,3,1,540,286,130,17.675
SOLUSDT,2026-03-28 12:00:00+00:00,2,5,2,1537,1091,249,21.8625
XRPUSDT,2026-03-28 12:00:00+00:00,1,4,1,642,352,146,6.8125
XRPUSDT,2026-03-28 12:45:00+00:00,1,3,1,553,292,134,17.675
SOLUSDT,2026-03-28 14:15:00+00:00,2,5,2,1523,967,309,21.8625
DOGEUSDT,2026-03-28 14:30:00+00:00,3,4,3,3273,2021,666,10.075
SOLUSDT,2026-03-28 14:30:00+00:00,2,5,2,1585,1016,329,21.8625
DOGEUSDT,2026-03-28 15:45:00+00:00,3,5,2,1799,1157,364,2.925
DOGEUSDT,2026-03-28 16:30:00+00:00,3,4,2,1846,991,393,10.075
XRPUSDT,2026-03-28 17:15:00+00:00,1,4,1,592,322,143,6.8125
SOLUSDT,2026-03-28 18:00:00+00:00,1,4,2,761,437,182,4.8125
ETHUSDT,2026-03-28 18:15:00+00:00,2,2,2,1560,568,194,3.9875
DOGEUSDT,2026-03-28 18:45:00+00:00,1,5,1,648,408,143,1.9625
ETHUSDT,2026-03-28 18:45:00+00:00,2,1,1,1506,415,173,1.0
SOLUSDT,2026-03-28 18:45:00+00:00,1,4,1,627,365,138,4.8125
ETHUSDT,2026-03-28 19:30:00+00:00,2,2,1,1261,451,176,3.9875
ETHUSDT,2026-03-28 19:45:00+00:00,2,2,2,1576,489,188,3.9875
SOLUSDT,2026-03-28 20:15:00+00:00,1,4,2,619,368,139,4.8125
BTCUSDT,2026-03-28 20:45:00+00:00,3,1,4,2966,819,352,1.0
XRPUSDT,2026-03-28 22:15:00+00:00,1,4,1,573,315,132,6.8125
ETHUSDT,2026-03-28 22:30:00+00:00,2,1,2,1740,467,194,1.0
SOLUSDT,2026-03-28 22:30:00+00:00,1,4,1,551,316,117,4.8125
BTCUSDT,2026-03-28 22:45:00+00:00,3,1,3,3095,828,329,1.0
ETHUSDT,2026-03-28 22:45:00+00:00,3,1,2,2517,554,213,19.05
ETHUSDT,2026-03-29 00:45:00+00:00,3,1,3,2952,653,255,19.05
DOGEUSDT,2026-03-29 01:45:00+00:00,1,5,1,598,377,112,1.9625
SOLUSDT,2026-03-29 02:00:00+00:00,1,3,2,699,364,161,1.0
SOLUSDT,2026-03-29 02:15:00+00:00,1,5,2,763,481,142,1.0
DOGEUSDT,2026-03-29 02:45:00+00:00,1,5,1,609,389,123,1.9625
SOLUSDT,2026-03-29 02:45:00+00:00,1,4,1,610,336,135,4.8125
SOLUSDT,2026-03-29 04:00:00+00:00,1,3,2,739,369,156,1.0
XRPUSDT,2026-03-29 04:00:00+00:00,1,4,1,497,282,99,6.8125
SOLUSDT,2026-03-29 04:15:00+00:00,1,3,2,795,393,184,1.0
BTCUSDT,2026-03-29 04:30:00+00:00,3,1,2,2777,704,295,1.0
BTCUSDT,2026-03-29 04:45:00+00:00,3,1,3,3460,864,329,1.0
SOLUSDT,2026-03-29 04:45:00+00:00,1,4,1,547,316,115,4.8125
BTCUSDT,2026-03-29 05:00:00+00:00,4,1,4,3674,834,359,46.3875
DOGEUSDT,2026-03-29 05:15:00+00:00,1,4,1,723,397,161,16.3375
BTCUSDT,2026-03-29 05:30:00+00:00,3,1,3,3219,870,345,1.0
SOLUSDT,2026-03-29 05:30:00+00:00,1,3,1,726,369,171,1.0
BTCUSDT,2026-03-29 06:30:00+00:00,3,1,3,3363,921,367,1.0
ETHUSDT,2026-03-29 06:30:00+00:00,3,3,3,3174,1493,346,1.15
SOLUSDT,2026-03-29 07:30:00+00:00,1,3,1,755,373,177,1.0
SOLUSDT,2026-03-29 07:45:00+00:00,1,3,2,776,392,184,1.0
DOGEUSDT,2026-03-29 08:00:00+00:00,1,5,1,518,323,106,1.9625
BTCUSDT,2026-03-29 08:15:00+00:00,3,1,3,3021,850,381,1.0
ETHUSDT,2026-03-29 08:15:00+00:00,2,2,2,1729,582,209,3.9875
BTCUSDT,2026-03-29 08:30:00+00:00,3,1,3,3044,759,346,1.0
SOLUSDT,2026-03-29 08:30:00+00:00,1,4,1,682,390,139,4.8125
SOLUSDT,2026-03-29 08:45:00+00:00,1,5,2,661,411,128,1.0
SOLUSDT,2026-03-29 09:00:00+00:00,1,4,1,781,470,164,4.8125
DOGEUSDT,2026-03-29 09:15:00+00:00,1,2,1,570,248,140,13.8375
DOGEUSDT,2026-03-29 09:30:00+00:00,2,3,1,1365,697,332,66.0875
SOLUSDT,2026-03-29 09:30:00+00:00,2,4,2,927,555,200,69.175
SOLUSDT,2026-03-29 10:00:00+00:00,2,5,2,838,520,177,21.8625
BTCUSDT,2026-03-29 10:45:00+00:00,3,1,3,3154,890,409,1.0
SOLUSDT,2026-03-29 14:15:00+00:00,2,3,2,878,440,195,16.0375
ETHUSDT,2026-03-29 15:00:00+00:00,4,1,4,6972,1270,529,106.55
DOGEUSDT,2026-03-29 15:30:00+00:00,2,5,1,963,601,199,4.8875
DOGEUSDT,2026-03-29 16:00:00+00:00,2,3,1,1024,540,243,66.0875
SOLUSDT,2026-03-29 17:00:00+00:00,1,4,1,725,421,163,4.8125
XRPUSDT,2026-03-29 18:45:00+00:00,1,4,1,542,293,124,6.8125
ETHUSDT,2026-03-29 19:00:00+00:00,2,1,2,1654,466,214,1.0
ETHUSDT,2026-03-29 19:30:00+00:00,3,1,3,2212,529,247,19.05
XRPUSDT,2026-03-29 20:00:00+00:00,1,4,1,759,421,186,6.8125
ETHUSDT,2026-03-29 20:45:00+00:00,2,1,2,1535,440,204,1.0
SOLUSDT,2026-03-29 20:45:00+00:00,1,4,1,607,366,137,4.8125
SOLUSDT,2026-03-29 21:45:00+00:00,1,3,1,697,373,156,1.0
ETHUSDT,2026-03-29 22:15:00+00:00,4,1,3,5228,1100,400,106.55
DOGEUSDT,2026-03-29 22:45:00+00:00,5,3,4,9855,4781,2190,3.625
XRPUSDT,2026-03-29 22:45:00+00:00,5,3,4,8859,4545,1785,12.4625
ADAUSDT,2026-03-30 01:45:00+00:00,1,4,1,235,137,55,104.5375
DOGEUSDT,2026-03-30 02:15:00+00:00,1,4,1,550,296,131,16.3375
DOGEUSDT,2026-03-30 04:00:00+00:00,2,5,2,1478,930,276,4.8875
SOLUSDT,2026-03-30 04:00:00+00:00,3,5,3,2258,1604,387,40.7625
DOGEUSDT,2026-03-30 04:30:00+00:00,2,5,2,934,593,186,4.8875
DOGEUSDT,2026-03-30 04:45:00+00:00,2,5,2,1016,647,209,4.8875
SOLUSDT,2026-03-30 05:45:00+00:00,2,4,3,1378,792,291,69.175
DOGEUSDT,2026-03-30 06:15:00+00:00,3,5,2,2226,1687,328,2.925
XRPUSDT,2026-03-30 06:15:00+00:00,2,5,2,1056,660,200,7.925
SOLUSDT,2026-03-30 06:45:00+00:00,1,4,2,790,455,174,4.8125
DOGEUSDT,2026-03-30 07:15:00+00:00,2,5,1,805,531,154,4.8875
XRPUSDT,2026-03-30 09:30:00+00:00,2,5,2,1083,683,223,7.925
XRPUSDT,2026-03-30 10:00:00+00:00,2,5,3,1146,739,222,7.925
ADAUSDT,2026-03-30 10:30:00+00:00,1,5,1,349,246,61,81.6375
DOGEUSDT,2026-03-30 11:15:00+00:00,3,3,3,2470,1319,523,36.4125
DOGEUSDT,2026-03-30 11:30:00+00:00,2,4,1,1207,649,267,20.825
SOLUSDT,2026-03-30 16:15:00+00:00,2,3,2,1068,552,244,16.0375
DOGEUSDT,2026-03-30 20:00:00+00:00,2,5,1,1441,932,284,4.8875
DOGEUSDT,2026-03-30 20:15:00+00:00,2,4,1,1215,699,271,20.825
DOGEUSDT,2026-03-30 21:00:00+00:00,3,5,2,1830,1154,379,2.925
BTCUSDT,2026-03-30 22:30:00+00:00,3,1,2,3118,770,332,1.0
SOLUSDT,2026-03-30 23:30:00+00:00,2,5,2,1106,811,172,21.8625
SOLUSDT,2026-03-30 23:45:00+00:00,2,5,2,866,580,147,21.8625
ADAUSDT,2026-03-31 01:30:00+00:00,2,5,2,911,627,184,40.525
DOGEUSDT,2026-03-31 03:30:00+00:00,2,5,2,886,582,152,4.8875
ADAUSDT,2026-03-31 04:15:00+00:00,1,5,1,267,177,55,81.6375
SOLUSDT,2026-03-31 04:45:00+00:00,1,4,2,749,450,177,4.8125
DOGEUSDT,2026-03-31 05:15:00+00:00,1,4,1,698,394,171,16.3375
XRPUSDT,2026-03-31 09:30:00+00:00,2,4,2,1357,823,274,31.5375
XRPUSDT,2026-03-31 13:00:00+00:00,1,3,2,782,378,183,17.675
XRPUSDT,2026-03-31 14:15:00+00:00,3,4,3,2792,1591,580,28.8375
BTCUSDT,2026-03-31 14:30:00+00:00,5,1,5,17610,2428,1026,173.075
XRPUSDT,2026-03-31 15:30:00+00:00,2,4,3,1548,873,310,31.5375
ADAUSDT,2026-03-31 16:30:00+00:00,4,5,3,4091,3032,658,4.225
ADAUSDT,2026-03-31 17:00:00+00:00,2,5,2,849,558,176,40.525
DOGEUSDT,2026-03-31 20:15:00+00:00,2,4,1,1071,609,250,20.825
XRPUSDT,2026-03-31 21:15:00+00:00,1,3,1,693,347,179,17.675
XRPUSDT,2026-03-31 22:15:00+00:00,1,4,2,766,430,176,6.8125
XRPUSDT,2026-03-31 23:30:00+00:00,1,3,1,553,274,125,17.675
SOLUSDT,2026-04-01 01:45:00+00:00,3,5,3,2489,1924,329,40.7625
DOGEUSDT,2026-04-01 03:15:00+00:00,1,5,1,551,358,103,1.9625
XRPUSDT,2026-04-01 04:30:00+00:00,1,3,2,737,389,173,17.675
DOGEUSDT,2026-04-01 06:00:00+00:00,3,5,3,3413,2124,670,2.925
ADAUSDT,2026-04-01 06:30:00+00:00,2,5,2,882,641,144,40.525
XRPUSDT,2026-04-01 08:00:00+00:00,2,4,3,1222,682,258,31.5375
ETHUSDT,2026-04-01 08:15:00+00:00,5,2,4,7668,2361,666,22.9625
SOLUSDT,2026-04-01 08:15:00+00:00,2,4,3,1450,871,310,69.175
XRPUSDT,2026-04-01 09:00:00+00:00,2,4,3,1143,660,247,31.5375
XRPUSDT,2026-04-01 09:15:00+00:00,2,5,2,1075,668,208,7.925
ADAUSDT,2026-04-01 10:45:00+00:00,1,4,1,234,141,54,104.5375
BTCUSDT,2026-04-01 11:00:00+00:00,4,1,5,6842,1122,525,46.3875
DOGEUSDT,2026-04-01 11:30:00+00:00,2,4,1,852,512,188,20.825
DOGEUSDT,2026-04-01 11:45:00+00:00,2,5,2,1236,833,240,4.8875
XRPUSDT,2026-04-01 13:15:00+00:00,2,3,2,961,512,229,75.6375
SOLUSDT,2026-04-01 13:30:00+00:00,4,5,4,4755,3113,948,28.9
DOGEUSDT,2026-04-01 17:45:00+00:00,2,4,2,942,554,212,20.825
SOLUSDT,2026-04-01 18:00:00+00:00,4,5,4,4048,2601,883,28.9
DOGEUSDT,2026-04-01 18:15:00+00:00,1,3,1,628,283,151,47.5125
SOLUSDT,2026-04-01 19:30:00+00:00,3,5,3,1912,1204,397,40.7625
DOGEUSDT,2026-04-01 19:45:00+00:00,1,4,1,655,385,125,16.3375
XRPUSDT,2026-04-01 20:45:00+00:00,1,4,1,618,336,147,6.8125
XRPUSDT,2026-04-01 22:30:00+00:00,1,4,1,743,436,158,6.8125
DOGEUSDT,2026-04-02 03:45:00+00:00,2,5,2,1744,1174,325,4.8875
SOLUSDT,2026-04-02 04:00:00+00:00,3,5,3,2027,1340,385,40.7625
DOGEUSDT,2026-04-02 04:45:00+00:00,2,5,2,909,565,180,4.8875
ETHUSDT,2026-04-02 06:30:00+00:00,5,3,4,8870,4362,732,1.4625
DOGEUSDT,2026-04-02 06:45:00+00:00,1,5,1,698,434,133,1.9625
ETHUSDT,2026-04-02 07:45:00+00:00,5,4,4,9610,5724,871,1.0
XRPUSDT,2026-04-02 08:00:00+00:00,1,5,2,793,506,162,1.0
BTCUSDT,2026-04-02 08:15:00+00:00,5,2,4,8159,2512,814,57.2
ETHUSDT,2026-04-02 11:45:00+00:00,4,1,3,3792,815,358,106.55
XRPUSDT,2026-04-02 11:45:00+00:00,2,4,3,1551,957,305,31.5375
DOGEUSDT,2026-04-02 12:30:00+00:00,2,5,1,1048,656,198,4.8875
SOLUSDT,2026-04-02 12:45:00+00:00,3,5,4,2718,1787,513,40.7625
BTCUSDT,2026-04-02 18:30:00+00:00,5,5,5,25277,16753,1719,1.175
XRPUSDT,2026-04-02 18:30:00+00:00,2,3,1,826,392,200,75.6375
ETHUSDT,2026-04-02 19:30:00+00:00,4,1,3,4673,743,381,106.55
XRPUSDT,2026-04-02 22:15:00+00:00,1,3,2,746,359,175,17.675
XRPUSDT,2026-04-02 22:30:00+00:00,1,2,1,494,221,121,2.1125
SOLUSDT,2026-04-02 22:45:00+00:00,1,5,2,742,468,153,1.0
DOGEUSDT,2026-04-02 23:00:00+00:00,1,4,1,418,229,89,16.3375
DOGEUSDT,2026-04-02 23:15:00+00:00,1,3,1,366,170,86,47.5125
BTCUSDT,2026-04-02 23:45:00+00:00,3,1,3,3268,867,403,1.0
BTCUSDT,2026-04-03 01:15:00+00:00,4,1,4,6155,1291,450,46.3875
XRPUSDT,2026-04-03 01:15:00+00:00,1,4,3,749,405,160,6.8125
ETHUSDT,2026-04-03 04:15:00+00:00,3,1,3,3294,667,241,19.05
SOLUSDT,2026-04-03 05:00:00+00:00,1,3,2,709,375,172,1.0
XRPUSDT,2026-04-03 05:00:00+00:00,1,4,1,673,382,153,6.8125
DOGEUSDT,2026-04-03 05:15:00+00:00,1,4,1,679,374,157,16.3375
DOGEUSDT,2026-04-03 05:45:00+00:00,2,5,1,852,529,159,4.8875
SOLUSDT,2026-04-03 06:15:00+00:00,1,4,1,785,427,181,4.8125
XRPUSDT,2026-04-03 07:15:00+00:00,1,4,2,715,405,164,6.8125
ADAUSDT,2026-04-03 09:30:00+00:00,1,5,1,242,160,50,81.6375
BTCUSDT,2026-04-03 10:45:00+00:00,5,5,4,9778,6172,572,1.175
BTCUSDT,2026-04-03 11:00:00+00:00,5,5,3,10798,7114,621,1.175
DOGEUSDT,2026-04-03 11:45:00+00:00,1,2,1,444,188,94,13.8375
DOGEUSDT,2026-04-03 12:15:00+00:00,1,4,1,669,375,163,16.3375
ADAUSDT,2026-04-03 15:00:00+00:00,3,5,3,2109,1460,391,15.725
XRPUSDT,2026-04-03 16:00:00+00:00,1,2,1,600,269,160,2.1125
XRPUSDT,2026-04-03 16:15:00+00:00,1,4,2,761,427,159,6.8125
DOGEUSDT,2026-04-03 17:15:00+00:00,3,5,2,2039,1271,414,2.925
ETHUSDT,2026-04-03 18:45:00+00:00,2,1,2,1701,402,187,1.0
BTCUSDT,2026-04-03 19:00:00+00:00,3,1,3,3359,900,382,1.0
ETHUSDT,2026-04-03 19:00:00+00:00,3,1,2,2501,687,273,19.05
ETHUSDT,2026-04-03 19:15:00+00:00,2,1,2,1406,331,170,1.0
DOGEUSDT,2026-04-03 19:30:00+00:00,1,5,1,367,229,74,1.9625
ETHUSDT,2026-04-03 19:30:00+00:00,2,1,2,1728,483,192,1.0
DOGEUSDT,2026-04-03 20:15:00+00:00,1,5,1,514,330,95,1.9625
ETHUSDT,2026-04-03 20:15:00+00:00,2,1,2,1572,349,177,1.0
DOGEUSDT,2026-04-03 20:30:00+00:00,1,5,1,638,398,105,1.9625
SOLUSDT,2026-04-03 20:45:00+00:00,2,5,1,885,559,174,21.8625
BTCUSDT,2026-04-03 23:45:00+00:00,4,4,5,4658,2555,370,2.3625
ETHUSDT,2026-04-03 23:45:00+00:00,3,4,3,2850,1606,265,1.0
SOLUSDT,2026-04-03 23:45:00+00:00,1,5,2,783,493,156,1.0
ADAUSDT,2026-04-04 00:00:00+00:00,1,4,1,231,142,52,104.5375
BTCUSDT,2026-04-04 00:00:00+00:00,4,5,3,5872,3677,527,1.5125
ETHUSDT,2026-04-04 00:00:00+00:00,4,5,3,4975,3235,352,1.325
ETHUSDT,2026-04-04 00:15:00+00:00,3,4,1,2640,1590,197,1.0
XRPUSDT,2026-04-04 00:15:00+00:00,1,4,1,431,260,100,6.8125
ETHUSDT,2026-04-04 00:30:00+00:00,3,5,1,3180,2261,213,1.0
ETHUSDT,2026-04-04 00:45:00+00:00,3,5,1,2688,1973,157,1.0
BTCUSDT,2026-04-04 01:00:00+00:00,5,5,4,7808,5716,434,1.175
ETHUSDT,2026-04-04 01:00:00+00:00,3,5,2,3395,2302,219,1.0
BTCUSDT,2026-04-04 01:15:00+00:00,5,5,5,9913,7365,462,1.175
ETHUSDT,2026-04-04 01:15:00+00:00,4,5,2,4350,2783,283,1.325
BTCUSDT,2026-04-04 01:30:00+00:00,4,5,4,5627,3893,363,1.5125
ETHUSDT,2026-04-04 01:30:00+00:00,3,5,2,2366,1505,192,1.0
BTCUSDT,2026-04-04 01:45:00+00:00,3,5,2,3188,2025,299,1.0
ETHUSDT,2026-04-04 01:45:00+00:00,3,4,2,1752,1079,182,1.0
XRPUSDT,2026-04-04 01:45:00+00:00,1,3,1,412,214,102,17.675
ETHUSDT,2026-04-04 02:00:00+00:00,4,4,3,3703,2128,253,1.0
BTCUSDT,2026-04-04 02:15:00+00:00,4,5,3,4827,3536,438,1.5125
ETHUSDT,2026-04-04 02:15:00+00:00,3,5,3,2648,1711,230,1.0
SOLUSDT,2026-04-04 02:15:00+00:00,2,5,2,910,566,188,21.8625
BTCUSDT,2026-04-04 02:30:00+00:00,4,5,3,5026,3535,345,1.5125
ETHUSDT,2026-04-04 02:30:00+00:00,3,5,1,3124,2238,225,1.0
SOLUSDT,2026-04-04 02:45:00+00:00,1,5,2,737,465,150,1.0
SOLUSDT,2026-04-04 03:00:00+00:00,1,4,1,526,293,114,4.8125
BTCUSDT,2026-04-04 03:15:00+00:00,4,5,2,5025,4158,281,1.5125
ETHUSDT,2026-04-04 03:15:00+00:00,3,5,1,3033,2447,152,1.0
SOLUSDT,2026-04-04 03:15:00+00:00,1,3,1,398,206,92,1.0
ETHUSDT,2026-04-04 03:30:00+00:00,4,5,2,4873,4129,195,1.325
SOLUSDT,2026-04-04 03:30:00+00:00,1,3,1,460,246,103,1.0
BTCUSDT,2026-04-04 03:45:00+00:00,4,5,2,5025,4052,312,1.5125
ETHUSDT,2026-04-04 03:45:00+00:00,3,5,1,2721,2257,161,1.0
BTCUSDT,2026-04-04 04:00:00+00:00,5,5,3,8855,7677,363,1.175
SOLUSDT,2026-04-04 04:00:00+00:00,1,3,1,492,251,112,1.0
BTCUSDT,2026-04-04 04:15:00+00:00,4,5,3,6041,4736,369,1.5125
ETHUSDT,2026-04-04 04:15:00+00:00,3,5,1,3359,2433,235,1.0
BTCUSDT,2026-04-04 04:30:00+00:00,4,5,2,5557,4930,273,1.5125
DOGEUSDT,2026-04-04 04:30:00+00:00,1,5,1,338,211,80,1.9625
ETHUSDT,2026-04-04 04:30:00+00:00,3,5,1,2717,1961,213,1.0
SOLUSDT,2026-04-04 04:30:00+00:00,1,3,1,467,235,106,1.0
BTCUSDT,2026-04-04 04:45:00+00:00,4,5,4,7230,6086,280,1.5125
ETHUSDT,2026-04-04 04:45:00+00:00,3,5,2,2510,1635,233,1.0
SOLUSDT,2026-04-04 04:45:00+00:00,1,3,1,504,258,121,1.0
ETHUSDT,2026-04-04 05:00:00+00:00,3,5,2,3444,2316,259,1.0
BTCUSDT,2026-04-04 05:15:00+00:00,5,5,5,7899,6183,400,1.175
ETHUSDT,2026-04-04 05:15:00+00:00,3,4,2,2810,1701,232,1.0
XRPUSDT,2026-04-04 05:15:00+00:00,1,4,1,404,220,105,6.8125
BTCUSDT,2026-04-04 05:30:00+00:00,5,5,4,11403,9640,398,1.175
ETHUSDT,2026-04-04 05:30:00+00:00,4,5,2,4902,3386,329,1.325
SOLUSDT,2026-04-04 05:30:00+00:00,1,4,1,594,320,142,4.8125
BTCUSDT,2026-04-04 05:45:00+00:00,4,5,4,7339,6036,377,1.5125
ETHUSDT,2026-04-04 05:45:00+00:00,3,5,1,2717,2010,206,1.0
BTCUSDT,2026-04-04 06:00:00+00:00,4,5,4,5154,3452,357,1.5125
ETHUSDT,2026-04-04 06:00:00+00:00,3,5,2,3025,2196,241,1.0
ETHUSDT,2026-04-04 06:30:00+00:00,3,5,2,2287,1458,214,1.0
BTCUSDT,2026-04-04 06:45:00+00:00,4,5,4,7166,4809,440,1.5125
ETHUSDT,2026-04-04 06:45:00+00:00,4,5,3,4065,2543,291,1.325
BTCUSDT,2026-04-04 07:00:00+00:00,4,5,5,5053,3383,414,1.5125
ETHUSDT,2026-04-04 07:00:00+00:00,4,5,3,4197,2842,284,1.325
SOLUSDT,2026-04-04 07:00:00+00:00,1,3,2,601,310,147,1.0
BTCUSDT,2026-04-04 07:15:00+00:00,4,5,5,5450,3676,404,1.5125
ETHUSDT,2026-04-04 07:15:00+00:00,3,5,2,3124,2128,262,1.0
SOLUSDT,2026-04-04 07:15:00+00:00,1,4,1,550,299,137,4.8125
ETHUSDT,2026-04-04 07:30:00+00:00,3,5,3,3216,2228,276,1.0
SOLUSDT,2026-04-04 07:30:00+00:00,1,3,1,584,309,143,1.0
BTCUSDT,2026-04-04 07:45:00+00:00,5,5,5,8318,5982,483,1.175
ETHUSDT,2026-04-04 08:00:00+00:00,4,5,2,3543,2542,260,1.325
ETHUSDT,2026-04-04 08:15:00+00:00,3,5,2,2916,2032,203,1.0
SOLUSDT,2026-04-04 08:15:00+00:00,1,3,1,573,284,141,1.0
BTCUSDT,2026-04-04 08:30:00+00:00,4,5,4,6629,4957,423,1.5125
ETHUSDT,2026-04-04 08:30:00+00:00,4,5,2,3882,2802,271,1.325
SOLUSDT,2026-04-04 08:30:00+00:00,1,3,1,646,334,166,1.0
XRPUSDT,2026-04-04 08:30:00+00:00,1,3,1,393,208,107,17.675
ETHUSDT,2026-04-04 08:45:00+00:00,4,5,2,4844,3728,289,1.325
ETHUSDT,2026-04-04 09:00:00+00:00,3,5,1,3230,2399,253,1.0
BTCUSDT,2026-04-04 09:15:00+00:00,5,5,5,8970,6868,469,1.175
DOGEUSDT,2026-04-04 09:30:00+00:00,1,5,1,364,226,74,1.9625
ETHUSDT,2026-04-04 09:30:00+00:00,3,5,2,3094,2343,234,1.0
SOLUSDT,2026-04-04 09:30:00+00:00,1,3,1,651,345,141,1.0
BTCUSDT,2026-04-04 09:45:00+00:00,4,5,3,3985,3010,347,1.5125
ETHUSDT,2026-04-04 09:45:00+00:00,3,5,3,2358,1708,209,1.0
BTCUSDT,2026-04-04 10:00:00+00:00,4,5,4,5515,3438,489,1.5125
ETHUSDT,2026-04-04 10:00:00+00:00,4,5,3,4184,3008,283,1.325
DOGEUSDT,2026-04-04 10:15:00+00:00,1,5,1,542,337,112,1.9625
ETHUSDT,2026-04-04 10:15:00+00:00,3,5,2,3091,2224,233,1.0
BTCUSDT,2026-04-04 10:45:00+00:00,5,4,4,8618,5238,603,1.4
ETHUSDT,2026-04-04 10:45:00+00:00,4,5,3,5620,3595,502,1.325
ETHUSDT,2026-04-04 11:00:00+00:00,4,5,3,5350,3723,415,1.325
ETHUSDT,2026-04-04 11:15:00+00:00,3,5,2,3302,2366,316,1.0
BTCUSDT,2026-04-04 11:30:00+00:00,4,5,3,5848,3892,507,1.5125
ETHUSDT,2026-04-04 11:30:00+00:00,4,5,2,3560,2647,311,1.325
BTCUSDT,2026-04-04 11:45:00+00:00,4,5,3,5917,4269,483,1.5125
ETHUSDT,2026-04-04 11:45:00+00:00,3,5,2,2893,2129,278,1.0
BTCUSDT,2026-04-04 12:00:00+00:00,5,5,3,8966,6717,520,1.175
DOGEUSDT,2026-04-04 12:00:00+00:00,1,4,1,327,183,73,16.3375
ETHUSDT,2026-04-04 12:00:00+00:00,4,5,2,6262,4800,356,1.325
SOLUSDT,2026-04-04 12:00:00+00:00,1,3,1,664,338,173,1.0
BTCUSDT,2026-04-04 12:15:00+00:00,4,5,2,4964,3782,406,1.5125
ETHUSDT,2026-04-04 12:15:00+00:00,4,5,2,4582,3763,251,1.325
SOLUSDT,2026-04-04 12:15:00+00:00,1,3,1,596,313,148,1.0
BTCUSDT,2026-04-04 12:30:00+00:00,4,5,2,5785,4312,494,1.5125
ETHUSDT,2026-04-04 12:30:00+00:00,4,5,3,4038,2945,306,1.325
BTCUSDT,2026-04-04 12:45:00+00:00,4,5,3,7175,5811,467,1.5125
ETHUSDT,2026-04-04 12:45:00+00:00,4,5,2,4269,3405,269,1.325
SOLUSDT,2026-04-04 12:45:00+00:00,1,3,1,579,301,139,1.0
BTCUSDT,2026-04-04 13:00:00+00:00,4,5,4,6946,5077,622,1.5125
ETHUSDT,2026-04-04 13:00:00+00:00,4,5,4,3994,3133,294,1.325
SOLUSDT,2026-04-04 13:00:00+00:00,1,3,1,622,327,140,1.0
BTCUSDT,2026-04-04 13:15:00+00:00,4,5,4,6455,4486,633,1.5125
ETHUSDT,2026-04-04 13:15:00+00:00,3,5,3,3341,2482,292,1.0
BTCUSDT,2026-04-04 13:30:00+00:00,5,5,4,11022,7450,760,1.175
ETHUSDT,2026-04-04 13:30:00+00:00,4,5,3,5819,4082,406,1.325
ETHUSDT,2026-04-04 14:00:00+00:00,4,5,2,3548,2538,328,1.325
ETHUSDT,2026-04-04 14:15:00+00:00,3,5,2,2868,1916,255,1.0
BTCUSDT,2026-04-04 14:30:00+00:00,5,5,5,9406,6375,688,1.175
ETHUSDT,2026-04-04 14:30:00+00:00,5,5,4,7706,4975,626,1.0
BTCUSDT,2026-04-04 14:45:00+00:00,4,5,4,6735,4213,611,1.5125
BTCUSDT,2026-04-04 15:00:00+00:00,5,3,5,20661,10957,1215,3.325
ETHUSDT,2026-04-04 15:00:00+00:00,5,4,4,13949,8455,1070,1.0
BTCUSDT,2026-04-04 15:15:00+00:00,5,4,4,12360,7056,845,1.4
ETHUSDT,2026-04-04 15:15:00+00:00,5,5,3,11021,7699,747,1.0
BTCUSDT,2026-04-04 15:30:00+00:00,5,4,4,9043,5503,678,1.4
DOGEUSDT,2026-04-04 15:30:00+00:00,1,5,1,667,414,132,1.9625
ETHUSDT,2026-04-04 15:30:00+00:00,4,5,3,6450,4942,398,1.325
BTCUSDT,2026-04-04 15:45:00+00:00,5,5,4,7761,5212,630,1.175
ETHUSDT,2026-04-04 15:45:00+00:00,4,5,2,5142,3854,338,1.325
BTCUSDT,2026-04-04 16:00:00+00:00,4,5,3,7411,4978,685,1.5125
DOGEUSDT,2026-04-04 16:00:00+00:00,1,4,1,493,294,100,16.3375
BTCUSDT,2026-04-04 16:15:00+00:00,5,5,4,10129,6394,704,1.175
DOGEUSDT,2026-04-04 16:15:00+00:00,1,5,1,752,492,134,1.9625
BTCUSDT,2026-04-04 16:30:00+00:00,5,5,3,12311,8528,854,1.175
ETHUSDT,2026-04-04 16:30:00+00:00,5,5,3,8090,5814,510,1.0
BTCUSDT,2026-04-04 16:45:00+00:00,5,5,4,11741,7478,782,1.175
ETHUSDT,2026-04-04 16:45:00+00:00,4,5,3,7027,4571,492,1.325
BTCUSDT,2026-04-04 17:00:00+00:00,5,5,4,10531,7454,722,1.175
ETHUSDT,2026-04-04 17:00:00+00:00,4,5,3,6658,4672,467,1.325
BTCUSDT,2026-04-04 17:15:00+00:00,4,5,4,7507,5013,610,1.5125
ETHUSDT,2026-04-04 17:15:00+00:00,4,5,3,5358,3531,385,1.325
SOLUSDT,2026-04-04 17:15:00+00:00,2,3,1,845,449,210,16.0375
BTCUSDT,2026-04-04 17:30:00+00:00,4,5,3,6956,4979,499,1.5125
ETHUSDT,2026-04-04 17:30:00+00:00,3,5,2,3274,2271,281,1.0
DOGEUSDT,2026-04-04 17:45:00+00:00,1,5,1,663,443,128,1.9625
ETHUSDT,2026-04-04 17:45:00+00:00,4,5,2,3548,2607,229,1.325
BTCUSDT,2026-04-04 18:00:00+00:00,5,5,3,8481,6151,568,1.175
ETHUSDT,2026-04-04 18:00:00+00:00,4,5,2,4741,3292,337,1.325
XRPUSDT,2026-04-04 18:00:00+00:00,1,3,1,579,281,150,17.675
ETHUSDT,2026-04-04 18:15:00+00:00,3,5,2,2570,1778,223,1.0
XRPUSDT,2026-04-04 18:15:00+00:00,1,3,1,504,239,127,17.675
BTCUSDT,2026-04-04 18:30:00+00:00,4,5,2,4961,3413,469,1.5125
DOGEUSDT,2026-04-04 18:30:00+00:00,1,4,1,556,342,114,16.3375
ETHUSDT,2026-04-04 18:30:00+00:00,3,5,1,3433,2598,246,1.0
BTCUSDT,2026-04-04 18:45:00+00:00,4,5,3,6342,4505,412,1.5125
DOGEUSDT,2026-04-04 18:45:00+00:00,1,5,1,562,379,99,1.9625
ETHUSDT,2026-04-04 18:45:00+00:00,3,5,1,2827,2011,201,1.0
SOLUSDT,2026-04-04 18:45:00+00:00,1,3,1,731,366,179,1.0
BTCUSDT,2026-04-04 19:00:00+00:00,5,5,3,14371,9743,753,1.175
ETHUSDT,2026-04-04 19:00:00+00:00,5,3,5,21554,11415,1472,1.4625
ETHUSDT,2026-04-04 19:15:00+00:00,5,4,5,17081,9371,1365,1.0
BTCUSDT,2026-04-04 19:30:00+00:00,4,5,3,6469,4360,416,1.5125
DOGEUSDT,2026-04-04 19:30:00+00:00,1,5,1,786,515,146,1.9625
ETHUSDT,2026-04-04 19:30:00+00:00,4,5,3,7174,4476,503,1.325
BTCUSDT,2026-04-04 19:45:00+00:00,4,5,3,6147,4267,424,1.5125
DOGEUSDT,2026-04-04 19:45:00+00:00,1,5,1,674,492,104,1.9625
ETHUSDT,2026-04-04 19:45:00+00:00,4,5,3,5949,3784,376,1.325
SOLUSDT,2026-04-04 19:45:00+00:00,1,4,1,744,447,163,4.8125
BTCUSDT,2026-04-04 20:00:00+00:00,4,5,3,7321,4882,563,1.5125
ETHUSDT,2026-04-04 20:00:00+00:00,5,5,4,7755,5516,396,1.0
BTCUSDT,2026-04-04 20:15:00+00:00,4,5,3,4757,3194,413,1.5125
ETHUSDT,2026-04-04 20:15:00+00:00,4,5,3,4319,3040,300,1.325
SOLUSDT,2026-04-04 20:15:00+00:00,1,3,1,596,312,146,1.0
XRPUSDT,2026-04-04 20:15:00+00:00,1,3,1,438,213,121,17.675
BTCUSDT,2026-04-04 20:30:00+00:00,4,5,3,5100,3474,415,1.5125
DOGEUSDT,2026-04-04 20:30:00+00:00,1,5,1,716,534,98,1.9625
ETHUSDT,2026-04-04 20:30:00+00:00,3,5,2,3002,2037,226,1.0
SOLUSDT,2026-04-04 20:30:00+00:00,1,4,1,543,303,125,4.8125
BTCUSDT,2026-04-04 20:45:00+00:00,4,5,3,4997,3646,326,1.5125
DOGEUSDT,2026-04-04 20:45:00+00:00,1,5,1,461,340,69,1.9625
ETHUSDT,2026-04-04 20:45:00+00:00,3,5,1,2012,1270,176,1.0
BTCUSDT,2026-04-04 21:00:00+00:00,4,5,3,4790,3381,369,1.5125
ETHUSDT,2026-04-04 21:00:00+00:00,4,5,2,3658,2662,261,1.325
BTCUSDT,2026-04-04 21:15:00+00:00,3,5,2,3113,1951,314,1.0
DOGEUSDT,2026-04-04 21:45:00+00:00,2,5,2,913,606,172,4.8875
ETHUSDT,2026-04-04 22:00:00+00:00,4,5,2,6464,4026,516,1.325
DOGEUSDT,2026-04-04 22:15:00+00:00,1,4,1,302,168,65,16.3375
ETHUSDT,2026-04-04 22:15:00+00:00,4,5,2,5837,4192,369,1.325
SOLUSDT,2026-04-04 22:15:00+00:00,1,4,2,630,368,152,4.8125
BTCUSDT,2026-04-04 22:30:00+00:00,4,5,4,5234,3474,396,1.5125
SOLUSDT,2026-04-04 22:30:00+00:00,1,4,2,593,320,144,4.8125
BTCUSDT,2026-04-04 22:45:00+00:00,4,5,4,6086,4233,406,1.5125
ETHUSDT,2026-04-04 22:45:00+00:00,4,5,2,4925,3680,281,1.325
SOLUSDT,2026-04-04 22:45:00+00:00,1,3,1,468,243,102,1.0
ETHUSDT,2026-04-04 23:00:00+00:00,4,5,2,5633,3891,394,1.325
BTCUSDT,2026-04-04 23:15:00+00:00,4,5,3,5302,3984,360,1.5125
ETHUSDT,2026-04-04 23:15:00+00:00,3,5,2,2988,2109,230,1.0
DOGEUSDT,2026-04-04 23:30:00+00:00,1,5,1,341,213,66,1.9625
ETHUSDT,2026-04-04 23:30:00+00:00,3,5,2,3089,2252,222,1.0
XRPUSDT,2026-04-04 23:30:00+00:00,1,3,1,406,216,93,17.675
BTCUSDT,2026-04-04 23:45:00+00:00,4,5,4,6246,4357,373,1.5125
ETHUSDT,2026-04-04 23:45:00+00:00,4,5,3,5561,3920,300,1.325
BTCUSDT,2026-04-05 00:00:00+00:00,4,5,2,5854,4225,454,1.5125
ETHUSDT,2026-04-05 00:00:00+00:00,4,5,2,4204,3118,262,1.325
SOLUSDT,2026-04-05 00:00:00+00:00,1,3,1,566,297,140,1.0
ETHUSDT,2026-04-05 00:15:00+00:00,3,5,2,3223,2304,191,1.0
BTCUSDT,2026-04-05 00:30:00+00:00,4,5,4,5454,3995,366,1.5125
ETHUSDT,2026-04-05 00:30:00+00:00,3,5,2,3391,2550,211,1.0
BTCUSDT,2026-04-05 00:45:00+00:00,4,5,5,6055,3920,396,1.5125
BTCUSDT,2026-04-05 01:00:00+00:00,4,5,4,7545,5084,493,1.5125
BTCUSDT,2026-04-05 01:15:00+00:00,4,5,4,5213,3695,365,1.5125
ETHUSDT,2026-04-05 01:15:00+00:00,4,5,2,3839,2594,248,1.325
BTCUSDT,2026-04-05 01:30:00+00:00,4,5,5,6638,4216,433,1.5125
ETHUSDT,2026-04-05 01:45:00+00:00,3,5,1,3206,2370,218,1.0
SOLUSDT,2026-04-05 01:45:00+00:00,1,5,2,727,482,126,1.0
ETHUSDT,2026-04-05 02:00:00+00:00,4,5,3,7440,5140,463,1.325
BTCUSDT,2026-04-05 02:15:00+00:00,4,5,3,7597,5200,426,1.5125
ETHUSDT,2026-04-05 02:15:00+00:00,4,5,2,4997,3658,294,1.325
ETHUSDT,2026-04-05 02:45:00+00:00,3,5,2,2770,2195,163,1.0
SOLUSDT,2026-04-05 02:45:00+00:00,1,4,1,399,234,86,4.8125
BTCUSDT,2026-04-05 03:00:00+00:00,4,5,3,3507,2325,336,1.5125
ETHUSDT,2026-04-05 03:00:00+00:00,3,5,2,2402,1761,177,1.0
SOLUSDT,2026-04-05 03:00:00+00:00,1,4,1,451,262,99,4.8125
BTCUSDT,2026-04-05 03:15:00+00:00,3,5,3,3253,2019,346,1.0
ETHUSDT,2026-04-05 03:15:00+00:00,3,5,1,2538,1850,175,1.0
XRPUSDT,2026-04-05 03:15:00+00:00,1,2,1,317,139,83,2.1125
BTCUSDT,2026-04-05 03:30:00+00:00,4,5,3,4014,2744,309,1.5125
ETHUSDT,2026-04-05 03:30:00+00:00,4,5,2,3488,2614,203,1.325
SOLUSDT,2026-04-05 03:30:00+00:00,1,3,1,436,228,104,1.0
BTCUSDT,2026-04-05 03:45:00+00:00,3,5,3,2522,1624,265,1.0
ETHUSDT,2026-04-05 03:45:00+00:00,3,5,2,2992,2255,179,1.0
SOLUSDT,2026-04-05 03:45:00+00:00,1,4,1,418,254,94,4.8125
BTCUSDT,2026-04-05 04:00:00+00:00,4,5,2,4055,2675,360,1.5125
ETHUSDT,2026-04-05 04:00:00+00:00,3,5,1,2425,1635,192,1.0
BTCUSDT,2026-04-05 04:15:00+00:00,4,5,2,3827,2476,330,1.5125
DOGEUSDT,2026-04-05 04:15:00+00:00,1,5,1,425,283,84,1.9625
ETHUSDT,2026-04-05 04:15:00+00:00,4,5,2,3571,2610,247,1.325
BTCUSDT,2026-04-05 04:30:00+00:00,4,5,2,4532,3431,334,1.5125
ETHUSDT,2026-04-05 04:30:00+00:00,3,5,1,2948,1971,223,1.0
XRPUSDT,2026-04-05 04:30:00+00:00,1,4,1,369,215,88,6.8125
BTCUSDT,2026-04-05 04:45:00+00:00,4,5,3,5494,3804,357,1.5125
ETHUSDT,2026-04-05 04:45:00+00:00,3,5,1,3383,2501,221,1.0
BTCUSDT,2026-04-05 05:00:00+00:00,4,5,2,4575,3166,367,1.5125
ETHUSDT,2026-04-05 05:00:00+00:00,3,5,3,3321,2117,230,1.0
SOLUSDT,2026-04-05 05:00:00+00:00,1,4,1,538,331,116,4.8125
BTCUSDT,2026-04-05 05:15:00+00:00,4,5,5,6286,4461,374,1.5125
ETHUSDT,2026-04-05 05:15:00+00:00,4,5,3,5058,3328,389,1.325
XRPUSDT,2026-04-05 05:15:00+00:00,1,4,1,608,371,139,6.8125
ETHUSDT,2026-04-05 05:30:00+00:00,3,5,2,3181,2228,222,1.0
ETHUSDT,2026-04-05 05:45:00+00:00,4,5,3,7512,4983,536,1.325
ETHUSDT,2026-04-05 06:00:00+00:00,5,4,5,21478,12197,1668,1.0
BTCUSDT,2026-04-05 06:15:00+00:00,5,4,4,12044,6928,812,1.4
ETHUSDT,2026-04-05 06:15:00+00:00,5,4,4,17168,10098,1390,1.0
BTCUSDT,2026-04-05 06:30:00+00:00,5,5,5,8348,5180,541,1.175
ETHUSDT,2026-04-05 06:30:00+00:00,4,4,3,7473,4572,598,1.0
BTCUSDT,2026-04-05 06:45:00+00:00,4,5,4,6675,4530,430,1.5125
ETHUSDT,2026-04-05 06:45:00+00:00,4,5,2,4305,3162,317,1.325
BTCUSDT,2026-04-05 07:00:00+00:00,5,5,5,8595,5773,503,1.175
ETHUSDT,2026-04-05 07:00:00+00:00,4,5,2,5746,3766,431,1.325
BTCUSDT,2026-04-05 07:15:00+00:00,4,5,4,5464,3430,368,1.5125
ETHUSDT,2026-04-05 07:15:00+00:00,4,5,3,5776,3749,392,1.325
BTCUSDT,2026-04-05 07:30:00+00:00,5,5,4,10016,7526,592,1.175
ETHUSDT,2026-04-05 07:30:00+00:00,5,5,3,8251,5765,552,1.0
ETHUSDT,2026-04-05 07:45:00+00:00,4,5,3,6360,4515,443,1.325
BTCUSDT,2026-04-05 08:00:00+00:00,4,5,3,5252,3610,445,1.5125
ETHUSDT,2026-04-05 08:00:00+00:00,4,5,2,4932,3335,415,1.325
ETHUSDT,2026-04-05 08:15:00+00:00,4,5,2,3744,2727,256,1.325
XRPUSDT,2026-04-05 08:15:00+00:00,1,5,2,704,438,150,1.0
BTCUSDT,2026-04-05 08:30:00+00:00,5,5,4,7995,6470,396,1.175
DOGEUSDT,2026-04-05 08:30:00+00:00,1,5,1,378,242,75,1.9625
ETHUSDT,2026-04-05 08:30:00+00:00,4,5,2,3636,2641,248,1.325
XRPUSDT,2026-04-05 08:30:00+00:00,1,5,1,639,409,119,1.0
ETHUSDT,2026-04-05 08:45:00+00:00,3,5,2,2992,2049,216,1.0
SOLUSDT,2026-04-05 08:45:00+00:00,1,4,2,683,382,147,4.8125
BTCUSDT,2026-04-05 09:00:00+00:00,4,5,4,7604,5021,550,1.5125
ETHUSDT,2026-04-05 09:00:00+00:00,4,5,2,5775,3663,427,1.325
SOLUSDT,2026-04-05 09:00:00+00:00,1,5,2,754,473,155,1.0
XRPUSDT,2026-04-05 09:00:00+00:00,1,5,1,642,415,131,1.0
BTCUSDT,2026-04-05 09:15:00+00:00,4,5,4,6799,4574,461,1.5125
BTCUSDT,2026-04-05 09:30:00+00:00,4,5,3,5314,3677,414,1.5125
ETHUSDT,2026-04-05 09:30:00+00:00,4,5,2,4518,3487,288,1.325
XRPUSDT,2026-04-05 09:30:00+00:00,1,4,2,681,390,159,6.8125
BTCUSDT,2026-04-05 09:45:00+00:00,4,5,4,5662,4249,442,1.5125
ETHUSDT,2026-04-05 09:45:00+00:00,3,5,2,2995,2287,201,1.0
BTCUSDT,2026-04-05 10:00:00+00:00,5,5,4,8033,6152,540,1.175
ETHUSDT,2026-04-05 10:00:00+00:00,4,5,2,5026,3626,361,1.325
BTCUSDT,2026-04-05 10:15:00+00:00,4,5,3,3497,2401,406,1.5125
ETHUSDT,2026-04-05 10:15:00+00:00,3,5,2,3424,2516,216,1.0
SOLUSDT,2026-04-05 10:15:00+00:00,1,4,1,612,351,142,4.8125
XRPUSDT,2026-04-05 10:15:00+00:00,1,5,1,422,275,84,1.0
BTCUSDT,2026-04-05 10:30:00+00:00,5,5,4,8455,5309,612,1.175
ETHUSDT,2026-04-05 10:30:00+00:00,5,4,3,8975,5527,626,1.0
BTCUSDT,2026-04-05 10:45:00+00:00,4,5,4,6269,4465,536,1.5125
ETHUSDT,2026-04-05 10:45:00+00:00,4,5,2,4226,3195,325,1.325
SOLUSDT,2026-04-05 10:45:00+00:00,1,4,2,605,339,139,4.8125
BTCUSDT,2026-04-05 11:00:00+00:00,4,5,4,6729,4445,579,1.5125
ETHUSDT,2026-04-05 11:00:00+00:00,4,5,2,4228,2820,376,1.325
XRPUSDT,2026-04-05 11:00:00+00:00,1,4,2,767,462,176,6.8125
ETHUSDT,2026-04-05 11:15:00+00:00,4,5,2,4817,3211,396,1.325
SOLUSDT,2026-04-05 11:30:00+00:00,1,3,1,569,291,143,1.0
BTCUSDT,2026-04-05 11:45:00+00:00,4,5,3,4134,2773,491,1.5125
ETHUSDT,2026-04-05 11:45:00+00:00,3,5,1,2559,1835,218,1.0
SOLUSDT,2026-04-05 11:45:00+00:00,1,4,1,579,316,122,4.8125
BTCUSDT,2026-04-05 12:00:00+00:00,5,5,4,7878,4913,639,1.175
ETHUSDT,2026-04-05 12:00:00+00:00,5,5,3,7759,5325,519,1.0
SOLUSDT,2026-04-05 12:00:00+00:00,1,3,2,735,388,174,1.0
BTCUSDT,2026-04-05 12:15:00+00:00,4,5,4,6543,4613,596,1.5125
SOLUSDT,2026-04-05 12:15:00+00:00,1,4,2,763,414,175,4.8125
BTCUSDT,2026-04-05 12:30:00+00:00,5,3,5,17938,8663,1229,3.325
ETHUSDT,2026-04-05 12:30:00+00:00,5,4,5,24676,13512,1994,1.0
BTCUSDT,2026-04-05 12:45:00+00:00,5,5,5,11579,7635,797,1.175
DOGEUSDT,2026-04-05 12:45:00+00:00,2,5,2,1075,703,215,4.8875
ETHUSDT,2026-04-05 12:45:00+00:00,5,5,3,11139,7131,836,1.0
BTCUSDT,2026-04-05 13:00:00+00:00,5,5,4,9831,6952,672,1.175
BTCUSDT,2026-04-05 13:15:00+00:00,5,5,4,8650,5667,683,1.175
ETHUSDT,2026-04-05 13:15:00+00:00,5,5,3,9776,6552,670,1.0
SOLUSDT,2026-04-05 13:15:00+00:00,3,5,3,1887,1394,292,40.7625
ETHUSDT,2026-04-05 13:30:00+00:00,5,5,3,10276,6919,677,1.0
BTCUSDT,2026-04-05 13:45:00+00:00,5,5,4,9921,6725,663,1.175
ETHUSDT,2026-04-05 13:45:00+00:00,5,5,3,10985,7220,785,1.0
BTCUSDT,2026-04-05 14:00:00+00:00,5,5,4,10539,6822,675,1.175
ETHUSDT,2026-04-05 14:00:00+00:00,5,4,3,11531,6656,922,1.0
ETHUSDT,2026-04-05 14:15:00+00:00,4,5,2,5780,3819,438,1.325
BTCUSDT,2026-04-05 14:30:00+00:00,5,5,4,8185,5528,616,1.175
ETHUSDT,2026-04-05 14:30:00+00:00,5,5,4,7874,5242,551,1.0
XRPUSDT,2026-04-05 14:30:00+00:00,1,4,2,788,464,168,6.8125
BTCUSDT,2026-04-05 14:45:00+00:00,4,5,4,5366,3687,441,1.5125
BTCUSDT,2026-04-05 15:00:00+00:00,5,4,4,8052,4890,638,1.4
ETHUSDT,2026-04-05 15:00:00+00:00,5,5,3,11407,7582,815,1.0
ETHUSDT,2026-04-05 15:30:00+00:00,5,3,5,28770,14037,2300,1.4625
BTCUSDT,2026-04-05 15:45:00+00:00,5,4,4,12794,7644,783,1.4
ETHUSDT,2026-04-05 15:45:00+00:00,5,5,3,12205,8136,817,1.0
BTCUSDT,2026-04-05 16:00:00+00:00,5,4,4,13520,8031,863,1.4
ETHUSDT,2026-04-05 16:00:00+00:00,5,4,3,11929,7256,1003,1.0
ETHUSDT,2026-04-05 16:15:00+00:00,5,5,2,8126,5658,669,1.0
BTCUSDT,2026-04-05 16:30:00+00:00,5,5,4,11935,8548,647,1.175
ETHUSDT,2026-04-05 16:30:00+00:00,5,5,3,10219,7212,747,1.0
SOLUSDT,2026-04-05 16:30:00+00:00,1,3,2,787,412,197,1.0
DOGEUSDT,2026-04-05 16:45:00+00:00,1,3,1,495,256,110,47.5125
ETHUSDT,2026-04-05 16:45:00+00:00,5,5,3,10075,6809,679,1.0
BTCUSDT,2026-04-05 17:00:00+00:00,5,5,4,11308,7716,661,1.175
ETHUSDT,2026-04-05 17:00:00+00:00,5,5,4,11405,7226,918,1.0
SOLUSDT,2026-04-05 17:00:00+00:00,2,4,2,862,465,219,69.175
BTCUSDT,2026-04-05 17:15:00+00:00,5,5,3,7915,5200,551,1.175
ETHUSDT,2026-04-05 17:15:00+00:00,5,5,2,7957,5531,584,1.0
BTCUSDT,2026-04-05 17:30:00+00:00,5,5,3,9028,6406,502,1.175
ETHUSDT,2026-04-05 17:30:00+00:00,5,5,3,8759,5894,608,1.0
BTCUSDT,2026-04-05 17:45:00+00:00,5,5,3,8736,5756,566,1.175
ETHUSDT,2026-04-05 17:45:00+00:00,5,5,4,9806,6162,671,1.0
ETHUSDT,2026-04-05 18:00:00+00:00,4,4,3,6852,4145,570,1.0
ETHUSDT,2026-04-05 18:15:00+00:00,4,5,2,3621,2469,312,1.325
BTCUSDT,2026-04-05 18:30:00+00:00,5,4,4,9819,6055,553,1.4
DOGEUSDT,2026-04-05 18:30:00+00:00,1,3,1,476,234,96,47.5125
ETHUSDT,2026-04-05 18:30:00+00:00,5,5,3,11353,7097,806,1.0
BTCUSDT,2026-04-05 18:45:00+00:00,4,5,3,6889,4851,457,1.5125
ETHUSDT,2026-04-05 18:45:00+00:00,4,5,3,6573,4215,516,1.325
SOLUSDT,2026-04-05 18:45:00+00:00,2,4,2,837,504,172,69.175
XRPUSDT,2026-04-05 18:45:00+00:00,1,4,1,457,261,109,6.8125
BTCUSDT,2026-04-05 19:00:00+00:00,4,4,3,4516,2565,374,2.3625
ETHUSDT,2026-04-05 19:00:00+00:00,4,5,2,4722,3214,321,1.325
BTCUSDT,2026-04-05 19:15:00+00:00,5,4,4,10282,5748,685,1.4
ETHUSDT,2026-04-05 19:15:00+00:00,5,5,3,10958,7137,728,1.0
BTCUSDT,2026-04-05 19:30:00+00:00,4,4,3,6677,3582,532,2.3625
ETHUSDT,2026-04-05 19:30:00+00:00,5,5,3,8567,5885,541,1.0
SOLUSDT,2026-04-05 19:30:00+00:00,1,3,2,791,419,188,1.0
BTCUSDT,2026-04-05 19:45:00+00:00,4,4,3,4872,2800,399,2.3625
ETHUSDT,2026-04-05 19:45:00+00:00,4,5,2,5857,4103,374,1.325
SOLUSDT,2026-04-05 19:45:00+00:00,1,4,1,721,412,164,4.8125
ETHUSDT,2026-04-05 20:00:00+00:00,4,5,3,5990,4196,392,1.325
SOLUSDT,2026-04-05 20:00:00+00:00,1,4,1,593,344,136,4.8125
ETHUSDT,2026-04-05 20:15:00+00:00,4,5,2,4315,3083,295,1.325
SOLUSDT,2026-04-05 20:15:00+00:00,1,3,1,543,276,132,1.0
BTCUSDT,2026-04-05 20:30:00+00:00,5,3,5,12526,6142,824,3.325
ETHUSDT,2026-04-05 20:30:00+00:00,5,4,4,12223,6964,1027,1.0
BTCUSDT,2026-04-05 20:45:00+00:00,5,4,4,9810,5879,639,1.4
ETHUSDT,2026-04-05 20:45:00+00:00,4,5,2,6754,4591,501,1.325
BTCUSDT,2026-04-05 21:00:00+00:00,5,3,5,10775,4930,685,3.325
DOGEUSDT,2026-04-05 21:00:00+00:00,1,4,2,538,292,125,16.3375
ETHUSDT,2026-04-05 21:00:00+00:00,5,4,4,8069,4454,635,1.0
SOLUSDT,2026-04-05 21:15:00+00:00,1,4,2,731,425,161,4.8125
DOGEUSDT,2026-04-05 21:30:00+00:00,1,5,1,369,236,62,1.9625
SOLUSDT,2026-04-05 21:45:00+00:00,1,5,2,779,505,146,1.0
BTCUSDT,2026-04-05 22:15:00+00:00,5,5,4,17288,10862,933,1.175
ETHUSDT,2026-04-05 22:15:00+00:00,5,4,3,12426,6709,1070,1.0
BTCUSDT,2026-04-05 22:30:00+00:00,5,3,5,23336,11591,1314,3.325
ETHUSDT,2026-04-05 23:15:00+00:00,5,2,5,42670,14850,4068,22.9625
BTCUSDT,2026-04-05 23:45:00+00:00,5,3,5,16999,9098,1163,3.325
ETHUSDT,2026-04-05 23:45:00+00:00,5,3,4,13279,6176,1109,1.4625
ETHUSDT,2026-04-06 00:45:00+00:00,5,3,3,12612,6427,1171,1.4625
ETHUSDT,2026-04-06 01:00:00+00:00,5,3,4,16329,7633,1414,1.4625
ETHUSDT,2026-04-06 01:15:00+00:00,5,3,4,13012,6540,1034,1.4625
BTCUSDT,2026-04-06 01:30:00+00:00,5,3,4,15144,7195,904,3.325
DOGEUSDT,2026-04-06 01:45:00+00:00,2,4,1,897,540,181,20.825
ETHUSDT,2026-04-06 01:45:00+00:00,5,3,3,9953,5130,870,1.4625
DOGEUSDT,2026-04-06 02:00:00+00:00,4,5,3,4204,2901,705,1.6
BTCUSDT,2026-04-06 02:15:00+00:00,5,3,5,26105,12485,1560,3.325
DOGEUSDT,2026-04-06 02:15:00+00:00,3,5,2,2507,1732,417,2.925
ETHUSDT,2026-04-06 02:15:00+00:00,5,2,4,22236,9994,2055,22.9625
XRPUSDT,2026-04-06 02:15:00+00:00,4,5,3,3574,2621,494,7.4375
BTCUSDT,2026-04-06 02:30:00+00:00,5,3,5,20605,10189,1255,3.325
ETHUSDT,2026-04-06 02:30:00+00:00,5,3,4,18173,8405,1470,1.4625
BTCUSDT,2026-04-06 02:45:00+00:00,5,5,5,16805,10798,935,1.175
ETHUSDT,2026-04-06 02:45:00+00:00,5,5,4,13573,9471,749,1.0
BTCUSDT,2026-04-06 03:00:00+00:00,5,4,5,13568,7519,898,1.4
ETHUSDT,2026-04-06 03:45:00+00:00,5,3,4,7767,3737,659,1.4625
BTCUSDT,2026-04-06 04:00:00+00:00,5,4,4,12810,7500,862,1.4
ETHUSDT,2026-04-06 04:00:00+00:00,5,3,4,9183,4328,800,1.4625
BTCUSDT,2026-04-06 04:15:00+00:00,5,5,4,9410,6230,651,1.175
ETHUSDT,2026-04-06 04:15:00+00:00,4,3,4,6530,3379,580,1.0
ETHUSDT,2026-04-06 04:30:00+00:00,5,4,4,11270,6038,952,1.0
BTCUSDT,2026-04-06 04:45:00+00:00,5,5,5,11813,8067,699,1.175
ETHUSDT,2026-04-06 04:45:00+00:00,4,3,3,5984,3144,574,1.0
BTCUSDT,2026-04-06 05:00:00+00:00,5,5,4,8295,5215,578,1.175
ETHUSDT,2026-04-06 05:00:00+00:00,4,4,3,7202,4123,681,1.0
BTCUSDT,2026-04-06 05:15:00+00:00,5,3,5,9723,5063,675,3.325
ETHUSDT,2026-04-06 05:15:00+00:00,4,3,3,7144,3692,657,1.0
ETHUSDT,2026-04-06 05:30:00+00:00,4,3,3,6076,3027,570,1.0
BTCUSDT,2026-04-06 05:45:00+00:00,5,5,4,9929,6876,741,1.175
ETHUSDT,2026-04-06 05:45:00+00:00,4,4,3,5147,2874,478,1.0
SOLUSDT,2026-04-06 05:45:00+00:00,1,4,2,746,450,164,4.8125
ETHUSDT,2026-04-06 06:00:00+00:00,5,3,4,14290,7367,1134,1.4625
BTCUSDT,2026-04-06 06:30:00+00:00,5,4,5,16421,10185,938,1.4
ETHUSDT,2026-04-06 06:30:00+00:00,5,3,4,11625,6006,1018,1.4625
BTCUSDT,2026-04-06 07:00:00+00:00,5,4,4,11060,6260,794,1.4
ETHUSDT,2026-04-06 07:00:00+00:00,4,4,4,7610,4132,633,1.0
BTCUSDT,2026-04-06 07:15:00+00:00,5,4,4,12699,7461,751,1.4
ETHUSDT,2026-04-06 07:15:00+00:00,5,4,4,13031,7062,1107,1.0
ETHUSDT,2026-04-06 07:30:00+00:00,5,3,4,10889,5529,994,1.4625
DOGEUSDT,2026-04-06 07:45:00+00:00,1,4,1,691,394,153,16.3375
XRPUSDT,2026-04-06 07:45:00+00:00,2,5,3,1739,1183,296,7.925
BTCUSDT,2026-04-06 08:00:00+00:00,5,5,4,11693,7599,699,1.175
ETHUSDT,2026-04-06 08:00:00+00:00,5,3,4,9548,4993,838,1.4625
BTCUSDT,2026-04-06 08:15:00+00:00,5,5,5,15956,10225,866,1.175
ETHUSDT,2026-04-06 08:15:00+00:00,5,4,4,12764,7682,1051,1.0
ETHUSDT,2026-04-06 08:30:00+00:00,5,3,5,16855,8461,1592,1.4625
BTCUSDT,2026-04-06 08:45:00+00:00,5,5,4,9888,6331,701,1.175
ETHUSDT,2026-04-06 08:45:00+00:00,5,5,3,8273,5765,622,1.0
ETHUSDT,2026-04-06 09:00:00+00:00,5,3,5,21404,10269,1969,1.4625
ETHUSDT,2026-04-06 09:30:00+00:00,5,4,5,20146,11036,1700,1.0
BTCUSDT,2026-04-06 09:45:00+00:00,5,4,5,20868,11767,1199,1.4
ETHUSDT,2026-04-06 09:45:00+00:00,5,4,4,12473,7125,1024,1.0
BTCUSDT,2026-04-06 10:00:00+00:00,5,5,4,15258,9723,1048,1.175
ETHUSDT,2026-04-06 10:00:00+00:00,5,4,4,10725,6445,842,1.0
BTCUSDT,2026-04-06 10:15:00+00:00,5,4,5,14432,8707,958,1.4
ETHUSDT,2026-04-06 10:15:00+00:00,5,5,3,13007,8643,1010,1.0
BTCUSDT,2026-04-06 10:30:00+00:00,5,4,5,13395,7798,979,1.4
ETHUSDT,2026-04-06 10:30:00+00:00,5,4,4,10241,6127,791,1.0
BTCUSDT,2026-04-06 10:45:00+00:00,5,4,5,19147,10516,1096,1.4
ETHUSDT,2026-04-06 10:45:00+00:00,5,3,4,14854,7722,1279,1.4625
BTCUSDT,2026-04-06 11:00:00+00:00,5,5,4,14193,9037,976,1.175
ETHUSDT,2026-04-06 11:00:00+00:00,5,4,4,12725,7641,910,1.0
DOGEUSDT,2026-04-06 11:15:00+00:00,1,5,1,588,394,116,1.9625
ETHUSDT,2026-04-06 11:15:00+00:00,5,5,3,10884,7304,791,1.0
BTCUSDT,2026-04-06 11:30:00+00:00,5,4,4,12754,7569,932,1.4
ETHUSDT,2026-04-06 11:30:00+00:00,5,5,3,9015,6015,643,1.0
BTCUSDT,2026-04-06 11:45:00+00:00,5,4,3,9762,5649,740,1.4
ETHUSDT,2026-04-06 11:45:00+00:00,4,5,3,7429,4859,536,1.325
ETHUSDT,2026-04-06 12:00:00+00:00,5,5,3,8842,5723,733,1.0
BTCUSDT,2026-04-06 12:15:00+00:00,5,5,4,14896,9611,913,1.175
ETHUSDT,2026-04-06 12:15:00+00:00,5,4,3,8758,5121,751,1.0
DOGEUSDT,2026-04-06 12:30:00+00:00,2,5,1,917,585,183,4.8875
ETHUSDT,2026-04-06 12:30:00+00:00,5,5,4,10959,7070,916,1.0
BTCUSDT,2026-04-06 12:45:00+00:00,5,5,5,17387,11159,1047,1.175
ETHUSDT,2026-04-06 12:45:00+00:00,5,4,4,15074,8278,1197,1.0
BTCUSDT,2026-04-06 13:00:00+00:00,5,5,4,16158,12214,890,1.175
DOGEUSDT,2026-04-06 13:00:00+00:00,1,4,1,494,283,116,16.3375
ETHUSDT,2026-04-06 13:00:00+00:00,5,5,4,11771,7617,832,1.0
BTCUSDT,2026-04-06 13:15:00+00:00,5,4,4,12052,7287,880,1.4
ETHUSDT,2026-04-06 13:15:00+00:00,5,4,4,12189,6681,993,1.0
BTCUSDT,2026-04-06 13:30:00+00:00,5,3,5,37469,17419,2110,3.325
BTCUSDT,2026-04-06 13:45:00+00:00,5,4,5,30400,17470,1594,1.4
ETHUSDT,2026-04-06 13:45:00+00:00,5,4,4,26486,14359,2430,1.0
ADAUSDT,2026-04-06 14:00:00+00:00,1,5,1,696,479,129,81.6375
BTCUSDT,2026-04-06 14:00:00+00:00,5,3,5,37514,18105,2180,3.325
ETHUSDT,2026-04-06 14:00:00+00:00,5,3,5,37562,18043,3422,1.4625
ETHUSDT,2026-04-06 14:30:00+00:00,5,3,5,42295,19296,3677,1.4625
ETHUSDT,2026-04-06 14:45:00+00:00,5,3,4,24046,12678,1890,1.4625
BTCUSDT,2026-04-06 15:15:00+00:00,5,3,5,24267,11828,1452,3.325
ETHUSDT,2026-04-06 15:30:00+00:00,5,4,4,24361,14138,1865,1.0
BTCUSDT,2026-04-06 15:45:00+00:00,5,3,5,19694,9179,1450,3.325
ETHUSDT,2026-04-06 15:45:00+00:00,5,5,4,17894,11799,1432,1.0
BTCUSDT,2026-04-06 16:00:00+00:00,5,3,5,23964,12189,1660,3.325
ETHUSDT,2026-04-06 16:00:00+00:00,5,4,4,22430,13721,1601,1.0
BTCUSDT,2026-04-06 16:15:00+00:00,5,4,5,19062,10425,1224,1.4
ETHUSDT,2026-04-06 16:15:00+00:00,5,5,4,15353,10374,1085,1.0
BTCUSDT,2026-04-06 16:30:00+00:00,5,4,5,20211,10985,1361,1.4
ETHUSDT,2026-04-06 16:30:00+00:00,5,5,4,16848,10867,1285,1.0
ETHUSDT,2026-04-06 16:45:00+00:00,5,3,5,30187,14987,2733,1.4625
ETHUSDT,2026-04-06 17:15:00+00:00,5,4,5,26048,14342,1987,1.0
BTCUSDT,2026-04-06 17:30:00+00:00,5,4,5,21564,11927,1285,1.4
ETHUSDT,2026-04-06 17:30:00+00:00,5,5,4,18814,11741,1280,1.0
BTCUSDT,2026-04-06 17:45:00+00:00,5,4,4,13085,7246,963,1.4
ETHUSDT,2026-04-06 17:45:00+00:00,5,5,4,13183,8979,887,1.0
ETHUSDT,2026-04-06 18:00:00+00:00,5,3,4,21186,10579,1699,1.4625
ETHUSDT,2026-04-06 18:15:00+00:00,5,4,4,18349,11195,1296,1.0
BTCUSDT,2026-04-06 18:30:00+00:00,5,4,4,14750,8635,947,1.4
ETHUSDT,2026-04-06 18:30:00+00:00,5,5,3,13706,9696,891,1.0
XRPUSDT,2026-04-06 18:30:00+00:00,1,3,2,647,292,143,17.675
ETHUSDT,2026-04-06 18:45:00+00:00,5,5,3,10588,7419,670,1.0
SOLUSDT,2026-04-06 18:45:00+00:00,1,4,1,779,450,170,4.8125
ETHUSDT,2026-04-06 19:00:00+00:00,5,5,4,13154,8531,924,1.0
ETHUSDT,2026-04-06 19:15:00+00:00,5,5,3,9842,6671,655,1.0
SOLUSDT,2026-04-06 19:15:00+00:00,1,3,1,749,383,181,1.0
ETHUSDT,2026-04-06 19:30:00+00:00,5,5,3,9256,5989,604,1.0
BTCUSDT,2026-04-06 19:45:00+00:00,5,4,4,11953,6593,834,1.4
ETHUSDT,2026-04-06 19:45:00+00:00,5,4,4,12130,7416,793,1.0
ETHUSDT,2026-04-06 20:00:00+00:00,5,5,3,9766,6341,621,1.0
BTCUSDT,2026-04-06 20:15:00+00:00,5,4,4,12617,7024,764,1.4
ETHUSDT,2026-04-06 20:15:00+00:00,5,4,4,13531,8239,840,1.0
BTCUSDT,2026-04-06 20:30:00+00:00,5,5,4,9661,6391,572,1.175
DOGEUSDT,2026-04-06 20:30:00+00:00,1,4,1,309,174,64,16.3375
ETHUSDT,2026-04-06 20:30:00+00:00,4,5,2,6724,4676,453,1.325
BTCUSDT,2026-04-06 20:45:00+00:00,5,5,4,10274,7446,584,1.175
ETHUSDT,2026-04-06 20:45:00+00:00,4,5,2,6162,4247,426,1.325
SOLUSDT,2026-04-06 20:45:00+00:00,1,5,1,723,453,148,1.0
ETHUSDT,2026-04-06 21:00:00+00:00,4,4,3,6102,3681,480,1.0
ETHUSDT,2026-04-06 21:15:00+00:00,4,4,3,4173,2374,363,1.0
BTCUSDT,2026-04-06 22:00:00+00:00,5,5,4,19024,13270,850,1.175
ETHUSDT,2026-04-06 22:00:00+00:00,5,5,3,14603,9471,869,1.0
XRPUSDT,2026-04-06 22:00:00+00:00,1,3,1,743,379,181,17.675
DOGEUSDT,2026-04-06 22:15:00+00:00,2,5,2,1362,895,272,4.8875
ETHUSDT,2026-04-06 22:15:00+00:00,5,3,4,14227,6397,992,1.4625
BTCUSDT,2026-04-06 22:30:00+00:00,5,4,4,14541,8053,835,1.4
ETHUSDT,2026-04-06 22:30:00+00:00,5,3,3,7763,4052,661,1.4625
BTCUSDT,2026-04-06 22:45:00+00:00,5,3,5,22902,10731,1415,3.325
ETHUSDT,2026-04-06 22:45:00+00:00,5,4,5,25460,13810,1790,1.0
BTCUSDT,2026-04-06 23:15:00+00:00,5,3,5,20481,9507,1287,3.325
DOGEUSDT,2026-04-06 23:15:00+00:00,3,5,2,2119,1633,282,2.925
ETHUSDT,2026-04-06 23:15:00+00:00,5,3,5,20140,9608,1433,1.4625
BTCUSDT,2026-04-06 23:30:00+00:00,5,3,4,19967,9602,1119,3.325
ETHUSDT,2026-04-06 23:30:00+00:00,5,4,4,19154,10493,1296,1.0
DOGEUSDT,2026-04-06 23:45:00+00:00,2,5,2,1168,871,184,4.8875
ETHUSDT,2026-04-06 23:45:00+00:00,5,4,4,11579,6367,798,1.0
BTCUSDT,2026-04-07 00:00:00+00:00,5,3,5,25673,11735,1591,3.325
ETHUSDT,2026-04-07 00:00:00+00:00,5,3,4,22441,10159,1725,1.4625
DOGEUSDT,2026-04-07 00:15:00+00:00,2,5,2,1338,917,238,4.8875
ETHUSDT,2026-04-07 00:15:00+00:00,5,3,4,15402,7705,1194,1.4625
XRPUSDT,2026-04-07 00:30:00+00:00,1,3,1,742,335,169,17.675
BTCUSDT,2026-04-07 00:45:00+00:00,5,5,5,18560,11715,1085,1.175
ETHUSDT,2026-04-07 00:45:00+00:00,5,5,3,11604,7424,773,1.0
ETHUSDT,2026-04-07 01:15:00+00:00,5,4,4,17299,9524,1163,1.0
BTCUSDT,2026-04-07 01:30:00+00:00,5,4,4,17459,10025,994,1.4
ETHUSDT,2026-04-07 01:30:00+00:00,5,4,4,15215,8839,1063,1.0
BTCUSDT,2026-04-07 01:45:00+00:00,5,3,4,21483,11080,1230,3.325
ETHUSDT,2026-04-07 01:45:00+00:00,5,4,4,18354,11151,1291,1.0
BTCUSDT,2026-04-07 02:00:00+00:00,5,4,4,21717,12008,1310,1.4
DOGEUSDT,2026-04-07 02:00:00+00:00,2,5,1,1572,1190,209,4.8875
ETHUSDT,2026-04-07 02:00:00+00:00,5,4,4,19595,12022,1507,1.0
ETHUSDT,2026-04-07 02:15:00+00:00,5,4,3,11101,6699,754,1.0
BTCUSDT,2026-04-07 02:30:00+00:00,5,4,4,13742,8132,761,1.4
ETHUSDT,2026-04-07 02:30:00+00:00,5,4,3,10505,6284,711,1.0
ETHUSDT,2026-04-07 02:45:00+00:00,5,4,3,9576,5453,620,1.0
BTCUSDT,2026-04-07 03:00:00+00:00,5,5,4,12332,7777,652,1.175
ETHUSDT,2026-04-07 03:00:00+00:00,5,5,3,7830,4890,500,1.0
BTCUSDT,2026-04-07 03:15:00+00:00,5,3,5,11572,5958,718,3.325
ETHUSDT,2026-04-07 03:15:00+00:00,5,4,3,8072,4879,537,1.0
SOLUSDT,2026-04-07 03:15:00+00:00,2,5,2,1060,671,231,21.8625
BTCUSDT,2026-04-07 03:30:00+00:00,4,4,4,7197,3856,502,2.3625
ETHUSDT,2026-04-07 03:30:00+00:00,4,5,2,7286,5075,449,1.325
ETHUSDT,2026-04-07 03:45:00+00:00,4,5,2,6811,4701,408,1.325
BTCUSDT,2026-04-07 04:00:00+00:00,5,4,4,8384,4652,555,1.4
ETHUSDT,2026-04-07 04:15:00+00:00,5,5,2,8094,5078,593,1.0
SOLUSDT,2026-04-07 04:15:00+00:00,1,5,2,771,484,150,1.0
BTCUSDT,2026-04-07 04:30:00+00:00,5,5,4,14981,9725,742,1.175
ETHUSDT,2026-04-07 04:30:00+00:00,5,4,3,10828,6612,783,1.0
ETHUSDT,2026-04-07 04:45:00+00:00,5,5,4,10825,7329,691,1.0
DOGEUSDT,2026-04-07 05:00:00+00:00,1,5,1,652,442,120,1.9625
ETHUSDT,2026-04-07 05:00:00+00:00,5,5,3,7799,6001,373,1.0
BTCUSDT,2026-04-07 05:15:00+00:00,5,5,5,14115,9215,743,1.175
ETHUSDT,2026-04-07 05:15:00+00:00,5,5,3,9071,5774,536,1.0
DOGEUSDT,2026-04-07 05:30:00+00:00,1,5,2,683,482,104,1.9625
SOLUSDT,2026-04-07 06:00:00+00:00,2,5,2,1068,693,232,21.8625
SOLUSDT,2026-04-07 06:45:00+00:00,1,5,2,719,450,146,1.0
DOGEUSDT,2026-04-07 07:30:00+00:00,1,5,1,657,409,139,1.9625
XRPUSDT,2026-04-07 07:30:00+00:00,1,3,1,565,301,121,17.675
ADAUSDT,2026-04-07 07:45:00+00:00,1,5,1,216,161,32,81.6375
ADAUSDT,2026-04-07 09:00:00+00:00,1,5,1,329,221,58,81.6375
DOGEUSDT,2026-04-07 10:00:00+00:00,2,4,2,1129,608,266,20.825
BTCUSDT,2026-04-07 10:45:00+00:00,5,1,5,16689,2478,965,173.075
BTCUSDT,2026-04-07 11:45:00+00:00,4,1,4,5193,1168,460,46.3875
XRPUSDT,2026-04-07 11:45:00+00:00,2,4,1,874,524,179,31.5375
XRPUSDT,2026-04-07 13:15:00+00:00,1,3,2,777,403,178,17.675
XRPUSDT,2026-04-07 14:30:00+00:00,2,3,2,1411,733,328,75.6375
DOGEUSDT,2026-04-07 16:00:00+00:00,1,3,1,594,308,151,47.5125
ETHUSDT,2026-04-07 16:30:00+00:00,4,1,4,7108,1583,560,106.55
DOGEUSDT,2026-04-07 18:45:00+00:00,2,4,3,1713,1037,316,20.825
BTCUSDT,2026-04-07 19:00:00+00:00,5,1,4,9158,1356,540,173.075
DOGEUSDT,2026-04-07 20:45:00+00:00,1,5,1,557,353,110,1.9625
DOGEUSDT,2026-04-07 22:00:00+00:00,3,5,4,3438,2202,635,2.925
DOGEUSDT,2026-04-07 22:30:00+00:00,4,4,4,7346,4082,1512,3.7875
DOGEUSDT,2026-04-07 23:00:00+00:00,4,5,4,7147,4611,1337,1.6
DOGEUSDT,2026-04-07 23:30:00+00:00,5,5,4,9164,7597,887,1.0
SOLUSDT,2026-04-07 23:30:00+00:00,5,5,5,15007,11703,1916,8.275
DOGEUSDT,2026-04-07 23:45:00+00:00,4,5,3,5228,4039,679,1.6
