term,coefficient,std_error,t_stat,p_value,ci_lower,ci_upper,model,dataset_id,provider,sample,universe_type,weighting_class,frequency,benchmark
const,0.02320961591132141,0.0006209375312843307,37.37834281544435,8.786226721828901e-306,0.021992600713354907,0.024426631109287913,standard_csad,cmc_fixed62_historical_current,coinmarketcap,historical,fixed_survivor_62,contemporaneous_size,daily,baseline
abs_market_return,0.2383263155087386,0.02290456012145415,10.405190680152119,2.347855717262046e-25,0.1934342025889561,0.2832184284285211,standard_csad,cmc_fixed62_historical_current,coinmarketcap,historical,fixed_survivor_62,contemporaneous_size,daily,baseline
market_return_sq,-0.05785246155946755,0.1431675252371402,-0.4040892755786743,0.686147070949662,-0.33845565477999157,0.22275073166105647,standard_csad,cmc_fixed62_historical_current,coinmarketcap,historical,fixed_survivor_62,contemporaneous_size,daily,baseline
market_return,0.004090370863019226,0.01409492141813146,0.290201750096843,0.7716618974150176,-0.02353516748144066,0.03171590920747911,no_intercept_csad,cmc_fixed62_historical_current,coinmarketcap,historical,fixed_survivor_62,contemporaneous_size,daily,baseline
abs_market_return,0.8349687892902132,0.0463278782414148,18.023031077296196,1.2850595974839262e-72,0.7441678164568835,0.925769762123543,no_intercept_csad,cmc_fixed62_historical_current,coinmarketcap,historical,fixed_survivor_62,contemporaneous_size,daily,baseline
market_return_sq,-1.837304396955908,0.5165947154192299,-3.556568315773204,0.0003757308062103293,-2.849811433781317,-0.824797360130499,no_intercept_csad,cmc_fixed62_historical_current,coinmarketcap,historical,fixed_survivor_62,contemporaneous_size,daily,baseline
const,0.0013933639657343585,0.0005376935490984994,2.5913719219255684,0.009559411731780446,0.00033950397478178036,0.0024472239566869364,scsad,cmc_fixed62_historical_current,coinmarketcap,historical,fixed_survivor_62,contemporaneous_size,daily,baseline
market_return,0.6926154767853151,0.020466205687593022,33.841909309315255,4.7735149916325394e-251,0.652502450737444,0.7327285028331862,scsad,cmc_fixed62_historical_current,coinmarketcap,historical,fixed_survivor_62,contemporaneous_size,daily,baseline
market_return_sq,-0.16559230795423746,0.23774458231004156,-0.6965134866387379,0.4861073141933199,-0.6315631268014373,0.3003785108929624,scsad,cmc_fixed62_historical_current,coinmarketcap,historical,fixed_survivor_62,contemporaneous_size,daily,baseline
market_return_cu,-2.9023483800056917,0.6280612738704286,-4.621122971203056,3.816684486812547e-06,-4.133325856876079,-1.6713709031353043,scsad,cmc_fixed62_historical_current,coinmarketcap,historical,fixed_survivor_62,contemporaneous_size,daily,baseline
const,0.02320965168220245,0.000621324817502018,37.355101596480274,2.0952429611420272e-305,0.02199187741719757,0.024427425947207326,intercept_restored,cmc_fixed62_historical_current,coinmarketcap,historical,fixed_survivor_62,contemporaneous_size,daily,baseline
market_return,0.004157267269976809,0.01195803934158828,0.3476545904576892,0.7280996032742555,-0.01928005916524928,0.027594593705202897,intercept_restored,cmc_fixed62_historical_current,coinmarketcap,historical,fixed_survivor_62,contemporaneous_size,daily,baseline
abs_market_return,0.23753204619333246,0.022768672877273476,10.432406292350258,1.7636444109534637e-25,0.1929062673781025,0.28215782500856246,intercept_restored,cmc_fixed62_historical_current,coinmarketcap,historical,fixed_survivor_62,contemporaneous_size,daily,baseline
market_return_sq,-0.04607154160434888,0.1440217664975955,-0.319892907334379,0.7490495147230684,-0.32834901692947344,0.23620593372077567,intercept_restored,cmc_fixed62_historical_current,coinmarketcap,historical,fixed_survivor_62,contemporaneous_size,daily,baseline
const,0.023369017058104076,0.0006264768708479645,37.302282247823555,1.5070808616162282e-304,0.022141144954094714,0.024596889162113438,standard_csad,cmc_fixed62_historical_current,coinmarketcap,historical,fixed_survivor_62,contemporaneous_size,daily,leave_one_out
abs_market_return,0.24324618465376854,0.023109509923047576,10.525804548160247,6.569776513952522e-26,0.1979523775042243,0.2885399918033128,standard_csad,cmc_fixed62_historical_current,coinmarketcap,historical,fixed_survivor_62,contemporaneous_size,daily,leave_one_out
market_return_sq,-0.06459850663657765,0.14487964445104803,-0.4458770373253105,0.6556860701068411,-0.34855739185360013,0.2193603785804448,standard_csad,cmc_fixed62_historical_current,coinmarketcap,historical,fixed_survivor_62,contemporaneous_size,daily,leave_one_out
market_return,0.005153995751597493,0.014240825865451124,0.3619169141096877,0.7174141199217835,-0.022757510054793154,0.03306550155798814,no_intercept_csad,cmc_fixed62_historical_current,coinmarketcap,historical,fixed_survivor_62,contemporaneous_size,daily,leave_one_out
abs_market_return,0.8434362739638204,0.04657858036424644,18.107814093261613,2.765120983290243e-73,0.7521439339988928,0.934728613928748,no_intercept_csad,cmc_fixed62_historical_current,coinmarketcap,historical,fixed_survivor_62,contemporaneous_size,daily,leave_one_out
market_return_sq,-1.8510263493452768,0.5186009799379585,-3.5692689002761226,0.0003579788443812626,-2.8674655923708547,-0.834587106319699,no_intercept_csad,cmc_fixed62_historical_current,coinmarketcap,historical,fixed_survivor_62,contemporaneous_size,daily,leave_one_out
const,0.00151472703916002,0.000544164734612593,2.783581777379233,0.00537623076255616,0.0004481837576625412,0.002581270320657499,scsad,cmc_fixed62_historical_current,coinmarketcap,historical,fixed_survivor_62,contemporaneous_size,daily,leave_one_out
market_return,0.699885500263428,0.02063884538271529,33.91107822579897,4.574188926989269e-252,0.6594341066308153,0.7403368938960407,scsad,cmc_fixed62_historical_current,coinmarketcap,historical,fixed_survivor_62,contemporaneous_size,daily,leave_one_out
market_return_sq,-0.17307485955543275,0.24005986662279763,-0.7209654074638916,0.4709307983767521,-0.6435835522696052,0.2974338331587396,scsad,cmc_fixed62_historical_current,coinmarketcap,historical,fixed_survivor_62,contemporaneous_size,daily,leave_one_out
market_return_cu,-2.941159549005887,0.632015411373515,-4.653619984699534,3.261576674449822e-06,-4.179886992972243,-1.702432105039531,scsad,cmc_fixed62_historical_current,coinmarketcap,historical,fixed_survivor_62,contemporaneous_size,daily,leave_one_out
const,0.023368903463067428,0.0006268725842534591,37.27855396786477,3.6533605940019e-304,0.022140255775035096,0.02459755115109976,intercept_restored,cmc_fixed62_historical_current,coinmarketcap,historical,fixed_survivor_62,contemporaneous_size,daily,leave_one_out
market_return,0.004975626167404134,0.012078865612930135,0.4119282660184452,0.6803920021878265,-0.018698515408038255,0.028649767742846527,intercept_restored,cmc_fixed62_historical_current,coinmarketcap,historical,fixed_survivor_62,contemporaneous_size,daily,leave_one_out
abs_market_return,0.2423019780477379,0.022982885206896505,10.542713670041307,5.48917128933476e-26,0.19725635078140236,0.28734760531407344,intercept_restored,cmc_fixed62_historical_current,coinmarketcap,historical,fixed_survivor_62,contemporaneous_size,daily,leave_one_out
market_return_sq,-0.05050605452914618,0.14596856672847427,-0.3460063742565604,0.7293379243226639,-0.3365991881918874,0.235587079133595,intercept_restored,cmc_fixed62_historical_current,coinmarketcap,historical,fixed_survivor_62,contemporaneous_size,daily,leave_one_out
const,0.05788134604546903,0.0035796676933537094,16.16947465624702,8.280138753100919e-59,0.05086532628987419,0.06489736580106387,standard_csad,cmc_fixed62_historical_current,coinmarketcap,historical,fixed_survivor_62,contemporaneous_size,weekly,baseline
abs_market_return,0.29845561617437977,0.06496802621559149,4.593884616164532,4.35070003023272e-06,0.1711206246451664,0.4257906077035931,standard_csad,cmc_fixed62_historical_current,coinmarketcap,historical,fixed_survivor_62,contemporaneous_size,weekly,baseline
market_return_sq,-0.1256741180913693,0.26102214644629596,-0.48146917724173316,0.6301830810793702,-0.637268124293449,0.38591988811071043,standard_csad,cmc_fixed62_historical_current,coinmarketcap,historical,fixed_survivor_62,contemporaneous_size,weekly,baseline
market_return,0.042342848310418235,0.030809942612770914,1.3743241538160755,0.16934107096941386,-0.01804352957635865,0.10272922619719513,no_intercept_csad,cmc_fixed62_historical_current,coinmarketcap,historical,fixed_survivor_62,contemporaneous_size,weekly,baseline
abs_market_return,1.1090405906591552,0.062241473470674866,17.818353724895037,5.091290010246611e-71,0.9870495443119272,1.2310316370063832,no_intercept_csad,cmc_fixed62_historical_current,coinmarketcap,historical,fixed_survivor_62,contemporaneous_size,weekly,baseline
market_return_sq,-2.0786670231176823,0.3525935565781908,-5.895363044323583,3.738584837083297e-09,-2.769737695191822,-1.3875963510435425,no_intercept_csad,cmc_fixed62_historical_current,coinmarketcap,historical,fixed_survivor_62,contemporaneous_size,weekly,baseline
const,0.0044277689186844275,0.0034313222296738955,1.2903972936127401,0.1969127513175668,-0.0022974990708280836,0.01115303690819694,scsad,cmc_fixed62_historical_current,coinmarketcap,historical,fixed_survivor_62,contemporaneous_size,weekly,baseline
market_return,0.860487770779867,0.03705594133375601,23.22131727891117,2.773555156509107e-119,0.7878594603524761,0.933116081207258,scsad,cmc_fixed62_historical_current,coinmarketcap,historical,fixed_survivor_62,contemporaneous_size,weekly,baseline
market_return_sq,0.09366816631008096,0.2709241234697441,0.34573579166914425,0.7295412832651589,-0.4373333582337003,0.6246696908538623,scsad,cmc_fixed62_historical_current,coinmarketcap,historical,fixed_survivor_62,contemporaneous_size,weekly,baseline
market_return_cu,-3.3226647594620404,0.9152277251517724,-3.630424066219194,0.00028295594228256864,-5.116478138412038,-1.5288513805120432,scsad,cmc_fixed62_historical_current,coinmarketcap,historical,fixed_survivor_62,contemporaneous_size,weekly,baseline
const,0.058719157384789764,0.003532024779069335,16.62478636411545,4.610069109129879e-62,0.051796516025310824,0.0656417987442687,intercept_restored,cmc_fixed62_historical_current,coinmarketcap,historical,fixed_survivor_62,contemporaneous_size,weekly,baseline
market_return,0.06763039988944597,0.028439401336308637,2.37805286720653,0.017404330424249045,0.011890197528400759,0.12337060225049118,intercept_restored,cmc_fixed62_historical_current,coinmarketcap,historical,fixed_survivor_62,contemporaneous_size,weekly,baseline
abs_market_return,0.24454077712827937,0.05926681396082209,4.126099595802996,3.6896752945045716e-05,0.1283799562866324,0.36070159796992635,intercept_restored,cmc_fixed62_historical_current,coinmarketcap,historical,fixed_survivor_62,contemporaneous_size,weekly,baseline
market_return_sq,0.13902235360875914,0.2786187830369945,0.49896978263055586,0.6178006718171978,-0.4070604265601294,0.6851051337776477,intercept_restored,cmc_fixed62_historical_current,coinmarketcap,historical,fixed_survivor_62,contemporaneous_size,weekly,baseline
const,0.058392343620788684,0.0036055965805917574,16.194918736916826,5.47700294258481e-59,0.05132550418004807,0.0654591830615293,standard_csad,cmc_fixed62_historical_current,coinmarketcap,historical,fixed_survivor_62,contemporaneous_size,weekly,leave_one_out
abs_market_return,0.30283099602745,0.06577842656152987,4.603804193220988,4.148425230029323e-06,0.1739076490071386,0.4317543430477614,standard_csad,cmc_fixed62_historical_current,coinmarketcap,historical,fixed_survivor_62,contemporaneous_size,weekly,leave_one_out
market_return_sq,-0.12785439804830867,0.26563438573828074,-0.48131719729342065,0.630291076361198,-0.6484882271507592,0.3927794310541418,standard_csad,cmc_fixed62_historical_current,coinmarketcap,historical,fixed_survivor_62,contemporaneous_size,weekly,leave_one_out
market_return,0.04358500845984561,0.03085369722983979,1.4126348662581962,0.15776311181734093,-0.016887126900543614,0.10405714382023483,no_intercept_csad,cmc_fixed62_historical_current,coinmarketcap,historical,fixed_survivor_62,contemporaneous_size,weekly,leave_one_out
abs_market_return,1.119036311182163,0.06296911017906111,17.77119460637181,1.1814774097948468e-70,0.9956191230926688,1.2424534992716574,no_intercept_csad,cmc_fixed62_historical_current,coinmarketcap,historical,fixed_survivor_62,contemporaneous_size,weekly,leave_one_out
market_return_sq,-2.089631287299285,0.3571718452020571,-5.850492740034286,4.901188575088623e-09,-2.7896752401870324,-1.3895873344115377,no_intercept_csad,cmc_fixed62_historical_current,coinmarketcap,historical,fixed_survivor_62,contemporaneous_size,weekly,leave_one_out
const,0.004522092976720905,0.003465644916335756,1.3048344783983632,0.19194921602673742,-0.0022704462425015056,0.011314632195943315,scsad,cmc_fixed62_historical_current,coinmarketcap,historical,fixed_survivor_62,contemporaneous_size,weekly,leave_one_out
market_return,0.8687545936675388,0.037384679318880364,23.238251858664256,1.8701468966694354e-119,0.7954819686289539,0.9420272187061237,scsad,cmc_fixed62_historical_current,coinmarketcap,historical,fixed_survivor_62,contemporaneous_size,weekly,leave_one_out
market_return_sq,0.09619006986094825,0.2716449121163516,0.35410223262251966,0.723262268963628,-0.4362241744706491,0.6286043141925456,scsad,cmc_fixed62_historical_current,coinmarketcap,historical,fixed_survivor_62,contemporaneous_size,weekly,leave_one_out
market_return_cu,-3.3335684195319883,0.9215008420159048,-3.6175424563252347,0.000297413556035432,-5.139676881606496,-1.5274599574574808,scsad,cmc_fixed62_historical_current,coinmarketcap,historical,fixed_survivor_62,contemporaneous_size,weekly,leave_one_out
const,0.05923860994461609,0.0035612570773034713,16.634185249403743,3.940797209006936e-62,0.05225867433341291,0.06621854555581927,intercept_restored,cmc_fixed62_historical_current,coinmarketcap,historical,fixed_survivor_62,contemporaneous_size,weekly,leave_one_out
market_return,0.06885583856442945,0.028445177209949924,2.4206507154521844,0.015492755493573082,0.013104315699068059,0.12460736142979084,intercept_restored,cmc_fixed62_historical_current,coinmarketcap,historical,fixed_survivor_62,contemporaneous_size,weekly,leave_one_out
abs_market_return,0.2481400214687234,0.060131826882082545,4.126600410051097,3.681652938879671e-05,0.13028380645524418,0.36599623648220264,intercept_restored,cmc_fixed62_historical_current,coinmarketcap,historical,fixed_survivor_62,contemporaneous_size,weekly,leave_one_out
market_return_sq,0.14074812956612592,0.28237472546140635,0.4984445025529125,0.6181707764782134,-0.41269616248261587,0.6941924216148677,intercept_restored,cmc_fixed62_historical_current,coinmarketcap,historical,fixed_survivor_62,contemporaneous_size,weekly,leave_one_out
const,0.023336709275861837,0.0006236610668963363,37.4188970813867,1.925968459664285e-306,0.022114356046185193,0.024559062505538482,standard_csad,cmc_fixed62_historical_lagged,coinmarketcap,historical,fixed_survivor_62,lagged_size,daily,baseline
abs_market_return,0.23132140012871844,0.021645091446479987,10.687014222170767,1.1707954861681235e-26,0.18889780045154167,0.2737449998058952,standard_csad,cmc_fixed62_historical_lagged,coinmarketcap,historical,fixed_survivor_62,lagged_size,daily,baseline
market_return_sq,-0.05269114788755835,0.1366217369849979,-0.38567177559266597,0.6997397684742879,-0.32046483188345815,0.21508253610834144,standard_csad,cmc_fixed62_historical_lagged,coinmarketcap,historical,fixed_survivor_62,lagged_size,daily,baseline
market_return,0.006347186551130759,0.013699679484869965,0.4633091276435075,0.6431428041318261,-0.02050369183895661,0.03319806494121813,no_intercept_csad,cmc_fixed62_historical_lagged,coinmarketcap,historical,fixed_survivor_62,lagged_size,daily,baseline
abs_market_return,0.8312898325116697,0.046178982574922596,18.001475696502244,1.8969655264676402e-72,0.7407806898221186,0.9217989752012207,no_intercept_csad,cmc_fixed62_historical_lagged,coinmarketcap,historical,fixed_survivor_62,lagged_size,daily,baseline
market_return_sq,-1.8259322296175795,0.5131638874797384,-3.5581853559203815,0.00037342576713548636,-2.8317149672444315,-0.8201494919907275,no_intercept_csad,cmc_fixed62_historical_lagged,coinmarketcap,historical,fixed_survivor_62,lagged_size,daily,baseline
const,0.001123452423629327,0.0005444382639750438,2.06350746809527,0.039064438997831484,5.637303443273029e-05,0.0021905318128259237,scsad,cmc_fixed62_historical_lagged,coinmarketcap,historical,fixed_survivor_62,lagged_size,daily,baseline
market_return,0.6886113196860533,0.020210546998096053,34.071879388070215,1.925157531423356e-254,0.6489993754619309,0.7282232639101757,scsad,cmc_fixed62_historical_lagged,coinmarketcap,historical,fixed_survivor_62,lagged_size,daily,baseline
market_return_sq,-0.06451763311778327,0.2395423862010032,-0.26933702273319454,0.787670344418966,-0.534012082842534,0.4049768166069675,scsad,cmc_fixed62_historical_lagged,coinmarketcap,historical,fixed_survivor_62,lagged_size,daily,baseline
market_return_cu,-2.6768405175550516,0.6358601653657404,-4.209794327995621,2.5560326372067416e-05,-3.923103540875586,-1.4305774942345173,scsad,cmc_fixed62_historical_lagged,coinmarketcap,historical,fixed_survivor_62,lagged_size,daily,baseline
const,0.023335438247322097,0.0006231442061976239,37.4478941073898,6.4998776686370384e-307,0.022114098045999953,0.02455677844864424,intercept_restored,cmc_fixed62_historical_lagged,coinmarketcap,historical,fixed_survivor_62,lagged_size,daily,baseline
market_return,0.0031610147777544487,0.01114811995382612,0.2835468931844032,0.7767576403196359,-0.01868889882707708,0.025010928382585975,intercept_restored,cmc_fixed62_historical_lagged,coinmarketcap,historical,fixed_survivor_62,lagged_size,daily,baseline
abs_market_return,0.23082574687926496,0.021664241140245816,10.654688774233515,1.657982973703584e-26,0.1883646144919922,0.2732868792665377,intercept_restored,cmc_fixed62_historical_lagged,coinmarketcap,historical,fixed_survivor_62,lagged_size,daily,baseline
market_return_sq,-0.0438512170524949,0.138977640475853,-0.3155271373319504,0.7523614499581481,-0.31624238704152285,0.22853995293653306,intercept_restored,cmc_fixed62_historical_lagged,coinmarketcap,historical,fixed_survivor_62,lagged_size,daily,baseline
const,0.02349641460407957,0.0006291231680740155,37.347876848997636,2.744826167362338e-305,0.022263355852814762,0.02472947335534438,standard_csad,cmc_fixed62_historical_lagged,coinmarketcap,historical,fixed_survivor_62,lagged_size,daily,leave_one_out
abs_market_return,0.23610360198111785,0.021843258880396,10.808991610359813,3.120816667431332e-27,0.193291601270557,0.2789156026916787,standard_csad,cmc_fixed62_historical_lagged,coinmarketcap,historical,fixed_survivor_62,lagged_size,daily,leave_one_out
market_return_sq,-0.058898216607622705,0.13824804720810963,-0.4260329009852932,0.6700838720974183,-0.3298594100685107,0.21206297685326533,standard_csad,cmc_fixed62_historical_lagged,coinmarketcap,historical,fixed_survivor_62,lagged_size,daily,leave_one_out
market_return,0.007328809976969232,0.013841001615617896,0.5294999726536811,0.5964586633993672,-0.019799054699602546,0.034456674653541006,no_intercept_csad,cmc_fixed62_historical_lagged,coinmarketcap,historical,fixed_survivor_62,lagged_size,daily,leave_one_out
abs_market_return,0.8396560016900738,0.046418280347275624,18.0889079778104,3.897332874016719e-73,0.7486778439851302,0.9306341593950175,no_intercept_csad,cmc_fixed62_historical_lagged,coinmarketcap,historical,fixed_survivor_62,lagged_size,daily,leave_one_out
market_return_sq,-1.8390756186645119,0.5150161643863633,-3.5709085380956,0.0003557451120305369,-2.848488752317744,-0.8296624850112797,no_intercept_csad,cmc_fixed62_historical_lagged,coinmarketcap,historical,fixed_survivor_62,lagged_size,daily,leave_one_out
const,0.001240354558307647,0.0005483861654592557,2.261826859306143,0.023708102690007917,0.00016553742438748294,0.002315171692227811,scsad,cmc_fixed62_historical_lagged,coinmarketcap,historical,fixed_survivor_62,lagged_size,daily,leave_one_out
market_return,0.6958227030524311,0.020381629588640926,34.13969918481035,1.9013422532770585e-255,0.6558754431124589,0.7357699629924033,scsad,cmc_fixed62_historical_lagged,coinmarketcap,historical,fixed_survivor_62,lagged_size,daily,leave_one_out
market_return_sq,-0.0720535849525541,0.24190075575688058,-0.2978642407590106,0.7658067815034492,-0.5461703540690601,0.402063184163952,scsad,cmc_fixed62_historical_lagged,coinmarketcap,historical,fixed_survivor_62,lagged_size,daily,leave_one_out
market_return_cu,-2.7145733102233005,0.6398374865491884,-4.242598108566141,2.2094689950203265e-05,-3.968631739818341,-1.46051488062826,scsad,cmc_fixed62_historical_lagged,coinmarketcap,historical,fixed_survivor_62,lagged_size,daily,leave_one_out
const,0.02349473294303256,0.0006285778027683294,37.377605189936766,9.032019657235841e-306,0.02226274308812531,0.024726722797939808,intercept_restored,cmc_fixed62_historical_lagged,coinmarketcap,historical,fixed_survivor_62,lagged_size,daily,leave_one_out
market_return,0.003853224078592047,0.011261162053443265,0.3421693125723084,0.7322234779261358,-0.018218247970225872,0.02592469612740997,intercept_restored,cmc_fixed62_historical_lagged,coinmarketcap,historical,fixed_survivor_62,lagged_size,daily,leave_one_out
abs_market_return,0.23550517813180993,0.021875127783788924,10.765888110895359,4.987830015475076e-27,0.19263071551837216,0.27837964074524774,intercept_restored,cmc_fixed62_historical_lagged,coinmarketcap,historical,fixed_survivor_62,lagged_size,daily,leave_one_out
market_return_sq,-0.04813181485200835,0.14085444771863223,-0.3417131345980314,0.7325667865317029,-0.3242014594428075,0.2279378297387908,intercept_restored,cmc_fixed62_historical_lagged,coinmarketcap,historical,fixed_survivor_62,lagged_size,daily,leave_one_out
const,0.05761248281552726,0.0035797351850440215,16.09406278325551,2.8079116499207883e-58,0.05059633077865015,0.06462863485240437,standard_csad,cmc_fixed62_historical_lagged,coinmarketcap,historical,fixed_survivor_62,lagged_size,weekly,baseline
abs_market_return,0.31421438441884747,0.06482736602065059,4.846940477556273,1.2538002480477727e-06,0.18715508180577664,0.44127368703191827,standard_csad,cmc_fixed62_historical_lagged,coinmarketcap,historical,fixed_survivor_62,lagged_size,weekly,baseline
market_return_sq,-0.23035850339433928,0.21059620393227055,-1.0938397705802163,0.2740252580484266,-0.6431194783824421,0.1824024715937635,standard_csad,cmc_fixed62_historical_lagged,coinmarketcap,historical,fixed_survivor_62,lagged_size,weekly,baseline
market_return,0.049002886956446536,0.031297170411241415,1.5657289880380216,0.11741207690262996,-0.01233843986759927,0.11034421378049233,no_intercept_csad,cmc_fixed62_historical_lagged,coinmarketcap,historical,fixed_survivor_62,lagged_size,weekly,baseline
abs_market_return,1.104599476195442,0.06463557558180383,17.089651732078153,1.7722913176736755e-65,0.97791607593509,1.2312828764557942,no_intercept_csad,cmc_fixed62_historical_lagged,coinmarketcap,historical,fixed_survivor_62,lagged_size,weekly,baseline
market_return_sq,-2.0509908721656727,0.3565801148381944,-5.751837488459928,8.827863968679532e-09,-2.74987505485169,-1.3521066894796552,no_intercept_csad,cmc_fixed62_historical_lagged,coinmarketcap,historical,fixed_survivor_62,lagged_size,weekly,baseline
const,0.004476961162758193,0.003421552280674999,1.3084590839205252,0.1907176437952639,-0.0022291580785856876,0.011183080404102073,scsad,cmc_fixed62_historical_lagged,coinmarketcap,historical,fixed_survivor_62,lagged_size,weekly,baseline
market_return,0.8521370180007569,0.037871632400150436,22.500667755672765,4.0886049286654374e-112,0.7779099824607218,0.926364053540792,scsad,cmc_fixed62_historical_lagged,coinmarketcap,historical,fixed_survivor_62,lagged_size,weekly,baseline
market_return_sq,0.14700580686153386,0.280786697574875,0.5235497554948559,0.6005917359156114,-0.4033260077231613,0.697337621446229,scsad,cmc_fixed62_historical_lagged,coinmarketcap,historical,fixed_survivor_62,lagged_size,weekly,baseline
market_return_cu,-3.0660386864805256,0.9328107974858442,-3.2868816428200214,0.0010130340144583077,-4.894314253942866,-1.237763119018185,scsad,cmc_fixed62_historical_lagged,coinmarketcap,historical,fixed_survivor_62,lagged_size,weekly,baseline
const,0.05835899930295137,0.003485315773008224,16.744250192452697,6.237140763491986e-63,0.05152790591310587,0.06519009269279687,intercept_restored,cmc_fixed62_historical_lagged,coinmarketcap,historical,fixed_survivor_62,lagged_size,weekly,baseline
market_return,0.07211904356007645,0.029780292000761387,2.421703707882804,0.015447940146446532,0.013750743789497866,0.13048734333065504,intercept_restored,cmc_fixed62_historical_lagged,coinmarketcap,historical,fixed_survivor_62,lagged_size,weekly,baseline
abs_market_return,0.26032883700546766,0.05485253969935018,4.745976000971778,2.075033158770662e-06,0.15281983473418778,0.3678378392767475,intercept_restored,cmc_fixed62_historical_lagged,coinmarketcap,historical,fixed_survivor_62,lagged_size,weekly,baseline
market_return_sq,0.06070497656259666,0.2272300374642153,0.26715207742795277,0.7893520721726096,-0.38465771307295255,0.5060676661981458,intercept_restored,cmc_fixed62_historical_lagged,coinmarketcap,historical,fixed_survivor_62,lagged_size,weekly,baseline
const,0.05815833931699568,0.0036176095068827224,16.07645579390089,3.731238861499594e-58,0.051067954973375844,0.06524872366061553,standard_csad,cmc_fixed62_historical_lagged,coinmarketcap,historical,fixed_survivor_62,lagged_size,weekly,leave_one_out
abs_market_return,0.31746615246779636,0.06557626961314378,4.841174320232529,1.2907408093139643e-06,0.18893902578554622,0.4459932791500465,standard_csad,cmc_fixed62_historical_lagged,coinmarketcap,historical,fixed_survivor_62,lagged_size,weekly,leave_one_out
market_return_sq,-0.22966312498272123,0.21504601785643435,-1.0679719962824206,0.2855331439929245,-0.6511455750000898,0.19181932503464744,standard_csad,cmc_fixed62_historical_lagged,coinmarketcap,historical,fixed_survivor_62,lagged_size,weekly,leave_one_out
market_return,0.04998073541398823,0.031323914666189716,1.5956094870842004,0.11057600807601299,-0.011413009186549604,0.11137448001452607,no_intercept_csad,cmc_fixed62_historical_lagged,coinmarketcap,historical,fixed_survivor_62,lagged_size,weekly,leave_one_out
abs_market_return,1.114099368134714,0.06529848492165445,17.061641927395677,2.863910633341767e-65,0.9861166894432395,1.2420820468261886,no_intercept_csad,cmc_fixed62_historical_lagged,coinmarketcap,historical,fixed_survivor_62,lagged_size,weekly,leave_one_out
market_return_sq,-2.0607341178652336,0.36118531004218785,-5.70547599963169,1.16018405125441e-08,-2.7686443172928548,-1.3528239184376125,no_intercept_csad,cmc_fixed62_historical_lagged,coinmarketcap,historical,fixed_survivor_62,lagged_size,weekly,leave_one_out
const,0.004574343642557193,0.0034571077341975266,1.3231706947712472,0.18577861917216698,-0.0022014630071448297,0.011350150292259217,scsad,cmc_fixed62_historical_lagged,coinmarketcap,historical,fixed_survivor_62,lagged_size,weekly,leave_one_out
market_return,0.8600831609230228,0.038170783454591746,22.532499547623495,1.993820067280638e-112,0.7852698000903456,0.9348965217557,scsad,cmc_fixed62_historical_lagged,coinmarketcap,historical,fixed_survivor_62,lagged_size,weekly,leave_one_out
market_return_sq,0.14836835030504464,0.2816118546537414,0.5268540647462174,0.5982949350078131,-0.40358074243581693,0.7003174430459063,scsad,cmc_fixed62_historical_lagged,coinmarketcap,historical,fixed_survivor_62,lagged_size,weekly,leave_one_out
market_return_cu,-3.076670269803321,0.9404998948664121,-3.271313783868449,0.0010704906193108835,-4.920016191205196,-1.2333243484014462,scsad,cmc_fixed62_historical_lagged,coinmarketcap,historical,fixed_survivor_62,lagged_size,weekly,leave_one_out
const,0.05890680399451212,0.0035268610547837063,16.702331926179248,1.2604100557841964e-62,0.05199428334865911,0.06581932464036513,intercept_restored,cmc_fixed62_historical_lagged,coinmarketcap,historical,fixed_survivor_62,lagged_size,weekly,leave_one_out
market_return,0.07305792361278272,0.029777617493559345,2.4534509394038846,0.014149283891586716,0.014694865779996534,0.1314209814455689,intercept_restored,cmc_fixed62_historical_lagged,coinmarketcap,historical,fixed_survivor_62,lagged_size,weekly,leave_one_out
abs_market_return,0.2631014681273922,0.05572524146005038,4.721405618601232,2.3422031261113627e-06,0.15388200183589523,0.3723209344188892,intercept_restored,cmc_fixed62_historical_lagged,coinmarketcap,historical,fixed_survivor_62,lagged_size,weekly,leave_one_out
market_return_sq,0.06431524048963333,0.23089355957087068,0.2785493047496301,0.7805907222262277,-0.3882278205315267,0.5168583015107934,intercept_restored,cmc_fixed62_historical_lagged,coinmarketcap,historical,fixed_survivor_62,lagged_size,weekly,leave_one_out
const,0.024425757143881767,0.0009589135747073196,25.472323875837315,3.995254505314886e-143,0.02254632107316886,0.026305193214594673,standard_csad,cmc_fixed62_holdout_current,coinmarketcap,temporal_holdout,fixed_survivor_62,contemporaneous_size,daily,baseline
abs_market_return,0.24096366823048845,0.06571659575382831,3.6667095345767535,0.0002456916067680259,0.11216150736640712,0.3697658290945698,standard_csad,cmc_fixed62_holdout_current,coinmarketcap,temporal_holdout,fixed_survivor_62,contemporaneous_size,daily,baseline
market_return_sq,-0.2922486001878842,0.8904996301511998,-0.32818497649264905,0.7427718063809544,-2.037595803530474,1.453098603154706,standard_csad,cmc_fixed62_holdout_current,coinmarketcap,temporal_holdout,fixed_survivor_62,contemporaneous_size,daily,baseline
market_return,-0.0697965822832979,0.028789982831016046,-2.4243356688669015,0.015336422558617661,-0.12622391174761585,-0.013369252818979938,no_intercept_csad,cmc_fixed62_holdout_current,coinmarketcap,temporal_holdout,fixed_survivor_62,contemporaneous_size,daily,baseline
abs_market_return,1.5449325489637693,0.0783198510216596,19.725938300578655,1.2913880493407396e-86,1.391428461686774,1.6984366362407646,no_intercept_csad,cmc_fixed62_holdout_current,coinmarketcap,temporal_holdout,fixed_survivor_62,contemporaneous_size,daily,baseline
market_return_sq,-11.264896821928003,1.5750435304085755,-7.152117769726544,8.544920725244955e-13,-14.351925415611628,-8.177868228244378,no_intercept_csad,cmc_fixed62_holdout_current,coinmarketcap,temporal_holdout,fixed_survivor_62,contemporaneous_size,daily,baseline
const,-8.465235631884164e-05,0.0007589513703996596,-0.111538577595906,0.9111892759399476,-0.001572169708319493,0.0014028649956818098,scsad,cmc_fixed62_holdout_current,coinmarketcap,temporal_holdout,fixed_survivor_62,contemporaneous_size,daily,baseline
market_return,1.1730852897129898,0.04557845788442971,25.737713476122966,4.424792699555862e-146,1.0837531537886318,1.2624174256373477,scsad,cmc_fixed62_holdout_current,coinmarketcap,temporal_holdout,fixed_survivor_62,contemporaneous_size,daily,baseline
market_return_sq,-1.469691798047468,0.5911989022679001,-2.485951500264257,0.012920557291532204,-2.6284203541921674,-0.3109632419027686,scsad,cmc_fixed62_holdout_current,coinmarketcap,temporal_holdout,fixed_survivor_62,contemporaneous_size,daily,baseline
market_return_cu,-59.16453374424963,8.18825966855921,-7.2255321813286,4.991432490718081e-13,-75.21322779068757,-43.1158396978117,scsad,cmc_fixed62_holdout_current,coinmarketcap,temporal_holdout,fixed_survivor_62,contemporaneous_size,daily,baseline
const,0.02442776760347054,0.0009892537686214894,24.693125645111543,1.2677273511752594e-134,0.0224888658454019,0.02636666936153918,intercept_restored,cmc_fixed62_holdout_current,coinmarketcap,temporal_holdout,fixed_survivor_62,contemporaneous_size,daily,baseline
market_return,-0.07013454965129325,0.023887131010720743,-2.9360809223935798,0.0033238760090776565,-0.11695246612629576,-0.02331663317629073,intercept_restored,cmc_fixed62_holdout_current,coinmarketcap,temporal_holdout,fixed_survivor_62,contemporaneous_size,daily,baseline
abs_market_return,0.240437930535839,0.07299232015008215,3.294016823159832,0.0009876658702795728,0.0973756118936607,0.3835002491780173,intercept_restored,cmc_fixed62_holdout_current,coinmarketcap,temporal_holdout,fixed_survivor_62,contemporaneous_size,daily,baseline
market_return_sq,-0.2920889729202726,1.028242590710469,-0.2840662072930205,0.7763596433158599,-2.3074074180829514,1.7232294722424064,intercept_restored,cmc_fixed62_holdout_current,coinmarketcap,temporal_holdout,fixed_survivor_62,contemporaneous_size,daily,baseline
const,0.024538529206967218,0.0009646341715906444,25.4381712048456,9.543015666452562e-143,0.022647880972392925,0.02642917744154151,standard_csad,cmc_fixed62_holdout_current,coinmarketcap,temporal_holdout,fixed_survivor_62,contemporaneous_size,daily,leave_one_out
abs_market_return,0.24593432567207618,0.06664865929672559,3.690011596139621,0.0002242438297342656,0.1153053538326134,0.37656329751153894,standard_csad,cmc_fixed62_holdout_current,coinmarketcap,temporal_holdout,fixed_survivor_62,contemporaneous_size,daily,leave_one_out
market_return_sq,-0.2901467147486246,0.9114994199938558,-0.3183180464893553,0.750243696586553,-2.0766527498657306,1.4963593203684813,standard_csad,cmc_fixed62_holdout_current,coinmarketcap,temporal_holdout,fixed_survivor_62,contemporaneous_size,daily,leave_one_out
market_return,-0.06922484232763057,0.02886124931583705,-2.398539355316292,0.01646060753124956,-0.12579185153550246,-0.012657833119758675,no_intercept_csad,cmc_fixed62_holdout_current,coinmarketcap,temporal_holdout,fixed_survivor_62,contemporaneous_size,daily,leave_one_out
abs_market_return,1.5543902548061406,0.07787803019227119,19.959290841955607,1.2446594836742232e-88,1.4017521204423662,1.707028389169915,no_intercept_csad,cmc_fixed62_holdout_current,coinmarketcap,temporal_holdout,fixed_survivor_62,contemporaneous_size,daily,leave_one_out
market_return_sq,-11.286681407984418,1.5590831417593598,-7.239306939877415,4.50983343368569e-13,-14.34242821473632,-8.230934601232516,no_intercept_csad,cmc_fixed62_holdout_current,coinmarketcap,temporal_holdout,fixed_survivor_62,contemporaneous_size,daily,leave_one_out
const,7.494451493369469e-05,0.0007672521123333891,0.09767912493035866,0.9221870921675416,-0.0014288419923020278,0.001578731022169417,scsad,cmc_fixed62_holdout_current,coinmarketcap,temporal_holdout,fixed_survivor_62,contemporaneous_size,daily,leave_one_out
market_return,1.1817557565126209,0.04551112793425115,25.966303410890532,1.1901372660008154e-148,1.0925555848656938,1.270955928159548,scsad,cmc_fixed62_holdout_current,coinmarketcap,temporal_holdout,fixed_survivor_62,contemporaneous_size,daily,leave_one_out
market_return_sq,-1.4953774124402361,0.5935145281219455,-2.519529584510846,0.011751176477165776,-2.658644511860534,-0.3321103130199379,scsad,cmc_fixed62_holdout_current,coinmarketcap,temporal_holdout,fixed_survivor_62,contemporaneous_size,daily,leave_one_out
market_return_cu,-59.346412842350226,8.062643234732596,-7.3606646250568595,1.8299679772150596e-13,-75.14890320262164,-43.54392248207882,scsad,cmc_fixed62_holdout_current,coinmarketcap,temporal_holdout,fixed_survivor_62,contemporaneous_size,daily,leave_one_out
const,0.024541878243367895,0.0009954111741233502,24.65501581794248,3.2514136734724736e-134,0.0225909081922774,0.02649284829445839,intercept_restored,cmc_fixed62_holdout_current,coinmarketcap,temporal_holdout,fixed_survivor_62,contemporaneous_size,daily,leave_one_out
market_return,-0.06979005089976521,0.024020625104936143,-2.9054219278175086,0.003667583328114745,-0.11686961099157872,-0.022710490807951712,intercept_restored,cmc_fixed62_holdout_current,coinmarketcap,temporal_holdout,fixed_survivor_62,contemporaneous_size,daily,leave_one_out
abs_market_return,0.24534727995673972,0.07392664290656421,3.3187937435064354,0.0009040717986786996,0.1004537223619204,0.390240837551559,intercept_restored,cmc_fixed62_holdout_current,coinmarketcap,temporal_holdout,fixed_survivor_62,contemporaneous_size,daily,leave_one_out
market_return_sq,-0.290435020058328,1.0476399278043436,-0.2772279027843328,0.7816051156380897,-2.3437715473209835,1.7629015072043277,intercept_restored,cmc_fixed62_holdout_current,coinmarketcap,temporal_holdout,fixed_survivor_62,contemporaneous_size,daily,leave_one_out
const,0.06478975308118895,0.004194647276577025,15.445816730044484,8.050141684478507e-54,0.05656839549124896,0.07301111067112895,standard_csad,cmc_fixed62_holdout_current,coinmarketcap,temporal_holdout,fixed_survivor_62,contemporaneous_size,weekly,baseline
abs_market_return,0.18077689267961713,0.11978299716796496,1.5092032838861418,0.13124684127652295,-0.0539934677298575,0.4155472530890918,standard_csad,cmc_fixed62_holdout_current,coinmarketcap,temporal_holdout,fixed_survivor_62,contemporaneous_size,weekly,baseline
market_return_sq,-0.5397942903809754,0.7040846525003562,-0.766661066199994,0.44328305775301036,-1.9197748513490729,0.8401862705871221,standard_csad,cmc_fixed62_holdout_current,coinmarketcap,temporal_holdout,fixed_survivor_62,contemporaneous_size,weekly,baseline
market_return,-0.02780145852036135,0.054913117036533864,-0.5062808308962857,0.6126595179171377,-0.13542919019080057,0.07982627315007788,no_intercept_csad,cmc_fixed62_holdout_current,coinmarketcap,temporal_holdout,fixed_survivor_62,contemporaneous_size,weekly,baseline
abs_market_return,1.9179315143712947,0.14058923048958502,13.642094118392496,2.2500523734324226e-42,1.6423816859975076,2.193481342745082,no_intercept_csad,cmc_fixed62_holdout_current,coinmarketcap,temporal_holdout,fixed_survivor_62,contemporaneous_size,weekly,baseline
market_return_sq,-9.516069719146024,1.2467793131358966,-7.632521344303689,2.3020632632507647e-14,-11.959712269561969,-7.072427168730081,no_intercept_csad,cmc_fixed62_holdout_current,coinmarketcap,temporal_holdout,fixed_survivor_62,contemporaneous_size,weekly,baseline
const,0.0032696625883352325,0.004840910463538495,0.6754230661695096,0.49940701484880257,-0.006218347572583317,0.012757672749253782,scsad,cmc_fixed62_holdout_current,coinmarketcap,temporal_holdout,fixed_survivor_62,contemporaneous_size,weekly,baseline
market_return,1.368548429425807,0.09375509099113284,14.59705723665973,2.932319666149891e-48,1.184791827715911,1.552305031135703,scsad,cmc_fixed62_holdout_current,coinmarketcap,temporal_holdout,fixed_survivor_62,contemporaneous_size,weekly,baseline
market_return_sq,-0.3932391885719288,0.6930403627980267,-0.5674116684694896,0.5704345240840426,-1.751573339488634,0.9650949623447762,scsad,cmc_fixed62_holdout_current,coinmarketcap,temporal_holdout,fixed_survivor_62,contemporaneous_size,weekly,baseline
market_return_cu,-35.019447648275126,5.9251230500598,-5.910332553839821,3.4141775387550015e-09,-46.63247543036045,-23.4064198661898,scsad,cmc_fixed62_holdout_current,coinmarketcap,temporal_holdout,fixed_survivor_62,contemporaneous_size,weekly,baseline
const,0.06478493085655955,0.004245864925945004,15.258358894245873,1.4484556173193367e-52,0.056463188518485516,0.07310667319463358,intercept_restored,cmc_fixed62_holdout_current,coinmarketcap,temporal_holdout,fixed_survivor_62,contemporaneous_size,weekly,baseline
market_return,-0.0007576457382175374,0.03279288635550232,-0.023103966207915452,0.9815673419554015,-0.06503052194411704,0.06351523046768195,intercept_restored,cmc_fixed62_holdout_current,coinmarketcap,temporal_holdout,fixed_survivor_62,contemporaneous_size,weekly,baseline
abs_market_return,0.18114648866344996,0.11667705806498044,1.5525459046333243,0.12053165780977056,-0.047536342966000344,0.40982932029290026,intercept_restored,cmc_fixed62_holdout_current,coinmarketcap,temporal_holdout,fixed_survivor_62,contemporaneous_size,weekly,baseline
market_return_sq,-0.5430508639501637,0.6822790417997239,-0.7959366046444832,0.42606888396203135,-1.8802932132841206,0.7941914853837932,intercept_restored,cmc_fixed62_holdout_current,coinmarketcap,temporal_holdout,fixed_survivor_62,contemporaneous_size,weekly,baseline
const,0.06520184408096796,0.004195413961111541,15.54121826483441,1.8248121988917808e-54,0.056978983816952815,0.0734247043449831,standard_csad,cmc_fixed62_holdout_current,coinmarketcap,temporal_holdout,fixed_survivor_62,contemporaneous_size,weekly,leave_one_out
abs_market_return,0.18193294216737238,0.11945139810070074,1.523070847726688,0.12774098136578352,-0.052187496012957274,0.416053380347702,standard_csad,cmc_fixed62_holdout_current,coinmarketcap,temporal_holdout,fixed_survivor_62,contemporaneous_size,weekly,leave_one_out
market_return_sq,-0.5194936922377892,0.7003566647112439,-0.7417559058311749,0.45823524075637445,-1.8921675314044215,0.853180146928843,standard_csad,cmc_fixed62_holdout_current,coinmarketcap,temporal_holdout,fixed_survivor_62,contemporaneous_size,weekly,leave_one_out
market_return,-0.025771691469794095,0.055116110113982486,-0.46758908450718184,0.6400784723029804,-0.1337972822611436,0.0822538993215554,no_intercept_csad,cmc_fixed62_holdout_current,coinmarketcap,temporal_holdout,fixed_survivor_62,contemporaneous_size,weekly,leave_one_out
abs_market_return,1.9226268536415234,0.14073535484756758,13.661292542474117,1.7288749747554106e-42,1.6467906267888264,2.1984630804942205,no_intercept_csad,cmc_fixed62_holdout_current,coinmarketcap,temporal_holdout,fixed_survivor_62,contemporaneous_size,weekly,leave_one_out
market_return_sq,-9.476947809057517,1.2473071592879004,-7.597926251355759,3.009137243330002e-14,-11.921624918920767,-7.032270699194267,no_intercept_csad,cmc_fixed62_holdout_current,coinmarketcap,temporal_holdout,fixed_survivor_62,contemporaneous_size,weekly,leave_one_out
const,0.003293714838767714,0.004874750366105164,0.6756684120010296,0.4992511956433656,-0.006260620312421851,0.01284804998995728,scsad,cmc_fixed62_holdout_current,coinmarketcap,temporal_holdout,fixed_survivor_62,contemporaneous_size,weekly,leave_one_out
market_return,1.3733053796896004,0.0937484811222826,14.64882804765982,1.3705939474439434e-48,1.1895617330845933,1.5570490262946075,scsad,cmc_fixed62_holdout_current,coinmarketcap,temporal_holdout,fixed_survivor_62,contemporaneous_size,weekly,leave_one_out
market_return_sq,-0.36900937517762067,0.689681362484729,-0.5350432754166115,0.592619933031382,-1.7207600064562034,0.9827412561009621,scsad,cmc_fixed62_holdout_current,coinmarketcap,temporal_holdout,fixed_survivor_62,contemporaneous_size,weekly,leave_one_out
market_return_cu,-34.70432029441023,5.867309147706488,-5.914861382065753,3.321551964009807e-09,-46.20403491007735,-23.204605678743114,scsad,cmc_fixed62_holdout_current,coinmarketcap,temporal_holdout,fixed_survivor_62,contemporaneous_size,weekly,leave_one_out
const,0.06520677941405066,0.004244151672100187,15.363913557260684,2.857893337559951e-53,0.056888394991808845,0.07352516383629248,intercept_restored,cmc_fixed62_holdout_current,coinmarketcap,temporal_holdout,fixed_survivor_62,contemporaneous_size,weekly,leave_one_out
market_return,0.000792070557762199,0.0330105201467326,0.0239944888551112,0.9808570046994208,-0.06390736004076755,0.06549150115629196,intercept_restored,cmc_fixed62_holdout_current,coinmarketcap,temporal_holdout,fixed_survivor_62,contemporaneous_size,weekly,leave_one_out
abs_market_return,0.1815538059992022,0.11657479546369463,1.5574018832891219,0.1193750993001546,-0.04692859461476254,0.410036206613167,intercept_restored,cmc_fixed62_holdout_current,coinmarketcap,temporal_holdout,fixed_survivor_62,contemporaneous_size,weekly,leave_one_out
market_return_sq,-0.5161547342311994,0.6808751267866926,-0.7580754736439396,0.44840580151137566,-1.85064546070226,0.8183359922398612,intercept_restored,cmc_fixed62_holdout_current,coinmarketcap,temporal_holdout,fixed_survivor_62,contemporaneous_size,weekly,leave_one_out
const,0.024516452013578823,0.0009926595003538234,24.69774580794339,1.130819282484471e-134,0.022570875143973806,0.02646202888318384,standard_csad,cmc_fixed62_holdout_lagged,coinmarketcap,temporal_holdout,fixed_survivor_62,lagged_size,daily,baseline
abs_market_return,0.23330614173080738,0.06714515646368553,3.474653333438691,0.0005115139303717226,0.10170405332567692,0.36490823013593787,standard_csad,cmc_fixed62_holdout_lagged,coinmarketcap,temporal_holdout,fixed_survivor_62,lagged_size,daily,baseline
market_return_sq,-0.2283613030185303,0.9205955526133606,-0.2480582296647694,0.80408935358705,-2.0326954304684657,1.5759728244314049,standard_csad,cmc_fixed62_holdout_lagged,coinmarketcap,temporal_holdout,fixed_survivor_62,lagged_size,daily,baseline
market_return,-0.072111771685467,0.02795800292837073,-2.579289081205821,0.009900389720002184,-0.12690845050473898,-0.017315092866194995,no_intercept_csad,cmc_fixed62_holdout_lagged,coinmarketcap,temporal_holdout,fixed_survivor_62,lagged_size,daily,baseline
abs_market_return,1.544291027926294,0.07966748612790901,19.384206819917466,1.049099116077609e-83,1.388145624376748,1.70043643147584,no_intercept_csad,cmc_fixed62_holdout_lagged,coinmarketcap,temporal_holdout,fixed_survivor_62,lagged_size,daily,baseline
market_return_sq,-11.316242120595296,1.6158646307972702,-7.003211720162378,2.50160352212543e-12,-14.483278600850056,-8.149205640340536,no_intercept_csad,cmc_fixed62_holdout_lagged,coinmarketcap,temporal_holdout,fixed_survivor_62,lagged_size,daily,baseline
const,-3.723957005744512e-05,0.0007303660202409244,-0.050987544635717,0.9593354455798572,-0.001468730665261509,0.0013942515251466187,scsad,cmc_fixed62_holdout_lagged,coinmarketcap,temporal_holdout,fixed_survivor_62,lagged_size,daily,baseline
market_return,1.1714261054413784,0.04574303953651994,25.608838356842142,1.2161674120968171e-144,1.0817713954064074,1.2610808154763493,scsad,cmc_fixed62_holdout_lagged,coinmarketcap,temporal_holdout,fixed_survivor_62,lagged_size,daily,baseline
market_return_sq,-1.555668488620515,0.5549472207958941,-2.8032728705072287,0.005058684938933649,-2.6433450547010646,-0.46799192253996535,scsad,cmc_fixed62_holdout_lagged,coinmarketcap,temporal_holdout,fixed_survivor_62,lagged_size,daily,baseline
market_return_cu,-59.7998499495306,8.530897680738741,-7.009795708199396,2.3866635372036305e-12,-76.5201021595748,-43.079597739486395,scsad,cmc_fixed62_holdout_lagged,coinmarketcap,temporal_holdout,fixed_survivor_62,lagged_size,daily,baseline
const,0.024509398248944627,0.0010208162814755646,24.009607501084233,2.207162942332225e-127,0.02250863510242042,0.026510161395468836,intercept_restored,cmc_fixed62_holdout_lagged,coinmarketcap,temporal_holdout,fixed_survivor_62,lagged_size,daily,baseline
market_return,-0.07093004887438396,0.02336170950993296,-3.036166888567202,0.0023960670245284513,-0.11671815813113944,-0.025141939617628492,intercept_restored,cmc_fixed62_holdout_lagged,coinmarketcap,temporal_holdout,fixed_survivor_62,lagged_size,daily,baseline
abs_market_return,0.2338710010415483,0.07383520021670686,3.1674729716332473,0.001537700032267719,0.08915666782549883,0.37858533425759777,intercept_restored,cmc_fixed62_holdout_lagged,coinmarketcap,temporal_holdout,fixed_survivor_62,lagged_size,daily,baseline
market_return_sq,-0.2630340698424588,1.0398569401647326,-0.25295217032526546,0.8003051739440805,-2.3011162216393566,1.7750480819544392,intercept_restored,cmc_fixed62_holdout_lagged,coinmarketcap,temporal_holdout,fixed_survivor_62,lagged_size,daily,baseline
const,0.024634336690946057,0.001000578934714843,24.620083270058693,7.699500695996446e-134,0.02267323801521551,0.026595435366676603,standard_csad,cmc_fixed62_holdout_lagged,coinmarketcap,temporal_holdout,fixed_survivor_62,lagged_size,daily,leave_one_out
abs_market_return,0.2378577594765299,0.06816630528540193,3.4893743834384994,0.0004841525495849922,0.10425425615797979,0.37146126279508,standard_csad,cmc_fixed62_holdout_lagged,coinmarketcap,temporal_holdout,fixed_survivor_62,lagged_size,daily,leave_one_out
market_return_sq,-0.22383627549789065,0.941920067925342,-0.23763829131585318,0.812161648931075,-2.069965684947082,1.622293133951301,standard_csad,cmc_fixed62_holdout_lagged,coinmarketcap,temporal_holdout,fixed_survivor_62,lagged_size,daily,leave_one_out
market_return,-0.07175940013743655,0.02800462730771785,-2.562412252408738,0.010394785080859892,-0.12664746106103042,-0.016871339213842672,no_intercept_csad,cmc_fixed62_holdout_lagged,coinmarketcap,temporal_holdout,fixed_survivor_62,lagged_size,daily,leave_one_out
abs_market_return,1.553643682297271,0.07918378884111872,19.620729255765188,1.0286690036235164e-85,1.3984463080092537,1.7088410565852883,no_intercept_csad,cmc_fixed62_holdout_lagged,coinmarketcap,temporal_holdout,fixed_survivor_62,lagged_size,daily,leave_one_out
market_return_sq,-11.339597120030524,1.5989693415118833,-7.091816475548258,1.3236297315756815e-12,-14.47351944177754,-8.205674798283507,no_intercept_csad,cmc_fixed62_holdout_lagged,coinmarketcap,temporal_holdout,fixed_survivor_62,lagged_size,daily,leave_one_out
const,-0.00020007566464578703,0.0007492328749982779,-0.26704069098175504,0.7894378314318636,-0.001668545115675812,0.001268393786384238,scsad,cmc_fixed62_holdout_lagged,coinmarketcap,temporal_holdout,fixed_survivor_62,lagged_size,daily,leave_one_out
market_return,1.1793438839566563,0.04583982950144816,25.7274928110149,5.758193203624936e-146,1.0894994690763613,1.2691882988369514,scsad,cmc_fixed62_holdout_lagged,coinmarketcap,temporal_holdout,fixed_survivor_62,lagged_size,daily,leave_one_out
market_return_sq,-1.513992268962104,0.5554501282798634,-2.725703338390948,0.006416464039251603,-2.6026545155987892,-0.4253300223254186,scsad,cmc_fixed62_holdout_lagged,coinmarketcap,temporal_holdout,fixed_survivor_62,lagged_size,daily,leave_one_out
market_return_cu,-59.86481082825426,8.472838434874081,-7.065496561559767,1.6004264964316522e-12,-76.47126900743417,-43.25835264907434,scsad,cmc_fixed62_holdout_lagged,coinmarketcap,temporal_holdout,fixed_survivor_62,lagged_size,daily,leave_one_out
const,0.024628257001921516,0.0010290704429989535,23.932527816219245,1.4049611330779802e-126,0.02261131599608889,0.026645198007754143,intercept_restored,cmc_fixed62_holdout_lagged,coinmarketcap,temporal_holdout,fixed_survivor_62,lagged_size,daily,leave_one_out
market_return,-0.07073857210329847,0.02347462200610177,-3.0134062258770924,0.0025833286467134195,-0.11674798578594933,-0.024729158420647608,intercept_restored,cmc_fixed62_holdout_lagged,coinmarketcap,temporal_holdout,fixed_survivor_62,lagged_size,daily,leave_one_out
abs_market_return,0.2383999595457017,0.07484333826472701,3.1853196967572655,0.0014459417513878019,0.09170971206408826,0.3850902070273151,intercept_restored,cmc_fixed62_holdout_lagged,coinmarketcap,temporal_holdout,fixed_survivor_62,lagged_size,daily,leave_one_out
market_return_sq,-0.25956805916467957,1.059484366662918,-0.2449947043411759,0.8064605317575623,-2.336119260007228,1.8169831416778686,intercept_restored,cmc_fixed62_holdout_lagged,coinmarketcap,temporal_holdout,fixed_survivor_62,lagged_size,daily,leave_one_out
const,0.06555267283875575,0.00441549151836022,14.846064716958178,7.377412276039417e-50,0.05689846848872764,0.07420687718878385,standard_csad,cmc_fixed62_holdout_lagged,coinmarketcap,temporal_holdout,fixed_survivor_62,lagged_size,weekly,baseline
abs_market_return,0.15226555943459946,0.11860003645548027,1.283857610716304,0.19919178141368932,-0.0801862405832793,0.3847173594524782,standard_csad,cmc_fixed62_holdout_lagged,coinmarketcap,temporal_holdout,fixed_survivor_62,lagged_size,weekly,baseline
market_return_sq,-0.38805010427736464,0.7064931315854229,-0.5492623875996522,0.5828253954472444,-1.7727511975097108,0.9966509889549816,standard_csad,cmc_fixed62_holdout_lagged,coinmarketcap,temporal_holdout,fixed_survivor_62,lagged_size,weekly,baseline
market_return,-0.032146383506895845,0.05431792284013283,-0.5918190870720202,0.5539717404052711,-0.1386075559885818,0.0743147889747901,no_intercept_csad,cmc_fixed62_holdout_lagged,coinmarketcap,temporal_holdout,fixed_survivor_62,lagged_size,weekly,baseline
abs_market_return,1.9224804309781884,0.13962524174478663,13.768860178535522,3.923546019597702e-43,1.6488199858257082,2.1961408761306687,no_intercept_csad,cmc_fixed62_holdout_lagged,coinmarketcap,temporal_holdout,fixed_survivor_62,lagged_size,weekly,baseline
market_return_sq,-9.595219382045176,1.2263250554207232,-7.824368701945246,5.102107117534448e-15,-11.998772324008879,-7.191666440081473,no_intercept_csad,cmc_fixed62_holdout_lagged,coinmarketcap,temporal_holdout,fixed_survivor_62,lagged_size,weekly,baseline
const,0.004182225039416412,0.005108064694449553,0.8187494265608729,0.41292939044684807,-0.005829397792405308,0.014193847871238133,scsad,cmc_fixed62_holdout_lagged,coinmarketcap,temporal_holdout,fixed_survivor_62,lagged_size,weekly,baseline
market_return,1.3773948990727256,0.09335519137895903,14.754347120144958,2.8846942014407314e-49,1.1944220862001218,1.5603677119453294,scsad,cmc_fixed62_holdout_lagged,coinmarketcap,temporal_holdout,fixed_survivor_62,lagged_size,weekly,baseline
market_return_sq,-0.5875255459028779,0.732357385102253,-0.802238849302853,0.4224148077445361,-2.022919644515224,0.8478685527094687,scsad,cmc_fixed62_holdout_lagged,coinmarketcap,temporal_holdout,fixed_survivor_62,lagged_size,weekly,baseline
market_return_cu,-36.1309517212647,6.046502272151756,-5.975512799800348,2.293675290377166e-09,-47.98187840712175,-24.280025035407654,scsad,cmc_fixed62_holdout_lagged,coinmarketcap,temporal_holdout,fixed_survivor_62,lagged_size,weekly,baseline
const,0.06556105528306112,0.004486573584221469,14.612722616124792,2.3301668610650416e-48,0.05676753264399826,0.07435457792212398,intercept_restored,cmc_fixed62_holdout_lagged,coinmarketcap,temporal_holdout,fixed_survivor_62,lagged_size,weekly,baseline
market_return,0.0011204734218909764,0.03286346423309873,0.03409480552456432,0.972801550669467,-0.06329073288220276,0.06553167972598471,intercept_restored,cmc_fixed62_holdout_lagged,coinmarketcap,temporal_holdout,fixed_survivor_62,lagged_size,weekly,baseline
abs_market_return,0.15162443817693305,0.11609276547605332,1.3060627641625862,0.19153121435625842,-0.07591320102178645,0.37916207737565255,intercept_restored,cmc_fixed62_holdout_lagged,coinmarketcap,temporal_holdout,fixed_survivor_62,lagged_size,weekly,baseline
market_return_sq,-0.38206345497340505,0.6895320732589839,-0.5540909114896305,0.5795166297561325,-1.7335214847462475,0.9693945747994375,intercept_restored,cmc_fixed62_holdout_lagged,coinmarketcap,temporal_holdout,fixed_survivor_62,lagged_size,weekly,baseline
const,0.06595078390697304,0.004416242339699539,14.933687699633808,1.9895226724840837e-50,0.05729510797416104,0.07460645983978503,standard_csad,cmc_fixed62_holdout_lagged,coinmarketcap,temporal_holdout,fixed_survivor_62,lagged_size,weekly,leave_one_out
abs_market_return,0.15446580941369079,0.118356864548962,1.3050853450903237,0.191863788348119,-0.07750938242536026,0.38644100125274183,standard_csad,cmc_fixed62_holdout_lagged,coinmarketcap,temporal_holdout,fixed_survivor_62,lagged_size,weekly,leave_one_out
market_return_sq,-0.37747241708948326,0.7049440208129341,-0.5354643857453901,0.592328778205478,-1.7591373089996882,1.0041924748207218,standard_csad,cmc_fixed62_holdout_lagged,coinmarketcap,temporal_holdout,fixed_survivor_62,lagged_size,weekly,leave_one_out
market_return,-0.030501299660807016,0.0545509256600696,-0.559134410493303,0.576069992054381,-0.1374191492778653,0.07641654995625129,no_intercept_csad,cmc_fixed62_holdout_lagged,coinmarketcap,temporal_holdout,fixed_survivor_62,lagged_size,weekly,leave_one_out
abs_market_return,1.9273905441610997,0.13982734092370894,13.784074927182527,3.1781437251838345e-43,1.6533339918966266,2.201447096425573,no_intercept_csad,cmc_fixed62_holdout_lagged,coinmarketcap,temporal_holdout,fixed_survivor_62,lagged_size,weekly,leave_one_out
market_return_sq,-9.559653621231273,1.227433313688838,-7.788328306408266,6.790155993150942e-15,-11.96537870948605,-7.153928532976496,no_intercept_csad,cmc_fixed62_holdout_lagged,coinmarketcap,temporal_holdout,fixed_survivor_62,lagged_size,weekly,leave_one_out
const,0.00421554226802562,0.0051446645724550115,0.8194008003157301,0.4125577784753617,-0.0058678150065253586,0.014298899542576599,scsad,cmc_fixed62_holdout_lagged,coinmarketcap,temporal_holdout,fixed_survivor_62,lagged_size,weekly,leave_one_out
market_return,1.382259704957894,0.09343566832318867,14.793704906960542,1.6085060261893035e-49,1.199129160173014,1.5653902497427739,scsad,cmc_fixed62_holdout_lagged,coinmarketcap,temporal_holdout,fixed_survivor_62,lagged_size,weekly,leave_one_out
market_return_sq,-0.5677437335662173,0.7296392597981073,-0.778115659131765,0.43650083200518275,-1.9978104044769713,0.8623229373445368,scsad,cmc_fixed62_holdout_lagged,coinmarketcap,temporal_holdout,fixed_survivor_62,lagged_size,weekly,leave_one_out
market_return_cu,-35.827367370466696,5.995886436297584,-5.975324541435083,2.296325716464312e-09,-47.579088841002175,-24.075645899931217,scsad,cmc_fixed62_holdout_lagged,coinmarketcap,temporal_holdout,fixed_survivor_62,lagged_size,weekly,leave_one_out
const,0.06596754672548094,0.0044846662123841675,14.709577837323783,5.5955399150395174e-49,0.05717776246652431,0.07475733098443757,intercept_restored,cmc_fixed62_holdout_lagged,coinmarketcap,temporal_holdout,fixed_survivor_62,lagged_size,weekly,leave_one_out
market_return,0.002283273045010985,0.033065017581204705,0.06905403995033338,0.9449466044585502,-0.06252297056233393,0.0670895166523559,intercept_restored,cmc_fixed62_holdout_lagged,coinmarketcap,temporal_holdout,fixed_survivor_62,lagged_size,weekly,leave_one_out
abs_market_return,0.15317879695275477,0.11597122924609608,1.3208344685879165,0.18655656397078202,-0.07412063561243176,0.3804782295179413,intercept_restored,cmc_fixed62_holdout_lagged,coinmarketcap,temporal_holdout,fixed_survivor_62,lagged_size,weekly,leave_one_out
market_return_sq,-0.36544106926039444,0.6891247382655477,-0.5302974178233247,0.5959057367263607,-1.7161007371164592,0.9852185985956703,intercept_restored,cmc_fixed62_holdout_lagged,coinmarketcap,temporal_holdout,fixed_survivor_62,lagged_size,weekly,leave_one_out
const,0.012041867871870296,0.00044389179404654626,27.127935306250766,4.611893237752547e-162,0.011171855942506194,0.012911879801234398,standard_csad,binance_fixed14_equal,binance,five_year,fixed_survivor_14,equal,daily,baseline
abs_market_return,0.22142342863237752,0.015151922149497097,14.61355374240269,2.3019075791021145e-48,0.19172620692280848,0.2511206503419465,standard_csad,binance_fixed14_equal,binance,five_year,fixed_survivor_14,equal,daily,baseline
market_return_sq,-0.17645968495094644,0.06663656600610286,-2.64809091355016,0.008094775308825299,-0.30706495437633413,-0.045854415525558745,standard_csad,binance_fixed14_equal,binance,five_year,fixed_survivor_14,equal,daily,baseline
market_return,0.04003306236288631,0.009163607316956241,4.368701208836127,1.2498763031775921e-05,0.022072722053184363,0.05799340267258826,no_intercept_csad,binance_fixed14_equal,binance,five_year,fixed_survivor_14,equal,daily,baseline
abs_market_return,0.554829163652414,0.028989066428097836,19.13925600289916,1.1895653149490387e-81,0.498011637507903,0.6116466897969249,no_intercept_csad,binance_fixed14_equal,binance,five_year,fixed_survivor_14,equal,daily,baseline
market_return_sq,-1.258654347727454,0.3182657393306491,-3.9547277390728723,7.662185581726686e-05,-1.8824437343285392,-0.6348649611263689,no_intercept_csad,binance_fixed14_equal,binance,five_year,fixed_survivor_14,equal,daily,baseline
const,0.0012357996019021085,0.00040501802646288293,3.0512212325328707,0.0022791257618567113,0.0004419788569453675,0.0020296203468588496,scsad,binance_fixed14_equal,binance,five_year,fixed_survivor_14,equal,daily,baseline
market_return,0.4616747429901363,0.015476722736334974,29.830265157251564,1.5829623016547556e-195,0.43134092382820755,0.492008562152065,scsad,binance_fixed14_equal,binance,five_year,fixed_survivor_14,equal,daily,baseline
market_return_sq,0.13240019257202823,0.22312324404563275,0.5933948887232474,0.5529169087488018,-0.304913329871153,0.5697137150152094,scsad,binance_fixed14_equal,binance,five_year,fixed_survivor_14,equal,daily,baseline
market_return_cu,-2.031531619892637,0.6485064933737829,-3.1326311157253337,0.0017324702839378347,-3.3025809906456143,-0.7604822491396594,scsad,binance_fixed14_equal,binance,five_year,fixed_survivor_14,equal,daily,baseline
const,0.012032572307380853,0.000441131224404627,27.276628000252355,8.03314875199362e-164,0.011167970995091729,0.012897173619669978,intercept_restored,binance_fixed14_equal,binance,five_year,fixed_survivor_14,equal,daily,baseline
market_return,0.03925114507010731,0.009242119233233731,4.246985359046672,2.166661121525094e-05,0.021136924232144257,0.05736536590807036,intercept_restored,binance_fixed14_equal,binance,five_year,fixed_survivor_14,equal,daily,baseline
abs_market_return,0.21545296899010533,0.014581479162640488,14.775796514671974,2.0986145041629805e-49,0.1868737949900087,0.24403214299020196,intercept_restored,binance_fixed14_equal,binance,five_year,fixed_survivor_14,equal,daily,baseline
market_return_sq,-0.05564086784571931,0.08664153318345334,-0.64219625162803,0.5207457664935923,-0.22545515245061984,0.11417341675918122,intercept_restored,binance_fixed14_equal,binance,five_year,fixed_survivor_14,equal,daily,baseline
const,0.012968165400475691,0.0004780373166655088,27.127935306250883,4.611893237737846e-162,0.012031229476545125,0.013905101324406257,standard_csad,binance_fixed14_equal,binance,five_year,fixed_survivor_14,equal,daily,leave_one_out
abs_market_return,0.23845600006563747,0.016317454622535175,14.613553742402843,2.301907579096955e-48,0.2064743766861019,0.270437623445173,standard_csad,binance_fixed14_equal,binance,five_year,fixed_survivor_14,equal,daily,leave_one_out
market_return_sq,-0.190033506870251,0.0717624556988791,-2.648090913550207,0.00809477530882417,-0.3306853354822052,-0.04938167825829681,standard_csad,binance_fixed14_equal,binance,five_year,fixed_survivor_14,equal,daily,leave_one_out
market_return,0.04311252869849294,0.009868500187491346,4.368701208836122,1.2498763031776175e-05,0.023770623749583133,0.062454433647402746,no_intercept_csad,binance_fixed14_equal,binance,five_year,fixed_survivor_14,equal,daily,leave_one_out
abs_market_return,0.5975083300872164,0.031218994614874478,19.13925600289927,1.1895653149465635e-81,0.5363202250085125,0.6586964351659202,no_intercept_csad,binance_fixed14_equal,binance,five_year,fixed_survivor_14,equal,daily,leave_one_out
market_return_sq,-1.3554739129372588,0.34274771927915837,-3.9547277390728994,7.66218558172582e-05,-2.027247098507654,-0.6837007273668637,no_intercept_csad,binance_fixed14_equal,binance,five_year,fixed_survivor_14,equal,daily,leave_one_out
const,0.001330861109740733,0.0004361732592677198,3.0512212325328743,0.0022791257618566866,0.0004759772305565509,0.002185744988924915,scsad,binance_fixed14_equal,binance,five_year,fixed_survivor_14,equal,daily,leave_one_out
market_return,0.49718818475860815,0.016667239869899177,29.830265157251603,1.5829623016528638e-195,0.46452099489191573,0.5298553746253006,scsad,binance_fixed14_equal,binance,five_year,fixed_survivor_14,equal,daily,leave_one_out
market_return_sq,0.1425848227698766,0.24028657051068095,0.5933948887232489,0.552916908748801,-0.3283682013997023,0.6135378469394555,scsad,binance_fixed14_equal,binance,five_year,fixed_survivor_14,equal,daily,leave_one_out
market_return_cu,-2.1878032829613003,0.6983916082486845,-3.1326311157253532,0.0017324702839377193,-3.5566256822337285,-0.8189808836888721,scsad,binance_fixed14_equal,binance,five_year,fixed_survivor_14,equal,daily,leave_one_out
const,0.012958154792564004,0.0004750643955126747,27.276628000252398,8.033148751984017e-164,0.01202704568702187,0.013889263898106137,intercept_restored,binance_fixed14_equal,binance,five_year,fixed_survivor_14,equal,daily,leave_one_out
market_return,0.04227046392165403,0.009953051481944017,4.246985359046673,2.166661121525081e-05,0.02276284148077075,0.061778086362537316,intercept_restored,binance_fixed14_equal,binance,five_year,fixed_survivor_14,equal,daily,leave_one_out
abs_market_return,0.23202627429703657,0.015703131405920473,14.775796514672027,2.0986145041612724e-49,0.20124870229693262,0.26280384629714054,intercept_restored,binance_fixed14_equal,binance,five_year,fixed_survivor_14,equal,daily,leave_one_out
market_return_sq,-0.059920934603081684,0.09330626650525764,-0.6421962516280216,0.5207457664935977,-0.24279785648528263,0.12295598727911927,intercept_restored,binance_fixed14_equal,binance,five_year,fixed_survivor_14,equal,daily,leave_one_out
const,0.030927147881022535,0.002942893012457548,10.509096915893632,7.844107198125698e-26,0.025159183566251155,0.03669511219579391,standard_csad,binance_fixed14_equal,binance,five_year,fixed_survivor_14,equal,weekly,baseline
abs_market_return,0.2765576210459151,0.046517147797152596,5.945283280305585,2.7597916112467357e-09,0.1853856866999693,0.36772955539186086,standard_csad,binance_fixed14_equal,binance,five_year,fixed_survivor_14,equal,weekly,baseline
market_return_sq,-0.19935274335460962,0.0794476757634894,-2.5092331706225095,0.012099358796311624,-0.3550673265064646,-0.04363816020275463,standard_csad,binance_fixed14_equal,binance,five_year,fixed_survivor_14,equal,weekly,baseline
market_return,0.05633376942156658,0.01445098895644334,3.8982639590523487,9.688477602149094e-05,0.028010351525951573,0.08465718731718158,no_intercept_csad,binance_fixed14_equal,binance,five_year,fixed_survivor_14,equal,weekly,baseline
abs_market_return,0.6233782162602094,0.027286385963424278,22.845759680150003,1.610354358694522e-115,0.5698978825036386,0.6768585500167802,no_intercept_csad,binance_fixed14_equal,binance,five_year,fixed_survivor_14,equal,weekly,baseline
market_return_sq,-0.6725018348929112,0.09829320191917713,-6.841793956878977,7.820752295090421e-12,-0.8651529705796217,-0.47985069920620066,no_intercept_csad,binance_fixed14_equal,binance,five_year,fixed_survivor_14,equal,weekly,baseline
const,0.000367255457262683,0.002397399702834795,0.15318908099822628,0.8782491681423381,-0.004331561616840543,0.005066072531365909,scsad,binance_fixed14_equal,binance,five_year,fixed_survivor_14,equal,weekly,baseline
market_return,0.5265919969767631,0.020738976176402683,25.391417228008216,3.1371073033486625e-142,0.4859443505947796,0.5672396433587465,scsad,binance_fixed14_equal,binance,five_year,fixed_survivor_14,equal,weekly,baseline
market_return_sq,0.30008682094399963,0.15310279312245192,1.960034920486327,0.0499917088637233,1.0860491507169723e-05,0.600162781396492,scsad,binance_fixed14_equal,binance,five_year,fixed_survivor_14,equal,weekly,baseline
market_return_cu,-0.4041650492281414,0.25111040825972986,-1.609511338176406,0.10750457780173618,-0.8963324055603612,0.08800230710407841,scsad,binance_fixed14_equal,binance,five_year,fixed_survivor_14,equal,weekly,baseline
const,0.03162636612654704,0.002888771958238741,10.948031407030605,6.790739806442646e-28,0.02596447712884986,0.03728825512424422,intercept_restored,binance_fixed14_equal,binance,five_year,fixed_survivor_14,equal,weekly,baseline
market_return,0.06818978680396205,0.014487590831751664,4.706771995141815,2.5167012125612924e-06,0.03979463055097611,0.096584943056948,intercept_restored,binance_fixed14_equal,binance,five_year,fixed_survivor_14,equal,weekly,baseline
abs_market_return,0.24960073327058147,0.040017788987137946,6.237244475220888,4.4534571647962543e-10,0.17116730811486747,0.32803415842629546,intercept_restored,binance_fixed14_equal,binance,five_year,fixed_survivor_14,equal,weekly,baseline
market_return_sq,-0.05296682974846251,0.07719352654424774,-0.6861563672454015,0.4926145090821732,-0.20426336161482475,0.09832970211789974,intercept_restored,binance_fixed14_equal,binance,five_year,fixed_survivor_14,equal,weekly,baseline
const,0.0333061592564858,0.0031692693980311932,10.50909691589367,7.844107198122547e-26,0.027094505379039725,0.03951781313393188,standard_csad,binance_fixed14_equal,binance,five_year,fixed_survivor_14,equal,weekly,leave_one_out
abs_market_return,0.2978312842032929,0.05009538993539498,5.945283280305594,2.759791611246585e-09,0.19964612413842844,0.3960164442681574,standard_csad,binance_fixed14_equal,binance,five_year,fixed_survivor_14,equal,weekly,leave_one_out
market_return_sq,-0.21468756976650233,0.0855590354376037,-2.5092331706225135,0.012099358796311474,-0.38238019777619175,-0.0469949417568129,standard_csad,binance_fixed14_equal,binance,five_year,fixed_survivor_14,equal,weekly,leave_one_out
market_return,0.06066713630014858,0.015562603491554345,3.898263959052351,9.688477602149021e-05,0.03016499395102477,0.09116927864927239,no_intercept_csad,binance_fixed14_equal,binance,five_year,fixed_survivor_14,equal,weekly,leave_one_out
abs_market_return,0.6713303867417638,0.029385338729841486,22.84575968015003,1.6103543586934217e-115,0.6137361811577645,0.7289245923257631,no_intercept_csad,binance_fixed14_equal,binance,five_year,fixed_survivor_14,equal,weekly,leave_one_out
market_return_sq,-0.724232745269289,0.10585421745142173,-6.8417939568789645,7.820752295091127e-12,-0.931703199085747,-0.5167622914528311,no_intercept_csad,binance_fixed14_equal,binance,five_year,fixed_survivor_14,equal,weekly,leave_one_out
const,0.00039550587705212156,0.0025818150645913235,0.15318908099822648,0.8782491681423379,-0.004664758664289825,0.005455770418394069,scsad,binance_fixed14_equal,binance,five_year,fixed_survivor_14,equal,weekly,leave_one_out
market_return,0.5670990736672833,0.022334282036125957,25.391417228008226,3.1371073033479498e-142,0.5233246852559165,0.6108734620786501,scsad,binance_fixed14_equal,binance,five_year,fixed_survivor_14,equal,weekly,leave_one_out
market_return_sq,0.3231704225550766,0.1648799310549489,1.9600349204863197,0.049991708863724185,1.1695913929576918e-05,0.6463291491962236,scsad,binance_fixed14_equal,binance,five_year,fixed_survivor_14,equal,weekly,leave_one_out
market_return_cu,-0.4352546683995365,0.2704265935104796,-1.6095113381763968,0.1075045778017382,-0.9652810521419296,0.09477171534285656,scsad,binance_fixed14_equal,binance,five_year,fixed_survivor_14,equal,weekly,leave_one_out
const,0.034059163520896815,0.0031109851857955705,10.948031407030594,6.790739806443472e-28,0.027961744600299848,0.04015658244149378,intercept_restored,binance_fixed14_equal,binance,five_year,fixed_survivor_14,equal,weekly,leave_one_out
market_return,0.07343515501965145,0.015602020895732545,4.706771995141821,2.5167012125612226e-06,0.04285575597797431,0.10401455406132859,intercept_restored,binance_fixed14_equal,binance,five_year,fixed_survivor_14,equal,weekly,leave_one_out
abs_market_return,0.26880078967601084,0.04309608044768702,6.237244475220889,4.4534571647962543e-10,0.18433402412370348,0.3532675552283182,intercept_restored,binance_fixed14_equal,binance,five_year,fixed_survivor_14,equal,weekly,leave_one_out
market_return_sq,-0.05704120126757482,0.08313149012457446,-0.6861563672453995,0.4926145090821745,-0.21997592789288795,0.10589352535773829,intercept_restored,binance_fixed14_equal,binance,five_year,fixed_survivor_14,equal,weekly,leave_one_out
const,0.013396507552646696,0.0004850745827069852,27.617418084218624,6.874782201243772e-168,0.01244577884072521,0.014347236264568183,standard_csad,binance_fixed14_lagged,binance,five_year,fixed_survivor_14,lagged_liquidity,daily,baseline
abs_market_return,0.21691019393865663,0.026196057763037427,8.280260942343636,1.2290566362404874e-16,0.1655668641861724,0.26825352369114086,standard_csad,binance_fixed14_lagged,binance,five_year,fixed_survivor_14,lagged_liquidity,daily,baseline
market_return_sq,0.3973238530579284,0.28198281405948256,1.4090357044742285,0.15882461081861632,-0.15535230675791223,0.950000012873769,standard_csad,binance_fixed14_lagged,binance,five_year,fixed_survivor_14,lagged_liquidity,daily,baseline
market_return,0.012535466878490348,0.019733336965074715,0.635243137066802,0.5252698532196041,-0.026141162867849028,0.05121209662482973,no_intercept_csad,binance_fixed14_lagged,binance,five_year,fixed_survivor_14,lagged_liquidity,daily,baseline
abs_market_return,0.6597614982126091,0.03754905394026044,17.570655688483452,4.13367112360636e-69,0.5861667048361469,0.7333562915890713,no_intercept_csad,binance_fixed14_lagged,binance,five_year,fixed_survivor_14,lagged_liquidity,daily,baseline
market_return_sq,-1.6506034837810537,0.5276046007913447,-3.128485766244917,0.0017570952116112068,-2.684689499409722,-0.6165174681523851,no_intercept_csad,binance_fixed14_lagged,binance,five_year,fixed_survivor_14,lagged_liquidity,daily,baseline
const,0.00035543850656743364,0.00040194869194388913,0.8842882529321723,0.3765406279366059,-0.000432366453275574,0.0011432434664104413,scsad,binance_fixed14_lagged,binance,five_year,fixed_survivor_14,lagged_liquidity,daily,baseline
market_return,0.5505821254526143,0.02133547561673674,25.805945709534917,7.604189846586167e-147,0.5087653616507778,0.5923988892544508,scsad,binance_fixed14_lagged,binance,five_year,fixed_survivor_14,lagged_liquidity,daily,baseline
market_return_sq,0.08228171942336648,0.379476808358932,0.216829375632198,0.8283413180743983,-0.6614791579283483,0.8260425967750813,scsad,binance_fixed14_lagged,binance,five_year,fixed_survivor_14,lagged_liquidity,daily,baseline
market_return_cu,-3.0244184383493464,1.5477640673430995,-1.954056501351062,0.05069453557177021,-6.057980266907048,0.009143390208355306,scsad,binance_fixed14_lagged,binance,five_year,fixed_survivor_14,lagged_liquidity,daily,baseline
const,0.013431946281778505,0.00048339953948867636,27.78642755015109,6.32846522719612e-170,0.012484500594237452,0.014379391969319559,intercept_restored,binance_fixed14_lagged,binance,five_year,fixed_survivor_14,lagged_liquidity,daily,baseline
market_return,0.020062686521332414,0.019559856607017288,1.0257072392920679,0.30502960100157717,-0.018273927971189288,0.05839930101385411,intercept_restored,binance_fixed14_lagged,binance,five_year,fixed_survivor_14,lagged_liquidity,daily,baseline
abs_market_return,0.21177561697226788,0.026303385918376474,8.051268290304556,8.194042649852504e-16,0.16022192790079198,0.26332930604374377,intercept_restored,binance_fixed14_lagged,binance,five_year,fixed_survivor_14,lagged_liquidity,daily,baseline
market_return_sq,0.47075486529780225,0.3326797554476805,1.415039110703676,0.15705702913371897,-0.18128547376524445,1.122795204360849,intercept_restored,binance_fixed14_lagged,binance,five_year,fixed_survivor_14,lagged_liquidity,daily,baseline
const,0.014096981818433043,0.0005250759182392281,26.8475116240436,9.018179664604747e-159,0.013067851929534857,0.01512611170733123,standard_csad,binance_fixed14_lagged,binance,five_year,fixed_survivor_14,lagged_liquidity,daily,leave_one_out
abs_market_return,0.2401789290229023,0.028719294566787363,8.362981495397138,6.11528089871732e-17,0.18389014601060222,0.2964677120352024,standard_csad,binance_fixed14_lagged,binance,five_year,fixed_survivor_14,lagged_liquidity,daily,leave_one_out
market_return_sq,0.403004759253808,0.2963032701097429,1.3601090501112112,0.17379541759111228,-0.17773897866273153,0.9837484971703476,standard_csad,binance_fixed14_lagged,binance,five_year,fixed_survivor_14,lagged_liquidity,daily,leave_one_out
market_return,0.016464785602268935,0.021443177207891295,0.7678333039289409,0.44258622579233486,-0.025563069439308157,0.05849264064384603,no_intercept_csad,binance_fixed14_lagged,binance,five_year,fixed_survivor_14,lagged_liquidity,daily,leave_one_out
abs_market_return,0.704279406574168,0.03934399333419051,17.90055728690201,1.1674781420328272e-71,0.6271665966311706,0.7813922165171654,no_intercept_csad,binance_fixed14_lagged,binance,five_year,fixed_survivor_14,lagged_liquidity,daily,leave_one_out
market_return_sq,-1.728296990971217,0.5501900728359445,-3.141272582514516,0.0016821539217291854,-2.806649718381137,-0.6499442635612966,no_intercept_csad,binance_fixed14_lagged,binance,five_year,fixed_survivor_14,lagged_liquidity,daily,leave_one_out
const,0.0003913029026756717,0.00043006101012774774,0.9098776533111822,0.3628870360930678,-0.0004516011883296293,0.0012342069936809726,scsad,binance_fixed14_lagged,binance,five_year,fixed_survivor_14,lagged_liquidity,daily,leave_one_out
market_return,0.589720403444462,0.023397497555407678,25.204422056159785,3.582599349843501e-140,0.543862150907499,0.6355786559814249,scsad,binance_fixed14_lagged,binance,five_year,fixed_survivor_14,lagged_liquidity,daily,leave_one_out
market_return_sq,0.11904341627925444,0.4113788150732488,0.28937663272246517,0.7722931748126447,-0.6872442452670764,0.9253310778255852,scsad,binance_fixed14_lagged,binance,five_year,fixed_survivor_14,lagged_liquidity,daily,leave_one_out
market_return_cu,-3.107758390530132,1.6417874818829192,-1.892911491179073,0.058369640834698526,-6.32560272528936,0.11008594422909646,scsad,binance_fixed14_lagged,binance,five_year,fixed_survivor_14,lagged_liquidity,daily,leave_one_out
const,0.014139512866447204,0.000521165855242476,27.1305434233958,4.296438147941894e-162,0.013118046560199936,0.015160979172694471,intercept_restored,binance_fixed14_lagged,binance,five_year,fixed_survivor_14,lagged_liquidity,daily,leave_one_out
market_return,0.024285669019687615,0.021310721985020046,1.1395986037807049,0.2544535673067434,-0.017482578555497605,0.06605391659487284,intercept_restored,binance_fixed14_lagged,binance,five_year,fixed_survivor_14,lagged_liquidity,daily,leave_one_out
abs_market_return,0.23398594629733355,0.028447469839791153,8.225193580134976,1.9487585852445964e-16,0.17822992996005346,0.2897419626346136,intercept_restored,binance_fixed14_lagged,binance,five_year,fixed_survivor_14,lagged_liquidity,daily,leave_one_out
market_return_sq,0.49183556172313947,0.3514704998414566,1.3993651300607008,0.1617035179026184,-0.19703395959440628,1.180705083040685,intercept_restored,binance_fixed14_lagged,binance,five_year,fixed_survivor_14,lagged_liquidity,daily,leave_one_out
const,0.037106803300297336,0.0025848520305670163,14.355484515745198,9.84351763070201e-47,0.03204058641502076,0.042173020185573916,standard_csad,binance_fixed14_lagged,binance,five_year,fixed_survivor_14,lagged_liquidity,weekly,baseline
abs_market_return,0.24331248125496863,0.04618071770070008,5.2687028995930945,1.373911232885076e-07,0.15279993778138512,0.33382502472855213,standard_csad,binance_fixed14_lagged,binance,five_year,fixed_survivor_14,lagged_liquidity,weekly,baseline
market_return_sq,0.0040136127894892125,0.09520098654078536,0.04215936131890532,0.9663716587067787,-0.18257689212313252,0.19060411770211097,standard_csad,binance_fixed14_lagged,binance,five_year,fixed_survivor_14,lagged_liquidity,weekly,baseline
market_return,0.008682384537372427,0.020821311132845875,0.41699509132620655,0.6766819981339709,-0.032126635393908365,0.049491404468653216,no_intercept_csad,binance_fixed14_lagged,binance,five_year,fixed_survivor_14,lagged_liquidity,weekly,baseline
abs_market_return,0.7473003385553811,0.043951157906466184,17.002972712248766,7.805911932986218e-65,0.6611576519798745,0.8334430251308877,no_intercept_csad,binance_fixed14_lagged,binance,five_year,fixed_survivor_14,lagged_liquidity,weekly,baseline
market_return_sq,-1.0064248256345951,0.22499899475192903,-4.473019209460119,7.712284618671798e-06,-1.4474147519060927,-0.5654348993630975,no_intercept_csad,binance_fixed14_lagged,binance,five_year,fixed_survivor_14,lagged_liquidity,weekly,baseline
const,0.002413000763184697,0.0026554354839383133,0.9087024624699005,0.36350720400322145,-0.0027915571486040866,0.007617558674973481,scsad,binance_fixed14_lagged,binance,five_year,fixed_survivor_14,lagged_liquidity,weekly,baseline
market_return,0.630248950204695,0.03241029820100883,19.44594728181419,3.153956521313819e-84,0.5667259330025143,0.6937719674068756,scsad,binance_fixed14_lagged,binance,five_year,fixed_survivor_14,lagged_liquidity,weekly,baseline
market_return_sq,-0.08123771017203948,0.21618938668994464,-0.37577103768072256,0.7070871210254036,-0.5049611219241339,0.342485701580055,scsad,binance_fixed14_lagged,binance,five_year,fixed_survivor_14,lagged_liquidity,weekly,baseline
market_return_cu,-1.4578147904511136,0.4618408328456301,-3.1565307499313016,0.0015965805218749944,-2.363006189418532,-0.5526233914836953,scsad,binance_fixed14_lagged,binance,five_year,fixed_survivor_14,lagged_liquidity,weekly,baseline
const,0.03739429467216849,0.0025827207970057684,14.478643884201848,1.6532684994315074e-47,0.0323322549279146,0.04245633441642238,intercept_restored,binance_fixed14_lagged,binance,five_year,fixed_survivor_14,lagged_liquidity,weekly,baseline
market_return,0.027707295557962888,0.018860796469654263,1.4690416495688312,0.14182149277283776,-0.009259186242299666,0.06467377735822544,intercept_restored,binance_fixed14_lagged,binance,five_year,fixed_survivor_14,lagged_liquidity,weekly,baseline
abs_market_return,0.23022329992625376,0.04609340634934178,4.994712219387565,5.892356542272279e-07,0.139881883556774,0.3205647162957335,intercept_restored,binance_fixed14_lagged,binance,five_year,fixed_survivor_14,lagged_liquidity,weekly,baseline
market_return_sq,0.07848393088964861,0.10825659962453062,0.7249805661904828,0.46846395280770003,-0.13369510546320373,0.29066296724250096,intercept_restored,binance_fixed14_lagged,binance,five_year,fixed_survivor_14,lagged_liquidity,weekly,baseline
const,0.03892103828791652,0.0027672014298203984,14.0651265457183,6.221148026565717e-45,0.0334974231475008,0.04434465342833224,standard_csad,binance_fixed14_lagged,binance,five_year,fixed_survivor_14,lagged_liquidity,weekly,leave_one_out
abs_market_return,0.2676627718407283,0.04955257446848738,5.401591636998529,6.605218163475638e-08,0.170541510541254,0.3647840331402026,standard_csad,binance_fixed14_lagged,binance,five_year,fixed_survivor_14,lagged_liquidity,weekly,leave_one_out
market_return_sq,-0.015422559175322089,0.1009078770017435,-0.15283801060501567,0.8785260217359541,-0.21319836385513696,0.18235324550449278,standard_csad,binance_fixed14_lagged,binance,five_year,fixed_survivor_14,lagged_liquidity,weekly,leave_one_out
market_return,0.012284995018073452,0.021628371324198994,0.5680037037429783,0.5700324530214036,-0.030105833821615455,0.05467582385776236,no_intercept_csad,binance_fixed14_lagged,binance,five_year,fixed_survivor_14,lagged_liquidity,weekly,leave_one_out
abs_market_return,0.794430164513195,0.04615076946579221,17.21380106353462,2.0923608681914733e-66,0.7039763185014315,0.8848840105249586,no_intercept_csad,binance_fixed14_lagged,binance,five_year,fixed_survivor_14,lagged_liquidity,weekly,leave_one_out
market_return_sq,-1.0640018164438068,0.2365406922737314,-4.4981766402057985,6.853874225029836e-06,-1.527613054178492,-0.6003905787091214,no_intercept_csad,binance_fixed14_lagged,binance,five_year,fixed_survivor_14,lagged_liquidity,weekly,leave_one_out
const,0.002532128041139922,0.0027993069957887415,0.9045553220669396,0.36570101361832064,-0.0029544128522770285,0.008018668934556872,scsad,binance_fixed14_lagged,binance,five_year,fixed_survivor_14,lagged_liquidity,weekly,leave_one_out
market_return,0.6700983108972469,0.03402088238698637,19.69667639054454,2.3024761448116643e-86,0.6034186066964806,0.7367780150980132,scsad,binance_fixed14_lagged,binance,five_year,fixed_survivor_14,lagged_liquidity,weekly,leave_one_out
market_return_sq,-0.06132176907162258,0.22855602558253382,-0.26830081996450666,0.7884677751122842,-0.5092833476630041,0.38663980951975896,scsad,binance_fixed14_lagged,binance,five_year,fixed_survivor_14,lagged_liquidity,weekly,leave_one_out
market_return_cu,-1.5064144029673234,0.4881810906700257,-3.08576966981613,0.0020302602708771192,-2.4632317586140564,-0.5495970473205904,scsad,binance_fixed14_lagged,binance,five_year,fixed_survivor_14,lagged_liquidity,weekly,leave_one_out
const,0.0392520945831857,0.002756296833854603,14.240880772007694,5.1079188047630665e-46,0.0338498520581289,0.04465433710824251,intercept_restored,binance_fixed14_lagged,binance,five_year,fixed_survivor_14,lagged_liquidity,weekly,leave_one_out
market_return,0.03201289041923021,0.01966109336042599,1.6282355122562013,0.10347495747447873,-0.0065221444638843135,0.07054792530234473,intercept_restored,binance_fixed14_lagged,binance,five_year,fixed_survivor_14,lagged_liquidity,weekly,leave_one_out
abs_market_return,0.25258020421320465,0.04898682997901118,5.156083876450563,2.5216797467923214e-07,0.15656778173755573,0.3485926266888536,intercept_restored,binance_fixed14_lagged,binance,five_year,fixed_survivor_14,lagged_liquidity,weekly,leave_one_out
market_return_sq,0.0707184490030128,0.1133426059869332,0.6239352658890306,0.5326700988851849,-0.15142897664529018,0.29286587465131575,intercept_restored,binance_fixed14_lagged,binance,five_year,fixed_survivor_14,lagged_liquidity,weekly,leave_one_out
const,0.012135544726707822,0.0004516562474936167,26.868984529831696,5.061792063085835e-159,0.011250314748227824,0.01302077470518782,standard_csad,okx_listing14_equal,okx,five_year,listing_aware_survivor_14,equal,daily,baseline
abs_market_return,0.22066251399492082,0.015750228777256875,14.010114844398617,1.3518619218455168e-44,0.189792632843231,0.25153239514661063,standard_csad,okx_listing14_equal,okx,five_year,listing_aware_survivor_14,equal,daily,baseline
market_return_sq,-0.14981592770747013,0.06859198538068227,-2.184160829811221,0.028950432093369612,-0.2842537486817053,-0.015378106733234975,standard_csad,okx_listing14_equal,okx,five_year,listing_aware_survivor_14,equal,daily,baseline
market_return,0.04010689263014222,0.009199126990202372,4.359858568411817,1.3014653282774454e-05,0.022076935040135227,0.058136850220149215,no_intercept_csad,okx_listing14_equal,okx,five_year,listing_aware_survivor_14,equal,daily,baseline
abs_market_return,0.5563053938995204,0.02955292446262263,18.82403870395681,4.7983746619323414e-79,0.4983827263149473,0.6142280614840935,no_intercept_csad,okx_listing14_equal,okx,five_year,listing_aware_survivor_14,equal,daily,baseline
market_return_sq,-1.2505426468433092,0.32603029497018887,-3.835663943308258,0.00012522554007909586,-1.8895502828538497,-0.6115350108327686,no_intercept_csad,okx_listing14_equal,okx,five_year,listing_aware_survivor_14,equal,daily,baseline
const,0.0011568720637886224,0.0003964104271727357,2.918369408291361,0.00351867227233477,0.00037992190343392237,0.0019338222241433224,scsad,okx_listing14_equal,okx,five_year,listing_aware_survivor_14,equal,daily,baseline
market_return,0.46309525847024524,0.015456911335727887,29.960400781999923,3.220951967689968e-197,0.4328002689399897,0.4933902480005008,scsad,okx_listing14_equal,okx,five_year,listing_aware_survivor_14,equal,daily,baseline
market_return_sq,0.14098820196990214,0.21993988174549997,0.6410306346033433,0.5215027796020202,-0.2900860450152763,0.5720624489550805,scsad,okx_listing14_equal,okx,five_year,listing_aware_survivor_14,equal,daily,baseline
market_return_cu,-1.9845425097396356,0.6670058045618268,-2.975300209033912,0.0029270194461104983,-3.2918498641599783,-0.677235155319293,scsad,okx_listing14_equal,okx,five_year,listing_aware_survivor_14,equal,daily,baseline
const,0.012133335669212287,0.0004494437657520314,26.99633768177915,1.6317136107991664e-160,0.01125244207526225,0.013014229263162324,intercept_restored,okx_listing14_equal,okx,five_year,listing_aware_survivor_14,equal,daily,baseline
market_return,0.03992534511028979,0.009264449119619843,4.309521763764415,1.6360795807973426e-05,0.021767358499231088,0.0580833317213485,intercept_restored,okx_listing14_equal,okx,five_year,listing_aware_survivor_14,equal,daily,baseline
abs_market_return,0.21415899607070826,0.01520162594348419,14.087900653975922,4.507634287621821e-45,0.18436435671502954,0.24395363542638698,intercept_restored,okx_listing14_equal,okx,five_year,listing_aware_survivor_14,equal,daily,baseline
market_return_sq,-0.024289917852660884,0.08884035536345543,-0.27341085876219456,0.7845374065902847,-0.19841381473877334,0.14983397903345158,intercept_restored,okx_listing14_equal,okx,five_year,listing_aware_survivor_14,equal,daily,baseline
const,0.013092476036562004,0.0004888773768178407,26.78069523646695,5.423622184835875e-158,0.01213429398514262,0.014050658087981388,standard_csad,okx_listing14_equal,okx,five_year,listing_aware_survivor_14,equal,daily,leave_one_out
abs_market_return,0.2385453037103568,0.017031809353707482,14.005869767349779,1.4351191600213608e-44,0.2051635707855377,0.27192703663517587,standard_csad,okx_listing14_equal,okx,five_year,listing_aware_survivor_14,equal,daily,leave_one_out
market_return_sq,-0.16072723353041946,0.07410437648835072,-2.1689303809969434,0.030087969798318227,-0.3059691425443836,-0.01548532451645529,standard_csad,okx_listing14_equal,okx,five_year,listing_aware_survivor_14,equal,daily,leave_one_out
market_return,0.04327395888645491,0.009928473458284551,4.3585712414173905,1.3091430744200615e-05,0.023814508486755353,0.06273340928615447,no_intercept_csad,okx_listing14_equal,okx,five_year,listing_aware_survivor_14,equal,daily,leave_one_out
abs_market_return,0.6006540918110247,0.031884656739177994,18.838342740349347,3.662550794824811e-79,0.5381613129428136,0.6631468706792358,no_intercept_csad,okx_listing14_equal,okx,five_year,listing_aware_survivor_14,equal,daily,leave_one_out
market_return_sq,-1.3482360565863531,0.3516738213192767,-3.8337686084467464,0.000126194857689287,-2.0375040806777096,-0.6589680324949966,no_intercept_csad,okx_listing14_equal,okx,five_year,listing_aware_survivor_14,equal,daily,leave_one_out
const,0.0012495398414269746,0.00042782635261574055,2.9206705799847485,0.003492789294830983,0.00041101559866298955,0.0020880640841909595,scsad,okx_listing14_equal,okx,five_year,listing_aware_survivor_14,equal,daily,leave_one_out
market_return,0.5001524599701938,0.016676303210185373,29.991806557266003,1.2550919138737028e-197,0.46746750628296074,0.5328374136574268,scsad,okx_listing14_equal,okx,five_year,listing_aware_survivor_14,equal,daily,leave_one_out
market_return_sq,0.15173923301086464,0.2370773891749447,0.6400409315242327,0.5221459891463964,-0.3129239113208131,0.6164023773425423,scsad,okx_listing14_equal,okx,five_year,listing_aware_survivor_14,equal,daily,leave_one_out
market_return_cu,-2.139927141385233,0.7192568290592175,-2.975191968888556,0.002928052496876329,-3.549644621975782,-0.7302096607946844,scsad,okx_listing14_equal,okx,five_year,listing_aware_survivor_14,equal,daily,leave_one_out
const,0.013090092538312297,0.00048651649076948396,26.905753014884965,1.8808974373434847e-159,0.012136537738519295,0.014043647338105298,intercept_restored,okx_listing14_equal,okx,five_year,listing_aware_survivor_14,equal,daily,leave_one_out
market_return,0.043078095696005146,0.009996865167842378,4.309160419065918,1.638754718760676e-05,0.023484600008731125,0.06267159138327917,intercept_restored,okx_listing14_equal,okx,five_year,listing_aware_survivor_14,equal,daily,leave_one_out
abs_market_return,0.2315282280476165,0.016451155652081103,14.073675609429161,5.5127997090108705e-45,0.199284555465475,0.263771900629758,intercept_restored,okx_listing14_equal,okx,five_year,listing_aware_survivor_14,equal,daily,leave_one_out
market_return_sq,-0.025288918597243668,0.09596259050511487,-0.2635289279304705,0.7921429300241104,-0.21337213985043416,0.16279430265594683,intercept_restored,okx_listing14_equal,okx,five_year,listing_aware_survivor_14,equal,daily,leave_one_out
const,0.03100470479963695,0.003119925771104763,9.937641814041688,2.855057862081011e-23,0.02488976265383326,0.03711964694544064,standard_csad,okx_listing14_equal,okx,five_year,listing_aware_survivor_14,equal,weekly,baseline
abs_market_return,0.27594223499833903,0.05071724537394087,5.4407969708094885,5.304273788028524e-08,0.17653826067033423,0.3753462093263438,standard_csad,okx_listing14_equal,okx,five_year,listing_aware_survivor_14,equal,weekly,baseline
market_return_sq,-0.19145967881191764,0.08982644585526403,-2.131439989515044,0.03305291135939647,-0.36751627754747235,-0.01540308007636293,standard_csad,okx_listing14_equal,okx,five_year,listing_aware_survivor_14,equal,weekly,baseline
market_return,0.06080447676560573,0.014614534317519865,4.160548358541503,3.174843807767296e-05,0.03216051585244213,0.08944843767876932,no_intercept_csad,okx_listing14_equal,okx,five_year,listing_aware_survivor_14,equal,weekly,baseline
abs_market_return,0.6225111826267239,0.027247865603251178,22.84623653430112,1.5928729156304914e-115,0.5691063473887639,0.6759160178646839,no_intercept_csad,okx_listing14_equal,okx,five_year,listing_aware_survivor_14,equal,weekly,baseline
market_return_sq,-0.6683465285164938,0.09753102261025588,-6.852655807652875,7.249136122683964e-12,-0.859503820207957,-0.47718923682503056,no_intercept_csad,okx_listing14_equal,okx,five_year,listing_aware_survivor_14,equal,weekly,baseline
const,0.0013509657604076578,0.002081392388660744,0.6490682716856319,0.5162942487916335,-0.0027284883590631944,0.00543041987987851,scsad,okx_listing14_equal,okx,five_year,listing_aware_survivor_14,equal,weekly,baseline
market_return,0.5264240060087322,0.020771965382762454,25.343004203424265,1.073282854863526e-141,0.48571170197040503,0.5671363100470593,scsad,okx_listing14_equal,okx,five_year,listing_aware_survivor_14,equal,weekly,baseline
market_return_sq,0.28789333523000865,0.1342822065301917,2.1439425421213896,0.0320374909177851,0.024705046666263664,0.5510816237937537,scsad,okx_listing14_equal,okx,five_year,listing_aware_survivor_14,equal,weekly,baseline
market_return_cu,-0.4317841933702518,0.22887574090693608,-1.886544164354321,0.05922166285237538,-0.8803724024827673,0.016804015742263645,scsad,okx_listing14_equal,okx,five_year,listing_aware_survivor_14,equal,weekly,baseline
const,0.03176774118766331,0.0030569715951106837,10.39189936814349,2.6992348111428516e-25,0.025776186959484408,0.03775929541584221,intercept_restored,okx_listing14_equal,okx,five_year,listing_aware_survivor_14,equal,weekly,baseline
market_return,0.07280347484675484,0.015014223527674193,4.8489670286687545,1.2410604519050988e-06,0.043376137476679504,0.10223081221683017,intercept_restored,okx_listing14_equal,okx,five_year,listing_aware_survivor_14,equal,weekly,baseline
abs_market_return,0.24649220723683002,0.043869071276493615,5.6188152624263115,1.9227130180505314e-08,0.16051040749968196,0.3324740069739781,intercept_restored,okx_listing14_equal,okx,five_year,listing_aware_survivor_14,equal,weekly,baseline
market_return_sq,-0.031771335476419964,0.08737674242763512,-0.3636131834822383,0.7161468807472557,-0.2030266037210177,0.13948393276817775,intercept_restored,okx_listing14_equal,okx,five_year,listing_aware_survivor_14,equal,weekly,baseline
const,0.03344249742592876,0.0033793790010265066,9.896048183932729,4.330498574157393e-23,0.02681903629380586,0.04006595855805166,standard_csad,okx_listing14_equal,okx,five_year,listing_aware_survivor_14,equal,weekly,leave_one_out
abs_market_return,0.2983149944487753,0.05491520665261646,5.432283927034296,5.5637303095857e-08,0.19068316720607265,0.40594682169147794,standard_csad,okx_listing14_equal,okx,five_year,listing_aware_survivor_14,equal,weekly,leave_one_out
market_return_sq,-0.2062046417874793,0.09727083454786402,-2.1199020523054344,0.03401430629884916,-0.3968519742474472,-0.015557309327511398,standard_csad,okx_listing14_equal,okx,five_year,listing_aware_survivor_14,equal,weekly,leave_one_out
market_return,0.06557261554866994,0.01583625510454927,4.140664261579933,3.46301517257358e-05,0.03453412589376478,0.0966111052035751,no_intercept_csad,okx_listing14_equal,okx,five_year,listing_aware_survivor_14,equal,weekly,leave_one_out
abs_market_return,0.6721370367844657,0.02951554532591562,22.772306232617943,8.628446397822257e-115,0.6142876309616115,0.7299864426073198,no_intercept_csad,okx_listing14_equal,okx,five_year,listing_aware_survivor_14,equal,weekly,leave_one_out
market_return_sq,-0.7206127566617876,0.10524061349781606,-6.847287684015084,7.526327143291646e-12,-0.926880568828407,-0.5143449444951682,no_intercept_csad,okx_listing14_equal,okx,five_year,listing_aware_survivor_14,equal,weekly,leave_one_out
const,0.001459773466055566,0.002248398446274531,0.6492503446061031,0.51617657550681,-0.002947006511538331,0.005866553443649463,scsad,okx_listing14_equal,okx,five_year,listing_aware_survivor_14,equal,weekly,leave_one_out
market_return,0.5685359572176019,0.022530080806836862,25.234528100097933,1.6747098900916443e-140,0.5243778102674245,0.6126941041677793,scsad,okx_listing14_equal,okx,five_year,listing_aware_survivor_14,equal,weekly,leave_one_out
market_return_sq,0.31029085007138296,0.14512730852369454,2.138059702393796,0.0325118980034845,0.025846552191708838,0.5947351479510571,scsad,okx_listing14_equal,okx,five_year,listing_aware_survivor_14,equal,weekly,leave_one_out
market_return_cu,-0.4657192203144252,0.24740538228770131,-1.8824134544205362,0.0597799005413764,-0.9506248591796835,0.019186418550833195,scsad,okx_listing14_equal,okx,five_year,listing_aware_survivor_14,equal,weekly,leave_one_out
const,0.03426539501812506,0.0033118936831647602,10.34616394611494,4.355906201628626e-25,0.027774202678496424,0.0407565873577537,intercept_restored,okx_listing14_equal,okx,five_year,listing_aware_survivor_14,equal,weekly,leave_one_out
market_return,0.07851500281641702,0.016264131237649578,4.8274944212614255,1.3826156070826402e-06,0.04663789135079099,0.11039211428204304,intercept_restored,okx_listing14_equal,okx,five_year,listing_aware_survivor_14,equal,weekly,leave_one_out
abs_market_return,0.2665545734317076,0.047556959464256386,5.604954068437636,2.0831019802695963e-08,0.1733446456675338,0.3597645011958813,intercept_restored,okx_listing14_equal,okx,five_year,listing_aware_survivor_14,equal,weekly,leave_one_out
market_return_sq,-0.03398853873571117,0.09465898808207082,-0.3590629841325007,0.7195479720007589,-0.2195167461895762,0.15153966871815386,intercept_restored,okx_listing14_equal,okx,five_year,listing_aware_survivor_14,equal,weekly,leave_one_out
const,0.01419443387243144,0.0011264299897404879,12.601257070314347,2.0780587870284707e-36,0.011986671661434262,0.01640219608342862,standard_csad,okx_listing14_lagged,okx,five_year,listing_aware_survivor_14,lagged_liquidity,daily,baseline
abs_market_return,0.14422134716073198,0.0889571619413775,1.6212449229863406,0.10496512188035827,-0.030131486411265118,0.3185741807327291,standard_csad,okx_listing14_lagged,okx,five_year,listing_aware_survivor_14,lagged_liquidity,daily,baseline
market_return_sq,1.2455440202894916,1.0395532748748169,1.1981531398085203,0.23085740442917968,-0.7919429584758166,3.2830309990548,standard_csad,okx_listing14_lagged,okx,five_year,listing_aware_survivor_14,lagged_liquidity,daily,baseline
market_return,0.05517799712676026,0.0368646725423372,1.4967716602769534,0.13445268273301433,-0.017075433358083272,0.1274314276116038,no_intercept_csad,okx_listing14_lagged,okx,five_year,listing_aware_survivor_14,lagged_liquidity,daily,baseline
abs_market_return,0.5774754826284432,0.049029292166318655,11.778172947500716,5.0577493222016e-32,0.4813798357949668,0.6735711294619195,no_intercept_csad,okx_listing14_lagged,okx,five_year,listing_aware_survivor_14,lagged_liquidity,daily,baseline
market_return_sq,-0.48348280770512553,0.8596364637143524,-0.5624270585452753,0.5738250876434596,-2.1683393163826294,1.2013737009723782,no_intercept_csad,okx_listing14_lagged,okx,five_year,listing_aware_survivor_14,lagged_liquidity,daily,baseline
const,-0.0005174778999882918,0.0004376708103695563,-1.182345013027825,0.2370688317697811,-0.0013752969253970817,0.0003403411254204982,scsad,okx_listing14_lagged,okx,five_year,listing_aware_survivor_14,lagged_liquidity,daily,baseline
market_return,0.5265390301537494,0.019551704833996323,26.930594269109882,9.628549660139162e-160,0.4882183928427589,0.5648596674647398,scsad,okx_listing14_lagged,okx,five_year,listing_aware_survivor_14,lagged_liquidity,daily,baseline
market_return_sq,0.8445497923242188,0.32223788328885866,2.620889212976713,0.00877007569462234,0.21297514662363448,1.476124438024803,scsad,okx_listing14_lagged,okx,five_year,listing_aware_survivor_14,lagged_liquidity,daily,baseline
market_return_cu,0.7991676045238332,1.569743663216306,0.5091070747732079,0.6106771730832683,-2.2774734403400982,3.875808649387765,scsad,okx_listing14_lagged,okx,five_year,listing_aware_survivor_14,lagged_liquidity,daily,baseline
const,0.014186344309576942,0.0010315756644162938,13.752112228824375,4.946401530151476e-43,0.01216449315999303,0.016208195459160857,intercept_restored,okx_listing14_lagged,okx,five_year,listing_aware_survivor_14,lagged_liquidity,daily,baseline
market_return,0.05459864518274128,0.03088033492860639,1.7680716646684793,0.07704892374862578,-0.005925699107861504,0.11512298947334407,intercept_restored,okx_listing14_lagged,okx,five_year,listing_aware_survivor_14,lagged_liquidity,daily,baseline
abs_market_return,0.1395342414846249,0.0814042513911756,1.7140903466345336,0.0865121344258719,-0.02001515943052387,0.2990836423997737,intercept_restored,okx_listing14_lagged,okx,five_year,listing_aware_survivor_14,lagged_liquidity,daily,baseline
market_return_sq,1.3361515142362899,0.9705397565697118,1.3767097176511356,0.1686020131020456,-0.5660714542046166,3.2383744826771963,intercept_restored,okx_listing14_lagged,okx,five_year,listing_aware_survivor_14,lagged_liquidity,daily,baseline
const,0.0149604647562805,0.0012386472529589108,12.07806719834285,1.3792372605309662e-33,0.01253276075093156,0.01738816876162944,standard_csad,okx_listing14_lagged,okx,five_year,listing_aware_survivor_14,lagged_liquidity,daily,leave_one_out
abs_market_return,0.16577375618826456,0.09867887965570663,1.6799314784141637,0.09297064836555335,-0.027633293971682682,0.3591808063482118,standard_csad,okx_listing14_lagged,okx,five_year,listing_aware_survivor_14,lagged_liquidity,daily,leave_one_out
market_return_sq,1.331079704198265,1.1687252834732602,1.1389158111156061,0.25473827027190166,-0.9595797592306905,3.6217391676272204,standard_csad,okx_listing14_lagged,okx,five_year,listing_aware_survivor_14,lagged_liquidity,daily,leave_one_out
market_return,0.06179492632962058,0.04186657732377066,1.4759966130437696,0.13994480147236335,-0.02026205738093123,0.1438519100401724,no_intercept_csad,okx_listing14_lagged,okx,five_year,listing_aware_survivor_14,lagged_liquidity,daily,leave_one_out
abs_market_return,0.6228163945578448,0.05236424866659519,11.893924011463168,1.2728285813699287e-32,0.5201843530938186,0.7254484360218709,no_intercept_csad,okx_listing14_lagged,okx,five_year,listing_aware_survivor_14,lagged_liquidity,daily,leave_one_out
market_return_sq,-0.4999452855909945,0.9456553503690609,-0.5286759974401677,0.5970302305800311,-2.3533957141019597,1.353505142919971,no_intercept_csad,okx_listing14_lagged,okx,five_year,listing_aware_survivor_14,lagged_liquidity,daily,leave_one_out
const,-0.0005884919876253992,0.0005294304123170738,-1.111556823964532,0.2663287452119998,-0.001626156528087055,0.00044917255283625644,scsad,okx_listing14_lagged,okx,five_year,listing_aware_survivor_14,lagged_liquidity,daily,leave_one_out
market_return,0.5681991132602241,0.02135823435568756,26.603281141959958,6.219918685216958e-156,0.5263377431497105,0.6100604833707377,scsad,okx_listing14_lagged,okx,five_year,listing_aware_survivor_14,lagged_liquidity,daily,leave_one_out
market_return_sq,0.9801260605558603,0.4182725190851761,2.343271469757423,0.019115468799145125,0.16032698742607276,1.7999251336856479,scsad,okx_listing14_lagged,okx,five_year,listing_aware_survivor_14,lagged_liquidity,daily,leave_one_out
market_return_cu,1.1442923566083503,1.9479750688727715,0.5874265923077313,0.5569172384715946,-2.6736686211642136,4.962253334380914,scsad,okx_listing14_lagged,okx,five_year,listing_aware_survivor_14,lagged_liquidity,daily,leave_one_out
const,0.014972245987837663,0.0011447556002968234,13.078989073262024,4.3417600031490385e-39,0.01272856624015536,0.017215925735519964,intercept_restored,okx_listing14_lagged,okx,five_year,listing_aware_survivor_14,lagged_liquidity,daily,leave_one_out
market_return,0.06257345601668629,0.03620812263023513,1.728160740497358,0.08395941015769609,-0.00839316028638426,0.13354007231975684,intercept_restored,okx_listing14_lagged,okx,five_year,listing_aware_survivor_14,lagged_liquidity,daily,leave_one_out
abs_market_return,0.1588125926178436,0.09148609229329904,1.7359206042892263,0.08257787405054247,-0.020496853363329903,0.3381220385990171,intercept_restored,okx_listing14_lagged,okx,five_year,listing_aware_survivor_14,lagged_liquidity,daily,leave_one_out
market_return_sq,1.4492824461376344,1.1063472603521574,1.3099706557562392,0.1902057627488466,-0.7191183385471527,3.617683230822421,intercept_restored,okx_listing14_lagged,okx,five_year,listing_aware_survivor_14,lagged_liquidity,daily,leave_one_out
const,0.035634502066480736,0.0038834602278768767,9.175966786188111,4.4754028315183516e-20,0.028023059884448347,0.04324594424851313,standard_csad,okx_listing14_lagged,okx,five_year,listing_aware_survivor_14,lagged_liquidity,weekly,baseline
abs_market_return,0.26313864994719444,0.07324007816358934,3.592823172026754,0.00032711457844712157,0.11959073452166089,0.40668656537272796,standard_csad,okx_listing14_lagged,okx,five_year,listing_aware_survivor_14,lagged_liquidity,weekly,baseline
market_return_sq,-0.03760927006910377,0.15565384937708204,-0.2416212012720145,0.809073692528955,-0.34268520890320686,0.26746666876499936,standard_csad,okx_listing14_lagged,okx,five_year,listing_aware_survivor_14,lagged_liquidity,weekly,baseline
market_return,0.032217214960586944,0.025595538077410107,1.2587043438254943,0.20813714186193744,-0.017949117836060444,0.08238354775723433,no_intercept_csad,okx_listing14_lagged,okx,five_year,listing_aware_survivor_14,lagged_liquidity,weekly,baseline
abs_market_return,0.7206853335272073,0.034557940404310206,20.85440639967423,1.3901239186739205e-96,0.6529530149548778,0.7884176520995368,no_intercept_csad,okx_listing14_lagged,okx,five_year,listing_aware_survivor_14,lagged_liquidity,weekly,baseline
market_return_sq,-0.8858145089818203,0.14320278601569914,-6.185735163593184,6.181370951173482e-10,-1.1664868120583867,-0.6051422059052539,no_intercept_csad,okx_listing14_lagged,okx,five_year,listing_aware_survivor_14,lagged_liquidity,weekly,baseline
const,0.0013052968983058208,0.0028065751573797307,0.4650853175528246,0.641870359975756,-0.004195489330063286,0.006806083126674927,scsad,okx_listing14_lagged,okx,five_year,listing_aware_survivor_14,lagged_liquidity,weekly,baseline
market_return,0.6098186907797012,0.02799034008978478,21.78675531714092,3.098418374950612e-105,0.5549586322886954,0.664678749270707,scsad,okx_listing14_lagged,okx,five_year,listing_aware_survivor_14,lagged_liquidity,weekly,baseline
market_return_sq,0.16714372906768696,0.22621074023256998,0.7388850277216921,0.45997681464810947,-0.27622117470429597,0.6105086328396699,scsad,okx_listing14_lagged,okx,five_year,listing_aware_survivor_14,lagged_liquidity,weekly,baseline
market_return_cu,-0.9382589070280872,0.40543842452254825,-2.3141834870066846,0.020657659372631546,-1.7329036170409429,-0.1436141970152316,scsad,okx_listing14_lagged,okx,five_year,listing_aware_survivor_14,lagged_liquidity,weekly,baseline
const,0.036255193465143616,0.003770891306184133,9.61448912772594,6.94532589284541e-22,0.028864382315407514,0.04364600461487972,intercept_restored,okx_listing14_lagged,okx,five_year,listing_aware_survivor_14,lagged_liquidity,weekly,baseline
market_return,0.051684082069400235,0.026142390735570873,1.977022017312129,0.048039141517921095,0.00044593775790775086,0.10292222638089271,intercept_restored,okx_listing14_lagged,okx,five_year,listing_aware_survivor_14,lagged_liquidity,weekly,baseline
abs_market_return,0.2373007849420526,0.06726293472346333,3.5279576473679337,0.0004187791556105116,0.10546785538959585,0.3691337144945093,intercept_restored,okx_listing14_lagged,okx,five_year,listing_aware_survivor_14,lagged_liquidity,weekly,baseline
market_return_sq,0.09837885868293718,0.16319141784601798,0.6028433356450411,0.5466129147330587,-0.22147044288128515,0.4182281602471595,intercept_restored,okx_listing14_lagged,okx,five_year,listing_aware_survivor_14,lagged_liquidity,weekly,baseline
const,0.03749078399813093,0.004274951072434247,8.769874406254408,1.788656851709053e-18,0.029112033860488926,0.04586953413577294,standard_csad,okx_listing14_lagged,okx,five_year,listing_aware_survivor_14,lagged_liquidity,weekly,leave_one_out
abs_market_return,0.2901236226116613,0.08091631772226746,3.5854773274219554,0.0003364622350149862,0.131530554114417,0.4487166911089056,standard_csad,okx_listing14_lagged,okx,five_year,listing_aware_survivor_14,lagged_liquidity,weekly,leave_one_out
market_return_sq,-0.04324771872755895,0.17116826721191467,-0.2526620116684138,0.8005294058470453,-0.3787313577590399,0.292235920303922,standard_csad,okx_listing14_lagged,okx,five_year,listing_aware_survivor_14,lagged_liquidity,weekly,leave_one_out
market_return,0.039419582875071475,0.028290572199506817,1.393382311148824,0.1635042118681952,-0.01602891973799199,0.09486808548813494,no_intercept_csad,okx_listing14_lagged,okx,five_year,listing_aware_survivor_14,lagged_liquidity,weekly,leave_one_out
abs_market_return,0.7688632562387125,0.03620914863110692,21.23395012878568,4.639431661982986e-100,0.6978946290108852,0.8398318834665399,no_intercept_csad,okx_listing14_lagged,okx,five_year,listing_aware_survivor_14,lagged_liquidity,weekly,leave_one_out
market_return_sq,-0.9197038360477003,0.1489439735307892,-6.174830805474532,6.623436204934983e-10,-1.2116286598823343,-0.6277790122130664,no_intercept_csad,okx_listing14_lagged,okx,five_year,listing_aware_survivor_14,lagged_liquidity,weekly,leave_one_out
const,0.00022821787473473152,0.002917761462046772,0.07821676915790081,0.9376556230237179,-0.005490489506355873,0.005946925255825337,scsad,okx_listing14_lagged,okx,five_year,listing_aware_survivor_14,lagged_liquidity,weekly,leave_one_out
market_return,0.6509969138489077,0.029521767282527405,22.051420825141562,9.257142601231643e-108,0.5931353132151811,0.7088585144826343,scsad,okx_listing14_lagged,okx,five_year,listing_aware_survivor_14,lagged_liquidity,weekly,leave_one_out
market_return_sq,0.2642919336621736,0.24786420202508638,1.0662771449159267,0.2862983779137631,-0.2215129753637557,0.7500968426881028,scsad,okx_listing14_lagged,okx,five_year,listing_aware_survivor_14,lagged_liquidity,weekly,leave_one_out
market_return_cu,-0.8332653580521958,0.4427011542212479,-1.8822299199060963,0.059804804927147376,-1.7009436762401537,0.03441296013576223,scsad,okx_listing14_lagged,okx,five_year,listing_aware_survivor_14,lagged_liquidity,weekly,leave_one_out
const,0.03821377340069938,0.004123959268510623,9.266282936519003,1.9274602615944307e-20,0.030130961760708414,0.046296585040690355,intercept_restored,okx_listing14_lagged,okx,five_year,listing_aware_survivor_14,lagged_liquidity,weekly,leave_one_out
market_return,0.05988114223529585,0.029061987074351814,2.0604627647138067,0.039354321987302675,0.002920694250397725,0.11684159022019397,intercept_restored,okx_listing14_lagged,okx,five_year,listing_aware_survivor_14,lagged_liquidity,weekly,leave_one_out
abs_market_return,0.26023043599302437,0.07326109474264188,3.5520959235892544,0.000382175509789667,0.11664132882946959,0.40381954315657914,intercept_restored,okx_listing14_lagged,okx,five_year,listing_aware_survivor_14,lagged_liquidity,weekly,leave_one_out
market_return_sq,0.11390964459620243,0.17694470693738018,0.6437584179136506,0.5197321018098747,-0.2328956082560574,0.4607148974484623,intercept_restored,okx_listing14_lagged,okx,five_year,listing_aware_survivor_14,lagged_liquidity,weekly,leave_one_out
const,0.020719316109336763,0.000825763768882901,25.09109371238944,6.2211180154224614e-139,0.01910084886258822,0.022337783356085307,standard_csad,binance_pit50_equal,binance_archive,five_year,point_in_time_top50,equal,daily,baseline
abs_market_return,0.14755100830844278,0.03946875620051762,3.7384255931152883,0.00018517628032049889,0.07019366764083632,0.22490834897604925,standard_csad,binance_pit50_equal,binance_archive,five_year,point_in_time_top50,equal,daily,baseline
market_return_sq,0.19637586800061652,0.3738529820069818,0.5252756496588521,0.5993915823881213,-0.5363625122459688,0.9291142482472017,standard_csad,binance_pit50_equal,binance_archive,five_year,point_in_time_top50,equal,daily,baseline
market_return,0.03454833425409008,0.010984652642332556,3.145145811980255,0.0016600406912331063,0.013018810692435531,0.05607785781574463,no_intercept_csad,binance_pit50_equal,binance_archive,five_year,point_in_time_top50,equal,daily,baseline
abs_market_return,0.6493942705877385,0.021868779536774074,29.695039428045394,8.898854047596459e-194,0.6065322503098147,0.6922562908656622,no_intercept_csad,binance_pit50_equal,binance_archive,five_year,point_in_time_top50,equal,daily,baseline
market_return_sq,-1.2549923431773673,0.3077968001679105,-4.077340448285164,4.555376851143034e-05,-1.8582629860631439,-0.6517217002915907,no_intercept_csad,binance_pit50_equal,binance_archive,five_year,point_in_time_top50,equal,daily,baseline
const,0.00220333026967312,0.0005667011367386966,3.887993382813816,0.0001010763815965675,0.0010926164516673663,0.003314044087678874,scsad,binance_pit50_equal,binance_archive,five_year,point_in_time_top50,equal,daily,baseline
market_return,0.5447495046364116,0.015657849710980682,34.790824710393316,3.347916155604955e-265,0.5140606831275486,0.5754383261452746,scsad,binance_pit50_equal,binance_archive,five_year,point_in_time_top50,equal,daily,baseline
market_return_sq,-0.12660853899680646,0.20641114682438835,-0.6133803379549225,0.539624883786846,-0.5311669527802168,0.2779498747866039,scsad,binance_pit50_equal,binance_archive,five_year,point_in_time_top50,equal,daily,baseline
market_return_cu,-2.459780956026999,0.3155256730756493,-7.795818742892756,6.399218842796319e-15,-3.0781999114530314,-1.841362000600967,scsad,binance_pit50_equal,binance_archive,five_year,point_in_time_top50,equal,daily,baseline
const,0.020655856219976915,0.0008226874336713199,25.107781369405654,4.089554595302178e-139,0.019043418479447443,0.022268293960506388,intercept_restored,binance_pit50_equal,binance_archive,five_year,point_in_time_top50,equal,daily,baseline
market_return,0.02353433364733554,0.009164770153797656,2.567913133924421,0.01023127911215057,0.005571714219304521,0.04149695307536656,intercept_restored,binance_pit50_equal,binance_archive,five_year,point_in_time_top50,equal,daily,baseline
abs_market_return,0.14757021681145824,0.04002866880732541,3.686613150234271,0.00022725842068898152,0.06911546760001855,0.22602496602289793,intercept_restored,binance_pit50_equal,binance_archive,five_year,point_in_time_top50,equal,daily,baseline
market_return_sq,0.25449993337003113,0.37650269829124783,0.6759577939947721,0.4990674422576922,-0.4834317953629647,0.9924316621030269,intercept_restored,binance_pit50_equal,binance_archive,five_year,point_in_time_top50,equal,daily,baseline
const,0.02114302801950743,0.0008426301499182709,25.09170603681598,6.1261177646127525e-139,0.019491503273380034,0.02279455276563483,standard_csad,binance_pit50_equal,binance_archive,five_year,point_in_time_top50,equal,daily,leave_one_out
abs_market_return,0.15058280380549333,0.04027347796401235,3.7390066966665105,0.00018474880614721836,0.07164823746386162,0.22951737014712503,standard_csad,binance_pit50_equal,binance_archive,five_year,point_in_time_top50,equal,daily,leave_one_out
market_return_sq,0.20032710301839313,0.38147555100553787,0.5251374629130163,0.5994876347697337,-0.5473512379350336,0.9480054439718197,standard_csad,binance_pit50_equal,binance_archive,five_year,point_in_time_top50,equal,daily,leave_one_out
market_return,0.03525491751709742,0.011208705360514656,3.1453157508530194,0.0016590766207537839,0.013286258697167649,0.05722357633702718,no_intercept_csad,binance_pit50_equal,binance_archive,five_year,point_in_time_top50,equal,daily,leave_one_out
abs_market_return,0.6626888023959568,0.022316051243707957,29.69561214745834,8.748621780629834e-194,0.6189501456811389,0.7064274591107748,no_intercept_csad,binance_pit50_equal,binance_archive,five_year,point_in_time_top50,equal,daily,leave_one_out
market_return_sq,-1.2807215428297571,0.3140820557763953,-4.077665435753332,4.5490160750117725e-05,-1.8963110603417923,-0.6651320253177219,no_intercept_csad,binance_pit50_equal,binance_archive,five_year,point_in_time_top50,equal,daily,leave_one_out
const,0.0022483551022989116,0.0005783034717795799,3.8878464543541096,0.00010113756947420162,0.0011149011254764595,0.0033818090791213635,scsad,binance_pit50_equal,binance_archive,five_year,point_in_time_top50,equal,daily,leave_one_out
market_return,0.5558995585422536,0.01597859833051359,34.79025800909445,3.41463366965623e-265,0.5245820812910151,0.587217035793492,scsad,binance_pit50_equal,binance_archive,five_year,point_in_time_top50,equal,daily,leave_one_out
market_return_sq,-0.12918212551072542,0.21062731111027388,-0.6133208691207768,0.5396641970342162,-0.5420040694473754,0.28363981842592456,scsad,binance_pit50_equal,binance_archive,five_year,point_in_time_top50,equal,daily,leave_one_out
market_return_cu,-2.510179974944111,0.3219891787259571,-7.795851975138919,6.3975347517698524e-15,-3.1412671686586178,-1.8790927812296045,scsad,binance_pit50_equal,binance_archive,five_year,point_in_time_top50,equal,daily,leave_one_out
const,0.021078270189580084,0.0008394899248692157,25.108425444014557,4.0238493733241136e-139,0.019432900171452185,0.022723640207707983,intercept_restored,binance_pit50_equal,binance_archive,five_year,point_in_time_top50,equal,daily,leave_one_out
market_return,0.024015679686188913,0.00935196651408154,2.5679817875767386,0.01022925302605419,0.005686162133964501,0.042345197238413325,intercept_restored,binance_pit50_equal,binance_archive,five_year,point_in_time_top50,equal,daily,leave_one_out
abs_market_return,0.15060240517864384,0.040844822829277976,3.687184684534622,0.00022674879486204395,0.07054802347833962,0.23065678687894808,intercept_restored,binance_pit50_equal,binance_archive,five_year,point_in_time_top50,equal,daily,leave_one_out
market_return_sq,0.25963997572974656,0.38418069685200357,0.6758277494347059,0.4991500142287094,-0.4933403536556809,1.012620305115174,intercept_restored,binance_pit50_equal,binance_archive,five_year,point_in_time_top50,equal,daily,leave_one_out
const,0.06336858113421878,0.004964577261853342,12.764144415905909,2.5999164915820394e-37,0.05363818850251975,0.07309897376591781,standard_csad,binance_pit50_equal,binance_archive,five_year,point_in_time_top50,equal,weekly,baseline
abs_market_return,0.048306174727699304,0.12240071491655898,0.39465598514379435,0.6930967901118797,-0.19159481819071086,0.2882071676461095,standard_csad,binance_pit50_equal,binance_archive,five_year,point_in_time_top50,equal,weekly,baseline
market_return_sq,0.41038928046441797,0.5091672081024158,0.8060010030769121,0.42024227072786713,-0.5875601095251277,1.4083386704539638,standard_csad,binance_pit50_equal,binance_archive,five_year,point_in_time_top50,equal,weekly,baseline
market_return,0.05592273741460347,0.021596580957150092,2.5894254986731515,0.009613622282235914,0.013594216549385724,0.09825125827982122,no_intercept_csad,binance_pit50_equal,binance_archive,five_year,point_in_time_top50,equal,weekly,baseline
abs_market_return,0.6958274581742759,0.0656003649784712,10.607066872305259,2.762864544705029e-26,0.5672531054437897,0.8244018109047622,no_intercept_csad,binance_pit50_equal,binance_archive,five_year,point_in_time_top50,equal,weekly,baseline
market_return_sq,-0.4715079749417496,0.3879902738373246,-1.2152572029149424,0.22426800924928125,-1.231954938014739,0.2889389881312398,no_intercept_csad,binance_pit50_equal,binance_archive,five_year,point_in_time_top50,equal,weekly,baseline
const,0.003927938529379719,0.004951478027029891,0.7932860668950327,0.42761117268319904,-0.005776780073840312,0.01363265713259975,scsad,binance_pit50_equal,binance_archive,five_year,point_in_time_top50,equal,weekly,baseline
market_return,0.6079426336153945,0.028743238004961032,21.150805400228904,2.7127078224603685e-99,0.5516069223266079,0.664278344904181,scsad,binance_pit50_equal,binance_archive,five_year,point_in_time_top50,equal,weekly,baseline
market_return_sq,0.0912226247444443,0.2921943458480963,0.3121984598287484,0.7548897025322132,-0.4814677696040651,0.6639130190929537,scsad,binance_pit50_equal,binance_archive,five_year,point_in_time_top50,equal,weekly,baseline
market_return_cu,-0.38839198207464704,0.5833501822846893,-0.6657955956292171,0.5055417604564749,-1.5317373297275134,0.7549533655782192,scsad,binance_pit50_equal,binance_archive,five_year,point_in_time_top50,equal,weekly,baseline
const,0.06322308349110406,0.004934680435015207,12.81199143970692,1.404822856258784e-37,0.0535512875632598,0.07289487941894832,intercept_restored,binance_pit50_equal,binance_archive,five_year,point_in_time_top50,equal,weekly,baseline
market_return,0.0506629045922757,0.016173631397253273,3.132438433144931,0.00173360782136955,0.018963169554433057,0.08236263963011835,intercept_restored,binance_pit50_equal,binance_archive,five_year,point_in_time_top50,equal,weekly,baseline
abs_market_return,0.045811261620170476,0.12208212640713839,0.3752495387194681,0.7074748908515252,-0.19346530929388706,0.285087832534228,intercept_restored,binance_pit50_equal,binance_archive,five_year,point_in_time_top50,equal,weekly,baseline
market_return_sq,0.4945878321437653,0.5203124302186783,0.9505593243964949,0.34182812526829276,-0.5252057917933544,1.514381456080885,intercept_restored,binance_pit50_equal,binance_archive,five_year,point_in_time_top50,equal,weekly,baseline
const,0.06466357594096767,0.005066322219044824,12.763415579429722,2.6243636716048263e-37,0.054733766857564765,0.07459338502437057,standard_csad,binance_pit50_equal,binance_archive,five_year,point_in_time_top50,equal,weekly,leave_one_out
abs_market_return,0.04930640706882966,0.12490107806385785,0.3947636628374088,0.6930173142643257,-0.1954952075665575,0.2941080217042168,standard_csad,binance_pit50_equal,binance_archive,five_year,point_in_time_top50,equal,weekly,leave_one_out
market_return_sq,0.4187463233292381,0.5195600858861483,0.8059632267845116,0.4202640527897843,-0.5995727328121498,1.437065379470626,standard_csad,binance_pit50_equal,binance_archive,five_year,point_in_time_top50,equal,weekly,leave_one_out
market_return,0.0570690954416086,0.022038737261113522,2.589490258242007,0.00961181424100321,0.013873964145085182,0.10026422673813201,no_intercept_csad,binance_pit50_equal,binance_archive,five_year,point_in_time_top50,equal,weekly,leave_one_out
abs_market_return,0.7100601012827277,0.06693741530298958,10.607820724308947,2.740668091138246e-26,0.5788651780706678,0.8412550244947875,no_intercept_csad,binance_pit50_equal,binance_archive,five_year,point_in_time_top50,equal,weekly,leave_one_out
market_return_sq,-0.48116729172367095,0.39590372532893575,-1.2153643952804287,0.2242271414067749,-1.257124334713623,0.2947897512662811,no_intercept_csad,binance_pit50_equal,binance_archive,five_year,point_in_time_top50,equal,weekly,leave_one_out
const,0.004008490978435232,0.00505289528191608,0.7933057692252816,0.4275996963566112,-0.005895001791772648,0.013911983748643112,scsad,binance_pit50_equal,binance_archive,five_year,point_in_time_top50,equal,weekly,leave_one_out
market_return,0.6203766760085933,0.029329110255119594,21.15225012324751,2.630887474316265e-99,0.5628926762099545,0.677860675807232,scsad,binance_pit50_equal,binance_archive,five_year,point_in_time_top50,equal,weekly,leave_one_out
market_return_sq,0.09309095647139634,0.29817860081490555,0.3121986494570165,0.7548895584274797,-0.4913283620863642,0.6775102750291568,scsad,binance_pit50_equal,binance_archive,five_year,point_in_time_top50,equal,weekly,leave_one_out
market_return_cu,-0.39636475051268905,0.5952865886568992,-0.6658385356992123,0.5055143106837761,-1.5631050247599214,0.7703755237345433,scsad,binance_pit50_equal,binance_archive,five_year,point_in_time_top50,equal,weekly,leave_one_out
const,0.06451509479250331,0.005035816847878959,12.811247259652918,1.4183621134634665e-37,0.05464507513792053,0.07438511444708609,intercept_restored,binance_pit50_equal,binance_archive,five_year,point_in_time_top50,equal,weekly,leave_one_out
market_return,0.05170177397629377,0.016505428586724245,3.13241026760607,0.0017337741593883263,0.0193517283969164,0.08405181955567113,intercept_restored,binance_pit50_equal,binance_archive,five_year,point_in_time_top50,equal,weekly,leave_one_out
abs_market_return,0.04676033446178053,0.12457593543361108,0.37535607739184923,0.7073956659558889,-0.1974040123284843,0.2909246812520454,intercept_restored,binance_pit50_equal,binance_archive,five_year,point_in_time_top50,equal,weekly,leave_one_out
market_return_sq,0.5046714103942347,0.530934276626376,0.9505346190887901,0.3418406719595001,-0.5359406499512887,1.545283470739758,intercept_restored,binance_pit50_equal,binance_archive,five_year,point_in_time_top50,equal,weekly,leave_one_out
const,0.020903574941323125,0.0012902857660810594,16.200732807285654,4.982971940410046e-59,0.018374661310039574,0.023432488572606675,standard_csad,binance_pit50_lagged,binance_archive,five_year,point_in_time_top50,lagged_liquidity,daily,baseline
abs_market_return,0.23489637784237266,0.05339126516218833,4.399528221120449,1.0848646920705582e-05,0.13025142103545545,0.33954133464928987,standard_csad,binance_pit50_lagged,binance_archive,five_year,point_in_time_top50,lagged_liquidity,daily,baseline
market_return_sq,0.38080921963257075,0.02638485631001046,14.432870702733032,3.214195424113352e-47,0.32909585152768583,0.43252258773745567,standard_csad,binance_pit50_lagged,binance_archive,five_year,point_in_time_top50,lagged_liquidity,daily,baseline
market_return,0.041597966142442634,0.020422859083617368,2.0368336270709193,0.04166671725337893,0.0015698978772158978,0.08162603440766937,no_intercept_csad,binance_pit50_lagged,binance_archive,five_year,point_in_time_top50,lagged_liquidity,daily,baseline
abs_market_return,0.6162847032225922,0.030674934195998347,20.090823969982264,8.877656733547562e-90,0.5561629369702993,0.6764064694748851,no_intercept_csad,binance_pit50_lagged,binance_archive,five_year,point_in_time_top50,lagged_liquidity,daily,baseline
market_return_sq,0.21230857793253824,0.01979382494978202,10.726000582059118,7.685076379674587e-27,0.17351339391467513,0.25110376195040135,no_intercept_csad,binance_pit50_lagged,binance_archive,five_year,point_in_time_top50,lagged_liquidity,daily,baseline
const,6.033557680177818e-05,0.00044122219663372245,0.13674646756691922,0.8912311986967795,-0.0008044440377799676,0.0009251151913835241,scsad,binance_pit50_lagged,binance_archive,five_year,point_in_time_top50,lagged_liquidity,daily,baseline
market_return,0.6460372447311182,0.029050249444772466,22.238612648036018,1.4538214134032292e-109,0.5890998020774595,0.702974687384777,scsad,binance_pit50_lagged,binance_archive,five_year,point_in_time_top50,lagged_liquidity,daily,baseline
market_return_sq,0.254477215163742,0.13500423472193154,1.884957280694855,0.059435605597092336,-0.010126222651635652,0.5190806529791196,scsad,binance_pit50_lagged,binance_archive,five_year,point_in_time_top50,lagged_liquidity,daily,baseline
market_return_cu,0.2155484389454632,0.06789855078984072,3.174566120161058,0.0015006069774137112,0.08246972479491174,0.34862715309601466,scsad,binance_pit50_lagged,binance_archive,five_year,point_in_time_top50,lagged_liquidity,daily,baseline
const,0.021007950123420698,0.001121841086081909,18.726315504089897,3.0211523937753393e-78,0.01880918199832286,0.023206718248518537,intercept_restored,binance_pit50_lagged,binance_archive,five_year,point_in_time_top50,lagged_liquidity,daily,baseline
market_return,-0.013541780611361144,0.022476109473685692,-0.6024966477056639,0.5468435939674696,-0.05759414569236461,0.03051058446964232,intercept_restored,binance_pit50_lagged,binance_archive,five_year,point_in_time_top50,lagged_liquidity,daily,baseline
abs_market_return,0.23056556138030945,0.04644355419510689,4.964425427298606,6.890475501508242e-07,0.13953786784386582,0.32159325491675306,intercept_restored,binance_pit50_lagged,binance_archive,five_year,point_in_time_top50,lagged_liquidity,daily,baseline
market_return_sq,0.3761019955726744,0.03243894152854788,11.594151283934032,4.412176742074245e-31,0.31252283848011986,0.4396811526652289,intercept_restored,binance_pit50_lagged,binance_archive,five_year,point_in_time_top50,lagged_liquidity,daily,baseline
const,0.02116703974160982,0.001360120432185131,15.562621691965507,1.3063638446240258e-54,0.01850125267988991,0.02383282680332973,standard_csad,binance_pit50_lagged,binance_archive,five_year,point_in_time_top50,lagged_liquidity,daily,leave_one_out
abs_market_return,0.2421952604057366,0.05631355420687483,4.300834209753521,1.7015633250259046e-05,0.1318227223188179,0.3525677984926553,standard_csad,binance_pit50_lagged,binance_archive,five_year,point_in_time_top50,lagged_liquidity,daily,leave_one_out
market_return_sq,0.3978557029311426,0.027911121173671283,14.254379122055552,4.210301448531537e-46,0.34315091066261355,0.4525604951996716,standard_csad,binance_pit50_lagged,binance_archive,five_year,point_in_time_top50,lagged_liquidity,daily,leave_one_out
market_return,0.041489217416460764,0.020824422774100373,1.992334571120093,0.04633436096217931,0.0006740987803883491,0.08230433605253318,no_intercept_csad,binance_pit50_lagged,binance_archive,five_year,point_in_time_top50,lagged_liquidity,daily,leave_one_out
abs_market_return,0.6283078906382137,0.03140779613330441,20.004838542999977,4.998019913268938e-89,0.5667497413831607,0.6898660398932667,no_intercept_csad,binance_pit50_lagged,binance_archive,five_year,point_in_time_top50,lagged_liquidity,daily,leave_one_out
market_return_sq,0.22645248111166916,0.02014413464313693,11.24160879200741,2.5469790744349727e-29,0.18697070271139515,0.26593425951194316,no_intercept_csad,binance_pit50_lagged,binance_archive,five_year,point_in_time_top50,lagged_liquidity,daily,leave_one_out
const,0.00011013191958657165,0.00045018453835277833,0.244637276947679,0.8067372980537791,-0.0007722135619816645,0.0009924774011548078,scsad,binance_pit50_lagged,binance_archive,five_year,point_in_time_top50,lagged_liquidity,daily,leave_one_out
market_return,0.6582999161331626,0.02967141232321659,22.186335755176426,4.65405429012827e-109,0.6001450166092201,0.7164548156571051,scsad,binance_pit50_lagged,binance_archive,five_year,point_in_time_top50,lagged_liquidity,daily,leave_one_out
market_return_sq,0.23227144060299523,0.1423107134585116,1.6321430408028292,0.10264935653630798,-0.04665243238988706,0.5111953135958776,scsad,binance_pit50_lagged,binance_archive,five_year,point_in_time_top50,lagged_liquidity,daily,leave_one_out
market_return_cu,0.2120586892062415,0.07194639822506671,2.9474538606208993,0.003204025623702178,0.07104633986773426,0.35307103854474875,scsad,binance_pit50_lagged,binance_archive,five_year,point_in_time_top50,lagged_liquidity,daily,leave_one_out
const,0.021276897198955657,0.001181303891535537,18.01136638202261,1.5866323018346387e-72,0.018961584116748992,0.02359221028116232,intercept_restored,binance_pit50_lagged,binance_archive,five_year,point_in_time_top50,lagged_liquidity,daily,leave_one_out
market_return,-0.014255168157939474,0.023594712031371867,-0.6041679228373543,0.5457320049520158,-0.06049995396502223,0.031989617649143286,intercept_restored,binance_pit50_lagged,binance_archive,five_year,point_in_time_top50,lagged_liquidity,daily,leave_one_out
abs_market_return,0.23763941320014909,0.04895378134008917,4.85436276207619,1.2077447455076392e-06,0.14169176486652538,0.3335870615337728,intercept_restored,binance_pit50_lagged,binance_archive,five_year,point_in_time_top50,lagged_liquidity,daily,leave_one_out
market_return_sq,0.39288426489847694,0.034316665670570054,11.448789013188254,2.3845337773417358e-30,0.3256248361146576,0.4601436936822963,intercept_restored,binance_pit50_lagged,binance_archive,five_year,point_in_time_top50,lagged_liquidity,daily,leave_one_out
const,0.06833652688228424,0.0034767659376403926,19.65519914425496,5.2183753233244765e-86,0.06152219086183344,0.07515086290273504,standard_csad,binance_pit50_lagged,binance_archive,five_year,point_in_time_top50,lagged_liquidity,weekly,baseline
abs_market_return,0.009286008354222174,0.054249539042874224,0.17117211534061705,0.864088432614682,-0.09704113434771082,0.11561315105615518,standard_csad,binance_pit50_lagged,binance_archive,five_year,point_in_time_top50,lagged_liquidity,weekly,baseline
market_return_sq,0.8437012742361321,0.19487613612589713,4.329423248062914,1.4950036238929662e-05,0.46175106598304877,1.2256514824892153,standard_csad,binance_pit50_lagged,binance_archive,five_year,point_in_time_top50,lagged_liquidity,weekly,baseline
market_return,0.04671537907593934,0.031641843285119486,1.476379825757769,0.13984195543890654,-0.0153014941673554,0.10873225231923409,no_intercept_csad,binance_pit50_lagged,binance_archive,five_year,point_in_time_top50,lagged_liquidity,weekly,baseline
abs_market_return,0.7414253780326387,0.05933260806550628,12.496086084974836,7.841798520417566e-36,0.6251356031154157,0.8577151529498618,no_intercept_csad,binance_pit50_lagged,binance_archive,five_year,point_in_time_top50,lagged_liquidity,weekly,baseline
market_return_sq,-0.009233966529886457,0.31162595931616377,-0.02963157032921647,0.9763608868808437,-0.6200096234373116,0.6015416903775386,no_intercept_csad,binance_pit50_lagged,binance_archive,five_year,point_in_time_top50,lagged_liquidity,weekly,baseline
const,-0.004434909872348829,0.004784653217409936,-0.9269030942956337,0.35397685050068806,-0.013812657856985997,0.004942838112288338,scsad,binance_pit50_lagged,binance_archive,five_year,point_in_time_top50,lagged_liquidity,weekly,baseline
market_return,0.6984099917132907,0.039820279607345264,17.539052929815732,7.211928993246455e-69,0.6203636778285792,0.7764563055980022,scsad,binance_pit50_lagged,binance_archive,five_year,point_in_time_top50,lagged_liquidity,weekly,baseline
market_return_sq,0.6598393685218175,0.45722684196915087,1.443133490763731,0.1489828706260339,-0.23630877450270504,1.55598751154634,scsad,binance_pit50_lagged,binance_archive,five_year,point_in_time_top50,lagged_liquidity,weekly,baseline
market_return_cu,0.9337781653522171,0.5701429528821436,1.6377965572175406,0.10146414001113067,-0.1836814883361012,2.0512378190405354,scsad,binance_pit50_lagged,binance_archive,five_year,point_in_time_top50,lagged_liquidity,weekly,baseline
const,0.06827412495627361,0.003443068127302131,19.82944351721871,1.6586458833510525e-87,0.06152583543044366,0.07502241448210356,intercept_restored,binance_pit50_lagged,binance_archive,five_year,point_in_time_top50,lagged_liquidity,weekly,baseline
market_return,0.042246633896069544,0.019901542962393583,2.1227818353531562,0.033772137675279694,0.0032403264530015477,0.08125294133913755,intercept_restored,binance_pit50_lagged,binance_archive,five_year,point_in_time_top50,lagged_liquidity,weekly,baseline
abs_market_return,0.005792189734196703,0.05248399087431066,0.11036107654366288,0.9121230209362746,-0.09707454214438105,0.10865892161277446,intercept_restored,binance_pit50_lagged,binance_archive,five_year,point_in_time_top50,lagged_liquidity,weekly,baseline
market_return_sq,0.9042606125351917,0.18450597088020543,4.900982923323944,9.535834588578921e-07,0.5426355546773931,1.2658856703929904,intercept_restored,binance_pit50_lagged,binance_archive,five_year,point_in_time_top50,lagged_liquidity,weekly,baseline
const,0.06949565874090842,0.0035776881891003078,19.4247388446629,4.768045549058327e-84,0.06248351874235749,0.07650779873945934,standard_csad,binance_pit50_lagged,binance_archive,five_year,point_in_time_top50,lagged_liquidity,weekly,leave_one_out
abs_market_return,0.0063378368971056635,0.05571353625492524,0.11375757711924775,0.9094299687679575,-0.10285868761391437,0.1155343614081257,standard_csad,binance_pit50_lagged,binance_archive,five_year,point_in_time_top50,lagged_liquidity,weekly,leave_one_out
market_return_sq,0.8749625557149997,0.20031838152621248,4.367859549626539,1.2547013373849329e-05,0.4823457424822695,1.26757936894773,standard_csad,binance_pit50_lagged,binance_archive,five_year,point_in_time_top50,lagged_liquidity,weekly,leave_one_out
market_return,0.048415629143488,0.03231766550687031,1.4981165373221488,0.13410297519548456,-0.014925831314390195,0.1117570896013662,no_intercept_csad,binance_pit50_lagged,binance_archive,five_year,point_in_time_top50,lagged_liquidity,weekly,leave_one_out
abs_market_return,0.7501375185509184,0.06048273718799579,12.40250612698462,2.532762570560416e-35,0.6315935319760453,0.8686815051257915,no_intercept_csad,binance_pit50_lagged,binance_archive,five_year,point_in_time_top50,lagged_liquidity,weekly,leave_one_out
market_return_sq,0.01134215717297926,0.3183481733584355,0.03562815219991498,0.9715788603579908,-0.6126087971536679,0.6352931114996264,no_intercept_csad,binance_pit50_lagged,binance_archive,five_year,point_in_time_top50,lagged_liquidity,weekly,leave_one_out
const,-0.004517345077531407,0.004878418591048089,-0.9259855408514447,0.35445349452577124,-0.014078869817496295,0.005044179662433481,scsad,binance_pit50_lagged,binance_archive,five_year,point_in_time_top50,lagged_liquidity,weekly,leave_one_out
market_return,0.7090197453984965,0.04060509538901869,17.461349089460455,2.8218588473330063e-68,0.6294352208472065,0.7886042699497866,scsad,binance_pit50_lagged,binance_archive,five_year,point_in_time_top50,lagged_liquidity,weekly,leave_one_out
market_return_sq,0.6786629170974261,0.46774006392602385,1.4509403180069713,0.14679647979410168,-0.23809076232404325,1.5954165965188953,scsad,binance_pit50_lagged,binance_archive,five_year,point_in_time_top50,lagged_liquidity,weekly,leave_one_out
market_return_cu,0.9783826789449408,0.581236251540813,1.68327883257681,0.09232112613561284,-0.16081944058411635,2.117584798473998,scsad,binance_pit50_lagged,binance_archive,five_year,point_in_time_top50,lagged_liquidity,weekly,leave_one_out
const,0.06942826439788118,0.0035414061186428234,19.604716903942165,1.4093432211434328e-85,0.06248723595071146,0.0763692928450509,intercept_restored,binance_pit50_lagged,binance_archive,five_year,point_in_time_top50,lagged_liquidity,weekly,leave_one_out
market_return,0.04367735295300732,0.020414922565940314,2.1394816861013912,0.03239667757534708,0.003664839976590277,0.08368986592942437,intercept_restored,binance_pit50_lagged,binance_archive,five_year,point_in_time_top50,lagged_liquidity,weekly,leave_one_out
abs_market_return,0.002804078558243229,0.053901132164302874,0.052022628201867115,0.9585106631265914,-0.1028401992097239,0.10844835632621036,intercept_restored,binance_pit50_lagged,binance_archive,five_year,point_in_time_top50,lagged_liquidity,weekly,leave_one_out
market_return_sq,0.9373702009170012,0.18953572282406303,4.945612293821346,7.59048986853819e-07,0.5658870103980713,1.308853391435931,intercept_restored,binance_pit50_lagged,binance_archive,five_year,point_in_time_top50,lagged_liquidity,weekly,leave_one_out
