model,target_term,target_coefficient,target_standardized_coefficient,target_std_error,target_standardized_std_error,target_t_stat,target_p_value,target_ci_lower,target_ci_upper,intercept,intercept_p_value,nobs,rsquared,aic,bic,sse,rmse,residual_mean,residual_skew,residual_excess_kurtosis,jarque_bera_p_value,durbin_watson,ljung_box_lag,ljung_box_p_value,breusch_pagan_p_value,target_vif,max_vif,condition_number_standardized,design_rank,design_columns,cov_type,dataset_id,provider,sample,universe_type,weighting_class,frequency,benchmark,q_value_bh_fdr,supports_negative_relation
standard_csad,market_return_sq,-0.05785246155946755,-0.0220474391083685,0.1431675252371402,0.054560812277919424,-0.4040892755786743,0.686147070949662,-0.33845565477999157,0.22275073166105647,0.02320961591132141,8.786226721828901e-306,2291,0.1897728964982317,-13153.147923197039,-13135.937692149679,0.42956682585676764,0.013693132884620774,-3.178988669376267e-17,2.288008299953514,9.065210240229622,0.0,0.879886073914828,8,0.0,3.2674299756173085e-12,2.3599252123658268,2.3599252123658268,2.702363121673867,3,3,HAC,cmc_fixed62_historical_current,coinmarketcap,historical,fixed_survivor_62,contemporaneous_size,daily,baseline,0.6861470709496619,False
no_intercept_csad,market_return_sq,-1.837304396955908,-0.7001924503036808,0.5165947154192299,0.19687304956251284,-3.556568315773204,0.0003757308062103293,-2.849811433781317,-0.824797360130499,,,2291,0.6059286276911693,-11254.607023024751,-11237.396791977391,0.9838491723639463,0.020722956612338195,0.01042506887017651,0.39724807786573213,2.8842972378370524,3.567557050387736e-185,1.1496681098778234,8,2.2559881651808432e-114,1.4548349419149257e-71,2.257932813206673,2.257932813206673,2.8876034072513495,3,3,HAC,cmc_fixed62_historical_current,coinmarketcap,historical,fixed_survivor_62,contemporaneous_size,daily,baseline,0.000563596209315494,True
scsad,market_return_cu,-2.9023483800056917,-0.2035152921750805,0.6280612738704286,0.04404022430117189,-4.621122971203056,3.816684486812547e-06,-4.133325856876079,-1.6713709031353043,0.0013933639657343585,0.009559411731780446,2291,0.5781541139846941,-11103.527397605061,-11080.580422875248,1.0499989704596546,0.021408285705297774,-1.9632193441123675e-15,0.20590247564878433,1.360335763139843,2.7881377660261682e-42,1.9496691161871995,8,0.009766880747418542,4.474275214907565e-09,3.963516762773102,3.963516762773102,3.8449371807662223,4,4,HAC,cmc_fixed62_historical_current,coinmarketcap,historical,fixed_survivor_62,contemporaneous_size,daily,baseline,1.145005346043764e-05,True
intercept_restored,market_return_sq,-0.04607154160434888,-0.01755775779923264,0.1440217664975955,0.05488636164377285,-0.319892907334379,0.7490495147230684,-0.32834901692947344,0.23620593372077567,0.02320965168220245,2.0952429611420272e-305,2291,0.18987303817178613,-13151.431101521224,-13128.48412679141,0.4295137326676373,0.013692286643109803,-2.3067051930230228e-17,2.287325006207807,9.076079646724141,0.0,0.8831846422293886,8,0.0,1.424243047341361e-11,2.5612124241945393,2.5612124241945393,2.8876034072513503,4,4,HAC,cmc_fixed62_historical_current,coinmarketcap,historical,fixed_survivor_62,contemporaneous_size,daily,baseline,,False
standard_csad,market_return_sq,-0.06459850663657765,-0.024390675230465893,0.14487964445104803,0.05470269421537969,-0.4458770373253105,0.6556860701068411,-0.34855739185360013,0.2193603785804448,0.023369017058104076,1.5070808616162282e-304,2291,0.1923060356028814,-13110.273917020577,-13093.063685973217,0.4376814753326704,0.013821861543938104,-2.8688434333395577e-17,2.2936439628463496,9.096094692630652,0.0,0.8805684152477404,8,0.0,2.291856045609362e-12,2.3604620683174597,2.3604620683174597,2.702768004942109,3,3,HAC,cmc_fixed62_historical_current,coinmarketcap,historical,fixed_survivor_62,contemporaneous_size,daily,leave_one_out,0.6556860701068411,False
no_intercept_csad,market_return_sq,-1.8510263493452768,-0.6988982389935233,0.5186009799379585,0.19580991472496112,-3.5692689002761226,0.0003579788443812626,-2.8674655923708547,-0.834587106319699,,,2291,0.6076299008618404,-11219.126647541527,-11201.916416494167,0.9992044937177388,0.020884046169864397,0.010489699158476352,0.3997827753952235,2.893402339357735,1.9969482833498104e-186,1.1521451348503666,8,6.549284116330495e-114,3.64729591116366e-71,2.258451913874479,2.258451913874479,2.8885115025041337,3,3,HAC,cmc_fixed62_historical_current,coinmarketcap,historical,fixed_survivor_62,contemporaneous_size,daily,leave_one_out,0.000536968266571894,True
scsad,market_return_cu,-2.941159549005887,-0.2046894690950527,0.632015411373515,0.043984998725302815,-4.653619984699534,3.261576674449822e-06,-4.179886992972243,-1.702432105039531,0.00151472703916002,0.00537623076255616,2291,0.5799657478488431,-11068.767999713828,-11045.821024984014,1.0660511787041405,0.02157130814521115,-1.9917139376732404e-15,0.20583062660563173,1.3721204574664405,6.087883326630555e-43,1.9459102680239864,8,0.006467067186840894,2.9340590349114963e-09,3.967590215598755,3.967590215598755,3.8480203275571934,4,4,HAC,cmc_fixed62_historical_current,coinmarketcap,historical,fixed_survivor_62,contemporaneous_size,daily,leave_one_out,9.784730023349466e-06,True
intercept_restored,market_return_sq,-0.05050605452914618,-0.019069740731360488,0.14596856672847427,0.05511384225893034,-0.3460063742565604,0.7293379243226639,-0.3365991881918874,0.235587079133595,0.023368903463067428,3.6533605940019e-304,2291,0.19244656367658985,-13108.672555418061,-13085.725580688248,0.4376053245412351,0.013820659081027007,-6.590586265780065e-18,2.292866568472341,9.109340890472879,0.0,0.8844727602012802,8,0.0,9.52367266214043e-12,2.5619331565962216,2.5619331565962216,2.888511502504132,4,4,HAC,cmc_fixed62_historical_current,coinmarketcap,historical,fixed_survivor_62,contemporaneous_size,daily,leave_one_out,,False
standard_csad,market_return_sq,-0.1256741180913693,-0.071394956409973,0.26102214644629596,0.14828562197685075,-0.48146917724173316,0.6301830810793702,-0.637268124293449,0.38591988811071043,0.05788134604546903,8.280138753100919e-59,328,0.2466198808921929,-1294.3714592843435,-1282.992418459191,0.36443371716206313,0.03333284275278512,-1.9631992508615572e-17,1.4943849321982627,3.6642496115620444,2.996268635577665e-65,1.1235484007395582,5,2.32649617233089e-41,7.246821896084458e-05,5.66751251810322,5.66751251810322,4.541096467720435,3,3,HAC,cmc_fixed62_historical_current,coinmarketcap,historical,fixed_survivor_62,contemporaneous_size,weekly,baseline,0.6861470709496619,False
no_intercept_csad,market_return_sq,-2.0786670231176823,-1.1808822990779921,0.3525935565781908,0.20030696840884432,-5.895363044323583,3.738584837083297e-09,-2.769737695191822,-1.3875963510435425,,,328,0.7196865083558397,-1077.8666087939473,-1066.4875679687948,0.7051569856344253,0.04636667832227731,0.018392680712150198,0.3865578846690343,0.8824371812257485,0.00012421886736779976,1.492749762692465,5,0.006167334960933452,8.934530440502169e-06,5.3497503573494765,5.3497503573494765,4.95749646277066,3,3,HAC,cmc_fixed62_historical_current,coinmarketcap,historical,fixed_survivor_62,contemporaneous_size,weekly,baseline,2.2431509022499783e-08,True
scsad,market_return_cu,-3.3226647594620404,-0.3065980902015792,0.9152277251517724,0.08445241784684328,-3.630424066219194,0.00028295594228256864,-5.116478138412038,-1.5288513805120432,0.0044277689186844275,0.1969127513175668,328,0.6890841845828285,-1047.9560619201675,-1032.7840074866308,0.7677879462709326,0.048381989514307895,-1.5570200955108904e-17,0.25193327717018277,0.5428917769870298,0.028974379512020466,2.080860785065644,5,0.5442828990261351,0.34160653083760634,3.4208546197939405,3.4208546197939405,3.4475073603684256,4,4,HAC,cmc_fixed62_historical_current,coinmarketcap,historical,fixed_survivor_62,contemporaneous_size,weekly,baseline,0.000563596209315494,True
intercept_restored,market_return_sq,0.13902235360875914,0.07897803483047355,0.2786187830369945,0.15828219980397087,0.49896978263055586,0.6178006718171978,-0.4070604265601294,0.6851051337776477,0.058719157384789764,4.610069109129879e-62,328,0.2745643515857408,-1304.7690517239757,-1289.596997290439,0.3509160956179264,0.032708808372923115,-3.723308924047781e-17,1.3117697165135263,2.6192473376720535,1.9597600480206385e-40,1.1799164038298355,5,2.2786122462136023e-38,6.185561339256305e-06,6.476690002356674,6.476690002356674,4.957496462770663,4,4,HAC,cmc_fixed62_historical_current,coinmarketcap,historical,fixed_survivor_62,contemporaneous_size,weekly,baseline,,False
standard_csad,market_return_sq,-0.12785439804830867,-0.07199298445937297,0.26563438573828074,0.1495749266060082,-0.48131719729342065,0.630291076361198,-0.6484882271507592,0.3927794310541418,0.058392343620788684,5.47700294258481e-59,328,0.24848973760099913,-1287.7469499150839,-1276.3679090899313,0.3718688966884108,0.03367115436460644,-8.46206573647223e-18,1.4937198979465862,3.661147875534401,3.6730126483230975e-65,1.1230728051587626,5,2.772896949019952e-41,6.940269751598976e-05,5.663801111051621,5.663801111051621,4.539457730043559,3,3,HAC,cmc_fixed62_historical_current,coinmarketcap,historical,fixed_survivor_62,contemporaneous_size,weekly,leave_one_out,0.6556860701068411,False
no_intercept_csad,market_return_sq,-2.089631287299285,-1.1766415163560893,0.3571718452020571,0.20111836192949342,-5.850492740034286,4.901188575088623e-09,-2.7896752401870324,-1.3895873344115377,,,328,0.720380196623019,-1071.6995839294996,-1060.320543104347,0.7185407057861452,0.04680462459516522,0.01856446058902255,0.39282905979714206,0.8902174118767072,9.950176425484875e-05,1.4928489602751625,5,0.006709507052781011,7.755751849380496e-06,5.344839147268276,5.344839147268276,4.955116672183599,3,3,HAC,cmc_fixed62_historical_current,coinmarketcap,historical,fixed_survivor_62,contemporaneous_size,weekly,leave_one_out,2.9407131450531738e-08,True
scsad,market_return_cu,-3.3335684195319883,-0.30556923601267477,0.9215008420159048,0.08446873525378815,-3.6175424563252347,0.000297413556035432,-5.139676881606496,-1.5274599574574808,0.004522092976720905,0.19194921602673742,328,0.6898003119033403,-1041.7796697482154,-1026.6076153146787,0.7823827315379447,0.048839668364029344,-1.0831444142684454e-17,0.2511101476619934,0.5549323381457554,0.026922903345832656,2.0837826865388585,5,0.5376128723198443,0.36918023952626605,3.416441321952132,3.416441321952132,3.4449560946442337,4,4,HAC,cmc_fixed62_historical_current,coinmarketcap,historical,fixed_survivor_62,contemporaneous_size,weekly,leave_one_out,0.000536968266571894,True
intercept_restored,market_return_sq,0.14074812956612592,0.0792532604213685,0.28237472546140635,0.15900117267910954,0.4984445025529125,0.6181707764782134,-0.41269616248261587,0.6941924216148677,0.05923860994461609,3.940797209006936e-62,328,0.27686432542388406,-1298.3710156920379,-1283.1989612585012,0.3578283343759264,0.033029381523562384,-1.5570200955108904e-17,1.3142105999149845,2.6326583634659224,1.03636658842252e-40,1.1800569575253343,5,2.934244202935459e-38,7.770479395826337e-06,6.469995256789152,6.469995256789152,4.955116672183606,4,4,HAC,cmc_fixed62_historical_current,coinmarketcap,historical,fixed_survivor_62,contemporaneous_size,weekly,leave_one_out,,False
standard_csad,market_return_sq,-0.05269114788755835,-0.02047353150791405,0.1366217369849979,0.0530853767467224,-0.38567177559266597,0.6997397684742879,-0.32046483188345815,0.21508253610834144,0.023336709275861837,1.925968459664285e-306,2291,0.18290256003905225,-13172.024365970994,-13154.814134923634,0.426041998349674,0.013636837392443682,1.0855083261284813e-17,2.281666029693915,8.929639595626968,0.0,0.857108616683223,8,0.0,9.719137727783736e-10,2.364102700826093,2.364102700826094,2.7055119579497346,3,3,HAC,cmc_fixed62_historical_lagged,coinmarketcap,historical,fixed_survivor_62,lagged_size,daily,baseline,0.6997397684742879,False
no_intercept_csad,market_return_sq,-1.8259322296175795,-0.7094793439339431,0.5131638874797384,0.19939358773242574,-3.5581853559203815,0.00037342576713548636,-2.8317149672444315,-0.8201494919907275,,,2291,0.6016847579141085,-11246.189473261808,-11228.979242214447,0.9874706616992972,0.020761061554402525,0.010502120564432624,0.4211951191253088,3.013441448303211,1.6755903925410924e-202,1.1342882379571033,8,2.188900028816571e-120,3.583682720377201e-69,2.2608542341344053,2.2608542341344053,2.9009945141963227,3,3,HAC,cmc_fixed62_historical_lagged,coinmarketcap,historical,fixed_survivor_62,lagged_size,daily,baseline,0.0007468515342709727,True
scsad,market_return_cu,-2.6768405175550516,-0.19078734726398522,0.6358601653657404,0.045319873703859405,-4.209794327995621,2.5560326372067416e-05,-3.923103540875586,-1.4305774942345173,0.001123452423629327,0.039064438997831484,2291,0.5732511263564452,-11090.387582680129,-11067.440607950315,1.0560384436128571,0.021469766421489147,-5.539000074843098e-16,0.20309813665747786,1.4450536309316115,4.410174040140174e-47,2.010066239558489,8,0.0015087970073193663,1.0101708392299303e-07,4.080487055822281,4.080487055822281,3.928210551075135,4,4,HAC,cmc_fixed62_historical_lagged,coinmarketcap,historical,fixed_survivor_62,lagged_size,daily,baseline,7.668097911620225e-05,True
intercept_restored,market_return_sq,-0.0438512170524949,-0.01703871162382898,0.138977640475853,0.054000780306587066,-0.3155271373319504,0.7523614499581481,-0.31624238704152285,0.22853995293653306,0.023335438247322097,6.4998776686370384e-307,2291,0.1829607484059136,-13170.187521904305,-13147.240547174491,0.42601165840870014,0.013636351820352898,1.1048924033807756e-17,2.2810911982255275,8.93524355241366,0.0,0.8593706510245013,8,0.0,4.035847615541726e-09,2.566857792135558,2.566857792135558,2.900994514196322,4,4,HAC,cmc_fixed62_historical_lagged,coinmarketcap,historical,fixed_survivor_62,lagged_size,daily,baseline,,False
standard_csad,market_return_sq,-0.058898216607622705,-0.022679745598502915,0.13824804720810963,0.0532347279894372,-0.4260329009852932,0.6700838720974183,-0.3298594100685107,0.21206297685326533,0.02349641460407957,2.744826167362338e-305,2291,0.18548162459417672,-13130.231116550452,-13113.020885503092,0.4338853333180633,0.01376179044221706,-2.0547121887431967e-17,2.2860456901908166,8.945529292840801,0.0,0.8578749984347739,8,0.0,6.819139613716117e-10,2.364402100324136,2.364402100324136,2.7057374827717267,3,3,HAC,cmc_fixed62_historical_lagged,coinmarketcap,historical,fixed_survivor_62,lagged_size,daily,leave_one_out,0.6700838720974183,False
no_intercept_csad,market_return_sq,-1.8390756186645119,-0.7081668948584487,0.5150161643863633,0.19831560716369426,-3.5709085380956,0.0003557451120305369,-2.848488752317744,-0.8296624850112797,,,2291,0.6034096622393622,-11211.284155476938,-11194.073924429578,1.0026308058348878,0.020919821641442647,0.010567124260724786,0.42246907214958357,3.015407093372872,7.776924412629937e-203,1.1366487127168428,8,6.931719762022469e-120,8.366363708651547e-69,2.2611287448825625,2.2611287448825625,2.901718480768984,3,3,HAC,cmc_fixed62_historical_lagged,coinmarketcap,historical,fixed_survivor_62,lagged_size,daily,leave_one_out,0.0007114902240610738,True
scsad,market_return_cu,-2.7145733102233005,-0.1920720055469682,0.6398374865491884,0.04527226021224109,-4.242598108566141,2.2094689950203265e-05,-3.968631739818341,-1.46051488062826,0.001240354558307647,0.023708102690007917,2291,0.5750878528666167,-11055.99940631948,-11033.052431589667,1.0720092655216655,0.021631504433985847,-5.505077939651584e-16,0.2011704045820153,1.4531807414860936,1.6739805005741541e-47,2.012301292886991,8,0.0009613962633811941,6.971745690327378e-08,4.085433818102427,4.085433818102427,3.9318584541866466,4,4,HAC,cmc_fixed62_historical_lagged,coinmarketcap,historical,fixed_survivor_62,lagged_size,daily,leave_one_out,6.62840698506098e-05,True
intercept_restored,market_return_sq,-0.04813181485200835,-0.018533962128430805,0.14085444771863223,0.05423836619635042,-0.3417131345980314,0.7325667865317029,-0.3242014594428075,0.2279378297387908,0.02349473294303256,9.032019657235841e-306,2291,0.18556635563157298,-13128.469452369422,-13105.522477639608,0.4338401979896126,0.013761074632026483,-5.03986008559652e-18,2.2853711854347116,8.952477952041738,0.0,0.8606025491972548,8,0.0,2.735943358052852e-09,2.567250089784623,2.567250089784623,2.9017184807689835,4,4,HAC,cmc_fixed62_historical_lagged,coinmarketcap,historical,fixed_survivor_62,lagged_size,daily,leave_one_out,,False
standard_csad,market_return_sq,-0.23035850339433928,-0.135009887910496,0.21059620393227055,0.12342748137497449,-1.0938397705802163,0.2740252580484266,-0.6431194783824421,0.1824024715937635,0.05761248281552726,2.8079116499207883e-58,328,0.22823762209063037,-1291.418683418498,-1280.0396425933454,0.36772929440283375,0.03348321814834433,-7.852797003446229e-17,1.664517161937844,4.9573285541977965,1.6031422873972523e-103,1.09886576594514,5,3.496689898938497e-41,0.0015167956220487283,5.432909077669314,5.432909077669314,4.43630763515066,3,3,HAC,cmc_fixed62_historical_lagged,coinmarketcap,historical,fixed_survivor_62,lagged_size,weekly,baseline,0.3288303096581119,False
no_intercept_csad,market_return_sq,-2.0509908721656727,-1.202056983685641,0.3565801148381944,0.2089866040369467,-5.751837488459928,8.827863968679532e-09,-2.74987505485169,-1.3521066894796552,,,328,0.7135486237522664,-1074.5743194677138,-1063.1952786425613,0.712270617630151,0.04659996524749276,0.01874765845872066,0.33976779705080384,0.6432018413172411,0.0033033435039630703,1.4928076443220344,5,0.007235051017000476,3.513215877528113e-05,5.359026525246513,5.359026525246513,4.971150856765197,3,3,HAC,cmc_fixed62_historical_lagged,coinmarketcap,historical,fixed_survivor_62,lagged_size,weekly,baseline,5.296718381207719e-08,True
scsad,market_return_cu,-3.0660386864805256,-0.30005275128369047,0.9328107974858442,0.09128796953767293,-3.2868816428200214,0.0010130340144583077,-4.894314253942866,-1.237763119018185,0.004476961162758193,0.1907176437952639,328,0.6822595790296402,-1043.1433380772537,-1027.971283643717,0.7791367078527898,0.0487382477345474,-2.030895776753335e-18,-0.010962284072163963,0.43597218496335977,0.31404838286085457,2.074445677877432,5,0.4697637243499668,0.49432779323783815,4.113715124765363,4.113715124765363,3.8570768979043137,4,4,HAC,cmc_fixed62_historical_lagged,coinmarketcap,historical,fixed_survivor_62,lagged_size,weekly,baseline,0.0015195510216874616,True
intercept_restored,market_return_sq,0.06070497656259666,0.0355783353362716,0.2272300374642153,0.13317633790763458,0.26715207742795277,0.7893520721726096,-0.38465771307295255,0.5060676661981458,0.05835899930295137,6.237140763491986e-63,328,0.25829492349905225,-1302.4484863301714,-1287.2764318966347,0.3534075931189312,0.032824718949948116,3.5202193463724476e-17,1.456489045813094,3.5410095897298213,2.160749386210322e-61,1.1471576768240823,5,3.173973568123575e-38,1.902623237265228e-05,6.401071239503809,6.401071239503809,4.9711508567652,4,4,HAC,cmc_fixed62_historical_lagged,coinmarketcap,historical,fixed_survivor_62,lagged_size,weekly,baseline,,False
standard_csad,market_return_sq,-0.22966312498272123,-0.13352391088445395,0.21504601785643435,0.12502566673025772,-1.0679719962824206,0.2855331439929245,-0.6511455750000898,0.19181932503464744,0.05815833931699568,3.731238861499594e-58,328,0.2300342040111717,-1285.4613379927841,-1274.0822971676316,0.3744692510572595,0.03378867481725613,-2.50477145799578e-17,1.6596101708370943,4.912587093525175,4.603521953086257e-102,1.0983170405235023,5,3.700571350530015e-41,0.0015150209248244487,5.428204893045724,5.428204893045724,4.43418086489233,3,3,HAC,cmc_fixed62_historical_lagged,coinmarketcap,historical,fixed_survivor_62,lagged_size,weekly,leave_one_out,0.3426397727915094,False
no_intercept_csad,market_return_sq,-2.0607341178652336,-1.198090806833238,0.36118531004218785,0.20998963222535322,-5.70547599963169,1.16018405125441e-08,-2.7686443172928548,-1.3528239184376125,,,328,0.7140588958678905,-1068.45779187193,-1057.0787510467776,0.7256776225464568,0.047036494087636584,0.018938949228404743,0.34787547093633703,0.659997189767096,0.002466997492398186,1.4928649043111726,5,0.007841202744853734,2.753617197165333e-05,5.354618578682961,5.354618578682961,4.968464544162658,3,3,HAC,cmc_fixed62_historical_lagged,coinmarketcap,historical,fixed_survivor_62,lagged_size,weekly,leave_one_out,6.96110430752646e-08,True
scsad,market_return_cu,-3.076670269803321,-0.2991064035996156,0.9404998948664121,0.09143311322642711,-3.271313783868449,0.0010704906193108835,-4.920016191205196,-1.2333243484014462,0.004574343642557193,0.18577861917216698,328,0.682870366009936,-1037.094655020369,-1021.9226005868323,0.7936381515315736,0.04918971956381732,1.3539305178355568e-18,-0.012549071357614943,0.4519488589286045,0.2867012937590902,2.077613935001683,5,0.4658084192275156,0.5147552434672529,4.108667054169301,4.108667054169301,3.854541636652234,4,4,HAC,cmc_fixed62_historical_lagged,coinmarketcap,historical,fixed_survivor_62,lagged_size,weekly,leave_one_out,0.0016057359289663254,True
intercept_restored,market_return_sq,0.06431524048963333,0.03739225633325383,0.23089355957087068,0.13423927360674373,0.2785493047496301,0.7805907222262277,-0.3882278205315267,0.5168583015107934,0.05890680399451212,1.2604100557841964e-62,328,0.2602992081001442,-1296.6142442336777,-1281.442189800141,0.35975000836689086,0.03311795292581681,-2.7078610356711135e-17,1.453909132926761,3.514166091036766,9.229188304495384e-61,1.1473902500169986,5,3.7297856048166865e-38,2.1756435545381624e-05,6.393423206927782,6.393423206927782,4.968464544162658,4,4,HAC,cmc_fixed62_historical_lagged,coinmarketcap,historical,fixed_survivor_62,lagged_size,weekly,leave_one_out,,False
standard_csad,market_return_sq,-0.2922486001878842,-0.03379855029881047,0.8904996301511998,0.10298628127350468,-0.32818497649264905,0.7427718063809544,-2.037595803530474,1.453098603154706,0.024425757143881767,3.995254505314886e-143,830,0.08067021170197042,-4822.930409180851,-4808.766132078479,0.1445051964600648,0.013194796184004794,-4.982627429793624e-17,2.2745283134308423,9.015984599356406,0.0,1.1527950073954991,6,6.747493947515617e-75,0.0024244134676413855,4.585325556617671,4.585325556617671,4.034832920930657,3,3,HAC,cmc_fixed62_holdout_current,coinmarketcap,temporal_holdout,fixed_survivor_62,contemporaneous_size,daily,baseline,0.7427718063809544,False
no_intercept_csad,market_return_sq,-11.264896821928003,-1.3027853053943497,1.5750435304085755,0.18215378260531084,-7.152117769726544,8.544920725244955e-13,-14.351925415611628,-8.177868228244378,,,830,0.6437975240121949,-4220.470195957367,-4206.305918854995,0.2986197865020723,0.01896794335988226,0.007733273683012031,0.6368945518091745,2.014340470993533,9.341256356138408e-43,1.2701449558268296,6,1.0248578482214493e-21,3.559534485601051e-11,3.4755854316674197,3.475620510606957,4.034892613717575,3,3,HAC,cmc_fixed62_holdout_current,coinmarketcap,temporal_holdout,fixed_survivor_62,contemporaneous_size,daily,baseline,1.708984145048991e-12,True
scsad,market_return_cu,-59.16453374424963,-0.3454125607710437,8.18825966855921,0.04780444569378843,-7.2255321813286,4.991432490718081e-13,-75.21322779068757,-43.1158396978117,-8.465235631884164e-05,0.9111892759399476,830,0.6055357569031842,-4134.891276655996,-4116.005573852834,0.3302561747028348,0.01994740598840025,1.7083891195945085e-17,0.08792010272473774,1.5863893703071001,1.848404150544668e-19,1.9955608520307688,6,0.8877903266990319,0.015753805905733703,1.686584623458389,1.686584623458389,2.1273190174480914,4,4,HAC,cmc_fixed62_holdout_current,coinmarketcap,temporal_holdout,fixed_survivor_62,contemporaneous_size,daily,baseline,1.4974297472154244e-12,True
intercept_restored,market_return_sq,-0.2920889729202726,-0.03378008940548211,1.028242590710469,0.11891625451469913,-0.2840662072930205,0.7763596433158599,-2.3074074180829514,1.7232294722424064,0.02442776760347054,1.2677273511752594e-134,830,0.0977067726547689,-4836.455858480423,-4817.57015567726,0.14182729825767357,0.01307196477049462,-4.7284799904216003e-17,2.174319897626584,8.425482803594704,0.0,1.1463443301135778,6,1.821534142660567e-79,1.259903592360022e-05,4.585325576621975,4.58535301359932,4.0348926137175765,4,4,HAC,cmc_fixed62_holdout_current,coinmarketcap,temporal_holdout,fixed_survivor_62,contemporaneous_size,daily,baseline,,False
standard_csad,market_return_sq,-0.2901467147486246,-0.03350341278825187,0.9114994199938558,0.10525137722398104,-0.3183180464893553,0.750243696586553,-2.0766527498657306,1.4963593203684813,0.024538529206967218,9.543015666452562e-143,830,0.0838361601206501,-4816.272635638873,-4802.108358536501,0.14566899386258658,0.013247822911053515,-7.269954384141838e-17,2.2715406970799674,8.994859478193026,0.0,1.1545041432785688,6,6.089371329844658e-75,0.0018103326723742975,4.595963682177864,4.595963682177864,4.040122515650934,3,3,HAC,cmc_fixed62_holdout_current,coinmarketcap,temporal_holdout,fixed_survivor_62,contemporaneous_size,daily,leave_one_out,0.750243696586553,False
no_intercept_csad,market_return_sq,-11.286681407984418,-1.3032797788139778,1.5590831417593598,0.18002825265425842,-7.239306939877415,4.50983343368569e-13,-14.34242821473632,-8.230934601232516,,,830,0.6459973540515654,-4213.78267371088,-4199.618396608508,0.3010355616745296,0.01904451227521036,0.007758036997029927,0.629838839660564,1.9931797604066128,7.325377383326794e-42,1.2730417901712807,6,1.4757285103580861e-21,4.69143427654099e-11,3.479002475976626,3.479033743152083,4.040207713212858,3,3,HAC,cmc_fixed62_holdout_current,coinmarketcap,temporal_holdout,fixed_survivor_62,contemporaneous_size,daily,leave_one_out,9.01966686737138e-13,True
scsad,market_return_cu,-59.346412842350226,-0.345654107346679,8.062643234732596,0.046959632717135096,-7.3606646250568595,1.8299679772150596e-13,-75.14890320262164,-43.54392248207882,7.494451493369469e-05,0.9221870921675416,830,0.6080929759666662,-4128.2005985049,-4109.314895701737,0.33292914790814526,0.02002796682918709,2.2254621171326558e-17,0.0856846704063153,1.5619723912231507,7.017016703713425e-19,1.9688954237836718,6,0.7023461396810924,0.017081122366838494,1.688958143215925,1.688958143215925,2.1296774963079717,4,4,HAC,cmc_fixed62_holdout_current,coinmarketcap,temporal_holdout,fixed_survivor_62,contemporaneous_size,daily,leave_one_out,5.489903931645179e-13,True
intercept_restored,market_return_sq,-0.290435020058328,-0.03353670357291027,1.0476399278043436,0.12097160219474687,-0.2772279027843328,0.7816051156380897,-2.3437715473209835,1.7629015072043277,0.024541878243367895,3.2514136734724736e-134,830,0.10058329846216851,-4829.585114214875,-4810.699411411712,0.1430062181819749,0.013126181791062397,-4.313818378814614e-17,2.170597859226937,8.401824551232979,0.0,1.147940365141723,6,1.4848910856451953e-79,8.483030758148573e-06,4.595963748354922,4.595998251186252,4.040207713212858,4,4,HAC,cmc_fixed62_holdout_current,coinmarketcap,temporal_holdout,fixed_survivor_62,contemporaneous_size,daily,leave_one_out,,False
standard_csad,market_return_sq,-0.5397942903809754,-0.12268494946612266,0.7040846525003562,0.1600250161055115,-0.766661066199994,0.44328305775301036,-1.9197748513490729,0.8401862705871221,0.06478975308118895,8.050141684478507e-54,118,0.026968381012799747,-510.66459834505577,-502.35254447165875,0.08666492896489719,0.02710071125542605,-1.458931845389308e-16,1.5794578749990968,2.685467559399007,6.6440751967601235e-18,1.121560224980845,4,1.0693951145823825e-06,0.6934906200267118,7.434229695707282,7.434229695707282,5.263156730219444,3,3,HAC,cmc_fixed62_holdout_current,coinmarketcap,temporal_holdout,fixed_survivor_62,contemporaneous_size,weekly,baseline,0.5319396693036124,False
no_intercept_csad,market_return_sq,-9.516069719146024,-2.162821195803217,1.2467793131358966,0.28336916442655946,-7.632521344303689,2.3020632632507647e-14,-11.959712269561969,-7.072427168730081,,,118,0.6881537751408251,-403.2790986771645,-394.96704480376746,0.21531367084853098,0.04271641518005705,0.016828695105118602,0.584687178787128,0.6107536658877715,0.01869691651947542,1.3576485527657767,4,0.2302640026057611,0.0008446436789703913,6.759431549198291,6.759431549198291,5.347258573713543,3,3,HAC,cmc_fixed62_holdout_current,coinmarketcap,temporal_holdout,fixed_survivor_62,contemporaneous_size,weekly,baseline,1.3812379579504588e-13,True
scsad,market_return_cu,-35.019447648275126,-0.5032481190074128,5.9251230500598,0.08514717478637694,-5.910332553839821,3.4141775387550015e-09,-46.63247543036045,-23.4064198661898,0.0032696625883352325,0.49940701484880257,118,0.6526272587461388,-388.7608734063565,-377.67813490849386,0.23941119479961942,0.04504340607131358,2.0478557644370273e-16,0.2372156757298275,0.7299636469923656,0.20707226339090237,2.1067019388785697,4,0.9540994504149695,0.31972834102691844,2.7688026600076485,2.7688026600076485,3.0192241924461527,4,4,HAC,cmc_fixed62_holdout_current,coinmarketcap,temporal_holdout,fixed_survivor_62,contemporaneous_size,weekly,baseline,5.121266308132502e-09,True
intercept_restored,market_return_sq,-0.5430508639501637,-0.12342510654241665,0.6822790417997239,0.15506901658021657,-0.7959366046444832,0.42606888396203135,-1.8802932132841206,0.7941914853837932,0.06478493085655955,1.4484556173193367e-52,118,0.026971393059616267,-508.66496361794884,-497.5822251200862,0.08666466069116559,0.027100669309885618,-9.896744440911751e-17,1.5804981639564109,2.688753911749675,6.191285082601822e-18,1.1205709720008554,4,1.0238663216907272e-06,0.6356059868436048,7.61611016800893,7.61611016800893,5.347258573713543,4,4,HAC,cmc_fixed62_holdout_current,coinmarketcap,temporal_holdout,fixed_survivor_62,contemporaneous_size,weekly,baseline,,False
standard_csad,market_return_sq,-0.5194936922377892,-0.11807936326890757,0.7003566647112439,0.15918897623955375,-0.7417559058311749,0.45823524075637445,-1.8921675314044215,0.853180146928843,0.06520184408096796,1.8248121988917808e-54,118,0.02852976057626644,-509.5068553392871,-501.19480146589007,0.08751941663497924,0.027233985596729595,-1.1555022475574326e-16,1.5775683362906099,2.6562082042407162,9.940993400571914e-18,1.1181611216528609,4,7.87196656406227e-07,0.6994567612248156,7.411768199275971,7.411768199275971,5.254603235025963,3,3,HAC,cmc_fixed62_holdout_current,coinmarketcap,temporal_holdout,fixed_survivor_62,contemporaneous_size,weekly,leave_one_out,0.5498822889076493,False
no_intercept_csad,market_return_sq,-9.476947809057517,-2.1540819065690653,1.2473071592879004,0.2835091886005994,-7.597926251355759,3.009137243330002e-14,-11.921624918920767,-7.032270699194267,,,118,0.6886826012101956,-401.6975484417246,-393.3854945683276,0.21821893922782154,0.04300363989598523,0.01698635605824474,0.5823301499434356,0.6137977639751693,0.019049330786471176,1.3559058635212826,4,0.23280104616652192,0.0008030313933520957,6.745061810401892,6.745061810401892,5.336320642992437,3,3,HAC,cmc_fixed62_holdout_current,coinmarketcap,temporal_holdout,fixed_survivor_62,contemporaneous_size,weekly,leave_one_out,1.8054823459980013e-13,True
scsad,market_return_cu,-34.70432029441023,-0.49954839536993373,5.867309147706488,0.0844564839481441,-5.914861382065753,3.321551964009807e-09,-46.20403491007735,-23.204605678743114,0.003293714838767714,0.4992511956433656,118,0.6534195218765337,-387.2561061977028,-376.1733676998402,0.24248377924133244,0.04533152635535458,2.224856363172288e-16,0.24657521564354262,0.7235021843629728,0.2022147883608162,2.1077755763078447,4,0.954558089533462,0.3211273250918478,2.7587724508056186,2.7587724508056186,3.012041860485838,4,4,HAC,cmc_fixed62_holdout_current,coinmarketcap,temporal_holdout,fixed_survivor_62,contemporaneous_size,weekly,leave_one_out,4.982327946014711e-09,True
intercept_restored,market_return_sq,-0.5161547342311994,-0.11732042809550554,0.6808751267866926,0.1547608809074989,-0.7580754736439396,0.44840580151137566,-1.85064546070226,0.8183359922398612,0.06520677941405066,2.857893337559951e-53,118,0.02853303472251778,-507.50725303537,-496.4245145375074,0.08751912166828003,0.027233939703338646,-1.1766717543829123e-16,1.5765108648712922,2.6529118630119175,1.0669029320822626e-17,1.119204628054821,4,8.246079430275717e-07,0.6430479366296378,7.587686607700681,7.587686607700681,5.336320642992431,4,4,HAC,cmc_fixed62_holdout_current,coinmarketcap,temporal_holdout,fixed_survivor_62,contemporaneous_size,weekly,leave_one_out,,False
standard_csad,market_return_sq,-0.2283613030185303,-0.026299361987818425,0.9205955526133606,0.10602092106905657,-0.2480582296647694,0.80408935358705,-2.0326954304684657,1.5759728244314049,0.024516452013578823,1.130819282484471e-134,830,0.07858300297098886,-4822.504842739009,-4808.340565636638,0.1445793077017107,0.01319817930587446,-4.481020641559367e-17,2.284670292296723,9.056984938732073,0.0,1.1482024101061579,6,5.80523253852534e-76,0.0032962638093894823,4.581970200699876,4.581970200699876,4.033163076518135,3,3,HAC,cmc_fixed62_holdout_lagged,coinmarketcap,temporal_holdout,fixed_survivor_62,lagged_size,daily,baseline,0.80408935358705,False
no_intercept_csad,market_return_sq,-11.316242120595296,-1.3032415910115218,1.6158646307972702,0.1860919879459684,-7.003211720162378,2.50160352212543e-12,-14.483278600850056,-8.149205640340536,,,830,0.6419464643524966,-4217.020882339247,-4202.856605236875,0.29986337273116614,0.019007397822039196,0.0077675468363869815,0.6862142292299231,2.316650210170857,2.1645811978285932e-54,1.2628403435797997,6,1.6968084969589117e-22,1.5415417690819085e-11,3.481355466819367,3.481355466819367,4.034641663586408,3,3,HAC,cmc_fixed62_holdout_lagged,coinmarketcap,temporal_holdout,fixed_survivor_62,lagged_size,daily,baseline,5.00320704425086e-12,True
scsad,market_return_cu,-59.7998499495306,-0.3474983495919018,8.530897680738741,0.04957324921544164,-7.009795708199396,2.3866635372036305e-12,-76.5201021595748,-43.079597739486395,-3.723957005744512e-05,0.9593354455798572,830,0.6036629835689742,-4132.105846732463,-4113.2201439293,0.33136635630907046,0.019980905231404052,4.517805139363212e-17,0.06711571010431781,1.7963503458339911,1.3068618159398056e-24,2.0712205932905916,6,0.7432257463700189,0.013559620285884104,1.7063442725141749,1.7063442725141749,2.147557684245982,4,4,HAC,cmc_fixed62_holdout_lagged,coinmarketcap,temporal_holdout,fixed_survivor_62,lagged_size,daily,baseline,5.00320704425086e-12,True
intercept_restored,market_return_sq,-0.2630340698424588,-0.0302924713008605,1.0398569401647326,0.1197557279777758,-0.25295217032526546,0.8003051739440805,-2.3011162216393566,1.7750480819544392,0.024509398248944627,2.207162942332225e-127,830,0.09597893314983041,-4836.324671899654,-4817.438969096492,0.1418497167019855,0.01307299786334115,-4.166680387599232e-17,2.1860621523968553,8.499798405544063,0.0,1.142442996619149,6,2.039070988492519e-80,2.0499959248426234e-05,4.582886789914822,4.582886789914822,4.034641663586408,4,4,HAC,cmc_fixed62_holdout_lagged,coinmarketcap,temporal_holdout,fixed_survivor_62,lagged_size,daily,baseline,,False
standard_csad,market_return_sq,-0.22383627549789065,-0.02573834616785512,0.941920067925342,0.10830891783195581,-0.23763829131585318,0.812161648931075,-2.069965684947082,1.622293133951301,0.024634336690946057,7.699500695996446e-134,830,0.08158199652332843,-4816.001643839564,-4801.8373667371925,0.14571656199232902,0.013249985769136665,-3.8055235000705664e-17,2.2812364462565378,9.031523444607224,0.0,1.1499372474723843,6,5.355213684183542e-76,0.002461284621174391,4.592237104482177,4.592237104482177,4.0382703499412775,3,3,HAC,cmc_fixed62_holdout_lagged,coinmarketcap,temporal_holdout,fixed_survivor_62,lagged_size,daily,leave_one_out,0.8121616489310751,False
no_intercept_csad,market_return_sq,-11.339597120030524,-1.303910527595019,1.5989693415118833,0.1838612902760171,-7.091816475548258,1.3236297315756815e-12,-14.47351944177754,-8.205674798283507,,,830,0.6440446024920345,-4210.195230351304,-4196.030953248933,0.3023395198430374,0.019085714074631818,0.007795375127103417,0.6799811918898195,2.297190421004446,1.7960320913163953e-53,1.2653004923621243,6,2.341361734986538e-22,1.908477264361207e-11,3.485186751954384,3.485186751954384,4.039897361624433,3,3,HAC,cmc_fixed62_holdout_lagged,coinmarketcap,temporal_holdout,fixed_survivor_62,lagged_size,daily,leave_one_out,3.2008529928633043e-12,True
scsad,market_return_cu,-59.86481082825426,-0.34709996014653255,8.472838434874081,0.049126053225324526,-7.065496561559767,1.6004264964316522e-12,-76.47126900743417,-43.25835264907434,-0.00020007566464578703,0.7894378314318636,830,0.6059265258647705,-4125.454686935968,-4106.568984132806,0.3340324104314403,0.020061123778761635,4.629830655402196e-17,0.02007680829622266,1.7789710173441762,4.990497345588053e-24,2.0059828887915163,6,0.7503412772154137,0.012790242240440388,1.7093167267675586,1.7093167267675586,2.1505459218458727,4,4,HAC,cmc_fixed62_holdout_lagged,coinmarketcap,temporal_holdout,fixed_survivor_62,lagged_size,daily,leave_one_out,3.2008529928633043e-12,True
intercept_restored,market_return_sq,-0.25956805916467957,-0.029847050242585813,1.059484366662918,0.12182732815735178,-0.2449947043411759,0.8064605317575623,-2.336119260007228,1.8169831416778686,0.024628257001921516,1.4049611330779802e-126,830,0.0987623324166097,-4829.675051457733,-4810.789348654571,0.14299072313598526,0.013125470646110561,-5.725005476380326e-17,2.1816075115416145,8.469440491543223,0.0,1.1440528415250453,6,1.6645818682418929e-80,1.3738914497907628e-05,4.59321970745796,4.59321970745796,4.039897361624434,4,4,HAC,cmc_fixed62_holdout_lagged,coinmarketcap,temporal_holdout,fixed_survivor_62,lagged_size,daily,leave_one_out,,False
standard_csad,market_return_sq,-0.38805010427736464,-0.08707893306672708,0.7064931315854229,0.15853795022680017,-0.5492623875996522,0.5828253954472444,-1.7727511975097108,0.9966509889549816,0.06555267283875575,7.377412276039417e-50,118,0.022335944120696505,-509.3460633586044,-501.0340094852074,0.08763875572442228,0.027252547031396786,-9.549799745716389e-17,1.5773657269480688,2.576985557307527,2.5018206535905484e-17,1.0891057720270296,4,2.6376464332042254e-07,0.6920018991950737,7.411936225010216,7.411936225010216,5.254667272361571,3,3,HAC,cmc_fixed62_holdout_lagged,coinmarketcap,temporal_holdout,fixed_survivor_62,lagged_size,weekly,baseline,0.6993904745366933,False
no_intercept_csad,market_return_sq,-9.595219382045176,-2.153179337203472,1.2263250554207232,0.2751888898932079,-7.824368701945246,5.102107117534448e-15,-11.998772324008879,-7.191666440081473,,,118,0.6825553267272573,-401.1927751550079,-392.8807212816109,0.21915442250180311,0.04309571752111047,0.01700009775352725,0.6136186856955196,0.5760519605336869,0.014596650914642278,1.3443303001537001,4,0.18778734157610155,0.0006176887472823317,6.809710819210078,6.809710819210078,5.396369785191664,3,3,HAC,cmc_fixed62_holdout_lagged,coinmarketcap,temporal_holdout,fixed_survivor_62,lagged_size,weekly,baseline,3.0612642705206686e-14,True
scsad,market_return_cu,-36.1309517212647,-0.5110883790924305,6.046502272151756,0.0855304634456656,-5.975512799800348,2.293675290377166e-09,-47.98187840712175,-24.280025035407654,0.004182225039416412,0.41292939044684807,118,0.6484844144194226,-387.307764162239,-376.22502566437635,0.24237764808024145,0.04532160483794447,1.3223003200865246e-15,0.26547642306910824,0.7218879545308128,0.18520333522894003,2.0125619101623102,4,0.9838592963935182,0.2949758899603927,2.8855482238722963,2.8855482238722963,3.113062509818449,4,4,HAC,cmc_fixed62_holdout_lagged,coinmarketcap,temporal_holdout,fixed_survivor_62,lagged_size,weekly,baseline,3.440512935565749e-09,True
intercept_restored,market_return_sq,-0.38206345497340505,-0.08573552140857468,0.6895320732589839,0.15473186733577957,-0.5540909114896305,0.5795166297561325,-1.7335214847462475,0.9693945747994375,0.06556105528306112,2.3301668610650416e-48,118,0.022342262232940224,-507.3468259310332,-496.2640874331706,0.087638189362703,0.027252458972043363,-1.6288759418494086e-16,1.5758187589766088,2.57182770631764,2.780069607516069e-17,1.0904726176763686,4,2.8112995693181155e-07,0.6086813054160942,7.697584028289646,7.697584028289646,5.396369785191663,4,4,HAC,cmc_fixed62_holdout_lagged,coinmarketcap,temporal_holdout,fixed_survivor_62,lagged_size,weekly,baseline,,False
standard_csad,market_return_sq,-0.37747241708948326,-0.08468444800713458,0.7049440208129341,0.15815141074088443,-0.5354643857453901,0.592328778205478,-1.7591373089996882,1.0041924748207218,0.06595078390697304,1.9895226724840837e-50,118,0.02373281037975361,-508.15759791717596,-499.84554404377894,0.08852589057318297,0.027390133472422945,-6.927133066781961e-17,1.5760974849254756,2.5486507570792725,3.583635368376815e-17,1.0871533112992118,4,2.0275696869118318e-07,0.69794006165223,7.382309881993065,7.382309881993065,5.243364040039197,3,3,HAC,cmc_fixed62_holdout_lagged,coinmarketcap,temporal_holdout,fixed_survivor_62,lagged_size,weekly,leave_one_out,0.7107945338465737,False
no_intercept_csad,market_return_sq,-9.559653621231273,-2.1446705862523023,1.227433313688838,0.27536982287812123,-7.788328306408266,6.790155993150942e-15,-11.96537870948605,-7.153928532976496,,,118,0.6829894739752118,-399.58548193509773,-391.2734280617007,0.22215997620555816,0.043390225428764105,0.017167718820180745,0.6117220331035957,0.5810826253674319,0.014748240019028294,1.3433545723528835,4,0.19005904884186503,0.0005865144292313223,6.793748936185422,6.793748936185422,5.382870692014193,3,3,HAC,cmc_fixed62_holdout_lagged,coinmarketcap,temporal_holdout,fixed_survivor_62,lagged_size,weekly,leave_one_out,4.0740935958905655e-14,True
scsad,market_return_cu,-35.827367370466696,-0.5074484978066056,5.995886436297584,0.08492400610004903,-5.975324541435083,2.296325716464312e-09,-47.579088841002175,-24.075645899931217,0.00421554226802562,0.4125577784753617,118,0.6491792716986742,-385.77659279694905,-374.6938542990864,0.2455432413507599,0.04561660801398275,1.3900427419280594e-15,0.27413517285946265,0.7153325986037746,0.18061709581285834,2.012500400480019,4,0.9840285698024874,0.29689447268520025,2.873887605921688,2.873887605921688,3.1053084588044695,4,4,HAC,cmc_fixed62_holdout_lagged,coinmarketcap,temporal_holdout,fixed_survivor_62,lagged_size,weekly,leave_one_out,3.444488574696468e-09,True
intercept_restored,market_return_sq,-0.36544106926039444,-0.08198526257381406,0.6891247382655477,0.1546024170932857,-0.5302974178233247,0.5959057367263607,-1.7161007371164592,0.9852185985956703,0.06596754672548094,5.5955399150395174e-49,118,0.02375889162681466,-506.16075036180996,-495.0780118639473,0.08852352557961575,0.027389767602496694,-1.4865698126336842e-16,1.5730220888111857,2.5385103568998835,4.407051817597803e-17,1.0899719276624085,4,2.31470796705969e-07,0.6165018847460877,7.661652429779069,7.661652429779069,5.382870692014194,4,4,HAC,cmc_fixed62_holdout_lagged,coinmarketcap,temporal_holdout,fixed_survivor_62,lagged_size,weekly,leave_one_out,,False
standard_csad,market_return_sq,-0.17645968495094644,-0.08583631572681837,0.06663656600610286,0.03241441420594659,-2.64809091355016,0.008094775308825299,-0.30706495437633413,-0.045854415525558745,0.012041867871870296,4.611893237752547e-162,1826,0.2570190578838547,-11849.982608656966,-11833.452959473501,0.161885643986593,0.009415725351341287,-1.6659425451658975e-17,2.722992923526506,14.119760933413616,0.0,0.9773234335782697,7,0.0,2.654608472601364e-05,2.8564134926758125,2.8564134926758142,3.052595404627503,3,3,HAC,binance_fixed14_equal,binance,five_year,fixed_survivor_14,equal,daily,baseline,0.01214216296323795,True
no_intercept_csad,market_return_sq,-1.258654347727454,-0.6122545895539803,0.3182657393306491,0.15481586342970713,-3.9547277390728723,7.662185581726686e-05,-1.8824437343285392,-0.6348649611263689,,,1826,0.6770198746957421,-10995.835494807663,-10979.305845624198,0.2584389997643003,0.01189675832226904,0.004571780394238984,1.2313481158041384,7.502614085237859,0.0,1.2982300130974853,7,6.990109112373567e-116,1.5409769522087613e-29,2.504949750789928,2.504949750789928,3.2439546038747866,3,3,HAC,binance_fixed14_equal,binance,five_year,fixed_survivor_14,equal,daily,baseline,0.0002298655674518006,True
scsad,market_return_cu,-2.031531619892637,-0.16621078052420218,0.6485064933737829,0.053057884693109646,-3.1326311157253337,0.0017324702839378347,-3.3025809906456143,-0.7604822491396594,0.0012357996019021085,0.0022791257618567113,1826,0.6474662837476626,-10842.262913697125,-10820.223381452504,0.2808070205153803,0.012400911100404782,1.0930771925909674e-15,0.4951944396690277,5.692206490316877,0.0,1.9948881639501646,7,0.24319761133124737,1.8910173850589198e-13,2.9036951849508315,2.9036951849508315,3.179536102952501,4,4,HAC,binance_fixed14_equal,binance,five_year,fixed_survivor_14,equal,daily,baseline,0.0034649405678756694,True
intercept_restored,market_return_sq,-0.05564086784571931,-0.027065712494312843,0.08664153318345334,0.04214554729290093,-0.64219625162803,0.5207457664935923,-0.22545515245061984,0.11417341675918122,0.012032572307380853,8.03314875199362e-164,1826,0.27489721509380294,-11892.458449366495,-11870.418917121875,0.15799023183109037,0.009301751470090512,-1.070094481566416e-17,2.6873872100817984,14.339914714263948,0.0,1.014046541615375,7,0.0,1.4031670715298293e-06,3.049609232245144,3.049609232245144,3.243954603874787,4,4,HAC,binance_fixed14_equal,binance,five_year,fixed_survivor_14,equal,daily,baseline,,False
standard_csad,market_return_sq,-0.190033506870251,-0.08583631572681882,0.0717624556988791,0.03241441420594618,-2.648090913550207,0.00809477530882417,-0.3306853354822052,-0.04938167825829681,0.012968165400475691,4.611893237737846e-162,1826,0.2570190578838545,-11579.340294351576,-11562.81064516811,0.18774903089569367,0.01014001191682908,-7.904106966115573e-18,2.7229929235265056,14.119760933413616,0.0,0.9773234335782697,7,0.0,2.6546084726021707e-05,2.8564134926758125,2.8564134926758142,3.052595404627503,3,3,HAC,binance_fixed14_equal,binance,five_year,fixed_survivor_14,equal,daily,leave_one_out,0.012142162963236254,True
no_intercept_csad,market_return_sq,-1.3554739129372588,-0.6122545895539806,0.34274771927915837,0.15481586342970616,-3.9547277390728994,7.66218558172582e-05,-2.027247098507654,-0.6837007273668637,,,1826,0.6770198746957423,-10725.19318050227,-10708.663531318805,0.2997280707325612,0.012811893577828198,0.004923455809180409,1.231348115804126,7.502614085237806,0.0,1.2982300130974904,7,6.990109112387525e-116,1.5409769522104731e-29,2.504949750789928,2.504949750789928,3.2439546038747866,3,3,HAC,binance_fixed14_equal,binance,five_year,fixed_survivor_14,equal,daily,leave_one_out,0.0002298655674517746,True
scsad,market_return_cu,-2.1878032829613003,-0.1662107805242021,0.6983916082486845,0.0530578846931093,-3.1326311157253532,0.0017324702839377193,-3.5566256822337285,-0.8189808836888721,0.001330861109740733,0.0022791257618566866,1826,0.6474662837476626,-10571.620599391734,-10549.581067147114,0.3256696805977192,0.013354827338897458,1.1760703157351808e-15,0.49519443966902815,5.692206490316877,0.0,1.9948881639501648,7,0.24319761133124787,1.8910173850598712e-13,2.9036951849508315,2.9036951849508315,3.179536102952501,4,4,HAC,binance_fixed14_equal,binance,five_year,fixed_survivor_14,equal,daily,leave_one_out,0.0034649405678754386,True
intercept_restored,market_return_sq,-0.059920934603081684,-0.02706571249431255,0.09330626650525764,0.04214554729290102,-0.6421962516280216,0.5207457664935977,-0.24279785648528263,0.12295598727911927,0.012958154792564004,8.033148751984017e-164,1826,0.2748972150938028,-11621.816135061104,-11599.776602816484,0.18323127478635334,0.010017270813943628,-2.176669456822596e-17,2.6873872100817993,14.339914714263948,0.0,1.014046541615375,7,0.0,1.4031670715299642e-06,3.049609232245144,3.049609232245144,3.243954603874787,4,4,HAC,binance_fixed14_equal,binance,five_year,fixed_survivor_14,equal,daily,leave_one_out,,False
standard_csad,market_return_sq,-0.19935274335460962,-0.2056047441631461,0.0794476757634894,0.08193927394644561,-2.5092331706225095,0.012099358796311624,-0.3550673265064646,-0.04363816020275463,0.030927147881022535,7.844107198125698e-26,261,0.2518722408756512,-1176.8294641021962,-1166.135902880228,0.1644300027304227,0.025099801004418134,-1.297387059427865e-17,2.8493876511598173,12.590925220729376,0.0,1.2161198106924096,4,4.639535327407926e-13,0.5536071899276465,3.2386272127487814,3.2386272127487814,3.295822898197207,3,3,HAC,binance_fixed14_equal,binance,five_year,fixed_survivor_14,equal,weekly,baseline,0.014519230555573947,True
no_intercept_csad,market_return_sq,-0.6725018348929112,-0.6935925003371974,0.09829320191917713,0.10137582404682555,-6.841793956878977,7.820752295090421e-12,-0.8651529705796217,-0.47985069920620066,,,261,0.7277478352089246,-1083.0647932085044,-1072.3712319865363,0.23550604383051937,0.030038675187389407,0.009865016874467131,1.6162699317873568,6.461336857183213,2.655443371965373e-119,1.5519162701360278,4,0.03702758426266837,0.38329225229304215,2.9426565875085218,2.9426565875085218,3.655918675090893,3,3,HAC,binance_fixed14_equal,binance,five_year,fixed_survivor_14,equal,weekly,baseline,4.692451377054253e-11,True
scsad,market_return_cu,-0.4041650492281414,-0.128595501294471,0.25111040825972986,0.07989723231162268,-1.609511338176406,0.10750457780173618,-0.8963324055603612,0.08800230710407841,0.000367255457262683,0.8782491681423381,261,0.7083276164145426,-1063.5697546875972,-1049.3116730583065,0.2518333038277908,0.031062494406070607,6.061562490769533e-18,-0.032448148018605974,6.417093639243184,1.2499510476424586e-93,1.9516555172989092,4,0.46761628485917583,0.5863107132694927,6.32017315523099,6.32017315523099,5.0264190033368275,4,4,HAC,binance_fixed14_equal,binance,five_year,fixed_survivor_14,equal,weekly,baseline,0.10750457780173618,False
intercept_restored,market_return_sq,-0.05296682974846251,-0.054627948912616436,0.07719352654424774,0.07961443122931618,-0.6861563672454015,0.4926145090821732,-0.20426336161482475,0.09832970211789974,0.03162636612654704,6.790739806442646e-28,261,0.29898367261233527,-1191.8055790557214,-1177.5474974264307,0.15407544396072262,0.024296653504073798,1.2761184191093753e-17,2.8186597939632434,12.630515505087057,0.0,1.2835888586208972,4,2.6063699165578622e-11,0.31480293764147704,3.7224586707167915,3.7224586707167915,3.6559186750908927,4,4,HAC,binance_fixed14_equal,binance,five_year,fixed_survivor_14,equal,weekly,baseline,,False
standard_csad,market_return_sq,-0.21468756976650233,-0.20560474416314578,0.0855590354376037,0.08193927394644535,-2.5092331706225135,0.012099358796311474,-0.38238019777619175,-0.0469949417568129,0.0333061592564858,7.844107198122547e-26,261,0.2518722408756511,-1138.1451026379532,-1127.451541415985,0.1906998848234488,0.027030554927834915,7.869396917841148e-18,2.8493876511598195,12.590925220729385,0.0,1.2161198106924096,4,4.639535327407876e-13,0.5536071899276065,3.2386272127487814,3.2386272127487814,3.295822898197207,3,3,HAC,binance_fixed14_equal,binance,five_year,fixed_survivor_14,equal,weekly,leave_one_out,0.01451923055557377,True
no_intercept_csad,market_return_sq,-0.724232745269289,-0.6935925003371977,0.10585421745142173,0.10137582404682574,-6.8417939568789645,7.820752295091127e-12,-0.931703199085747,-0.5167622914528311,,,261,0.7277478352089246,-1044.3804317442618,-1033.6868705222937,0.2731312697679396,0.03234934250949628,0.01062386432634923,1.616269931787357,6.461336857183213,2.655443371965373e-119,1.5519162701360278,4,0.0370275842626683,0.3832922522930541,2.9426565875085218,2.9426565875085218,3.655918675090893,3,3,HAC,binance_fixed14_equal,binance,five_year,fixed_survivor_14,equal,weekly,leave_one_out,4.6924513770546767e-11,True
scsad,market_return_cu,-0.4352546683995365,-0.1285955012944709,0.2704265935104796,0.07989723231162307,-1.6095113381763968,0.1075045778017382,-0.9652810521419296,0.09477171534285656,0.00039550587705212156,0.8782491681423379,261,0.7083276164145426,-1024.8853932233542,-1010.6273115940634,0.2920670269245385,0.033451917052691425,5.4235032812148455e-18,-0.03244814801860518,6.417093639243182,1.2499510476426013e-93,1.951655517298909,4,0.46761628485917606,0.5863107132694927,6.32017315523099,6.32017315523099,5.0264190033368275,4,4,HAC,binance_fixed14_equal,binance,five_year,fixed_survivor_14,equal,weekly,leave_one_out,0.10750457780173821,False
intercept_restored,market_return_sq,-0.05704120126757482,-0.05462794891261626,0.08313149012457446,0.07961443122931615,-0.6861563672453995,0.4926145090821745,-0.21997592789288795,0.10589352535773829,0.034059163520896815,6.790739806443472e-28,261,0.29898367261233516,-1153.1212175914784,-1138.8631359621877,0.17869104743373748,0.026165626850541013,5.742532885992189e-18,2.8186597939632434,12.630515505087056,0.0,1.2835888586208974,4,2.6063699165579103e-11,0.3148029376414871,3.7224586707167915,3.7224586707167915,3.6559186750908927,4,4,HAC,binance_fixed14_equal,binance,five_year,fixed_survivor_14,equal,weekly,leave_one_out,,False
standard_csad,market_return_sq,0.3973238530579284,0.11481124326147996,0.28198281405948256,0.08148213909477967,1.4090357044742285,0.15882461081861632,-0.15535230675791223,0.950000012873769,0.013396507552646696,6.874782201243772e-168,1826,0.27530784598551794,-11179.154916441017,-11162.625267257552,0.23375316323874032,0.01131431750151327,-1.4674278586707641e-15,4.1036235431382,40.162715700770505,0.0,1.0342552903482933,7,0.0,5.650155571812094e-18,3.404478381291658,3.404478381291658,3.3957609196536067,3,3,HAC,binance_fixed14_lagged,binance,five_year,fixed_survivor_14,lagged_liquidity,daily,baseline,0.19058953298233958,False
no_intercept_csad,market_return_sq,-1.6506034837810537,-0.4769606371379955,0.5276046007913447,0.15245734606952854,-3.128485766244917,0.0017570952116112068,-2.684689499409722,-0.6165174681523851,,,1826,0.6415611665790264,-10399.524261629427,-10382.994612445962,0.35824841012456626,0.014006891007181327,0.0051118476680651614,1.8833984355483888,17.66032328593693,0.0,1.3025784519401424,7,1.9084864446235987e-109,6.1523482018505225e-37,2.8934907287944704,2.8934907287944704,3.526716897738681,3,3,HAC,binance_fixed14_lagged,binance,five_year,fixed_survivor_14,lagged_liquidity,daily,baseline,0.0035141904232224136,True
scsad,market_return_cu,-3.0244184383493464,-0.11829673513084671,1.5477640673430995,0.06053905557441901,-1.954056501351062,0.05069453557177021,-6.057980266907048,0.009143390208355306,0.00035543850656743364,0.3765406279366059,1826,0.6226042647466457,-10304.165557372338,-10282.126025127718,0.37704105026199186,0.014369575270765936,2.6785802491709347e-16,0.7706812000737724,11.082454459879008,0.0,2.1062633129606043,7,0.00013237699253146516,1.0112038735474932e-44,2.211993280122512,2.211993280122512,2.6143554105166804,4,4,HAC,binance_fixed14_lagged,binance,five_year,fixed_survivor_14,lagged_liquidity,daily,baseline,0.07604180335765531,False
intercept_restored,market_return_sq,0.47075486529780225,0.13602996885352162,0.3326797554476805,0.0961315965223577,1.415039110703676,0.15705702913371897,-0.18128547376524445,1.122795204360849,0.013431946281778505,6.32846522719612e-170,1826,0.2780412723390504,-11184.055326933441,-11162.015794688821,0.23287148257878165,0.011292959417662464,-9.606530004971235e-18,3.995980527831542,37.73334998382184,0.0,1.0438057248565404,7,0.0,1.2005565762783088e-22,3.5691926473879487,3.5691926473879487,3.5267168977386785,4,4,HAC,binance_fixed14_lagged,binance,five_year,fixed_survivor_14,lagged_liquidity,daily,baseline,,False
standard_csad,market_return_sq,0.403004759253808,0.10764325673024752,0.2963032701097429,0.0791431074746881,1.3601090501112112,0.17379541759111228,-0.17773897866273153,0.9837484971703476,0.014096981818433043,9.018179664604747e-159,1826,0.27801416847850546,-10888.06417933552,-10871.534530152056,0.27415129459056325,0.012253065749342148,-1.6016760754490963e-15,4.459879931183352,47.43736286053659,0.0,1.0074363540458793,7,0.0,1.6837238350736998e-16,3.3938399083203055,3.3938399083203055,3.389441644834543,3,3,HAC,binance_fixed14_lagged,binance,five_year,fixed_survivor_14,lagged_liquidity,daily,leave_one_out,0.20855450110933474,False
no_intercept_csad,market_return_sq,-1.728296990971217,-0.4616310662179136,0.5501900728359445,0.14695670435845737,-3.141272582514516,0.0016821539217291854,-2.806649718381137,-0.6499442635612966,,,1826,0.64242530789695,-10145.989985502305,-10129.46033631884,0.41160882291721956,0.015013845798864488,0.005374138582381868,2.1309094162737616,21.27442477178019,0.0,1.286043434907966,7,5.177825282186288e-121,1.2685675570983474e-32,2.8871719223987533,2.8871719223987533,3.5209772306635756,3,3,HAC,binance_fixed14_lagged,binance,five_year,fixed_survivor_14,lagged_liquidity,daily,leave_one_out,0.0040605205417542384,True
scsad,market_return_cu,-3.107758390530132,-0.11403461114837876,1.6417874818829192,0.0602429705138236,-1.892911491179073,0.058369640834698526,-6.32560272528936,0.11008594422909646,0.0003913029026756717,0.3628870360930678,1826,0.6241666449951313,-10053.934383216409,-10031.894850971788,0.4324176705086253,0.015388678618787413,2.9688281770901214e-16,0.8927087080934343,13.590747240478308,0.0,2.1081050276426354,7,5.005958923251702e-05,1.583009149234361e-42,2.2208343540633293,2.2208343540633293,2.6219060197966413,4,4,HAC,binance_fixed14_lagged,binance,five_year,fixed_survivor_14,lagged_liquidity,daily,leave_one_out,0.08755446125204779,False
intercept_restored,market_return_sq,0.49183556172313947,0.1313701151759516,0.3514704998414566,0.09387836837856113,1.3993651300607008,0.1617035179026184,-0.19703395959440628,1.180705083040685,0.014139512866447204,4.296438147941894e-162,1826,0.2814272632899899,-10894.716826891785,-10872.677294647165,0.27285527973781065,0.012224069045961006,-7.782505320483025e-18,4.333109872352745,44.4311085083681,0.0,1.0180687503693313,7,0.0,3.666335762039027e-21,3.558782238608992,3.558782238608992,3.520977230663575,4,4,HAC,binance_fixed14_lagged,binance,five_year,fixed_survivor_14,lagged_liquidity,daily,leave_one_out,,False
standard_csad,market_return_sq,0.0040136127894892125,0.002749240410840212,0.09520098654078536,0.065210675039505,0.04215936131890532,0.9663716587067787,-0.18257689212313252,0.19060411770211097,0.037106803300297336,9.84351763070201e-47,261,0.24791235670102152,-1159.3833678325032,-1148.689806610535,0.17579670550498122,0.025952853326841073,-2.1268640318489588e-19,2.1730054320217427,8.371899966393732,3.3928223162037274e-203,1.3330013190733507,4,2.7663384647121916e-12,0.3977370152474622,3.376855874931987,3.376855874931987,3.379327851345051,3,3,HAC,binance_fixed14_lagged,binance,five_year,fixed_survivor_14,lagged_liquidity,weekly,baseline,0.9663716587067787,False
no_intercept_csad,market_return_sq,-1.0064248256345951,-0.6893798545672787,0.22499899475192903,0.15411958283328833,-4.473019209460119,7.712284618671798e-06,-1.4474147519060927,-0.5654348993630975,,,261,0.6944786807091441,-1024.1803307129685,-1013.4867694910004,0.29510981590279445,0.033625718576993056,0.012363243347260945,0.921114832994851,3.6087325727584396,7.356549132875195e-38,1.5179899617620782,4,0.13061357167404808,0.556537382999964,3.1715848445615036,3.1715848445615036,3.690030355446424,3,3,HAC,binance_fixed14_lagged,binance,five_year,fixed_survivor_14,lagged_liquidity,weekly,baseline,4.6273707712030786e-05,True
scsad,market_return_cu,-1.4578147904511136,-0.2362892203314821,0.4618408328456301,0.07485725280408712,-3.1565307499313016,0.0015965805218749944,-2.363006189418532,-0.5526233914836953,0.002413000763184697,0.36350720400322145,261,0.677150652696314,-1008.0841049364062,-993.8260233071154,0.3114865229384419,0.034546127913083605,-1.861006027867839e-18,0.7614979413226087,3.4763291652836212,3.105084969475618e-33,1.9135940112052503,4,0.08274861735923313,0.9475425104100963,4.454748078717817,4.454748078717817,4.071138049359525,4,4,HAC,binance_fixed14_lagged,binance,five_year,fixed_survivor_14,lagged_liquidity,weekly,baseline,0.0035141904232224136,True
intercept_restored,market_return_sq,0.07848393088964861,0.05375984324359107,0.10825659962453062,0.07415349562551737,0.7249805661904828,0.46846395280770003,-0.13369510546320373,0.29066296724250096,0.03739429467216849,1.6532684994315074e-47,261,0.2536923450731613,-1159.396967914527,-1145.1388862852364,0.1744456622818507,0.025852933779127153,4.2537280636979175e-18,2.190080370383354,8.434420537113963,2.8439269936322175e-206,1.3454048723716927,4,1.000432518494477e-11,0.6145915523767813,3.827043908856604,3.827043908856604,3.6900303554464244,4,4,HAC,binance_fixed14_lagged,binance,five_year,fixed_survivor_14,lagged_liquidity,weekly,baseline,,False
standard_csad,market_return_sq,-0.015422559175322089,-0.009988570632559014,0.1009078770017435,0.06535396916656296,-0.15283801060501567,0.8785260217359541,-0.21319836385513696,0.18235324550449278,0.03892103828791652,6.221148026565717e-45,261,0.25585074436633404,-1131.2811836769433,-1120.5876224549752,0.19578154057659602,0.027388334106350054,-1.403730261020313e-17,2.116928993580053,7.962110791220539,8.775095539718466e-186,1.3226228991555844,4,8.79161053861755e-13,0.36755080951768987,3.3784617616529973,3.3784617616529973,3.380285473358683,3,3,HAC,binance_fixed14_lagged,binance,five_year,fixed_survivor_14,lagged_liquidity,weekly,leave_one_out,0.878526021735954,False
no_intercept_csad,market_return_sq,-1.0640018164438068,-0.6891111375163909,0.2365406922737314,0.15319788275030102,-4.4981766402057985,6.853874225029836e-06,-1.527613054178492,-0.6003905787091214,,,261,0.7006865296008076,-998.0562122604015,-987.3626510384333,0.32617692609492743,0.03535137936986636,0.012904576982218769,0.8951388417388163,3.414576098373434,2.427820617934616e-34,1.5189139982587572,4,0.11614865903554089,0.553855119863081,3.1718264530915534,3.1718264530915534,3.6933454627255013,3,3,HAC,binance_fixed14_lagged,binance,five_year,fixed_survivor_14,lagged_liquidity,weekly,leave_one_out,4.1123245350179015e-05,True
scsad,market_return_cu,-1.5064144029673234,-0.23103570219556027,0.4881810906700257,0.07487133743502213,-3.08576966981613,0.0020302602708771192,-2.4632317586140564,-0.5495970473205904,0.002532128041139922,0.36570101361832064,261,0.6833135877443617,-981.6652088677724,-967.4071272384816,0.34466671142642985,0.03633953924783503,4.2537280636979176e-19,0.7337554076305616,3.3242480499202003,1.634628577224285e-30,1.9185015792559907,4,0.09053986065976616,0.9617464397535991,4.481729822442534,4.481729822442534,4.087198173583281,4,4,HAC,binance_fixed14_lagged,binance,five_year,fixed_survivor_14,lagged_liquidity,weekly,leave_one_out,0.0040605205417542384,True
intercept_restored,market_return_sq,0.0707184490030128,0.045801492142879964,0.1133426059869332,0.07340744248142234,0.6239352658890306,0.5326700988851849,-0.15142897664529018,0.29286587465131575,0.0392520945831857,5.1079188047630665e-46,261,0.2627280539130915,-1131.7045197068073,-1117.4464380775166,0.19397215859053227,0.027261481014247222,-5.2320855183484386e-17,2.132718445017139,8.03154837255912,6.316939424964123e-189,1.3365764212011273,4,3.9345081481402614e-12,0.5792928019510799,3.831041521706818,3.831041521706818,3.6933454627255022,4,4,HAC,binance_fixed14_lagged,binance,five_year,fixed_survivor_14,lagged_liquidity,weekly,leave_one_out,,False
standard_csad,market_return_sq,-0.14981592770747013,-0.07100460063991297,0.06859198538068227,0.032508870075309414,-2.184160829811221,0.028950432093369612,-0.2842537486817053,-0.015378106733234975,0.012135544726707822,5.061792063085835e-159,1826,0.25486791396473774,-11751.5644949524,-11735.034845768934,0.17085041112785807,0.009672920702774146,-2.3225914315816527e-17,2.786113289572504,14.803692688017566,0.0,1.0012427424385844,7,0.0,3.300469767962324e-05,2.894083832604702,2.894083832604702,3.077457885791341,3,3,HAC,okx_listing14_equal,okx,five_year,listing_aware_survivor_14,equal,daily,baseline,0.03966349363127576,True
no_intercept_csad,market_return_sq,-1.2505426468433092,-0.5926891925381138,0.32603029497018887,0.15452062571126074,-3.835663943308258,0.00012522554007909586,-1.8895502828538497,-0.6115350108327686,,,1826,0.6729379517268892,-10925.241714789523,-10908.712065606058,0.26862598665811577,0.012128961715624206,0.004597226345221291,1.2925213434253136,7.794675750456484,0.0,1.3196834512050735,7,5.539343850308901e-111,1.060915316295557e-27,2.5382018413986005,2.5382018413986005,3.2710523828974214,3,3,HAC,okx_listing14_equal,okx,five_year,listing_aware_survivor_14,equal,daily,baseline,0.00037567662023728755,True
scsad,market_return_cu,-1.9845425097396356,-0.1584054757232562,0.6670058045618268,0.05324016556120598,-2.975300209033912,0.0029270194461104983,-3.2918498641599783,-0.677235155319293,0.0011568720637886224,0.00351867227233477,1826,0.6437277171716779,-10774.286198743159,-10752.246666498539,0.2914576727572002,0.012633897811390312,1.2030810812713105e-15,0.44003693707652763,6.074190219107933,0.0,2.0522829347169496,7,0.006228724225924726,3.3252484465063244e-12,2.9172210585675953,2.9172210585675953,3.187250985966344,4,4,HAC,okx_listing14_equal,okx,five_year,listing_aware_survivor_14,equal,daily,baseline,0.0058540388922209965,True
intercept_restored,market_return_sq,-0.024289917852660884,-0.011512099835420115,0.08884035536345543,0.042105496056515555,-0.27341085876219456,0.7845374065902847,-0.19841381473877334,0.14983397903345158,0.012133335669212287,1.6317136107991664e-160,1826,0.27265395437457984,-11793.679091601854,-11771.639559357234,0.1667722719988253,0.009556778845676073,-1.824024684488209e-18,2.7604437661781227,15.12379961570381,0.0,1.0388457772317958,7,0.0,3.7804478848965796e-06,3.0930802123730716,3.0930802123730716,3.271052382897421,4,4,HAC,okx_listing14_equal,okx,five_year,listing_aware_survivor_14,equal,daily,baseline,,False
standard_csad,market_return_sq,-0.16072723353041946,-0.07041540274527629,0.07410437648835072,0.032465496985159124,-2.1689303809969434,0.030087969798318227,-0.3059691425443836,-0.01548532451645529,0.013092476036562004,5.423622184835875e-158,1826,0.25491888195393886,-11464.518108399388,-11447.988459215923,0.19993412543051362,0.010463887867555347,-1.0944148106929254e-17,2.789580906822328,14.828652977277589,0.0,0.9992250154444166,7,0.0,3.749305366485416e-05,2.894083832604702,2.894083832604702,3.077457885791341,3,3,HAC,okx_listing14_equal,okx,five_year,listing_aware_survivor_14,equal,daily,leave_one_out,0.04081716755861899,True
no_intercept_csad,market_return_sq,-1.3482360565863531,-0.5906689416281364,0.3516738213192767,0.15407005533060752,-3.8337686084467464,0.000126194857689287,-2.0375040806777096,-0.6589680324949966,,,1826,0.6726727806180437,-10641.78503028879,-10625.255381105324,0.31373657467106486,0.013107871907883662,0.004959734068118866,1.3013926026909164,7.833088145097353,0.0,1.3189884386915667,7,5.049161140087383e-112,2.6082655060322324e-27,2.5382018413986005,2.5382018413986005,3.2710523828974214,3,3,HAC,okx_listing14_equal,okx,five_year,listing_aware_survivor_14,equal,daily,leave_one_out,0.00037858457306786097,True
scsad,market_return_cu,-2.139927141385233,-0.15811556300095805,0.7192568290592175,0.05314465911926528,-2.975191968888556,0.002928052496876329,-3.549644621975782,-0.7302096607946844,0.0012495398414269746,0.003492789294830983,1826,0.6435625057973581,-10491.449584869588,-10469.410052624968,0.34028683126459,0.01365124260167821,1.3006512016857255e-15,0.44192786841123877,6.1179327374407375,0.0,2.0526231661862253,7,0.00581057093762989,5.292611452745874e-12,2.9172210585675953,2.9172210585675953,3.187250985966344,4,4,HAC,okx_listing14_equal,okx,five_year,listing_aware_survivor_14,equal,daily,leave_one_out,0.005856104993752658,True
intercept_restored,market_return_sq,-0.025288918597243668,-0.011079201383008917,0.09596259050511487,0.042041689578504474,-0.2635289279304705,0.7921429300241104,-0.21337213985043416,0.16279430265594683,0.013090092538312297,1.8808974373434847e-159,1826,0.2726115897117466,-11506.40144677999,-11484.36191453537,0.19518648659444762,0.010338903618681708,-1.5443408995333502e-17,2.7654000997495434,15.159012864698596,0.0,1.036664450471462,7,0.0,4.767309084008005e-06,3.0930802123730716,3.0930802123730716,3.271052382897421,4,4,HAC,okx_listing14_equal,okx,five_year,listing_aware_survivor_14,equal,daily,leave_one_out,,False
standard_csad,market_return_sq,-0.19145967881191764,-0.19023209015995898,0.08982644585526403,0.08925050252211958,-2.131439989515044,0.03305291135939647,-0.36751627754747235,-0.01540308007636293,0.03100470479963695,2.855057862081011e-23,261,0.25007878411366957,-1164.8432775873484,-1154.1497163653803,0.17215737864669975,0.025682811659518766,1.0847006562429691e-17,2.8724859674143137,12.82553840374358,0.0,1.2419217178494137,4,1.5004501323853856e-12,0.509175522483333,3.291983334105365,3.291983334105365,3.3283121213425364,3,3,HAC,okx_listing14_equal,okx,five_year,listing_aware_survivor_14,equal,weekly,baseline,0.03966349363127576,True
no_intercept_csad,market_return_sq,-0.6683465285164938,-0.6640612679380051,0.09753102261025588,0.09690567957555932,-6.852655807652875,7.249136122683964e-12,-0.859503820207957,-0.47718923682503056,,,261,0.7245367855974241,-1075.446194288988,-1064.7526330670198,0.2424817891151812,0.03048030512382229,0.009928577137175836,1.6331371202194105,6.443028537441403,2.800785262004766e-119,1.5636151912368625,4,0.018238226891668177,0.2790411141815807,3.0030100824080757,3.0030100824080757,3.6838889672285635,3,3,HAC,okx_listing14_equal,okx,five_year,listing_aware_survivor_14,equal,weekly,baseline,4.3494816736103786e-11,True
scsad,market_return_cu,-0.4317841933702518,-0.13142114849955644,0.22887574090693608,0.06966237577827179,-1.886544164354321,0.05922166285237538,-0.8803724024827673,0.016804015742263645,0.0013509657604076578,0.5162942487916335,261,0.7057737626015875,-1057.1145756141063,-1042.8564939848156,0.2581394293424776,0.03144900569440282,-1.0900178163225914e-18,1.1714662000586118,6.300010731088211,4.608877622115596e-103,2.2948661679540314,4,0.0014032806313424987,0.4916868564650241,5.948317747805057,5.948317747805057,4.851859795915025,4,4,HAC,okx_listing14_equal,okx,five_year,listing_aware_survivor_14,equal,weekly,baseline,0.05922166285237538,False
intercept_restored,market_return_sq,-0.031771335476419964,-0.03156762610465851,0.08737674242763512,0.08681650594277895,-0.3636131834822383,0.7161468807472557,-0.2030266037210177,0.13948393276817775,0.03176774118766331,2.6992348111428516e-25,261,0.30233884295678237,-1181.696513145248,-1167.4384315159573,0.16016017874388183,0.024771768842489918,4.041041660513022e-18,2.804742797802306,12.519929451390297,0.0,1.3115326995712449,4,5.98475157508598e-11,0.20060497212738762,3.773697528678525,3.773697528678525,3.683888967228565,4,4,HAC,okx_listing14_equal,okx,five_year,listing_aware_survivor_14,equal,weekly,baseline,,False
standard_csad,market_return_sq,-0.2062046417874793,-0.1892670133943064,0.09727083454786402,0.08928101804914754,-2.1199020523054344,0.03401430629884916,-0.3968519742474472,-0.015557309327511398,0.03344249742592876,4.330498574157393e-23,261,0.24991979832553157,-1123.4048779018995,-1112.7113166799313,0.2017797720899906,0.027804722171915965,1.6164166642052088e-17,2.8822185858081717,12.91195118494686,0.0,1.238979858486237,4,9.995077377717787e-13,0.5102951905516072,3.291983334105365,3.291983334105365,3.3283121213425364,3,3,HAC,okx_listing14_equal,okx,five_year,listing_aware_survivor_14,equal,weekly,leave_one_out,0.04081716755861899,True
no_intercept_csad,market_return_sq,-0.7206127566617876,-0.6614216978092105,0.10524061349781606,0.09659616016328508,-6.847287684015084,7.526327143291646e-12,-0.926880568828407,-0.5143449444951682,,,261,0.7240150883091313,-1034.562289652993,-1023.8687284310249,0.28360145465875686,0.03296354974391221,0.010709185005113645,1.6440748012414081,6.5092348505453685,1.4825908248070115e-121,1.561836369774425,4,0.01681805461166278,0.2860052113903945,3.0030100824080757,3.0030100824080757,3.6838889672285635,3,3,HAC,okx_listing14_equal,okx,five_year,listing_aware_survivor_14,equal,weekly,leave_one_out,4.5157962859749875e-11,True
scsad,market_return_cu,-0.4657192203144252,-0.1311944874384532,0.24740538228770131,0.06969483092588648,-1.8824134544205362,0.0597799005413764,-0.9506248591796835,0.019186418550833195,0.001459773466055566,0.51617657550681,261,0.7053213484470382,-1016.319533780897,-1002.0614521516062,0.3018115165130922,0.03400538139253395,-2.9510238441904303e-18,1.1783029799566187,6.365739192177088,4.254420702850636e-105,2.295509475861216,4,0.0012928666171524298,0.49356302705854016,5.948317747805057,5.948317747805057,4.851859795915025,4,4,HAC,okx_listing14_equal,okx,five_year,listing_aware_survivor_14,equal,weekly,leave_one_out,0.059779900541376406,False
intercept_restored,market_return_sq,-0.03398853873571117,-0.031196723606128605,0.09465898808207082,0.08688370838754142,-0.3590629841325007,0.7195479720007589,-0.2195167461895762,0.15153966871815386,0.03426539501812506,4.355906201628626e-25,261,0.3017891781262628,-1140.1078879036663,-1125.8498062743756,0.1878263420284103,0.026826128255806395,1.701491225479167e-18,2.815372522938588,12.602662345353895,0.0,1.3078231873525128,4,3.904571780952057e-11,0.20355838583637761,3.773697528678525,3.773697528678525,3.683888967228565,4,4,HAC,okx_listing14_equal,okx,five_year,listing_aware_survivor_14,equal,weekly,leave_one_out,,False
standard_csad,market_return_sq,1.2455440202894916,0.36807394222133094,1.0395532748748169,0.30720108306034544,1.1981531398085203,0.23085740442917968,-0.7919429584758166,3.2830309990548,0.01419443387243144,2.0780587870284707e-36,1826,0.35651116240246106,-10754.607038678098,-10738.077389494632,0.294938622875096,0.012709118744996552,-3.2301653137601692e-15,3.663733165569058,39.689416958111266,0.0,1.0653815596885499,7,0.0,2.078546441452773e-154,3.32785130919756,3.32785130919756,3.3499696892684705,3,3,HAC,okx_listing14_lagged,okx,five_year,listing_aware_survivor_14,lagged_liquidity,daily,baseline,0.46171480885835936,False
no_intercept_csad,market_return_sq,-0.48348280770512553,-0.14287525782260352,0.8596364637143524,0.2540333998014821,-0.5624270585452753,0.5738250876434596,-2.1683393163826294,1.2013737009723782,,,1826,0.6318088959832275,-10065.697252222957,-10049.167603039492,0.43011188108723897,0.015347595098067199,0.005514534017616949,2.18549544714872,25.300571066545956,0.0,1.3136740650009693,7,2.503884795458214e-105,3.019458706594427e-119,2.6756930366575156,2.6756930366575156,3.397105607952307,3,3,HAC,okx_listing14_lagged,okx,five_year,listing_aware_survivor_14,lagged_liquidity,daily,baseline,0.732812607699922,False
scsad,market_return_cu,0.7991676045238332,0.0384791052758319,1.569743663216306,0.07558155677363784,0.5091070747732079,0.6106771730832683,-2.2774734403400982,3.875808649387765,-0.0005174778999882918,0.2370688317697811,1826,0.6428436650326395,-10120.515300439421,-10098.475768194801,0.41693454216307957,0.015110664110465124,1.4692518833552524e-16,0.12134579810164396,8.167986770021916,0.0,2.15964526226054,7,6.243215919114277e-06,9.97636703252043e-75,1.4942203432141665,1.4942203432141665,1.9404140715332514,4,4,HAC,okx_listing14_lagged,okx,five_year,listing_aware_survivor_14,lagged_liquidity,daily,baseline,0.732812607699922,False
intercept_restored,market_return_sq,1.3361515142362899,0.39484959763657834,0.9705397565697118,0.28680671936437585,1.3767097176511356,0.1686020131020456,-0.5660714542046166,3.2383744826771963,0.014186344309576942,4.946401530151476e-43,1826,0.37325995150771285,-10800.76381080408,-10778.724278559459,0.28726193214651813,0.012542631183823722,3.8912526602415124e-18,3.324451412921486,31.36061008707417,0.0,1.0957554851770774,7,0.0,3.233428115211494e-145,3.3706565363940326,3.3706565363940326,3.3971056079523083,4,4,HAC,okx_listing14_lagged,okx,five_year,listing_aware_survivor_14,lagged_liquidity,daily,baseline,,False
standard_csad,market_return_sq,1.331079704198265,0.3534158759222202,1.1687252834732602,0.3103090434542633,1.1389158111156061,0.25473827027190166,-0.9595797592306905,3.6217391676272204,0.0149604647562805,1.3792372605309662e-33,1826,0.3520498691176308,-10397.74341575717,-10381.213766573705,0.3585979700413173,0.014013722934027781,-3.4964121168726315e-15,4.2034494668136135,49.56439831088179,0.0,1.0331734306114408,7,0.0,2.691614908202909e-140,3.3420990356182876,3.3420990356182876,3.3585326601889625,3,3,HAC,okx_listing14_lagged,okx,five_year,listing_aware_survivor_14,lagged_liquidity,daily,leave_one_out,0.5094765405438033,False
no_intercept_csad,market_return_sq,-0.4999452855909945,-0.13274081218656159,0.9456553503690609,0.25108159407517716,-0.5286759974401677,0.5970302305800311,-2.3533957141019597,1.353505142919971,,,1826,0.630221398122086,-9765.159704074938,-9748.630054891473,0.5070620013929442,0.0166640341340729,0.005797049333832967,2.5837367308144397,31.267403449380993,0.0,1.2929434780586924,7,5.233311575370241e-118,2.424124197283112e-109,2.700850733999095,2.700850733999095,3.4135017093396116,3,3,HAC,okx_listing14_lagged,okx,five_year,listing_aware_survivor_14,lagged_liquidity,daily,leave_one_out,0.7164362766960373,False
scsad,market_return_cu,1.1442923566083503,0.04988407830753445,1.9479750688727715,0.08491968011111421,0.5874265923077313,0.5569172384715946,-2.6736686211642136,4.962253334380914,-0.0005884919876253992,0.2663287452119998,1826,0.6427721434653941,-9827.656732646637,-9805.617200402017,0.48946443496781655,0.016372318471740546,1.678710717957315e-16,0.1678795241137177,9.99156139433797,0.0,2.166547480119253,7,4.965564177070365e-07,3.78835464307336e-89,1.5524769699942473,1.5524769699942473,2.0023878805784436,4,4,HAC,okx_listing14_lagged,okx,five_year,listing_aware_survivor_14,lagged_liquidity,daily,leave_one_out,0.7164362766960373,False
intercept_restored,market_return_sq,1.4492824461376344,0.38479996618154244,1.1063472603521574,0.29374701218738325,1.3099706557562392,0.1902057627488466,-0.7191183385471527,3.617683230822421,0.014972245987837663,4.3417600031490385e-39,1826,0.3701610672335982,-10447.509804444528,-10425.470272199907,0.3485746077949701,0.01381648236678819,-2.644835792507903e-17,3.7679906997969077,38.86353892685811,0.0,1.065841279740862,7,0.0,8.777931212715658e-139,3.396483130756473,3.396483130756473,3.4135017093396054,4,4,HAC,okx_listing14_lagged,okx,five_year,listing_aware_survivor_14,lagged_liquidity,daily,leave_one_out,,False
standard_csad,market_return_sq,-0.03760927006910377,-0.02607380206686921,0.15565384937708204,0.10791189651240748,-0.2416212012720145,0.809073692528955,-0.34268520890320686,0.26746666876499936,0.035634502066480736,4.4754028315183516e-20,261,0.25099810104117815,-1123.818398745409,-1113.1248375234409,0.20146033118431758,0.027782704395746767,-2.4671622769447922e-17,2.9720518918092504,15.550575685067514,0.0,1.289733044682321,4,3.39816914970309e-11,0.14686198936129038,3.430468796689248,3.430468796689248,3.4111485627993776,3,3,HAC,okx_listing14_lagged,okx,five_year,listing_aware_survivor_14,lagged_liquidity,weekly,baseline,0.8090736925289551,False
no_intercept_csad,market_return_sq,-0.8858145089818203,-0.6141185971627477,0.14320278601569914,0.09927980764149255,-6.185735163593184,6.181370951173482e-10,-1.1664868120583867,-0.6051422059052539,,,261,0.6927182884674866,-1011.8064399779823,-1001.1128787560142,0.3094377952936092,0.034432331065161394,0.011954330211574986,1.3577172686398478,5.626112825173676,2.859748871278675e-89,1.5061796198061113,4,0.03444543699869285,0.1928146590007737,3.212400411894703,3.212400411894703,3.7242138620171676,3,3,HAC,okx_listing14_lagged,okx,five_year,listing_aware_survivor_14,lagged_liquidity,weekly,baseline,3.708822570704089e-09,True
scsad,market_return_cu,-0.9382589070280872,-0.16738965948654297,0.40543842452254825,0.07233206028233122,-2.3141834870066846,0.020657659372631546,-1.7329036170409429,-0.1436141970152316,0.0013052968983058208,0.641870359975756,261,0.6796226836759405,-999.4751771315632,-985.2170955022724,0.32193204083630445,0.035120593604867426,-1.0315290554467451e-17,1.3655374117877772,4.9906342562246895,3.3180284257660027e-74,2.0213606076950383,4,0.5161570031795717,0.22232760457637793,4.358538258675198,4.358538258675198,4.0143447583025305,4,4,HAC,okx_listing14_lagged,okx,five_year,listing_aware_survivor_14,lagged_liquidity,weekly,baseline,0.061972978117894637,False
intercept_restored,market_return_sq,0.09837885868293718,0.06820421891066306,0.16319141784601798,0.11313755146299274,0.6028433356450411,0.5466129147330587,-0.22147044288128515,0.4182281602471595,0.036255193465143616,6.94532589284541e-22,261,0.27011403850141014,-1128.5660876060601,-1114.3080059767694,0.1963186845516583,0.02742587953036359,-5.3596973602593766e-17,2.8105236947684316,13.804357908957623,0.0,1.3226177531557466,4,2.501921120672719e-10,0.03365970158469317,3.8954392046501995,3.8954392046501995,3.724213862017165,4,4,HAC,okx_listing14_lagged,okx,five_year,listing_aware_survivor_14,lagged_liquidity,weekly,baseline,,False
standard_csad,market_return_sq,-0.04324771872755895,-0.027766269590825003,0.17116826721191467,0.10989491220890239,-0.2526620116684138,0.8005294058470453,-0.3787313577590399,0.292235920303922,0.03749078399813093,1.788656851709053e-18,261,0.25943415759582744,-1084.986335635388,-1074.29277441342,0.23377856067959632,0.02992830261847428,-4.253728063697918e-17,3.098104193420024,17.207392346365403,0.0,1.263324379399649,4,1.008796591238776e-11,0.13066509971858245,3.4308037531613618,3.430803753161363,3.4113464074361257,3,3,HAC,okx_listing14_lagged,okx,five_year,listing_aware_survivor_14,lagged_liquidity,weekly,leave_one_out,0.8005294058470453,False
no_intercept_csad,market_return_sq,-0.9197038360477003,-0.590476108492249,0.1489439735307892,0.09562628144705437,-6.174830805474532,6.623436204934983e-10,-1.2116286598823343,-0.6277790122130664,,,261,0.6965004770978667,-978.1248647024086,-967.4313034804404,0.352061286051981,0.03672728980323916,0.012554473452828428,1.433808798761348,6.139418105751863,6.368558477651818e-105,1.498008212591671,4,0.0282804063402681,0.15755958938951986,3.208257118289739,3.208257118289739,3.7237254090173733,3,3,HAC,okx_listing14_lagged,okx,five_year,listing_aware_survivor_14,lagged_liquidity,weekly,leave_one_out,3.97406172296099e-09,True
scsad,market_return_cu,-0.8332653580521958,-0.13920259623929476,0.4427011542212479,0.07395621266409341,-1.8822299199060963,0.059804804927147376,-1.7009436762401537,0.03441296013576223,0.00022821787473473152,0.9376556230237179,261,0.6844877382636894,-966.3660386406195,-952.1079570113287,0.36547409702764494,0.037420367404097515,6.540106897935548e-18,1.352803210830898,5.4068456140045615,1.1339730667696404e-83,2.0093265912298537,4,0.016497465194797747,0.12495285798112532,4.368934299548925,4.368934299548925,4.019945751249843,4,4,HAC,okx_listing14_lagged,okx,five_year,listing_aware_survivor_14,lagged_liquidity,weekly,leave_one_out,0.17941441478144213,False
intercept_restored,market_return_sq,0.11390964459620243,0.07313324249026212,0.17694470693738018,0.11360355135592451,0.6437584179136506,0.5197321018098747,-0.2328956082560574,0.4607148974484623,0.03821377340069938,1.9274602615944307e-20,261,0.28139663289600503,-1090.843736873252,-1076.5856552439614,0.22684554328850448,0.02948118065138562,-4.8705186329341157e-17,2.9050325274382995,15.07988402926603,0.0,1.297019240049566,4,8.539301561106404e-11,0.022389047409929166,3.8943540314908365,3.8943540314908365,3.7237254090173773,4,4,HAC,okx_listing14_lagged,okx,five_year,listing_aware_survivor_14,lagged_liquidity,weekly,leave_one_out,,False
standard_csad,market_return_sq,0.19637586800061652,0.11522259666594144,0.3738529820069818,0.21935644026288756,0.5252756496588521,0.5993915823881213,-0.5363625122459688,0.9291142482472017,0.020719316109336763,6.2211180154224614e-139,1826,0.2362946259564842,-11245.096985618242,-11228.567336434777,0.2254622745088771,0.01111185473817385,5.7152773447297215e-18,7.305132467545651,151.29315506264356,0.0,1.0076347710029938,7,5.496493109084492e-242,8.511139085429545e-24,2.9957136186313655,2.9957136186313678,3.143510278400186,3,3,HAC,binance_pit50_equal,binance_archive,five_year,point_in_time_top50,equal,daily,baseline,0.5993915823881213,False
no_intercept_csad,market_return_sq,-1.2549923431773673,-0.7363607252206599,0.3077968001679105,0.18059829306879593,-4.077340448285164,4.555376851143034e-05,-1.8582629860631439,-0.6517217002915907,,,1826,0.6679496311293733,-9763.20398912068,-9746.674339937215,0.5076053748791641,0.01667296042887555,0.0075298419129717145,2.3461104876728447,35.26522105567693,0.0,1.1847173977349197,7,1.070974083679598e-50,2.327500476222749e-27,2.5684540543859944,2.5684540543859944,3.3838314119947714,3,3,HAC,binance_pit50_equal,binance_archive,five_year,point_in_time_top50,equal,daily,baseline,0.000136661305534291,True
scsad,market_return_cu,-2.459780956026999,-0.22551069101103308,0.3155256730756493,0.02892713369158631,-7.795818742892756,6.399218842796319e-15,-3.0781999114530314,-1.841362000600967,0.00220333026967312,0.0001010763815965675,1826,0.6448725170776515,-9639.860424195107,-9617.820891950487,0.5424834274618151,0.01723625263688888,6.849212690253225e-17,-1.1165593250342845,14.360956573908943,0.0,1.9597708724816745,7,0.38569875463710934,1.5448775765492788e-25,3.2478349142751988,3.2478349142751988,3.451037621882054,4,4,HAC,binance_pit50_equal,binance_archive,five_year,point_in_time_top50,equal,daily,baseline,3.8395313056777914e-14,True
intercept_restored,market_return_sq,0.25449993337003113,0.14932661264729333,0.37650269829124783,0.2209111485567814,0.6759577939947721,0.4990674422576922,-0.4834317953629647,0.9924316621030269,0.020655856219976915,4.089554595302178e-139,1826,0.24260993655785257,-11258.259510118005,-11236.219977873385,0.22359785880511462,0.011065815720015896,-1.8483450136147185e-17,7.566782989647993,159.71942223569926,0.0,1.0227433332288616,7,5.163704657327839e-232,4.537618302724428e-24,3.1798825343778585,3.1798825343778585,3.3838314119947697,4,4,HAC,binance_pit50_equal,binance_archive,five_year,point_in_time_top50,equal,daily,baseline,,False
standard_csad,market_return_sq,0.20032710301839313,0.11518493909609527,0.38147555100553787,0.21934245265448615,0.5251374629130163,0.5994876347697337,-0.5473512379350336,0.9480054439718197,0.02114302801950743,6.1261177646127525e-139,1826,0.23629619342347885,-11171.155377408753,-11154.625728225288,0.23477946088937765,0.011339128160101354,-1.2464168677336094e-17,7.304222974111562,151.26149868174716,0.0,1.0076176065027336,7,4.99739050666594e-242,8.516060909339554e-24,2.9957136186313655,2.9957136186313678,3.143510278400186,3,3,HAC,binance_pit50_equal,binance_archive,five_year,point_in_time_top50,equal,daily,leave_one_out,0.5994876347697337,False
no_intercept_csad,market_return_sq,-1.2807215428297571,-0.7363947797735494,0.3140820557763953,0.18059225097693762,-4.077665435753332,4.5490160750117725e-05,-1.8963110603417923,-0.6651320253177219,,,1826,0.6679559164078344,-9689.268696923957,-9672.739047740492,0.5285802438544764,0.01701394705013494,0.00768382780341699,2.3457937103045854,35.25782280138119,0.0,1.184734420780951,7,1.0664338545508444e-50,2.3209153557197353e-27,2.5684540543859944,2.5684540543859944,3.3838314119947714,3,3,HAC,binance_pit50_equal,binance_archive,five_year,point_in_time_top50,equal,daily,leave_one_out,0.00013647048225035318,True
scsad,market_return_cu,-2.510179974944111,-0.2255168959797958,0.3219891787259571,0.028927806312763805,-7.795851975138919,6.3975347517698524e-15,-3.1412671686586178,-1.8790927812296045,0.0022483551022989116,0.00010113756947420162,1826,0.6448775606461488,-9565.916429670428,-9543.876897425807,0.5649021920165858,0.017588801326443127,7.314338984797718e-17,-1.1162240225329763,14.357613275987163,0.0,1.959760811910938,7,0.3853412218089003,1.5417704261084262e-25,3.2478349142751988,3.2478349142751988,3.451037621882054,4,4,HAC,binance_pit50_equal,binance_archive,five_year,point_in_time_top50,equal,daily,leave_one_out,3.838520851061912e-14,True
intercept_restored,market_return_sq,0.25963997572974656,0.14928890969184844,0.38418069685200357,0.2208978690453606,0.6758277494347059,0.4991500142287094,-0.4933403536556809,1.012620305115174,0.021078270189580084,4.0238493733241136e-139,1826,0.2426114872160372,-11184.31789263384,-11162.27836038922,0.2328379997375452,0.011292147523574289,-1.2160164563254726e-17,7.56584503284512,159.6862244317456,0.0,1.0227265771853016,7,4.6904768953526165e-232,4.5399752114647294e-24,3.1798825343778585,3.1798825343778585,3.3838314119947697,4,4,HAC,binance_pit50_equal,binance_archive,five_year,point_in_time_top50,equal,daily,leave_one_out,,False
standard_csad,market_return_sq,0.41038928046441797,0.4430333104263759,0.5091672081024158,0.5496684355665743,0.8060010030769121,0.42024227072786713,-0.5875601095251277,1.4083386704539638,0.06336858113421878,2.5999164915820394e-37,262,0.28922028368525976,-1038.2367380756912,-1027.5317045644078,0.285027683735369,0.0329832066763388,-5.3074593066527045e-17,2.9191465214091026,31.745906646688397,0.0,1.561601773410578,4,0.0021739440758376297,4.64141182945694e-34,3.915499428162874,3.915499428162874,3.6862454559081206,3,3,HAC,binance_pit50_equal,binance_archive,five_year,point_in_time_top50,equal,weekly,baseline,0.5993915823881213,False
no_intercept_csad,market_return_sq,-0.4715079749417496,-0.5090136340658922,0.3879902738373246,0.4188525958496366,-1.2152572029149424,0.22426800924928125,-1.231954938014739,0.2889389881312398,,,262,0.670859716402679,-840.7346680036526,-830.0296344923693,0.6057158649501324,0.04808214444378997,0.01979890207652794,1.357854884759653,9.524910973259756,5.631022126313738e-224,1.6134328089540584,4,0.3064638883561594,5.039924019686044e-19,3.4553836453380726,3.4553836453380726,4.147264902039123,3,3,HAC,binance_pit50_equal,binance_archive,five_year,point_in_time_top50,equal,weekly,baseline,0.4485360184985625,False
scsad,market_return_cu,-0.38839198207464704,-0.12451506425871035,0.5833501822846893,0.18701695396623358,-0.6657955956292171,0.5055417604564749,-1.5317373297275134,0.7549533655782192,0.003927938529379719,0.42761117268319904,262,0.6553330532776163,-827.5006885567097,-813.2273105416654,0.6322524689378115,0.04912410164428515,-2.1187462302006803e-19,-0.8154095180857482,4.997212205130706,2.116185171388831e-63,1.8442208906543602,4,0.8394793261877872,2.260868163436067e-18,7.148454014943101,7.148454014943101,5.552671013211405,4,4,HAC,binance_pit50_equal,binance_archive,five_year,point_in_time_top50,equal,weekly,baseline,0.5993915823881213,False
intercept_restored,market_return_sq,0.4945878321437653,0.5339293568372222,0.5203124302186783,0.5617001939107915,0.9505593243964949,0.34182812526829276,-0.5252057917933544,1.514381456080885,0.06322308349110406,1.404822856258784e-37,262,0.307348892750562,-1043.005806699031,-1028.7324286839867,0.27775798352780284,0.032559867556502094,-1.2712477381204083e-18,2.9680413601274305,34.419831633210244,0.0,1.5928704108822396,4,0.005228115759782171,6.213082730976269e-34,4.371248196497018,4.371248196497018,4.147264902039123,4,4,HAC,binance_pit50_equal,binance_archive,five_year,point_in_time_top50,equal,weekly,baseline,,False
standard_csad,market_return_sq,0.4187463233292381,0.4429994659290435,0.5195600858861483,0.5496522064616319,0.8059632267845116,0.4202640527897843,-0.5995727328121498,1.437065379470626,0.06466357594096767,2.6243636716048263e-37,262,0.2892110994282283,-1027.6299377053176,-1016.9249041940343,0.29680349366846953,0.03365765532673652,-3.803149483210221e-17,2.9188515855178245,31.740059326794707,0.0,1.5614528714429057,4,0.0021670060519105314,4.6394035119179174e-34,3.915499428162874,3.915499428162874,3.6862454559081206,3,3,HAC,binance_pit50_equal,binance_archive,five_year,point_in_time_top50,equal,weekly,leave_one_out,0.5994876347697337,False
no_intercept_csad,market_return_sq,-0.48116729172367095,-0.5090357607474837,0.39590372532893575,0.41883385980714916,-1.2153643952804287,0.2242271414067749,-1.257124334713623,0.2947897512662811,,,262,0.6708622370316739,-830.1316935259199,-819.4266600146366,0.6307315742392335,0.04906498161377861,0.020203507543797964,1.3578123162838929,9.52357381680846,6.451156936107102e-224,1.6133763588557086,4,0.30659589442039636,5.051458339162869e-19,3.4553836453380726,3.4553836453380726,4.147264902039123,3,3,HAC,binance_pit50_equal,binance_archive,five_year,point_in_time_top50,equal,weekly,leave_one_out,0.4484542828135498,False
scsad,market_return_cu,-0.39636475051268905,-0.1245251582896169,0.5952865886568992,0.18702005308066194,-0.6658385356992123,0.5055143106837761,-1.5631050247599214,0.7703755237345433,0.004008490978435232,0.4275996963566112,262,0.6553354740032427,-816.8974403098025,-802.6240622947581,0.6583648123165904,0.05012826343592495,-1.2182790823653913e-17,-0.8151848199482021,4.996660051050378,2.1954246482522156e-63,1.844136121095179,4,0.8392889331652393,2.271635717711516e-18,7.148454014943101,7.148454014943101,5.552671013211405,4,4,HAC,binance_pit50_equal,binance_archive,five_year,point_in_time_top50,equal,weekly,leave_one_out,0.5994876347697337,False
intercept_restored,market_return_sq,0.5046714103942347,0.5339012017987856,0.530934276626376,0.5616851728247402,0.9505346190887901,0.3418406719595001,-0.5359406499512887,1.545283470739758,0.06451509479250331,1.4183621134634665e-37,262,0.3073419780136729,-1032.3997761758849,-1018.1263981608405,0.289232598704986,0.03322561085113778,3.3899939683210885e-18,2.9677391762270364,34.41381610384839,0.0,1.5927174300023321,4,0.00521278593936795,6.2078523030755566e-34,4.371248196497018,4.371248196497018,4.147264902039123,4,4,HAC,binance_pit50_equal,binance_archive,five_year,point_in_time_top50,equal,weekly,leave_one_out,,False
standard_csad,market_return_sq,0.38080921963257075,0.7261890748152421,0.02638485631001046,0.05031494355989275,14.432870702733032,3.214195424113352e-47,0.32909585152768583,0.43252258773745567,0.020903574941323125,4.982971940410046e-59,1826,0.9280378595474604,-10531.139521348476,-10514.60987216501,0.3333350610057369,0.013511081432321794,-8.268911903013214e-18,7.086972710752531,129.74034122913818,0.0,1.4324868426051234,7,8.424029799110967e-124,5.803069642065753e-20,4.078322206127866,4.078322206127869,3.774000435568192,3,3,HAC,binance_pit50_lagged,binance_archive,five_year,point_in_time_top50,lagged_liquidity,daily,baseline,1.928517254468011e-46,False
no_intercept_csad,market_return_sq,0.21230857793253824,0.404864593175892,0.01979382494978202,0.037746090919768376,10.726000582059118,7.685076379674587e-27,0.17351339391467513,0.25110376195040135,,,1826,0.8794356130454473,-9060.98771968965,-9044.458070506185,0.7456599326508822,0.020207845697617265,0.010761810077453178,0.47894181574164063,22.627169427531506,0.0,1.264467400132514,7,1.1906865794589498e-28,3.987404558833116e-44,3.731063962941141,3.731063962941141,4.4891553877033425,3,3,HAC,binance_pit50_lagged,binance_archive,five_year,point_in_time_top50,lagged_liquidity,daily,baseline,2.305522913902376e-26,False
scsad,market_return_cu,0.2155484389454632,0.7150379456492054,0.06789855078984072,0.22523958190952054,3.174566120161058,0.0015006069774137112,0.08246972479491174,0.34862715309601466,6.033557680177818e-05,0.8912311986967795,1826,0.8827659310944621,-9111.84876667103,-9089.80923442641,0.7243832094526941,0.01991745299938864,3.1920431978543657e-18,-0.8320686053500616,14.270105197452473,0.0,2.1178857573502126,7,0.01863590795843161,4.0722460951136365e-31,164.32392347672402,176.64300031052224,30.257939273405448,4,4,HAC,binance_pit50_lagged,binance_archive,five_year,point_in_time_top50,lagged_liquidity,daily,baseline,0.0022509104661205667,False
intercept_restored,market_return_sq,0.3761019955726744,0.7172125729114741,0.03243894152854788,0.06185985979890676,11.594151283934032,4.412176742074245e-31,0.31252283848011986,0.4396811526652289,0.021007950123420698,3.0211523937753393e-78,1826,0.928146606582682,-10531.901005018804,-10509.861472774184,0.33283133502716267,0.013500868801445553,6.6880905097901e-19,6.974303654419901,126.52011157156915,0.0,1.423184060458761,7,1.0059907281104918e-127,7.016351158618516e-23,4.819285729999966,4.819285729999966,4.489155387703346,4,4,HAC,binance_pit50_lagged,binance_archive,five_year,point_in_time_top50,lagged_liquidity,daily,baseline,,False
standard_csad,market_return_sq,0.3978557029311426,0.7285302578156088,0.027911121173671283,0.051109224160340076,14.254379122055552,4.210301448531537e-46,0.34315091066261355,0.4525604951996716,0.02116703974160982,1.3063638446240258e-54,1826,0.9293382136435065,-10436.209235155326,-10419.67958597186,0.35112289200383373,0.013866893683096794,2.0307474820635395e-17,7.1968544771974345,132.86851723269396,0.0,1.4319936146960155,7,4.0994414730645084e-125,3.7864042596917896e-20,4.063878090819227,4.063878090819227,3.766299966295075,3,3,HAC,binance_pit50_lagged,binance_archive,five_year,point_in_time_top50,lagged_liquidity,daily,leave_one_out,2.526180869118922e-45,False
no_intercept_csad,market_return_sq,0.22645248111166916,0.41466663222827166,0.02014413464313693,0.03688676949184466,11.24160879200741,2.5469790744349727e-29,0.18697070271139515,0.26593425951194316,,,1826,0.8824107529703666,-8993.518466580043,-8976.988817396577,0.7737268076044581,0.02058464755607727,0.0108917647449513,0.5752800239386071,23.73799036350818,0.0,1.266458776684156,7,1.6960266412547994e-29,3.8816971937541806e-42,3.7167211354537013,3.7167211354537013,4.479189062286503,3,3,HAC,binance_pit50_lagged,binance_archive,five_year,point_in_time_top50,lagged_liquidity,daily,leave_one_out,7.640937223304917e-29,False
scsad,market_return_cu,0.2120586892062415,0.6763872743665333,0.07194639822506671,0.2294818871987527,2.9474538606208993,0.003204025623702178,0.07104633986773426,0.35307103854474875,0.00011013191958657165,0.8067372980537791,1826,0.8855252803494948,-9042.242026257836,-9020.202494013216,0.7525296059497517,0.02030071848082627,-2.7056366153241766e-18,-0.8575732422272376,15.101078882111096,0.0,2.117659776769061,7,0.01464215460404014,2.598677642913114e-31,162.83017062415803,175.03883594155116,30.113024095019313,4,4,HAC,binance_pit50_lagged,binance_archive,five_year,point_in_time_top50,lagged_liquidity,daily,leave_one_out,0.004806038435553267,False
intercept_restored,market_return_sq,0.39288426489847694,0.71942684920548,0.034316665670570054,0.06283868524232103,11.448789013188254,2.3845337773417358e-30,0.3256248361146576,0.4601436936822963,0.021276897198955657,1.5866323018346387e-72,1826,0.9294506547854956,-10437.117186764815,-10415.077654520195,0.35056416484745767,0.013855856386899366,-9.849733296236329e-18,7.080029951682088,129.5263458872504,0.0,1.4224338917236892,7,3.864848092351485e-129,4.599447779257469e-23,4.800904119343849,4.800904119343849,4.479189062286501,4,4,HAC,binance_pit50_lagged,binance_archive,five_year,point_in_time_top50,lagged_liquidity,daily,leave_one_out,,False
standard_csad,market_return_sq,0.8437012742361321,0.8117562952955034,0.19487613612589713,0.1874975600176542,4.329423248062914,1.4950036238929662e-05,0.46175106598304877,1.2256514824892153,0.06833652688228424,5.2183753233244765e-86,262,0.6798407002764465,-1117.805751065938,-1107.1007175546547,0.21037418713157371,0.028336459071590617,-8.453797458500714e-17,-0.22441007036240687,9.422821358161011,9.196078401721572e-203,1.6365808538064326,4,0.0019985896424188137,2.785716499361461e-18,3.4709116657315797,3.4709116657315797,3.434951666151815,3,3,HAC,binance_pit50_lagged,binance_archive,five_year,point_in_time_top50,lagged_liquidity,weekly,baseline,2.9900072477859324e-05,False
no_intercept_csad,market_return_sq,-0.009233966529886457,-0.008884341757062972,0.31162595931616377,0.2998268960556265,-0.02963157032921647,0.9763608868808437,-0.6200096234373116,0.6015416903775386,,,262,0.72070962293614,-824.6456469685843,-813.940613457301,0.6440777725418252,0.04958136856661243,0.02445707349051281,-1.0636762290485116,5.622360299337139,7.46938127060909e-83,1.5230332447088188,4,0.12805422006996178,3.524649923372257e-27,3.087153107969686,3.087153107969686,3.9536304680541994,3,3,HAC,binance_pit50_lagged,binance_archive,five_year,point_in_time_top50,lagged_liquidity,weekly,baseline,0.9763608868808437,False
scsad,market_return_cu,0.9337781653522171,0.36952037408784116,0.5701429528821436,0.225620436469607,1.6377965572175406,0.10146414001113067,-0.1836814883361012,2.0512378190405354,-0.004434909872348829,0.35397685050068806,262,0.7276981275619001,-830.4377026384332,-816.1643246233888,0.6252045105757135,0.04884953180863222,-2.7543700992608845e-18,0.33404545656882106,0.7963058431714218,0.0038963340682613215,2.0746072080940863,4,0.6702486764005096,7.788156147802513e-13,12.603377596088455,12.603377596088455,7.638700207901905,4,4,HAC,binance_pit50_lagged,binance_archive,five_year,point_in_time_top50,lagged_liquidity,weekly,baseline,0.12175696801335681,False
intercept_restored,market_return_sq,0.9042606125351917,0.8700226812834819,0.18450597088020543,0.177520039325788,4.900982923323944,9.535834588578921e-07,0.5426355546773931,1.2658856703929904,0.06827412495627361,1.6586458833510525e-87,262,0.6855935623926517,-1120.5563736760928,-1106.2829956610485,0.2065940261541425,0.0280807196735095,5.190928263991667e-18,-0.18967653704956597,8.463948790121652,1.3334295600458487e-163,1.6686726113383261,4,0.0047443647053429,2.1286617968660334e-17,4.061047787113143,4.061047787113143,3.9536304680542003,4,4,HAC,binance_pit50_lagged,binance_archive,five_year,point_in_time_top50,lagged_liquidity,weekly,baseline,,False
standard_csad,market_return_sq,0.8749625557149997,0.819097149571442,0.20031838152621248,0.18752827105932848,4.367859549626539,1.2547013373849329e-05,0.4823457424822695,1.26757936894773,0.06949565874090842,4.768045549058327e-84,262,0.6848386470695738,-1106.0684003458512,-1095.3633668345678,0.22001304436245725,0.028978344399422064,-1.3877787807814457e-17,-0.2814784889026224,9.902279662885348,4.0320483669909957e-224,1.6398914548692645,4,0.001975342881344535,2.165473402849148e-18,3.470521174268812,3.470521174268812,3.434722649698448,3,3,HAC,binance_pit50_lagged,binance_archive,five_year,point_in_time_top50,lagged_liquidity,weekly,leave_one_out,2.5094026747698658e-05,False
no_intercept_csad,market_return_sq,0.01134215717297926,0.010617972791746214,0.3183481733584355,0.29802198924511025,0.03562815219991498,0.9715788603579908,-0.6126087971536679,0.6352931114996264,,,262,0.7220088170845224,-815.0502244753002,-804.3451909640169,0.6681035881558014,0.05049766029482109,0.024856026911100473,-1.0917457508111124,5.9175798786730365,3.6748281336881355e-91,1.525812969147979,4,0.1258102837133519,3.2798958808694136e-27,3.085000089216038,3.085000089216038,3.9532092380878634,3,3,HAC,binance_pit50_lagged,binance_archive,five_year,point_in_time_top50,lagged_liquidity,weekly,leave_one_out,0.9715788603579908,False
scsad,market_return_cu,0.9783826789449408,0.38110673047130506,0.581236251540813,0.22640736822425095,1.68327883257681,0.09232112613561284,-0.16081944058411635,2.117584798473998,-0.004517345077531407,0.35445349452577124,262,0.7299395817982135,-821.7841098152348,-807.5107318001905,0.6461991857785481,0.049662955067383906,-1.4831223611404763e-18,0.3461848398214896,0.8638244737603888,0.0018394889573888032,2.0752110131061623,4,0.6628132483970963,5.036267914336605e-13,12.635484800852046,12.635484800852046,7.650479906114486,4,4,HAC,binance_pit50_lagged,binance_archive,five_year,point_in_time_top50,lagged_liquidity,weekly,leave_one_out,0.11078535136273542,False
intercept_restored,market_return_sq,0.9373702009170012,0.8775201346038162,0.18953572282406303,0.17743407337047426,4.945612293821346,7.59048986853819e-07,0.5658870103980713,1.308853391435931,0.06942826439788118,1.4093432211434328e-85,262,0.6906339602451614,-1108.9310073478912,-1094.6576293328467,0.21596735639044123,0.028710675488159747,1.2712477381204083e-18,-0.24406631679411253,8.905454746119986,2.854012241980979e-181,1.6717916350426587,4,0.004665466873675558,1.612766220576019e-17,4.059487650570909,4.059487650570909,3.9532092380878616,4,4,HAC,binance_pit50_lagged,binance_archive,five_year,point_in_time_top50,lagged_liquidity,weekly,leave_one_out,,False
