model,target_term,target_coefficient,target_standardized_coefficient,target_std_error,target_standardized_std_error,target_t_stat,target_p_value,target_ci_lower,target_ci_upper,intercept,intercept_p_value,nobs,rsquared,aic,bic,sse,rmse,residual_mean,residual_skew,residual_excess_kurtosis,jarque_bera_p_value,durbin_watson,ljung_box_lag,ljung_box_p_value,breusch_pagan_p_value,target_vif,max_vif,condition_number_standardized,design_rank,design_columns,cov_type,regime,status,dataset_id,provider,sample,universe_type,weighting_class,frequency,benchmark,q_value_bh_fdr,supports_negative_relation,significant_opposite_positive
standard_csad,market_return_sq,-0.01733079064280818,-0.003323404476435935,0.37898846421964305,0.07267596640363401,-0.04572907167106835,0.9635261921982907,-0.7601345310694555,0.7254729497838391,0.021065239765967192,8.235353678946256e-234,1137,0.22365043260133566,-7062.815505102182,-7047.7070596209305,0.13281412899787257,0.010807914662287695,-3.1597904201292936e-16,1.7674400994108763,6.2703457528333,0.0,1.174932784315169,6.0,3.511669004096848e-162,8.431365011228945e-09,5.223278445914915,5.223278445914915,4.340510952287059,3.0,3.0,HAC,low,estimated,cmc_fixed62_historical_current,coinmarketcap,historical,fixed_survivor_62,contemporaneous_size,daily,baseline,0.9635261921982907,False,False
no_intercept_csad,market_return_sq,-7.3230532294230315,-1.4042906861806987,0.6812235822919701,0.13063348057824178,-10.749852793975057,5.935626988684493e-27,-8.65822691613465,-5.987879542711412,,,1137,0.6667689365906795,-6069.171741060871,-6054.063295579619,0.3182597086098915,0.016730564634005626,0.007736657154057281,0.10091703530085605,0.8870668524916447,4.503106198142354e-09,1.3334509018586018,6.0,5.649403893703367e-13,1.5870053884646741e-15,4.180921437240011,4.180921437240011,4.487313508047967,3.0,3.0,HAC,low,estimated,cmc_fixed62_historical_current,coinmarketcap,historical,fixed_survivor_62,contemporaneous_size,daily,baseline,5.342064289816044e-26,True,False
scsad,market_return_cu,-33.22146879859642,-0.35011677439545463,4.468248176230027,0.047090291165155375,-7.435009759602521,1.045602425788689e-13,-41.97907429799405,-24.463863299198785,-0.0001058753649231043,0.8534003376036615,1137,0.63033355597481,-5950.878515960434,-5930.733921985432,0.35253450502990696,0.01760842788712356,-3.6568031901681716e-16,-0.0025898992920338625,0.2952481141381904,0.1388106873336447,2.049175032185768,6.0,0.5490712842051253,0.0009096403888741029,2.1633005185816176,2.1633005185816176,2.58145123016934,4.0,4.0,HAC,low,estimated,cmc_fixed62_historical_current,coinmarketcap,historical,fixed_survivor_62,contemporaneous_size,daily,baseline,4.705210916049101e-13,True,False
standard_csad,market_return_sq,-0.1081456940903834,-0.07195641571857006,0.09085011974872638,0.060448536945517994,-1.1903748106165757,0.23389910895935384,-0.28620865678903823,0.06991726860827142,0.02415447742381602,5.421237536972016e-97,529,0.14755007453522995,-3009.142777893516,-2996.329812597941,0.10366492789791451,0.013998712329245324,3.567824464768934e-18,2.3318056340859865,9.773746034936696,0.0,0.971453550572508,5.0,2.156753481112339e-93,0.0011245674273436118,2.584115594492488,2.5841155944924887,2.866134998416205,3.0,3.0,HAC,mid,estimated,cmc_fixed62_historical_current,coinmarketcap,historical,fixed_survivor_62,contemporaneous_size,daily,baseline,0.26313649757927304,False,False
no_intercept_csad,market_return_sq,-1.413714559197121,-0.940636919339249,0.2005815236389781,0.13346002928575157,-7.048079671294311,1.8140377185519982e-12,-1.8068471214936874,-1.0205819969005545,,,529,0.5969289792749867,-2574.972197437825,-2562.15923214225,0.23554504946960383,0.021101297206543322,0.010321086444031402,0.1269381480137244,1.8550292245739133,5.377540084662231e-17,1.1534159502338808,5.0,1.6884749411015196e-20,0.1853508695906613,2.552713188346118,2.552713188346118,3.3352729185128616,3.0,3.0,HAC,mid,estimated,cmc_fixed62_historical_current,coinmarketcap,historical,fixed_survivor_62,contemporaneous_size,daily,baseline,5.442113155655995e-12,True,False
scsad,market_return_cu,-3.5438495602913704,-0.5011244794625022,1.4409225622382678,0.20375627031076857,-2.4594309598334734,0.013915745999648128,-6.36800588678955,-0.719693233793191,0.0023577912992385273,0.03339452103925881,529,0.5741720208729535,-2550.3786760431203,-2533.294722315687,0.2458230721672829,0.021556759919728885,-1.4271297859075737e-17,0.08439299063359224,1.0566486442015544,5.414893821806191e-06,1.9463235390517541,5.0,0.9900724958373931,5.557189574750435e-07,17.847378144467296,17.847378144467296,8.972901752695423,4.0,4.0,HAC,mid,estimated,cmc_fixed62_historical_current,coinmarketcap,historical,fixed_survivor_62,contemporaneous_size,daily,baseline,0.024267369015391393,True,False
standard_csad,market_return_sq,2.2201782976458158,0.6031615245215863,0.5272950956477778,0.14325160916171012,4.210504356992634,2.5480120931932342e-05,1.1866989009515683,3.2536576943400632,0.030412117581580675,2.8983963581685944e-49,425,0.22502948505541975,-2349.7244484819416,-2337.568180975168,0.09742533855449041,0.015140544597749715,-1.6718652606120003e-17,1.462833903589994,2.795473022245801,1.8503971436685872e-62,0.8262195469951502,5.0,1.1260035835491394e-112,0.026444402164640102,5.0924060844633,5.0924060844633,4.279605630880246,3.0,3.0,HAC,high,estimated,cmc_fixed62_historical_current,coinmarketcap,historical,fixed_survivor_62,contemporaneous_size,daily,baseline,5.733027209684777e-05,False,True
no_intercept_csad,market_return_sq,-2.6943165868858614,-0.7319718879393922,1.3359258328757588,0.3629343926384323,-2.0168159942576938,0.04371471919767153,-5.312683105339024,-0.0759500684326988,,,425,0.6296855068273999,-2017.4082715069349,-2005.2520040001616,0.21293921356524817,0.022383776349913273,0.008959106682358154,0.7654305370750449,2.0742237254491993,1.302636048057437e-25,1.2154506631672468,5.0,2.877450093602991e-21,4.121041509508088e-24,4.023551664064043,4.023551664064043,4.342252188696952,3.0,3.0,HAC,high,estimated,cmc_fixed62_historical_current,coinmarketcap,historical,fixed_survivor_62,contemporaneous_size,daily,baseline,0.05620463896843483,False,False
scsad,market_return_cu,-8.275100102037877,-0.19769998804313837,3.4409769111550084,0.08220820120647607,-2.4048694064791714,0.016178246010260928,-15.019290919535575,-1.5309092845401793,0.0031881488937063004,0.00986434663968127,425,0.6156558468856629,-2000.3901561928237,-1984.1817995171261,0.22059831853883377,0.022782775668258624,-6.1921709589916966e-15,0.22777042641875692,1.2957725241725022,1.0958392321754495e-07,2.0680994641909987,5.0,0.4491970757920519,0.0011488612916133755,2.1711472670207472,2.1711472670207472,2.563558472533017,4.0,4.0,HAC,high,estimated,cmc_fixed62_historical_current,coinmarketcap,historical,fixed_survivor_62,contemporaneous_size,daily,baseline,0.024267369015391393,True,False
standard_csad,market_return_sq,0.2602253671292286,0.10190624225020808,0.6268942431772653,0.24549657596892954,0.4151024992833526,0.6780668699235353,-0.9684647716137059,1.4889155058721633,0.0590212586801149,1.4068428627908486e-41,156,0.21090770684659377,-675.2853926247889,-666.1358246030403,0.11587594330156574,0.027254256701355298,2.0638761355211244e-17,1.0026476554530892,1.0798293570793804,1.0022508582733634e-07,1.2143937055693184,4.0,2.3411256620600266e-09,0.11309186955890321,8.542973934752162,8.542973934752162,5.669284136452724,3.0,3.0,HAC,low,estimated,cmc_fixed62_historical_current,coinmarketcap,historical,fixed_survivor_62,contemporaneous_size,weekly,baseline,0.6780668699235353,False,False
no_intercept_csad,market_return_sq,-4.537801780343744,-1.7770378522762964,0.7321162025026421,0.2867022992823236,-6.19819881711656,5.711296852195904e-10,-5.972723169747155,-3.102880390940333,,,156,0.715809213305558,-540.475860268991,-531.3262922472425,0.2749760033964568,0.04198412424284715,0.0173147032115452,0.18707192376929477,-0.008409495716608095,0.6355901523363992,1.4431566391124464,4.0,0.2541971178379105,0.0019648297790938684,7.345973581651596,7.465478941293303,5.795776476221917,3.0,3.0,HAC,low,estimated,cmc_fixed62_historical_current,coinmarketcap,historical,fixed_survivor_62,contemporaneous_size,weekly,baseline,2.578020385867806e-09,True,False
scsad,market_return_cu,-11.989762185940194,-0.4329134110319961,2.240210385408555,0.08088710220739634,-5.352069727037525,8.695387800252054e-08,-16.380493859133555,-7.599030512746832,-0.0032959299322907806,0.4139375247310777,156,0.6817052075640494,-523.163655790171,-510.96423176117287,0.3033353594718957,0.044096002455008915,-1.0088084214142048e-15,0.32677666976558556,-0.019362349245355848,0.2535773375266936,2.2533289932025737,4.0,0.23363604660634338,0.5482207824032501,3.13690343693049,3.13690343693049,3.2330080282580984,4.0,4.0,HAC,low,estimated,cmc_fixed62_historical_current,coinmarketcap,historical,fixed_survivor_62,contemporaneous_size,weekly,baseline,2.608616340075616e-07,True,False
standard_csad,market_return_sq,-0.9020288015800123,-0.5774715836943132,0.24450206982337713,0.15652825855463434,-3.6892481206053507,0.00022491778320010833,-1.381244052579329,-0.42281355058069553,0.04468093199524353,1.3885895352220217e-30,79,0.2921100589157758,-340.37543402902304,-333.267090471622,0.05767517856528625,0.02701972522916026,-3.091760321740942e-17,0.5721233119950223,0.39769540974105144,0.10865987349531504,1.6765872788282745,3.0,0.014914243025163967,0.0011128506715983757,4.685630190748138,4.685630190748141,4.084431170814462,3.0,3.0,HAC,mid,estimated,cmc_fixed62_historical_current,coinmarketcap,historical,fixed_survivor_62,contemporaneous_size,weekly,baseline,0.00040485200976019496,True,False
no_intercept_csad,market_return_sq,-2.434843365381846,-1.558767138911501,0.3928615627868483,0.2515068126846507,-6.197713383080185,5.728934190817347e-10,-3.20483787935419,-1.6648488514095021,,,79,0.7637693738396101,-290.6723229236104,-283.56397936620937,0.1081998743620086,0.03700835936393608,0.014352153039609758,-0.4352750558329114,0.031901969110160966,0.30014536305192413,1.67247218183026,3.0,0.31328844625408214,0.7983031474112064,4.866363905906412,4.866363905906412,4.773111329804621,3.0,3.0,HAC,mid,estimated,cmc_fixed62_historical_current,coinmarketcap,historical,fixed_survivor_62,contemporaneous_size,weekly,baseline,2.578020385867806e-09,True,False
scsad,market_return_cu,-5.1856589937699535,-0.554636649671269,1.402065468418214,0.1499591266910356,-3.698585487324158,0.0002168043309038928,-7.933656815836933,-2.437661171702974,0.007221269472710783,0.2120849331168504,79,0.7306271555979219,-281.54133902934416,-272.0635476194761,0.1184209706996352,0.03871691657543646,-6.587557503709394e-18,0.1390771337948979,-0.5756458042363803,0.4748674905019863,1.938000113407875,3.0,0.7194150972243416,0.24973065941686243,5.912020411241778,5.912020411241778,4.726876799569164,4.0,4.0,HAC,mid,estimated,cmc_fixed62_historical_current,coinmarketcap,historical,fixed_survivor_62,contemporaneous_size,weekly,baseline,0.00040485200976019496,True,False
standard_csad,market_return_sq,0.46861540671511404,0.25276491673521456,0.5190940544496575,0.2799924278428142,0.902756259098246,0.3666552705580911,-0.5487902445950885,1.4860210580253166,0.08810616810424607,5.082026229803935e-05,35,0.22310330606308337,-105.12040586548534,-100.4543616810171,0.085657564109318,0.04947078910379278,-2.1213189934802097e-17,0.6648494155707344,-0.5467092457625324,0.2283369340623955,0.9947690945130439,3.0,0.00039577590011259775,0.9432509310885819,7.196890652972713,7.196890652972713,5.172057587211287,3.0,3.0,HAC,high,estimated,cmc_fixed62_historical_current,coinmarketcap,historical,fixed_survivor_62,contemporaneous_size,weekly,baseline,0.4124871793778525,False,False
no_intercept_csad,market_return_sq,-1.8956435496863584,-1.0224849143455723,0.5920207584562407,0.3193281218935304,-3.201988313094726,0.0013648253513330732,-3.0559829143606767,-0.7353041850120401,,,35,0.7225679893932171,-86.41826391312239,-81.75221972865415,0.14616037064808798,0.06462205962320738,0.020373280942057065,0.6822666063166436,0.9083454602746985,0.21870516040693372,1.5756811294359103,3.0,0.39928295649419276,0.17716221158997783,7.590858156546601,7.590858156546601,6.812328896357858,3.0,3.0,HAC,high,estimated,cmc_fixed62_historical_current,coinmarketcap,historical,fixed_survivor_62,contemporaneous_size,weekly,baseline,0.00204723802699961,True,False
scsad,market_return_cu,-3.404647389734296,-0.3614273274240677,2.319077277312523,0.24618640536938582,-1.4681043288388356,0.14207588592044845,-7.949955330632049,1.1406605511634567,0.014420230374353167,0.28709944888738914,35,0.689509516355092,-83.62856459825113,-77.40717235229347,0.14949564852347572,0.06535521588616992,1.0903976134711359e-17,0.42475474957137577,1.004719101910248,0.4321434260088779,2.0878747974428267,3.0,0.3106578718515545,0.6457639830125974,8.681496011123661,8.681496011123661,5.862947752390893,4.0,4.0,HAC,high,estimated,cmc_fixed62_historical_current,coinmarketcap,historical,fixed_survivor_62,contemporaneous_size,weekly,baseline,0.18266899618343374,False,False
standard_csad,market_return_sq,-0.1495173361302122,-0.02877185817948117,0.3830216566860157,0.07370546500535977,-0.3903626166307874,0.6962684270789352,-0.9002259885336682,0.6011913162732437,0.021000898469569464,2.8370411409049138e-233,1141,0.21796149928148267,-7082.603083569991,-7067.484102520405,0.1338761811609869,0.010832004594793094,-3.4153223632202447e-16,1.746440171854958,5.962521096935598,0.0,1.1477005067350827,6.0,5.090970122058547e-169,1.7843872633045459e-09,5.193714892004647,5.193714892004647,4.326828502190344,3.0,3.0,HAC,low,estimated,cmc_fixed62_historical_lagged,coinmarketcap,historical,fixed_survivor_62,lagged_size,daily,baseline,0.6962684270789352,False,False
no_intercept_csad,market_return_sq,-7.410410465547156,-1.425997041445305,0.6834703417683894,0.13152128209477962,-10.842329231687941,2.168778037095604e-27,-8.74998771991448,-6.070833211179831,,,1141,0.6672799056258478,-6093.458525448716,-6078.339544399129,0.3185646920210471,0.01670921308579729,0.007701855387415622,0.06295309645587478,0.6560832290924141,3.180138048052647e-05,1.3299814241827312,6.0,5.282460221973707e-13,1.1743328899482907e-15,4.172884794579762,4.172884794579762,4.497024248979782,3.0,3.0,HAC,low,estimated,cmc_fixed62_historical_lagged,coinmarketcap,historical,fixed_survivor_62,lagged_size,daily,baseline,1.9519002333860437e-26,True,False
scsad,market_return_cu,-33.752077123733024,-0.35760242039326623,4.494860620931391,0.04762293684868386,-7.509037536460736,5.956364650231212e-14,-42.5618420562859,-24.942312191180154,-8.52980142405694e-05,0.8804126042508046,1141,0.6302603706919814,-5972.24700198004,-5952.088360580592,0.35364918957063185,0.017605303299538452,-2.2048776282213889e-16,0.04601004459146527,0.16240506378201358,0.45725577778860804,2.049882544544068,6.0,0.72802569822039,0.0001795486585822197,2.2136122112641647,2.2136122112641647,2.625813415089597,4.0,4.0,HAC,low,estimated,cmc_fixed62_historical_lagged,coinmarketcap,historical,fixed_survivor_62,lagged_size,daily,baseline,2.680364092604045e-13,True,False
standard_csad,market_return_sq,-0.09582713779547007,-0.06505561809276894,0.09047197235816783,0.06142007595379462,-1.0591914302045033,0.28951260712038807,-0.2731489452277823,0.08149466963684217,0.024226081718270467,1.9631482397717555e-93,525,0.14378697141714114,-2994.274547426135,-2981.48435263836,0.10133864340623117,0.013893379266414643,7.612957883143931e-18,2.3400706904365447,9.689819844354428,0.0,0.9764269687580521,5.0,8.476746518516827e-92,0.0017449947567042582,2.5917677040337583,2.5917677040337583,2.871549566011022,3.0,3.0,HAC,mid,estimated,cmc_fixed62_historical_lagged,coinmarketcap,historical,fixed_survivor_62,lagged_size,daily,baseline,0.32570168301043656,False,False
no_intercept_csad,market_return_sq,-1.3901459554498756,-0.9437494059770365,0.19478278577581024,0.13223513520275207,-7.136903550860477,9.545677350157526e-13,-1.7719132003788445,-1.0083787105209068,,,525,0.5928628817540289,-2555.6685247764926,-2542.8783299887177,0.233669531011358,0.021097033463831245,0.010404420528225267,0.145566632632464,1.8615402375169152,4.4610827051569255e-17,1.1451086373609667,5.0,2.3528512560460604e-20,0.2678858291202045,2.5489947822249173,2.5489947822249173,3.335553840606523,3.0,3.0,HAC,mid,estimated,cmc_fixed62_historical_lagged,coinmarketcap,historical,fixed_survivor_62,lagged_size,daily,baseline,2.863703205047258e-12,True,False
scsad,market_return_cu,-3.420531737083738,-0.49292137765694394,1.4218123654477164,0.20489262015843396,-2.4057546693277225,0.016139098751202667,-6.207232766134964,-0.6338307080325123,0.0023865974581499675,0.03757766336010774,525,0.5706823419591001,-2531.6793557569845,-2514.625762706618,0.24366442906805205,0.021543507653917104,-1.5225915766287862e-17,0.13551159294671689,1.0376445270728434,5.572901624858912e-06,1.9370863894324069,5.0,0.8294868762215379,3.491174069771711e-06,18.184504965208106,18.184504965208106,9.08146465111688,4.0,4.0,HAC,mid,estimated,cmc_fixed62_historical_lagged,coinmarketcap,historical,fixed_survivor_62,lagged_size,daily,baseline,0.024208648126804,True,False
standard_csad,market_return_sq,1.921162412146443,0.5513385597313241,0.3634768102696656,0.10431121273391722,5.285515768450596,1.2535107403429975e-07,1.2087609548024,2.633563869490486,0.030061322685168677,5.182752503207164e-51,425,0.21394182288903008,-2360.257112087202,-2348.1008445804287,0.09504054484084021,0.014954090122445174,2.115954470462063e-17,1.4802485963370144,2.6321080463588586,6.267045819594622e-60,0.7936278646075721,5.0,2.5301402796611743e-120,0.24112463919622157,4.749553471362446,4.749553471362446,4.115723405140571,3.0,3.0,HAC,high,estimated,cmc_fixed62_historical_lagged,coinmarketcap,historical,fixed_survivor_62,lagged_size,daily,baseline,2.8203991657717446e-07,False,True
no_intercept_csad,market_return_sq,-2.596181029529074,-0.7450565868729048,1.2269863451384742,0.35212269408437796,-2.115900506811326,0.03435327032928675,-5.001030075522916,-0.1913319835352323,,,425,0.6279136010103614,-2020.9473743757758,-2008.7911068690025,0.21117336723836633,0.02229077188320533,0.009102578851489566,0.7099424026456385,1.7915598182502706,2.7463777135707135e-20,1.2055484074477276,5.0,5.574909258863008e-22,2.0407401277005945e-21,3.8280232330716655,3.8280232330716655,4.206238436585341,3.0,3.0,HAC,high,estimated,cmc_fixed62_historical_lagged,coinmarketcap,historical,fixed_survivor_62,lagged_size,daily,baseline,0.04416849042336868,True,False
scsad,market_return_cu,-7.917974415316399,-0.20896705244590535,2.9551200423399595,0.07798998739842788,-2.67940872176776,0.007375230825167541,-13.7099032682952,-2.126045562337599,0.0026937500520341317,0.013822605267972023,425,0.6112500633659843,-2000.6372208832408,-1984.4288642075433,0.22047011567638297,0.022776154490084476,1.1164925193524516e-15,0.06586041402691428,1.348363789651943,1.7750661646761985e-07,2.2910383327267785,5.0,0.0006117427920147117,0.012410209761305128,2.2828143953904787,2.2828143953904787,2.6537686185476432,4.0,4.0,HAC,high,estimated,cmc_fixed62_historical_lagged,coinmarketcap,historical,fixed_survivor_62,lagged_size,daily,baseline,0.013275415485301572,True,False
standard_csad,market_return_sq,0.1901698922699268,0.07488074341840287,0.6162979534816607,0.24267168884148824,0.30856810605259577,0.7576500853231287,-1.0177519002998698,1.3980916848397236,0.059245790371289644,7.981831178815611e-43,158,0.19952510888000086,-689.4757194692811,-680.2879343702002,0.11337809259839036,0.026787737204675845,2.5998893614639742e-17,0.9086524945842076,0.7941735730301618,4.010668008220515e-06,1.226179647593032,4.0,9.496453143481608e-10,0.1212310345791508,8.531847621455194,8.531847621455194,5.665353844442411,3.0,3.0,HAC,low,estimated,cmc_fixed62_historical_lagged,coinmarketcap,historical,fixed_survivor_62,lagged_size,weekly,baseline,0.8149579003501773,False,False
no_intercept_csad,market_return_sq,-4.734356985078972,-1.8641866302770362,0.7321611042982694,0.28829362596511876,-6.4662776502127315,1.0044644626691669e-10,-6.169366380384655,-3.29934758977329,,,158,0.7184767024918916,-550.4215651757015,-541.2337800766206,0.2733676984719406,0.041595376026482,0.0170892202612047,0.1746547977102652,-0.010969504723987278,0.6691623055332092,1.443210719657161,4.0,0.20934113358197287,0.0014798830557119268,7.439437097000032,7.533355759304728,5.855643152645266,3.0,3.0,HAC,low,estimated,cmc_fixed62_historical_lagged,coinmarketcap,historical,fixed_survivor_62,lagged_size,weekly,baseline,9.040180164022501e-10,True,False
scsad,market_return_cu,-12.52918969017026,-0.4437256140459092,2.334855628302828,0.08268972479441652,-5.366151781845947,8.043426203509641e-08,-17.105422630744442,-7.952956749596077,-0.001128718790174497,0.7781344338502573,158,0.6804909381813389,-531.3249444125477,-519.0745642804397,0.30460755108781645,0.04390781129777324,-8.263432132653064e-16,0.31902820682854494,-0.06291609543882748,0.2600836888048938,2.2425769393405774,4.0,0.3288839904162392,0.4925294239853366,3.2246071038037716,3.2246071038037716,3.2924757445557487,4.0,4.0,HAC,low,estimated,cmc_fixed62_historical_lagged,coinmarketcap,historical,fixed_survivor_62,lagged_size,weekly,baseline,2.4130278610528923e-07,True,False
standard_csad,market_return_sq,-0.9005207747469012,-0.5916147010239268,0.24782870867772883,0.16281590775152177,-3.6336418793107588,0.0002794486672454633,-1.3862561180903188,-0.4147854314034835,0.0451024485040141,2.5157832712752418e-29,76,0.2839274665207323,-326.64318845652804,-319.65098843566903,0.055909118819612046,0.02712280037640017,-3.085981762527162e-17,0.5743728832890156,0.4057452738349423,0.1163300630548505,1.7179962326921274,3.0,0.022655410996390388,0.001232213741349327,4.746659098763521,4.746659098763521,4.11431174554302,3.0,3.0,HAC,mid,estimated,cmc_fixed62_historical_lagged,coinmarketcap,historical,fixed_survivor_62,lagged_size,weekly,baseline,0.0006287595013022924,True,False
no_intercept_csad,market_return_sq,-2.3894287966049568,-1.5697818892836897,0.392410394720965,0.25780166861422393,-6.089106783993402,1.1354237140649442e-09,-3.158539037417195,-1.6203185557927187,,,76,0.7532422099643398,-277.1655117662242,-270.1733117453652,0.10720571469470656,0.037557975306729136,0.015132091438725796,-0.475862797414314,0.09895077193724822,0.25204850966465653,1.7244553164610286,3.0,0.6064545118441607,0.9269956498347234,4.825245687112996,4.825245687112996,4.77909820578213,3.0,3.0,HAC,mid,estimated,cmc_fixed62_historical_lagged,coinmarketcap,historical,fixed_survivor_62,lagged_size,weekly,baseline,5.109406713292248e-09,True,False
scsad,market_return_cu,-4.719625075549132,-0.5182229802465169,1.4919658410620698,0.16382042475931796,-3.1633600084231306,0.0015595933891205949,-7.6438243901947995,-1.795425760903465,0.005534807732658601,0.388609172933163,76,0.7193161763856413,-266.8764747280993,-257.553541366954,0.11955970054284475,0.039663004859832734,2.236880271654304e-18,0.23516835188438595,-0.6788805977493673,0.31940026934765253,1.769351724970267,3.0,0.8335194808667995,0.5441813143329508,6.2416330209789805,6.2416330209789805,4.897680017761371,4.0,4.0,HAC,mid,estimated,cmc_fixed62_historical_lagged,coinmarketcap,historical,fixed_survivor_62,lagged_size,weekly,baseline,0.002807268100417071,True,False
standard_csad,market_return_sq,0.12393072823148954,0.07427210718840832,0.5295395641926907,0.3173548629421286,0.23403487975526074,0.8149579003501773,-0.9139477459752202,1.1618092024381994,0.08432100868631964,3.5125874685256374e-05,36,0.1722079966247131,-107.28771157481316,-102.53715475944483,0.0906056228921843,0.05016794652082374,2.6984587404083666e-18,0.7099298878684545,-0.47689398681458783,0.1948608016234527,0.956363373939185,3.0,0.00012427576942073462,0.6790556343897836,6.977041709143839,6.977041709143839,5.08620794834573,3.0,3.0,HAC,high,estimated,cmc_fixed62_historical_lagged,coinmarketcap,historical,fixed_survivor_62,lagged_size,weekly,baseline,0.8149579003501773,False,False
no_intercept_csad,market_return_sq,-1.9764908387532731,-1.184517686030108,0.6589399333887036,0.3949049445747795,-2.999500771775743,0.002704224385989837,-3.2679893761703545,-0.6849923013361918,,,36,0.7134389725135817,-89.42810409177031,-84.67754727640198,0.14880198789409205,0.06429143451979952,0.019691201467683873,0.46851806004354224,0.02514359239728714,0.5385083633157473,1.5136160576486801,3.0,0.29288105712672535,0.2913430438280983,7.458825910123928,7.458825910123928,6.798836737957339,3.0,3.0,HAC,high,estimated,cmc_fixed62_historical_lagged,coinmarketcap,historical,fixed_survivor_62,lagged_size,weekly,baseline,0.004056336578984756,True,False
scsad,market_return_cu,-2.2108670372458024,-0.27257105290253236,2.0374565577436883,0.25119180386315687,-1.0851112524794893,0.2778723841531636,-6.204208510488384,1.7824744359967797,0.0004746625822566672,0.9696116405558368,36,0.6840012453018294,-85.61617522354987,-79.28209946972544,0.15648307219841798,0.06592990221069353,-2.332239339924374e-17,-0.3842931730966716,0.6312102497439485,0.5960178875030998,2.2519898675423433,3.0,0.4371820675591487,0.576499877540517,11.175224138077402,11.175224138077402,6.792427434510964,4.0,4.0,HAC,high,estimated,cmc_fixed62_historical_lagged,coinmarketcap,historical,fixed_survivor_62,lagged_size,weekly,baseline,0.3572644939112104,False,False
standard_csad,market_return_sq,3.845509991799867,0.3326231175548435,2.6855671896098565,0.23229213626173287,1.4319172525929318,0.15216750410602106,-1.4181049778979027,9.109124961497637,0.02631556149412171,1.93558310005134e-83,273,0.16078146339098076,-1584.097628923842,-1573.269213538287,0.04721995451861088,0.01315168682597552,-1.5351985047472404e-17,2.551406670325072,10.99928152210152,0.0,1.371552568055465,5.0,4.2368818083723666e-05,0.04751171327748562,5.160624846614482,5.160624846614482,4.311461848663076,3.0,3.0,HAC,low,estimated,cmc_fixed62_holdout_current,coinmarketcap,temporal_holdout,fixed_survivor_62,contemporaneous_size,daily,baseline,0.1711884421192737,False,False
no_intercept_csad,market_return_sq,-12.473443410118188,-1.0789090764462004,3.082715666423586,0.2666440856186792,-4.046251668934897,5.204427974900063e-05,-18.51545509088581,-6.431431729350568,,,273,0.6360126348207357,-1363.3926140302237,-1352.5641986446687,0.10598100145323142,0.019703014909703116,0.008315459184216592,0.6658303828518134,2.0654241152062767,5.36278842477686e-15,1.2637889637731459,5.0,0.0023764086518131915,2.227735129515709e-05,3.8068101552390017,3.8068101552390017,4.366754495866342,3.0,3.0,HAC,low,estimated,cmc_fixed62_holdout_current,coinmarketcap,temporal_holdout,fixed_survivor_62,contemporaneous_size,daily,baseline,7.806641962350094e-05,True,False
scsad,market_return_cu,-75.41270345185568,-0.2747390832022382,27.856452134680673,0.10148497229826968,-2.7071898132342747,0.006785544835213343,-130.0103463728937,-20.815060530817654,-0.0026273659723269676,0.0906168447311329,273,0.6044860868271685,-1340.4817729155557,-1326.0438857348158,0.11441776256555225,0.020472241777350648,2.0216835938343625e-15,-0.07727493127473344,1.8577812916938896,8.329255077336945e-09,1.9328759533480406,5.0,0.20778079559094428,0.012095739526886798,2.202478419700452,2.202478419700452,2.5848065846402846,4.0,4.0,HAC,low,estimated,cmc_fixed62_holdout_current,coinmarketcap,temporal_holdout,fixed_survivor_62,contemporaneous_size,daily,baseline,0.008724271930988584,True,False
standard_csad,market_return_sq,-2.531621356406108,-0.39993814533067584,0.5850146158933465,0.09241889980098218,-4.327449755319696,1.5084574112567878e-05,-3.678228933986601,-1.3850137788256156,0.024262971101565247,2.609667174257974e-55,187,0.19322278335729093,-1131.0525420373026,-1121.3592161867389,0.025040435849799134,0.01157177920905411,-1.0953804708200073e-16,2.0683753592067715,10.17620971364544,3.508804397641014e-194,1.5094246491661913,4.0,4.3965456642487414e-09,0.014426090999512604,3.9853374338431333,3.9853374338431333,3.724143897814308,3.0,3.0,HAC,mid,estimated,cmc_fixed62_holdout_current,coinmarketcap,temporal_holdout,fixed_survivor_62,contemporaneous_size,daily,baseline,2.7152233402622184e-05,True,False
no_intercept_csad,market_return_sq,-11.07770733939782,-1.7500238401070278,1.639402086483524,0.25898795183582884,-6.757163133273316,1.4071972285365617e-11,-14.290876385085346,-7.864538293710295,,,187,0.7272544654805015,-966.274062024439,-956.5807361738753,0.06044055345964004,0.017978084320275953,0.008003590440011038,-0.09654566897766657,-0.0367159571405109,0.8514964341252333,1.599174759217186,4.0,0.9886677913383761,0.00048120703324150253,3.3332565974241684,3.3332565974241684,3.998688918852133,3.0,3.0,HAC,mid,estimated,cmc_fixed62_holdout_current,coinmarketcap,temporal_holdout,fixed_survivor_62,contemporaneous_size,daily,baseline,6.332387528414528e-11,True,False
scsad,market_return_cu,-69.61622796593339,-0.5755943106046709,8.5326156599143,0.0705485656422859,-8.158837892228771,3.382632702965344e-16,-86.3398473532879,-52.892608578578894,0.0023504378801007734,0.10213085356002981,187,0.6974098792561764,-944.8643797737366,-931.9399453063182,0.06705112491126829,0.018935737780738832,3.6071116384963726e-16,-0.044242961295006926,-0.24710607366726212,0.7267108230113788,2.0464536268796216,4.0,0.6740800336739432,0.0032859372168158787,3.6109814409533243,3.6109814409533243,3.5894137919520053,4.0,4.0,HAC,mid,estimated,cmc_fixed62_holdout_current,coinmarketcap,temporal_holdout,fixed_survivor_62,contemporaneous_size,daily,baseline,3.0443694326688094e-15,True,False
standard_csad,market_return_sq,0.7351935591906975,0.08672369772917624,1.113074183158163,0.1312986325895164,0.6605072422978207,0.5089283724516602,-1.4463917519206415,2.9167788703020365,0.03150919627446658,5.296930130137938e-27,170,0.011606509187292557,-955.3420973543014,-945.9347020431505,0.034838501347474224,0.014315458807439441,-1.0122621695111721e-17,1.9049269411223644,4.7109891850326395,2.428387010838628e-54,0.9851947851792725,4.0,7.325050794046588e-20,0.34444007168091645,5.5365651452920375,5.536565145292041,4.482912075247094,3.0,3.0,HAC,high,estimated,cmc_fixed62_holdout_current,coinmarketcap,temporal_holdout,fixed_survivor_62,contemporaneous_size,daily,baseline,0.5089283724516602,False,False
no_intercept_csad,market_return_sq,-13.66021846890415,-1.6113643034574938,2.1312713112632373,0.25140553350374995,-6.409422581120152,1.4607179961700643e-10,-17.83743348026355,-9.48300345754475,,,170,0.6243723154814378,-813.075243611768,-803.6678483006172,0.0804460667251114,0.02175344012349627,0.008525313017217966,0.9394781118564114,1.7061474075564282,4.190148583390729e-10,1.2628290283441053,4.0,6.615411723774374e-05,0.004119208733143457,4.049887283142513,4.049887283142513,4.587921197955448,3.0,3.0,HAC,high,estimated,cmc_fixed62_holdout_current,coinmarketcap,temporal_holdout,fixed_survivor_62,contemporaneous_size,daily,baseline,4.3821539885101934e-10,True,False
scsad,market_return_cu,-78.42464766100571,-0.4001883253095608,12.805593584145688,0.06534487822228618,-6.124249309153577,9.111214074755323e-10,-103.52314988658844,-53.32614543542297,0.0011734224629335495,0.5550128666272809,170,0.5812390273723489,-792.8160082356435,-780.2728144874425,0.08956765381173912,0.02295361740192076,-4.671100108018489e-16,0.5331511168336551,1.8329152755073004,3.997152531903544e-07,2.150194305289281,4.0,0.8643219508478222,0.6766106181686433,1.9730341958216784,1.9730341958216784,2.4437233329556487,4.0,4.0,HAC,high,estimated,cmc_fixed62_holdout_current,coinmarketcap,temporal_holdout,fixed_survivor_62,contemporaneous_size,daily,baseline,2.0500231668199477e-09,True,False
standard_csad,market_return_sq,-0.27609392251814224,-0.04651476960487663,1.4404282272177449,0.24267534218175923,-0.19167489035634264,0.8479968758685413,-3.0992813701797997,2.547093525143515,0.07241929131228807,3.329873640993557e-14,35,0.0019686613187733792,-140.34822001447853,-135.6821758300103,0.031307214286139896,0.02990805638530953,-3.1720657846433043e-18,1.5745459807042155,2.73257199185584,4.0382126421345276e-05,1.3273883584292714,3.0,0.12196824647260178,0.7067366709199459,7.472264163163665,7.472264163163665,5.277608746011246,3.0,3.0,HAC,low,estimated,cmc_fixed62_holdout_current,coinmarketcap,temporal_holdout,fixed_survivor_62,contemporaneous_size,weekly,baseline,0.8479968758685413,False,False
no_intercept_csad,market_return_sq,-12.604317904599968,-2.1235054289199855,2.5144694004689945,0.42362382979886876,-5.0127147708574356,5.36674207558681e-07,-17.53258736974722,-7.676048439452717,,,35,0.6657234083093942,-109.50626974594849,-104.84022556148025,0.07556907498586572,0.04646629346276279,0.01740738801561779,0.6567482694015714,0.7401727410156917,0.2688433120249288,1.7573805587293791,3.0,0.21789953984191,0.1542192314932396,8.061425173970587,8.061425173970587,5.908632025765242,3.0,3.0,HAC,low,estimated,cmc_fixed62_holdout_current,coinmarketcap,temporal_holdout,fixed_survivor_62,contemporaneous_size,weekly,baseline,1.6100226226760432e-06,True,False
scsad,market_return_cu,-63.606172268843814,-0.619591314878805,19.14643800501449,0.18650653349538662,-3.3220890617975645,0.0008934617061900198,-101.13250119090114,-26.079843346786497,0.002480058312023631,0.8391756632660077,35,0.6357364143259387,-104.54000423231972,-98.31861198636206,0.08225281234540385,0.048477627342165014,2.6889205148198212e-15,-0.5472233293876181,1.3201146875428007,0.22570105133646262,2.2962980713500687,3.0,0.7498285225894102,0.3544811178453179,5.554237867445765,5.554237867445765,4.5695918277106875,4.0,4.0,HAC,low,estimated,cmc_fixed62_holdout_current,coinmarketcap,temporal_holdout,fixed_survivor_62,contemporaneous_size,weekly,baseline,0.0013401925592850298,True,False
standard_csad,,,,,,,,,,,,19,,,,,,,,,,,,,,,,,,,,mid,insufficient_observations,cmc_fixed62_holdout_current,coinmarketcap,temporal_holdout,fixed_survivor_62,contemporaneous_size,weekly,baseline,,False,False
no_intercept_csad,,,,,,,,,,,,19,,,,,,,,,,,,,,,,,,,,mid,insufficient_observations,cmc_fixed62_holdout_current,coinmarketcap,temporal_holdout,fixed_survivor_62,contemporaneous_size,weekly,baseline,,False,False
scsad,,,,,,,,,,,,19,,,,,,,,,,,,,,,,,,,,mid,insufficient_observations,cmc_fixed62_holdout_current,coinmarketcap,temporal_holdout,fixed_survivor_62,contemporaneous_size,weekly,baseline,,False,False
standard_csad,,,,,,,,,,,,6,,,,,,,,,,,,,,,,,,,,high,insufficient_observations,cmc_fixed62_holdout_current,coinmarketcap,temporal_holdout,fixed_survivor_62,contemporaneous_size,weekly,baseline,,False,False
no_intercept_csad,,,,,,,,,,,,6,,,,,,,,,,,,,,,,,,,,high,insufficient_observations,cmc_fixed62_holdout_current,coinmarketcap,temporal_holdout,fixed_survivor_62,contemporaneous_size,weekly,baseline,,False,False
scsad,,,,,,,,,,,,6,,,,,,,,,,,,,,,,,,,,high,insufficient_observations,cmc_fixed62_holdout_current,coinmarketcap,temporal_holdout,fixed_survivor_62,contemporaneous_size,weekly,baseline,,False,False
standard_csad,market_return_sq,4.268310507518738,0.3605921808995565,2.93057171851124,0.2475783440307477,1.4564770691525961,0.14526078413055035,-1.4755045148749453,10.01212552991242,0.026479138823409562,4.71454035382485e-80,272,0.16289435144930464,-1580.1893656857806,-1569.3719594868926,0.04671670121882747,0.013105440778943496,-1.750029859588367e-17,2.524922124286788,10.900017482569096,0.0,1.3735447686922013,4.0,1.6853575764438652e-05,0.0586905356398994,5.37546205208979,5.37546205208979,4.410264785443341,3.0,3.0,HAC,low,estimated,cmc_fixed62_holdout_lagged,coinmarketcap,temporal_holdout,fixed_survivor_62,lagged_size,daily,baseline,0.16341838214686916,False,False
no_intercept_csad,market_return_sq,-13.04181156558931,-1.1017884633821393,3.27132694805274,0.27636576967769944,-3.9867037971708874,6.699758137051166e-05,-19.453494565428013,-6.630128565750607,,,272,0.6369705981651745,-1359.684577812735,-1348.867171613847,0.10508621366040269,0.019655695707643635,0.008236908888579567,0.6970391997947704,2.154411028011685,3.081154035042177e-16,1.2611017098864368,4.0,0.002416581094850356,7.37314842324942e-06,3.9125486960609894,3.9125486960609894,4.443811765325308,3.0,3.0,HAC,low,estimated,cmc_fixed62_holdout_lagged,coinmarketcap,temporal_holdout,fixed_survivor_62,lagged_size,daily,baseline,0.0001004963720557675,True,False
scsad,market_return_cu,-79.53441581469025,-0.27248830008729297,29.61084371435949,0.10144801323084622,-2.6859895172835215,0.007231535758404573,-137.57060304667908,-21.498228582701408,-0.002313401682153726,0.14028388487750584,272,0.6040929719054454,-1335.7132529786213,-1321.2900447134373,0.1139270151370034,0.020465808568356884,1.1632851544785648e-17,-0.08794222958031618,1.892273280789893,4.282835107414447e-09,1.9313360432002145,4.0,0.13617152370110236,0.005652398834295666,2.1046245619706974,2.1046245619706974,2.5027636996586526,4.0,4.0,HAC,low,estimated,cmc_fixed62_holdout_lagged,coinmarketcap,temporal_holdout,fixed_survivor_62,lagged_size,daily,baseline,0.009297688832234452,True,False
standard_csad,market_return_sq,-2.485266146736968,-0.3966386620867761,0.585489213511395,0.09344176623429325,-4.244768459237548,2.188192513732246e-05,-3.632803918555984,-1.3377283749179518,0.024298635856739817,6.524152303727566e-57,188,0.19363335529044212,-1141.3018308151277,-1131.5925049266377,0.024622258786727254,0.011444188989680654,-8.105218623925677e-17,1.9921790319940094,9.532859547725641,7.999702827618321e-173,1.5040002535103387,4.0,2.7219674369868946e-09,0.009985520797173292,3.987053727402324,3.987053727402324,3.7250703086483807,3.0,3.0,HAC,mid,estimated,cmc_fixed62_holdout_lagged,coinmarketcap,temporal_holdout,fixed_survivor_62,lagged_size,daily,baseline,3.938746524718042e-05,True,False
no_intercept_csad,market_return_sq,-11.111893890123582,-1.7734143812386238,1.6540927853889351,0.2639866761253933,-6.717817759848814,1.8446618989923245e-11,-14.353856176573435,-7.869931603673729,,,188,0.7270371009352838,-972.6331888761356,-962.9238629876457,0.060390058069335104,0.017922715004562263,0.00802565348012285,-0.146422991914909,-0.04211766480129331,0.7037948238495888,1.613451235743661,4.0,0.8466024367396847,0.00031896238243052426,3.3358496567824343,3.3358496567824343,4.018523193180292,3.0,3.0,HAC,mid,estimated,cmc_fixed62_holdout_lagged,coinmarketcap,temporal_holdout,fixed_survivor_62,lagged_size,daily,baseline,8.300978545465461e-11,True,False
scsad,market_return_cu,-69.62627909699953,-0.579596994683021,8.839735011728164,0.07358548974668265,-7.876512022659333,3.3664654388949243e-15,-86.95184135286448,-52.30071684113457,0.002291816961812837,0.11189672645843406,188,0.6959370474765478,-950.3640286186753,-937.4182607673555,0.06726494149120703,0.018915396955245363,3.5831267031452857e-16,0.014451404299832821,-0.2938515885337205,0.6710636509092827,1.999660732687226,4.0,0.41561907908871365,0.0024204790305883475,3.76417952089766,3.76417952089766,3.6855390260901637,4.0,4.0,HAC,mid,estimated,cmc_fixed62_holdout_lagged,coinmarketcap,temporal_holdout,fixed_survivor_62,lagged_size,daily,baseline,3.029818895005432e-14,True,False
standard_csad,market_return_sq,0.988451734729537,0.11587884319599129,1.1823589820025167,0.13861110893222386,0.8359996834932769,0.4031550811134694,-1.3289292867928377,3.3058327562519114,0.03193002720590479,6.02251584089422e-24,170,0.010860728547468779,-951.4069921651646,-941.9995968540138,0.03565433767449015,0.014482106134303676,-2.0571779573936725e-17,1.9441634570458943,5.010274969366932,1.9322200606006053e-59,0.9883442437234368,4.0,6.54487771426288e-20,0.18226150887082535,5.480843433735256,5.480843433735256,4.457920405697287,3.0,3.0,HAC,high,estimated,cmc_fixed62_holdout_lagged,coinmarketcap,temporal_holdout,fixed_survivor_62,lagged_size,daily,baseline,0.4031550811134694,False,False
no_intercept_csad,market_return_sq,-13.409190986645486,-1.5719953591378526,2.0373718838311126,0.23884656049795494,-6.581611876095291,4.653751310012089e-11,-17.40236650206899,-9.416015471221982,,,170,0.6158922552786071,-808.0783320508417,-798.6709367396909,0.08284576107685773,0.022075506932672174,0.00871204966350127,1.0867251726086684,2.387608714071063,7.015773977152416e-16,1.2574428625971827,4.0,8.515366597059371e-05,0.0025718092973844517,4.044974577645358,4.044974577645358,4.541862200746897,3.0,3.0,HAC,high,estimated,cmc_fixed62_holdout_lagged,coinmarketcap,temporal_holdout,fixed_survivor_62,lagged_size,daily,baseline,1.3961253930036267e-10,True,False
scsad,market_return_cu,-77.25670268483312,-0.39608278567751687,11.872616652059483,0.06086901088715746,-6.507133595645218,7.659828804311921e-11,-100.52660372512021,-53.98680164454602,0.000723456526007095,0.6869656416517562,170,0.5744777980151602,-788.6999419240801,-776.1567481758791,0.09176274643530746,0.023233184486508983,-3.499651548947093e-16,0.4556422620953419,2.4192485756386386,3.2512395061678524e-10,2.413383522013757,4.0,0.06332539446085737,0.6737719769867887,1.9425032381840186,1.9425032381840186,2.4105844982511373,4.0,4.0,HAC,high,estimated,cmc_fixed62_holdout_lagged,coinmarketcap,temporal_holdout,fixed_survivor_62,lagged_size,daily,baseline,1.7234614809701823e-10,True,False
standard_csad,market_return_sq,-0.6252861052315186,-0.10643121704829303,1.5302160753378795,0.26046118390040246,-0.4086260204092107,0.682814132208902,-3.6244545014579925,2.3738822909949553,0.07095465428718659,5.071820050706506e-13,35,0.005551639342402548,-140.4459876800153,-135.77994349554706,0.031219883936839075,0.029866313530626572,1.3283025473193838e-17,1.5816291621938061,2.7210514727307142,3.926764501232534e-05,1.270349667806872,3.0,0.09479645049947931,0.7067784018935008,7.788321515300221,7.788321515300221,5.396197194013504,3.0,3.0,HAC,low,estimated,cmc_fixed62_holdout_lagged,coinmarketcap,temporal_holdout,fixed_survivor_62,lagged_size,weekly,baseline,0.682814132208902,False,False
no_intercept_csad,market_return_sq,-13.441520810449795,-2.2879085379746864,2.6439351415042682,0.4500295665499554,-5.083907165287812,3.697487106186864e-07,-18.623538465257973,-8.259503155641617,,,35,0.6722829652367242,-110.09649603766812,-105.43045185319988,0.07430539277119722,0.04607614591124356,0.017301081395894022,0.6652753943587854,0.7420319316245827,0.2605862328394786,1.7416451217196076,3.0,0.4327610591766057,0.19528349273121742,8.361351485686525,8.361351485686525,6.171126509544676,3.0,3.0,HAC,low,estimated,cmc_fixed62_holdout_lagged,coinmarketcap,temporal_holdout,fixed_survivor_62,lagged_size,weekly,baseline,1.1092461318560592e-06,True,False
scsad,market_return_cu,-69.91586445820545,-0.6839480427193341,18.660371829657073,0.18254404616477712,-3.7467562327502835,0.00017913601216896786,-106.4895211824591,-33.34220773395179,0.00411517818186175,0.7304703703636659,35,0.641388635947735,-104.9435193484216,-98.72212710246394,0.08130996488817625,0.048198981876673416,1.8193779816044752e-15,-0.6006312882194703,1.4293951339935314,0.16657105560774266,2.1542645256258934,3.0,0.945968337988115,0.43849552236701983,5.9213871201297925,5.9213871201297925,4.742015106095745,4.0,4.0,HAC,low,estimated,cmc_fixed62_holdout_lagged,coinmarketcap,temporal_holdout,fixed_survivor_62,lagged_size,weekly,baseline,0.0002687040182534518,True,False
standard_csad,,,,,,,,,,,,19,,,,,,,,,,,,,,,,,,,,mid,insufficient_observations,cmc_fixed62_holdout_lagged,coinmarketcap,temporal_holdout,fixed_survivor_62,lagged_size,weekly,baseline,,False,False
no_intercept_csad,,,,,,,,,,,,19,,,,,,,,,,,,,,,,,,,,mid,insufficient_observations,cmc_fixed62_holdout_lagged,coinmarketcap,temporal_holdout,fixed_survivor_62,lagged_size,weekly,baseline,,False,False
scsad,,,,,,,,,,,,19,,,,,,,,,,,,,,,,,,,,mid,insufficient_observations,cmc_fixed62_holdout_lagged,coinmarketcap,temporal_holdout,fixed_survivor_62,lagged_size,weekly,baseline,,False,False
standard_csad,,,,,,,,,,,,6,,,,,,,,,,,,,,,,,,,,high,insufficient_observations,cmc_fixed62_holdout_lagged,coinmarketcap,temporal_holdout,fixed_survivor_62,lagged_size,weekly,baseline,,False,False
no_intercept_csad,,,,,,,,,,,,6,,,,,,,,,,,,,,,,,,,,high,insufficient_observations,cmc_fixed62_holdout_lagged,coinmarketcap,temporal_holdout,fixed_survivor_62,lagged_size,weekly,baseline,,False,False
scsad,,,,,,,,,,,,6,,,,,,,,,,,,,,,,,,,,high,insufficient_observations,cmc_fixed62_holdout_lagged,coinmarketcap,temporal_holdout,fixed_survivor_62,lagged_size,weekly,baseline,,False,False
standard_csad,market_return_sq,0.2903089219624116,0.09575445135155812,0.2516399472851143,0.0830000157333813,1.1536678698850797,0.24863636139288492,-0.20289631178797018,0.7835141557127934,0.01074095977378662,6.217295958821322e-95,856,0.3465181101485285,-6079.4754516294615,-6065.218640501036,0.040974433324790026,0.006918621875088682,-3.998618673971212e-16,1.7355326750533393,5.379871123028842,0.0,1.1219385052707442,6.0,3.1582002156910334e-122,5.7500523678321484e-08,4.070309378090452,4.070309378090452,3.7697306055098094,3.0,3.0,HAC,low,estimated,binance_fixed14_equal,binance,five_year,fixed_survivor_14,equal,daily,baseline,0.2797159065669955,False,False
no_intercept_csad,market_return_sq,-2.029230344107662,-0.6693140429597996,0.5818817389275136,0.19192578128793722,-3.4873586991195267,0.0004878166175794393,-3.169697595667127,-0.8887630925481971,,,856,0.7287106633701639,-5593.295792529709,-5579.038981401283,0.07230658372531375,0.00919077298655123,0.0035430455444483335,0.6172120058855092,2.535110479787706,2.0724041585930003e-61,1.3778334787482045,6.0,5.1913501718441004e-18,4.3575998359995087e-32,3.5133787200279922,3.5133787200279922,4.075462565075895,3.0,3.0,HAC,low,estimated,binance_fixed14_equal,binance,five_year,fixed_survivor_14,equal,daily,baseline,0.002195174779107477,True,False
scsad,market_return_cu,-4.194319395394479,-0.113724834872439,2.3571439721217016,0.06391163469678819,-1.7794073866515279,0.07517299632611722,-8.814236687128698,0.4255978963397409,0.00036464908153772816,0.3710466066112319,856,0.7039173326633497,-5519.943061393957,-5500.93397988939,0.07859209961223236,0.009581920500691907,-9.111351341111828e-17,0.13468168371400577,1.6937246092351526,4.5999827722418127e-23,2.0221685370097675,6.0,0.18521669032502736,9.712986605782955e-09,3.2800930622809537,3.2800930622809537,3.382018635924638,4.0,4.0,HAC,low,estimated,binance_fixed14_equal,binance,five_year,fixed_survivor_14,equal,daily,baseline,0.09665099527643642,False,False
standard_csad,market_return_sq,0.1359141957452408,0.03984835290171308,0.7549237336822492,0.22133425569493909,0.18003698874626678,0.8571235298000119,-1.343709133346475,1.6155375248369566,0.01254985928935664,3.8347569689545644e-41,498,0.22119219451573735,-3303.531628727694,-3290.89982849662,0.03789550292739022,0.008723267014393061,-7.935976730741769e-16,3.250522418270209,20.82444363621463,0.0,1.130194867610353,5.0,1.98171923982238e-60,0.0010810736336013473,5.401311515386862,5.401311515386862,4.422002477034997,3.0,3.0,HAC,mid,estimated,binance_fixed14_equal,binance,five_year,fixed_survivor_14,equal,daily,baseline,0.8571235298000119,False,False
no_intercept_csad,market_return_sq,-2.9390225210065326,-0.8616848737616261,0.6148277043721018,0.1802598411684125,-4.780237617964914,1.750881300640281e-06,-4.144062678273292,-1.7339823637397735,,,498,0.7110454502874548,-3094.5170532676316,-3081.8852530365575,0.057658658810559,0.010760131940577332,0.0035189827679520578,1.4423947599845934,7.3739853249774185,2.477656592546525e-277,1.4549611868903176,5.0,4.2093531911807545e-16,3.048374771800373e-06,4.162294739406399,4.162294739406399,4.555230263360258,3.0,3.0,HAC,mid,estimated,binance_fixed14_equal,binance,five_year,fixed_survivor_14,equal,daily,baseline,1.575793170576253e-05,True,False
scsad,market_return_cu,-9.91735664861303,-0.20801498016874112,3.2995422959427594,0.06920737547060428,-3.0056764724027882,0.0026499077916378026,-16.38434071412744,-3.4503725830986207,0.00034770049329846175,0.5407139097195612,498,0.6851130905855431,-3050.5097995430347,-3033.667399234936,0.06273329621131939,0.01122365690494495,2.0182985135919073e-15,0.4005273355395742,6.447860630039026,1.663202421028585e-186,2.087846613730483,5.0,0.5135350568069642,0.0038428700513207497,2.170932522023885,2.170932522023885,2.5832473894687475,4.0,4.0,HAC,mid,estimated,binance_fixed14_equal,binance,five_year,fixed_survivor_14,equal,daily,baseline,0.005962292531185056,True,False
standard_csad,market_return_sq,0.6697874067524368,0.30503380508023736,0.20767573217424068,0.09457944143065578,3.2251597225162674,0.0012590240569560066,0.2627504512279389,1.0768243622769347,0.01329981009802388,2.4063219277178658e-64,272,0.4035025209390689,-1946.6017383408862,-1935.7843321419982,0.012145969876087237,0.006682387373912605,6.7348087890864275e-18,1.2179629268379946,2.2817501399169178,2.8216067322295596e-27,1.6263460460411814,4.0,0.009087193037178207,0.12357301568800494,5.127736196434622,5.127736196434625,4.29613362308023,3.0,3.0,HAC,high,estimated,binance_fixed14_equal,binance,five_year,fixed_survivor_14,equal,daily,baseline,0.00377707217086802,False,True
no_intercept_csad,market_return_sq,-1.804513394836907,-0.8218094004099546,0.6170341876659559,0.28100899513912075,-2.924494997048393,0.0034501562565827856,-3.0138781798921093,-0.5951486097817047,,,272,0.7504725931814589,-1738.260722557458,-1727.44331635857,0.02612668051560317,0.009800712855901613,0.00392654485939535,0.42334672086393554,0.40148816040643354,0.008209130662634293,1.6176651583263548,4.0,0.5071846426434756,3.5862861691296356e-12,4.023572348603873,4.023572348603873,4.511444112590409,3.0,3.0,HAC,high,estimated,binance_fixed14_equal,binance,five_year,fixed_survivor_14,equal,daily,baseline,0.0062102812618490145,True,False
scsad,market_return_cu,-5.911705609898966,-0.20218887948489536,2.5929686548896487,0.08868327712288678,-2.27989860145477,0.022613703035843268,-10.993830786523947,-0.8295804332739865,0.0005803446719634759,0.3601785724526966,272,0.7280125070116887,-1712.8588112682355,-1698.4356030030515,0.02847405929842009,0.010231521956107466,1.5842107037964666e-17,0.09784029251181231,0.33119873086659357,0.4793113201493371,1.9870084336381368,4.0,0.06932845430731625,0.017968412076905336,2.569601305224564,2.569601305224564,2.8879094247970634,4.0,4.0,HAC,high,estimated,binance_fixed14_equal,binance,five_year,fixed_survivor_14,equal,daily,baseline,0.0339205545537649,True,False
standard_csad,market_return_sq,0.5030551618252748,0.31515212893112027,0.24479710535134058,0.1533595811396256,2.054988195645835,0.039880144881433544,0.023261651816989914,0.9828486718335596,0.030665052831767094,1.5612449686894437e-17,104,0.3754127510419287,-515.3250219412471,-507.39184924382295,0.04050917599085116,0.019736040829009704,-3.442758898477048e-17,2.1054779944246853,6.082362665046293,6.715939985620437e-48,1.6215331659454195,4.0,0.025435217700396768,0.6562961034515736,7.005334771002071,7.005334771002077,5.097337752413669,3.0,3.0,HAC,low,estimated,binance_fixed14_equal,binance,five_year,fixed_survivor_14,equal,weekly,baseline,0.05127447199041456,False,False
no_intercept_csad,market_return_sq,-1.0340242803151707,-0.6477916897331849,0.29526668991527105,0.1849775789828052,-3.5020011251925895,0.00046177766854039304,-1.612736358383458,-0.4553122022468834,,,104,0.7608265272680209,-468.3873597440461,-460.45418704662194,0.06361518445219352,0.0247322555762,0.008238316150411686,1.084141100817114,2.120697491127987,1.1953798412856029e-08,1.7040503333483759,4.0,0.9048265993820368,0.23681810985630214,5.885199426820617,5.885199426820617,5.275953118926888,3.0,3.0,HAC,low,estimated,binance_fixed14_equal,binance,five_year,fixed_survivor_14,equal,weekly,baseline,0.0008311998033727075,True,False
scsad,market_return_cu,-2.1151180956880484,-0.1876864892528784,0.7373333612398717,0.06542779349401688,-2.8686049036643975,0.00412286452615198,-3.5602649283180585,-0.6699712630580383,0.0020245702274241935,0.4597171257862528,104,0.7452561335415403,-460.4432110996531,-449.86564750308764,0.06735704273129557,0.02544924109706031,-1.6012832085939759e-18,0.2951481939949746,2.875740585394529,8.16706200342024e-08,2.140875664123299,4.0,0.20263709157780116,0.6525346088782238,2.922532502300702,2.922532502300702,3.1277084629778162,4.0,4.0,HAC,low,estimated,binance_fixed14_equal,binance,five_year,fixed_survivor_14,equal,weekly,baseline,0.00618429678922797,True,False
standard_csad,market_return_sq,-0.06666761402781761,-0.03668494223012193,0.7268362127168398,0.3999534836082799,-0.09172302213537331,0.9269181054754113,-1.4912404136123172,1.3579051855566822,0.03180816849075326,2.367843086490489e-25,57,0.22342129128743804,-337.9256657125665,-331.7965119090629,0.00799763498753005,0.011845226285138722,-2.333050906462843e-16,0.8427173072726775,1.2765051959150657,0.010666044542421104,1.4285171317814387,3.0,0.15995091399699662,0.7967659920767116,9.146548619689527,9.146548619689527,5.8785420808926006,3.0,3.0,HAC,mid,estimated,binance_fixed14_equal,binance,five_year,fixed_survivor_14,equal,weekly,baseline,0.9269181054754113,False,False
no_intercept_csad,market_return_sq,-4.023295984558818,-2.2138842513043406,0.5564251756743627,0.30618203040058084,-7.230614573977105,4.80813146003782e-13,-5.113869288971941,-2.9327226801456945,,,57,0.8101126403483803,-287.7861150168305,-281.65696121332684,0.019274579660040665,0.018388869469099796,0.00631952389879584,0.06287634442231355,-0.5956916453098824,0.5965039766829928,1.690012808771348,3.0,0.4226577728511831,0.06855852555645445,7.245944477353782,7.245944477353782,6.371218016541911,3.0,3.0,HAC,mid,estimated,binance_fixed14_equal,binance,five_year,fixed_survivor_14,equal,weekly,baseline,4.3273183140340376e-12,True,False
scsad,market_return_cu,-13.925852330208913,-0.4584828299661669,2.601269864776962,0.08564198016960863,-5.353482358280018,8.627745055378415e-08,-19.024247579241134,-8.827457081176693,-0.0006260794732845919,0.8489609482758008,57,0.7759242489976608,-277.1397049991723,-268.96749992783407,0.022431775785595416,0.019837840761107988,5.599809115433904e-17,0.33432517320424654,-0.3478414468862079,0.4896140771043761,2.3631549307282818,3.0,0.4235888228433885,0.23371972465596919,4.239548407399049,4.239548407399049,3.9364217770774963,4.0,4.0,HAC,mid,estimated,binance_fixed14_equal,binance,five_year,fixed_survivor_14,equal,weekly,baseline,3.882485274920287e-07,True,False
standard_csad,market_return_sq,0.33329110304338216,0.16330615435014703,0.8032063297295812,0.39355547045839023,0.4149507924764396,0.6781779259530539,-1.2409643753812003,1.9075465814679644,0.03185901200267616,6.948155547769623e-21,42,0.4145182880006083,-219.9331358464242,-214.7201269915741,0.011338312226268035,0.016430453886339954,1.5529905403982845e-17,1.1374877094934057,1.0306496246298886,0.008828093648089352,1.4348407092944087,3.0,0.19625804907051275,0.10212370734754309,9.256398047271201,9.256398047271201,5.915827780309922,3.0,3.0,HAC,high,estimated,binance_fixed14_equal,binance,five_year,fixed_survivor_14,equal,weekly,baseline,0.7629501666971856,False,False
no_intercept_csad,market_return_sq,-2.083796067268244,-1.0210195204377934,0.5381416747476093,0.26367894791101204,-3.8722071994248592,0.00010785420362589,-3.1385343683536258,-1.0290577661828617,,,42,0.8569600263257146,-202.75320965814686,-197.54020080329676,0.017068477054881404,0.02015917435884986,0.006082775396352155,0.016669106653341315,-0.5935626776788432,0.6787096028551995,1.8844774195162037,3.0,0.213317558988092,0.09644166742649649,7.895544664668255,7.971875308335392,6.065374762049974,3.0,3.0,HAC,high,estimated,binance_fixed14_equal,binance,five_year,fixed_survivor_14,equal,weekly,baseline,0.0002426719581582525,True,False
scsad,market_return_cu,-5.494626942695656,-0.25345917881541546,1.3236927702123298,0.06106002937795859,-4.150983571372289,3.3104953089950725e-05,-8.089017098907876,-2.9002367864834357,0.0018622870363825868,0.6089544742433661,42,0.8358258893188905,-197.44554937327425,-190.49487090014077,0.018467032797952077,0.02096881630169183,-1.3081467126461294e-15,0.3168745037116424,-0.3434703775716694,0.6073762973380756,2.4378787998821765,3.0,0.4338989598585671,0.335717954521399,3.2113641844914294,3.2113641844914294,3.2877706032478153,4.0,4.0,HAC,high,estimated,binance_fixed14_equal,binance,five_year,fixed_survivor_14,equal,weekly,baseline,9.931485926985218e-05,True,False
standard_csad,market_return_sq,0.20530612422685934,0.04934738380131222,0.4845527268667167,0.11646710235610229,0.4237023400001045,0.6717829084164912,-0.7443997690425792,1.155012017496298,0.011720992110969363,1.8178684385500536e-123,803,0.32163938726514774,-5605.657852516028,-5591.592788374187,0.04337429494055473,0.007349510953694412,-1.9937006245448017e-16,1.441620918105825,4.818254788305976,5.845776301961195e-227,1.4081785669443767,6.0,2.672338043165962e-54,1.5551856678625034e-18,4.869557027050191,4.8695570270501936,4.173826247852995,3.0,3.0,HAC,low,estimated,binance_fixed14_lagged,binance,five_year,fixed_survivor_14,lagged_liquidity,daily,baseline,0.6717829084164912,False,False
no_intercept_csad,market_return_sq,-3.9770520876073903,-0.9559243130424668,0.9155878715289282,0.22007071766763014,-4.3437142531892246,1.4009371509632127e-05,-5.771571340485775,-2.182532834729005,,,803,0.7119096448008964,-5108.001474780686,-5093.936410638846,0.08060924992334613,0.010019237406653851,0.003951890460580474,0.40537179730919043,2.113956810855642,2.5373821453802317e-37,1.4513748498665415,6.0,1.2295372133895014e-08,4.640435050578994e-42,4.2756403929798985,4.2756403929798985,4.581193440564763,3.0,3.0,HAC,low,estimated,binance_fixed14_lagged,binance,five_year,fixed_survivor_14,lagged_liquidity,daily,baseline,2.738844396974473e-05,True,False
scsad,market_return_cu,-15.735022852324507,-0.23781119163533676,5.665127647864883,0.085619879255912,-2.7775230904558423,0.005477494806340027,-26.838469009961784,-4.631576694687228,0.000152779532126901,0.7280589549837838,803,0.6811657234772512,-5024.735357965422,-5005.981939109634,0.08919424686798964,0.010539272866895337,1.2560866972253484e-16,-0.015612213935372167,0.7986349068989331,3.177171615197115e-05,2.039709267176719,6.0,0.42049730151751546,1.5043914153697177e-28,3.399869930241449,3.399869930241449,3.451789556613389,4.0,4.0,HAC,low,estimated,binance_fixed14_lagged,binance,five_year,fixed_survivor_14,lagged_liquidity,daily,baseline,0.008216242209510042,True,False
standard_csad,market_return_sq,0.8650052407462441,0.20095066912602758,0.8719441805873002,0.20256266468212678,0.99204199076553,0.3211770422057454,-0.8439739497341532,2.5739844312266413,0.015040610390406915,1.6566384666484059e-60,568,0.21348399485402814,-3623.3702299062243,-3610.3438656500607,0.055827317528650444,0.00991400680150564,-6.380850464592999e-16,2.1731366673427273,8.447926917901931,0.0,1.0968094790914444,5.0,7.607745050957961e-75,1.982608432309299e-08,6.1227577985346535,6.1227577985346535,4.7377717104833525,3.0,3.0,HAC,mid,estimated,binance_fixed14_lagged,binance,five_year,fixed_survivor_14,lagged_liquidity,daily,baseline,0.3765673451814192,False,False
no_intercept_csad,market_return_sq,-4.07698702652414,-0.9471309911271388,0.7865451464281383,0.18272348654929235,-5.183411333778574,2.1786382386897935e-07,-5.6185871857380745,-2.535386867310206,,,568,0.6600686891215372,-3323.8618897554934,-3310.83552549933,0.0945914155092445,0.012904812367275448,0.0045394961156936964,1.0740422988416871,3.6152570324070776,6.381191422284579e-90,1.4133410802989494,5.0,1.3158896958330004e-23,7.016127486807918e-09,4.484515849355349,4.484640834101556,4.745338054353662,3.0,3.0,HAC,mid,estimated,binance_fixed14_lagged,binance,five_year,fixed_survivor_14,lagged_liquidity,daily,baseline,9.80387207410407e-07,True,False
scsad,market_return_cu,-18.848269736772323,-0.2802482381633934,4.357436470539548,0.0647891775124151,-4.325540914756811,1.521580220541374e-05,-27.388688283951165,-10.307851189593482,-3.1576486487914146e-05,0.9553996138229036,568,0.6349932368725257,-3281.4394418148204,-3264.070956139936,0.10156845537877046,0.013372273670981991,-3.9590787612293215e-16,-0.39268894055284276,3.0592670322157307,8.279264445937071e-51,2.2076547123578916,5.0,0.06510624138162541,0.0006618369843071953,2.165072537407915,2.165072537407915,2.5512508940374454,4.0,4.0,HAC,mid,estimated,binance_fixed14_lagged,binance,five_year,fixed_survivor_14,lagged_liquidity,daily,baseline,2.738844396974473e-05,True,False
standard_csad,market_return_sq,-0.3355455683622515,-0.09307099888219482,0.3478463683558354,0.0964828983390727,-0.9646372619851517,0.33472652905015043,-1.017311922492742,0.34622078576823895,0.01210938067885304,5.311448847617592e-57,255,0.25909352177384315,-1750.4127382268982,-1739.788947591423,0.015229718243620158,0.007728155360051885,-3.961972362387814e-16,2.0586416813348283,7.254023274607164,2.503097542331319e-155,1.6003208045760788,4.0,0.028813243144202007,0.030898948213547543,4.7076333871436615,4.7076333871436615,4.095229722426568,3.0,3.0,HAC,high,estimated,binance_fixed14_lagged,binance,five_year,fixed_survivor_14,lagged_liquidity,daily,baseline,0.3765673451814192,False,False
no_intercept_csad,market_return_sq,-3.7046806521950764,-1.0275752724801182,0.7610108092015313,0.21108321149414996,-4.868105166708612,1.126733681669414e-06,-5.19623443007576,-2.2131268743143924,,,255,0.7463651655934305,-1618.4538436256278,-1607.8300529901526,0.025552483866302284,0.010010285664432277,0.003340335229663926,0.6878552192259929,1.3964870635812217,3.2057306553443213e-09,1.5511360454326868,4.0,0.2273109250345004,0.026155049477331598,3.775281189191963,3.775281189191963,4.195433994670077,3.0,3.0,HAC,high,estimated,binance_fixed14_lagged,binance,five_year,fixed_survivor_14,lagged_liquidity,daily,baseline,3.380201045008242e-06,True,False
scsad,market_return_cu,-19.455170106192085,-0.3383172532922645,3.4031753697943383,0.05917979320130748,-5.716769778857387,1.0856804733546313e-08,-26.125271264062768,-12.785068948321403,0.0010156835943863156,0.11636806934076861,255,0.7278069106772895,-1598.5698024776846,-1584.404748297051,0.027408906697478665,0.010367541107589756,1.732709836177242e-15,0.09158695430566138,1.6769270235879707,7.288070807056234e-07,2.130027954828475,4.0,0.31755653702134634,0.28052560129468584,2.3314615483780465,2.3314615483780465,2.6957259812573615,4.0,4.0,HAC,high,estimated,binance_fixed14_lagged,binance,five_year,fixed_survivor_14,lagged_liquidity,daily,baseline,9.771124260191682e-08,True,False
standard_csad,market_return_sq,0.6044178487335397,0.2841813143003538,0.5224036214436062,0.2456203900135924,1.1569939868779928,0.24727481707952914,-0.41947443468922474,1.628310132156304,0.030623237007638453,6.0181680427923484e-24,91,0.4659635476142827,-442.2961102233536,-434.76353170380304,0.038644591793301,0.020607422058142755,2.4781763942525816e-18,1.2114998149142744,2.135978504371109,1.5047322217309508e-08,1.7646171284054237,3.0,0.26513505326154824,0.003155793035640379,8.692128776238464,8.692128776238464,5.721710367811538,3.0,3.0,HAC,low,estimated,binance_fixed14_lagged,binance,five_year,fixed_survivor_14,lagged_liquidity,weekly,baseline,0.3179247648165375,False,False
no_intercept_csad,market_return_sq,-1.6243650315342664,-0.7637335504439218,0.4086796941545685,0.19215040200428027,-3.974665379190355,7.04782754060813e-05,-2.4253625132900654,-0.8233675497784676,,,91,0.7816444630078823,-399.8167820317432,-392.2842035121926,0.06163393685560591,0.026024911323619584,0.00834644764168163,-0.09009192313515223,-0.3292254333543112,0.7200369940439081,1.7419493578694767,3.0,0.3804491249983335,0.5367903809942924,7.280335264871549,7.294198023683029,5.8467163071450265,3.0,3.0,HAC,low,estimated,binance_fixed14_lagged,binance,five_year,fixed_survivor_14,lagged_liquidity,weekly,baseline,0.00031715223932736583,True,False
scsad,market_return_cu,-4.037188177851915,-0.23718631828121897,1.2724201332020983,0.07475515963233707,-3.1728421081267886,0.0015095459467919976,-6.5310858121316855,-1.543290543572144,-0.0013182081332284538,0.6613455934550234,91,0.7701408489540461,-393.552675957214,-383.5092379311466,0.06459073311904726,0.026641851963283003,-8.44715018324003e-16,0.07769676498344508,-0.4307774056709146,0.6263367250552777,2.0307732693644587,3.0,0.4392675508459626,0.6532307728898079,3.2326767247641093,3.2326767247641093,3.3002817099443127,4.0,4.0,HAC,low,estimated,binance_fixed14_lagged,binance,five_year,fixed_survivor_14,lagged_liquidity,weekly,baseline,0.0033964783802819948,True,False
standard_csad,market_return_sq,0.03540289590152197,0.011928143596723962,0.7575653783916115,0.25524320503321296,0.046732462849194516,0.96272645698971,-1.4493979616804946,1.5202037534835386,0.03894609763356794,3.49422918833601e-37,75,0.05346740762029112,-389.130247499692,-382.1777831590831,0.022622908110641497,0.01736775100030379,-5.467848396278896e-17,1.7189576424752362,5.519554779416136,6.180231645103727e-26,1.6025745653340908,3.0,0.23146371234203525,0.8923461856078163,7.970238697964894,7.970238697964894,5.463282080713103,3.0,3.0,HAC,mid,estimated,binance_fixed14_lagged,binance,five_year,fixed_survivor_14,lagged_liquidity,weekly,baseline,0.9764830541253655,False,False
no_intercept_csad,market_return_sq,-5.6272323964038815,-1.8959589142976578,1.1485474285986244,0.38697508514786466,-4.899434064529515,9.611309730400568e-07,-7.878343990993274,-3.3761208018144884,,,75,0.702012960297029,-329.23817476009606,-322.28571041948715,0.05027580743885931,0.025891004213525415,0.00945619076768868,0.5557830475559833,1.0218883869750677,0.047219575450522286,1.3560197352256056,3.0,0.061461287737293174,0.14622994720684737,7.611811012753674,7.611811012753674,5.724831314890472,3.0,3.0,HAC,mid,estimated,binance_fixed14_lagged,binance,five_year,fixed_survivor_14,lagged_liquidity,weekly,baseline,8.650178757360512e-06,True,False
scsad,market_return_cu,-20.45531088121625,-0.4568316673890452,5.304134959481326,0.11845807827939035,-3.8564838635283345,0.00011502968768346677,-30.851224370939466,-10.059397391493032,0.0015284098551830911,0.740634626352787,75,0.657044665729917,-318.78731907291365,-309.5173666187684,0.05627228113966367,0.027391551286157237,3.191891195797325e-17,0.5191634611857119,1.1893201466908776,0.03750184695004153,2.511398590005482,3.0,2.909273635266361e-05,0.1473366144664133,3.8496677398550614,3.8496677398550614,3.704718821356651,4.0,4.0,HAC,mid,estimated,binance_fixed14_lagged,binance,five_year,fixed_survivor_14,lagged_liquidity,weekly,baseline,0.00034508906305040027,True,False
standard_csad,market_return_sq,0.03564708834919365,0.009550561198874258,1.2092617318902137,0.32398517552795886,0.02947838950751645,0.9764830541253655,-2.334462354038156,2.4057565307365434,0.036764185502180836,1.7834318886472075e-18,37,0.311667205017097,-181.92457708601404,-177.09182334808136,0.013487367427784886,0.019092497060211534,-3.641981611185902e-16,0.4712424604121404,-0.4516536619437832,0.4216624030282521,1.29060888820796,3.0,0.0888020449454851,0.00514710599187962,10.24895809682971,10.24895809682971,6.242609369142939,3.0,3.0,HAC,high,estimated,binance_fixed14_lagged,binance,five_year,fixed_survivor_14,lagged_liquidity,weekly,baseline,0.9764830541253655,False,False
no_intercept_csad,market_return_sq,-6.7129942227508534,-1.798544148235367,2.35454399532567,0.6308289839135877,-2.8510803943683976,0.0043570951558190305,-11.327815653604212,-2.098172791897495,,,37,0.7910426866248417,-158.80354193634548,-153.9707881984128,0.02519501967783336,0.02609495119327262,0.008422003823446196,-0.2464662361447829,-0.958862270502892,0.39424157152746697,1.5845471630206103,3.0,0.8863821320708086,0.04065281182843824,12.907274774968903,14.45446115568058,7.706649766968782,3.0,3.0,HAC,high,estimated,binance_fixed14_lagged,binance,five_year,fixed_survivor_14,lagged_liquidity,weekly,baseline,0.007842771280474255,True,False
scsad,market_return_cu,-26.266466926996266,-0.5046504039147721,11.9626741907232,0.22983556863692928,-2.195701939902815,0.02811328423411867,-49.71287749960058,-2.820056354391955,-0.0005925721619615884,0.9054257422865687,37,0.7293555740406186,-152.93364676258057,-146.48997511200366,0.02797295371502794,0.027495922899256103,-5.0447634058136335e-17,0.23085924492452314,-1.195544853326822,0.284447048083937,2.0187611404673853,3.0,0.5385587191558645,0.14147052422691758,5.800910494156326,5.800910494156326,4.600031934869145,4.0,4.0,HAC,high,estimated,binance_fixed14_lagged,binance,five_year,fixed_survivor_14,lagged_liquidity,weekly,baseline,0.04216992635117801,True,False
standard_csad,market_return_sq,0.30895099335645226,0.10209332901158613,0.24368213587737228,0.08052513507755982,1.267844244076739,0.20485357850347619,-0.1686572166389932,0.7865592033518978,0.010847206251663615,2.1541956501290754e-94,864,0.33700866022498444,-6102.108580888587,-6087.823862582175,0.04302928216907728,0.007057082252454871,-4.237865202793711e-16,1.7816654610351936,5.55880129798302,0.0,1.1356586140429927,6.0,2.0170979237326557e-119,2.095833632503614e-07,4.078822588679538,4.078822588679538,3.774266913142909,3.0,3.0,HAC,low,estimated,okx_listing14_equal,okx,five_year,listing_aware_survivor_14,equal,daily,baseline,0.2304602758164107,False,False
no_intercept_csad,market_return_sq,-1.9961105844937808,-0.6596178003257326,0.5925877384240539,0.1958215258992796,-3.368464203802628,0.000755882117714263,-3.1575612094849688,-0.8346599595025928,,,864,0.7231565263393167,-5619.4509177541395,-5605.166199447727,0.07522716625883305,0.009331049215722847,0.0035851457950569804,0.656109385843359,2.6407356631505507,9.65159690574076e-68,1.3956131923856352,6.0,3.2860701022894753e-16,4.048490777699598e-34,3.504004945179943,3.504004945179943,4.082575941384335,3.0,3.0,HAC,low,estimated,okx_listing14_equal,okx,five_year,listing_aware_survivor_14,equal,daily,baseline,0.0022676463531427888,True,False
scsad,market_return_cu,-3.901816951524041,-0.10750596113386618,2.400712673596719,0.06614634325181735,-1.6252744422256853,0.10410409466987959,-8.607127329002473,0.8034934259543904,0.0004409537632879336,0.27800973133884443,864,0.697833345350664,-5545.292837333129,-5526.246546257913,0.08177967296312819,0.009728946462124244,3.2060259796756545e-17,0.07977250508428149,1.7772062222500065,3.8617752129555015e-25,2.021994035910169,6.0,0.2469842150018652,1.5848543187901102e-09,3.3072818275840072,3.3072818275840072,3.4026798758989028,4.0,4.0,HAC,low,estimated,okx_listing14_equal,okx,five_year,listing_aware_survivor_14,equal,daily,baseline,0.13384812171841662,False,False
standard_csad,market_return_sq,0.0622288849898353,0.018035824770199903,0.7203466655112842,0.20877838699956608,0.08638741312929765,0.9311584523921312,-1.3496246357958028,1.4740824057754736,0.012648086692996028,7.990797210913044e-47,506,0.2121155233522254,-3343.583740553745,-3330.9041305458827,0.039515151052165555,0.00883703479101222,-7.621264181888303e-16,3.1595671617069194,19.369958969444816,0.0,1.101586934194131,5.0,6.500907958830902e-59,0.0015142031143893582,5.341017470308075,5.341017470308075,4.394574994382067,3.0,3.0,HAC,mid,estimated,okx_listing14_equal,okx,five_year,listing_aware_survivor_14,equal,daily,baseline,0.9311584523921312,False,False
no_intercept_csad,market_return_sq,-3.067090766298074,-0.8889362492078393,0.656552745833484,0.19028896754586783,-4.67150702782371,2.9899786712346366e-06,-4.353910502082583,-1.7802710305135656,,,506,0.7048232303050032,-3126.9041383796903,-3114.224528371828,0.060636967204176745,0.010946958644553594,0.0036157163809892017,1.3773562650643512,6.791452367916683,1.4797466226920562e-241,1.439703330004136,5.0,3.4907319283502147e-16,4.788006982909702e-07,4.131026806707931,4.131026806707931,4.507176244768418,3.0,3.0,HAC,mid,estimated,okx_listing14_equal,okx,five_year,listing_aware_survivor_14,equal,daily,baseline,2.690980804111173e-05,True,False
scsad,market_return_cu,-10.488252871819578,-0.21829531872848768,3.5708232152721973,0.07432067108100678,-2.9372086601660783,0.0033118118780756964,-17.4869377689126,-3.4895679747265547,0.0003294709977395122,0.5684679763490275,506,0.6760627060886673,-3079.2446617989044,-3062.3385151217544,0.06636307793858214,0.011452175685949894,7.153643070972815e-16,0.36925798573551544,5.821373100264214,1.0889294348832796e-154,2.0911144497072587,5.0,0.2540582337580326,0.00144387922701775,2.162451455788979,2.162451455788979,2.5692734377745614,4.0,4.0,HAC,mid,estimated,okx_listing14_equal,okx,five_year,listing_aware_survivor_14,equal,daily,baseline,0.007451576725670317,True,False
standard_csad,market_return_sq,0.7488192477735659,0.35133130825530884,0.1961540159634133,0.09203161811459984,3.817506585810794,0.00013480718982467608,0.364364441062381,1.1332740544847508,0.013387698205925572,3.499464805446962e-57,256,0.4284850018851568,-1830.8945227942768,-1820.258990460838,0.011469443675432867,0.006693468036612981,1.734723475976807e-18,1.1352308707436858,2.068130077238897,7.79522143337871e-22,1.6533041350566404,4.0,0.043176547537509304,0.19955792827058888,5.247756053118541,5.247756053118541,4.351806629681857,3.0,3.0,HAC,high,estimated,okx_listing14_equal,okx,five_year,listing_aware_survivor_14,equal,daily,baseline,0.0006066323542110424,False,True
no_intercept_csad,market_return_sq,-1.5992019371852457,-0.7503141918777352,0.5929526374132598,0.2782017508968075,-2.6970146286248458,0.0069964196743619545,-2.7613677510532724,-0.4370361233172191,,,256,0.7618516612132943,-1639.9664624979748,-1629.330930164536,0.024179354831391116,0.009718570101106518,0.0037920195604671347,0.5289544445350587,0.5144539259303387,0.0007978665421985017,1.681596986318513,4.0,0.7055299008688038,6.522830558522941e-12,4.09306588425444,4.09306588425444,4.590726755479637,3.0,3.0,HAC,high,estimated,okx_listing14_equal,okx,five_year,listing_aware_survivor_14,equal,daily,baseline,0.012593555413851518,True,False
scsad,market_return_cu,-4.895889882972194,-0.1768584883331949,2.617542004026957,0.09455574636000821,-1.8704150212069621,0.061426207625310425,-10.026177938885827,0.23439817294143772,0.00046689765441621596,0.5201558263674175,256,0.7410680384292263,-1616.9195439477419,-1602.7388341698236,0.02625125214092043,0.010126398850305593,3.393552799879629e-17,0.12656513727220398,0.5795436288154381,0.14638470039470267,2.0777140959852214,4.0,0.3207080663052376,0.06436510227291332,2.5556480070245997,2.5556480070245997,2.884419940718219,4.0,4.0,HAC,high,estimated,okx_listing14_equal,okx,five_year,listing_aware_survivor_14,equal,daily,baseline,0.09213931143796565,False,False
standard_csad,market_return_sq,0.5086730192899556,0.32423578664326613,0.24061507148740846,0.1533716435183574,2.1140530231356465,0.03451073885475338,0.037076145037104546,0.9802698935428066,0.03079781456841509,4.547817954817024e-17,104,0.3706568222645462,-512.9376480217836,-505.0044753243595,0.041449840542170255,0.01996387134448951,-4.0298960749615056e-17,2.0800529943826556,5.793227918325684,1.3128945995535498e-44,1.619603638752429,4.0,0.02796547892767039,0.6524895308621812,6.857272897484776,6.857272897484776,5.038819856702284,3.0,3.0,HAC,low,estimated,okx_listing14_equal,okx,five_year,listing_aware_survivor_14,equal,weekly,baseline,0.04437094995611148,False,True
no_intercept_csad,market_return_sq,-0.97146615302882,-0.6192270483783192,0.29778181468352805,0.189810580216633,-3.262342107966733,0.001104957071236546,-1.5551077850595156,-0.38782452099812437,,,104,0.7558089668528647,-466.2822424890621,-458.349069791638,0.06491597252183255,0.024983835643854993,0.008444911134269253,1.0811530616532932,2.0429453778740605,2.3420823694895687e-08,1.680665440870249,4.0,0.909029432059838,0.1914767890899701,5.788124741802301,5.788124741802301,5.234120849084944,3.0,3.0,HAC,low,estimated,okx_listing14_equal,okx,five_year,listing_aware_survivor_14,equal,weekly,baseline,0.001988922728225783,True,False
scsad,market_return_cu,-1.895774112537171,-0.17576976718160015,0.7228957343784873,0.06702444879270246,-2.6224724014550604,0.008729433766337887,-3.3126237164966392,-0.4789245085777025,0.002082225212458941,0.46276346742183405,104,0.7401368886568278,-458.26144302289185,-447.68387942632637,0.06878502117284215,0.02571758997951113,2.6688053476566264e-19,0.2592935151686918,2.8139286074835788,1.899703642113914e-07,2.15430286159388,4.0,0.2155874880956899,0.5975587461951088,2.975416491178607,2.975416491178607,3.1628746229543387,4.0,4.0,HAC,low,estimated,okx_listing14_equal,okx,five_year,listing_aware_survivor_14,equal,weekly,baseline,0.01309415064950683,True,False
standard_csad,market_return_sq,-0.13198484349336878,-0.0731339664985002,0.7159983429717196,0.3967410002687639,-0.18433680020203888,0.8537492461681788,-1.5353158087082965,1.271346121721559,0.0317014542396363,7.118186101417925e-25,57,0.23605364680529173,-339.1337138184915,-333.0045600149879,0.007829918059420024,0.011720366184492568,-2.1723607318460438e-16,0.8979742166229393,1.4247399828103475,0.004805722571043587,1.452566249757795,3.0,0.20261650304608597,0.9195550868738968,9.187947656884173,9.187947656884173,5.892621765003909,3.0,3.0,HAC,mid,estimated,okx_listing14_equal,okx,five_year,listing_aware_survivor_14,equal,weekly,baseline,0.8537492461681788,False,False
no_intercept_csad,market_return_sq,-4.120386803329013,-2.28314268865778,0.5499301963313341,0.3047211747235969,-7.492563294063,6.754133939871611e-14,-5.1982301821494685,-3.0425434245085574,,,57,0.8138114922643097,-288.08359130194935,-281.9544374984457,0.01917424993167302,0.01834094734953661,0.006316550178316343,0.14473323378439568,-0.5204835194561301,0.6108392631284922,1.674064710933971,3.0,0.7828543972542328,0.06879137482145121,7.491868895646024,7.491868895646024,6.431613428288826,3.0,3.0,HAC,mid,estimated,okx_listing14_equal,okx,five_year,listing_aware_survivor_14,equal,weekly,baseline,6.078720545884451e-13,True,False
scsad,market_return_cu,-14.381648159386556,-0.47187497572559567,2.528403815461787,0.0829592321980727,-5.688034510721499,1.2850985629742203e-08,-19.337228576065314,-9.426067742707797,-0.0006868705658595563,0.8379822507906403,57,0.7813890489757578,-277.3932093441624,-269.2210042728242,0.0223322332235062,0.019793775923877436,5.4719873856250865e-17,0.4155353159780294,-0.17745139258478648,0.42269234933754074,2.3129661008316367,3.0,0.4461115046831923,0.2505437380103956,4.312369258197982,4.312369258197982,3.9746608499279588,4.0,4.0,HAC,mid,estimated,okx_listing14_equal,okx,five_year,listing_aware_survivor_14,equal,weekly,baseline,5.7829435333839915e-08,True,False
standard_csad,market_return_sq,0.3248354132945981,0.15841024839346,0.7979677783385608,0.38913944971248904,0.4070783584406554,0.683950437748104,-1.2391526930724222,1.8888235196616183,0.031879323322236246,2.745295281163468e-20,42,0.40862117955258626,-219.19372303964587,-213.98071418479577,0.011539691416545367,0.01657572193108929,-3.5850951836854015e-17,1.1359866140306192,1.0320688815708747,0.00891146214189529,1.444142894659112,3.0,0.21474141174685854,0.11963329026630742,9.253536384088209,9.253536384088209,5.9148594503212015,3.0,3.0,HAC,high,estimated,okx_listing14_equal,okx,five_year,listing_aware_survivor_14,equal,weekly,baseline,0.769444242466617,False,False
no_intercept_csad,market_return_sq,-2.0956047888304763,-1.0219491519297366,0.5387996243551342,0.2627527013226027,-3.8893954154823596,0.0001004942646383333,-3.151632647450249,-1.0395769302107032,,,42,0.8559961012839509,-202.31403424534435,-197.10102539049424,0.017247890956886152,0.02026484814653323,0.00599104577180322,0.04680792616483447,-0.6360009905874797,0.6448729838039196,1.8747895931862115,3.0,0.20597253867812806,0.09658787028376964,7.819271276844571,7.895030646144484,6.063840754933248,3.0,3.0,HAC,high,estimated,okx_listing14_equal,okx,five_year,listing_aware_survivor_14,equal,weekly,baseline,0.00022611209543624993,True,False
scsad,market_return_cu,-5.575206658735338,-0.256241231547539,1.3306955463456889,0.06115989710913983,-4.189693633563126,2.7933133301777465e-05,-8.183322003960738,-2.9670913135099375,0.0013723694233200511,0.7111575663849299,42,0.835392232877615,-197.06077993622168,-190.1101014630882,0.01863698987017151,0.021065086139194937,-1.3095510126028726e-15,0.3492946419099806,-0.30155064991554514,0.5820145353270978,2.441033749708966,3.0,0.4106031476224552,0.3503122276694429,3.194369222711458,3.194369222711458,3.277630179122966,4.0,4.0,HAC,high,estimated,okx_listing14_equal,okx,five_year,listing_aware_survivor_14,equal,weekly,baseline,8.379939990533239e-05,True,False
standard_csad,market_return_sq,-0.09371550949998733,-0.02037030320559605,0.8249083179567157,0.17930471320330177,-0.11360718210736329,0.9095491937185777,-1.7105061032426656,1.523075084242691,0.011434823862203606,3.483989659686064e-75,823,0.2812547246526709,-5664.753864815948,-5650.614996213917,0.04903280179472313,0.007718687127860046,-1.8906167302699355e-16,1.8275333499885345,6.5714594540325955,0.0,1.3329526250009565,6.0,3.61128707312446e-63,4.791006467739313e-22,5.717827922392256,5.717827922392256,4.563254160704859,3.0,3.0,HAC,low,estimated,okx_listing14_lagged,okx,five_year,listing_aware_survivor_14,lagged_liquidity,daily,baseline,0.9095491937185778,False,False
no_intercept_csad,market_return_sq,-4.850608373709971,-1.0543437669096662,0.8876893149477664,0.19295099172305402,-5.464308617926072,4.6471443780123305e-08,-6.590447460468626,-3.1107692869513155,,,823,0.7112413352548983,-5232.25741782332,-5218.118549221289,0.08293039029652115,0.010038225258402094,0.0036003318341277196,0.8885798872934769,4.12773340069237,4.727410353912332e-149,1.4696671362950902,6.0,4.3646987374076057e-10,2.61068071181375e-25,4.778731179884539,4.778731179884539,4.8813430906614705,3.0,3.0,HAC,low,estimated,okx_listing14_lagged,okx,five_year,listing_aware_survivor_14,lagged_liquidity,daily,baseline,4.1824299402110973e-07,True,False
scsad,market_return_cu,-24.2952829851722,-0.2959683339046231,6.186007865517486,0.07535876172323282,-3.927457499787675,8.584858501040901e-05,-36.419635609667964,-12.170930360676433,0.00015857241877639512,0.7015505289571469,823,0.6819934396020932,-5152.087962298229,-5133.236137495521,0.09119341560981445,0.010526447373217191,-1.0154561139569703e-16,0.03958374198625937,2.5658195268866315,6.310122754433482e-49,2.038413688015126,6.0,0.8102542033953929,3.449429071956519e-20,2.9407825395253337,2.9407825395253337,3.140943104913306,4.0,4.0,HAC,low,estimated,okx_listing14_lagged,okx,five_year,listing_aware_survivor_14,lagged_liquidity,daily,baseline,0.000257545755031227,True,False
standard_csad,market_return_sq,0.4410313501748645,0.12227885747521296,0.35587087490087055,0.09866755271326956,1.2393016155022964,0.21523382067043195,-0.2564627477776008,1.13852544812733,0.015069180611916562,1.68959047640927e-79,591,0.1956383484288038,-3769.733194751665,-3756.5877466994466,0.05814702868940701,0.009919048714127968,-9.159105134412908e-16,2.258324702499408,8.253256622193495,0.0,1.0476582329733521,5.0,1.3767497437096313e-91,0.0795635295878708,5.248311995970146,5.248311995970146,4.352062836223537,3.0,3.0,HAC,mid,estimated,okx_listing14_lagged,okx,five_year,listing_aware_survivor_14,lagged_liquidity,daily,baseline,0.2767291980048411,False,False
no_intercept_csad,market_return_sq,-3.3990423075153515,-0.9424069506807058,0.6832005523317181,0.1894218697433499,-4.975174999368262,6.518872061280689e-07,-4.738090784303392,-2.059993830727312,,,591,0.6541749188848229,-3444.3578524672703,-3431.212404415052,0.10083900900519528,0.013062326772801643,0.004796736314638276,1.04708644352376,3.2171607674168055,3.972766376660543e-78,1.301323826062985,5.0,1.1547540153722678e-30,1.9611301364426715e-06,4.088852642882962,4.088852642882962,4.490278296790979,3.0,3.0,HAC,mid,estimated,okx_listing14_lagged,okx,five_year,listing_aware_survivor_14,lagged_liquidity,daily,baseline,2.93349242757631e-06,True,False
scsad,market_return_cu,-13.431047109049457,-0.2767777801580309,3.593303130222654,0.07404831922209795,-3.73779962956179,0.00018563779475867616,-20.473791829820897,-6.388302388278015,0.0004269003240645387,0.49598740865845736,591,0.6248523250977847,-3394.296129456703,-3376.7688653870787,0.10938217989126024,0.013604404823852804,1.6120776456549545e-15,0.27474472620612184,3.1739685914600893,5.9033371296309396e-55,2.0436442323367263,5.0,0.01901990438080194,0.03401984918651058,2.5479595990265556,2.5479595990265556,2.860392516634677,4.0,4.0,HAC,mid,estimated,okx_listing14_lagged,okx,five_year,listing_aware_survivor_14,lagged_liquidity,daily,baseline,0.00041768503820702136,True,False
standard_csad,market_return_sq,1.022242701820616,0.30080698490723773,0.9215272243569481,0.27117026648862574,1.1092919175925033,0.26730427066869067,-0.7839174686921644,2.8284028723333963,0.013212467335349812,3.5800557549823133e-37,212,0.38336090057411487,-1434.497885731737,-1424.428126907721,0.013896863114517473,0.00809637209534088,-1.0365791034751977e-15,1.7466633447387352,6.110708392299017,1.8148231372098042e-91,1.6586629330489673,4.0,0.08994190170458254,1.1225037164592427e-09,5.3279667765975365,5.327966776597539,4.388615485610025,3.0,3.0,HAC,high,estimated,okx_listing14_lagged,okx,five_year,listing_aware_survivor_14,lagged_liquidity,daily,baseline,0.300717304502277,False,False
no_intercept_csad,market_return_sq,-2.316768433226082,-0.6817364661893135,0.7978874350669649,0.2347877986415601,-2.903628170346661,0.0036886595316258314,-3.880599069674374,-0.7529377967777897,,,212,0.75663520172449,-1326.0564021334178,-1315.9866433094019,0.023177444165982802,0.010455982346038731,0.003356156098460632,0.6154305699499178,1.5293062961190715,1.0389159467737986e-07,1.6946035890450382,4.0,0.2380719783262004,1.0409916950585648e-06,3.7699642792923127,3.7699642792923127,4.420496174181552,3.0,3.0,HAC,high,estimated,okx_listing14_lagged,okx,five_year,listing_aware_survivor_14,lagged_liquidity,daily,baseline,0.005532989297438747,True,False
scsad,market_return_cu,-11.980791118950615,-0.24674443408347865,3.5622347036541497,0.07336423590887702,-3.363279546589305,0.0007702232599142822,-18.96264284259146,-4.998939395309769,0.0009425490692746183,0.21043322493747496,212,0.752791563765725,-1321.2472437079118,-1307.8208986092238,0.02348660641325725,0.010525487129240965,3.378259412254154e-15,0.026127098884390604,0.8406082988629868,0.0615741266016883,1.9235302828168235,4.0,0.08709181349338117,7.764784435121241e-05,2.0587054587858984,2.0587054587858984,2.4744194119138676,4.0,4.0,HAC,high,estimated,okx_listing14_lagged,okx,five_year,listing_aware_survivor_14,lagged_liquidity,daily,baseline,0.0013864018678457078,True,False
standard_csad,market_return_sq,0.6998682421573069,0.351560356737717,0.4278897565077486,0.21493913622739802,1.6356274753322662,0.10191757646094461,-0.1387802699514935,1.5385167542661073,0.033288408945595024,8.311473526218118e-29,97,0.3887073258700152,-471.5489235630148,-463.8247906275046,0.04132238703545809,0.020639864099752908,2.464380360717567e-17,1.5810874682014247,3.421243579958394,3.846449933057132e-18,1.601561451959405,3.0,0.009755553323951584,0.02368098793232612,8.0010418438288,8.0010418438288,5.474559486175365,3.0,3.0,HAC,low,estimated,okx_listing14_lagged,okx,five_year,listing_aware_survivor_14,lagged_liquidity,weekly,baseline,0.1310368840212145,False,False
no_intercept_csad,market_return_sq,-1.7240810502852684,-0.8660466536025386,0.46964817855137486,0.23591537842008448,-3.6710055080021373,0.00024159813307349852,-2.6445745656508,-0.8035875349197369,,,97,0.7338321445343131,-415.8480781366119,-408.1239452011017,0.07337915708942036,0.027504293402322386,0.009905991648704428,0.021097093618138833,-0.43481097078843645,0.6329196941955395,1.652660884055823,3.0,0.4597821194397945,0.39104781571873887,6.905607910854812,6.905607910854812,5.64090977187263,3.0,3.0,HAC,low,estimated,okx_listing14_lagged,okx,five_year,listing_aware_survivor_14,lagged_liquidity,weekly,baseline,0.0007247943992204956,True,False
scsad,market_return_cu,-3.9271428494903513,-0.2465967897285916,1.3222574744619446,0.08302841554115253,-2.970028852427846,0.002977717805124123,-6.518719877724653,-1.3355658212560497,-0.0005240414604325787,0.8644572540359606,97,0.7186679833839469,-408.5070729883977,-398.2082290743841,0.07753285954903946,0.028272032654240983,-1.809477539168385e-16,0.08956681976676191,-0.35065527335703583,0.686152598638976,2.1620103984677996,3.0,0.8289869992815128,0.4286838768393981,3.0806077059749075,3.0806077059749075,3.2235565344937713,4.0,4.0,HAC,low,estimated,okx_listing14_lagged,okx,five_year,listing_aware_survivor_14,lagged_liquidity,weekly,baseline,0.004466576707686185,True,False
standard_csad,market_return_sq,-0.049443268615251,-0.0156848519643927,0.962911554261896,0.305463728559857,-0.05134767403757132,0.959048479793802,-1.9367152352660533,1.8378286980355512,0.03851190431454449,8.954590617570544e-15,66,0.06943788736290046,-336.06166681531954,-329.49270258924025,0.021688462282434793,0.01812768779754814,-1.2999912594214072e-16,1.5262551712164312,4.18974995138669,1.29514223358993e-14,1.8053574513977602,3.0,0.6939637946215825,0.8918315421958276,7.2735496186533535,7.2735496186533535,5.201657407951867,3.0,3.0,HAC,mid,estimated,okx_listing14_lagged,okx,five_year,listing_aware_survivor_14,lagged_liquidity,weekly,baseline,0.9590484797938019,False,False
no_intercept_csad,market_return_sq,-5.054310351640144,-1.6033751786207797,0.8855287226124925,0.28091562943535786,-5.707675225631174,1.1452968983307897e-08,-6.7899147552363885,-3.318705948043899,,,66,0.7247278383577296,-289.7964995452437,-283.2275353191644,0.04371834508355866,0.025737116542703595,0.008674423682069103,0.9697625205728375,2.73537288156166,1.9562483536553057e-06,1.4384627570786062,3.0,0.25604676750539396,0.0862377023139276,7.525601423050109,7.525601423050109,5.325265717221514,3.0,3.0,HAC,mid,estimated,okx_listing14_lagged,okx,five_year,listing_aware_survivor_14,lagged_liquidity,weekly,baseline,1.0307672084977108e-07,True,False
scsad,market_return_cu,-15.088945388831705,-0.335949727130669,4.379102351081157,0.0974990764438636,-3.445670865652728,0.000569643712178686,-23.671828281565446,-6.506062496097963,-0.004174299352634293,0.4608255952698411,66,0.6965715763282065,-283.00747299786644,-274.24885402976076,0.047008517949992355,0.02668801738551557,4.615415793659505e-17,1.0935895993123805,3.7547938140355956,2.649097081298211e-10,1.8222412565779473,3.0,0.835923164789491,0.3300187569669745,3.767136495977185,3.767136495977185,3.621967180442483,4.0,4.0,HAC,mid,estimated,okx_listing14_lagged,okx,five_year,listing_aware_survivor_14,lagged_liquidity,weekly,baseline,0.0012816983524020435,True,False
standard_csad,market_return_sq,-0.5224202803160809,-0.18176462717804542,0.828429999431341,0.2882339672928486,-0.6306148747325492,0.5282923705612014,-2.146113242914047,1.1012726822818848,0.03217486905687685,2.7059907903333545e-18,40,0.3695551149958327,-204.69539523482848,-199.62875687248666,0.012077845039412333,0.017376597077256185,-7.945033519973776e-16,0.9339767364393253,0.8913692073830859,0.0483107381058074,1.2089236397082344,3.0,0.02908732769279206,0.02071140708497201,9.670682701511698,9.670682701511698,6.0543744295383,3.0,3.0,HAC,high,estimated,okx_listing14_lagged,okx,five_year,listing_aware_survivor_14,lagged_liquidity,weekly,baseline,0.5943289168813516,False,False
no_intercept_csad,market_return_sq,-4.75402552111545,-1.6540584448935378,1.0370043153664008,0.36080280545493987,-4.584383546596649,4.553277671203617e-06,-6.7865166310462115,-2.721534411184688,,,40,0.8333367037854051,-183.3539550022823,-178.28731663994049,0.020592126451245564,0.022689274146193813,0.006508204917090085,-0.1493013256251604,-0.8487679614826447,0.4805534278507946,1.7072628540739887,3.0,0.9446356846302317,0.06485219585760982,11.700665222474742,11.981563461805852,7.489965684575848,3.0,3.0,HAC,high,estimated,okx_listing14_lagged,okx,five_year,listing_aware_survivor_14,lagged_liquidity,weekly,baseline,2.0489749520416276e-05,True,False
scsad,market_return_cu,-19.027598949128723,-0.5116886172454869,6.005124627985405,0.16148931483661383,-3.168560209467641,0.00153196014141179,-30.79742694265461,-7.2577709556028385,0.0007972395745576414,0.8674365411494718,40,0.8002948030947662,-177.82695624190893,-171.07143842545318,0.022490292251977243,0.023711965466815085,-2.4771851236948807e-16,0.05009276779255908,-0.940433812394363,0.4506284331850695,1.7756559644259209,3.0,0.3769499052827964,0.2756222008546329,6.255178126164741,6.255178126164741,4.8577123068418615,4.0,4.0,HAC,high,estimated,okx_listing14_lagged,okx,five_year,listing_aware_survivor_14,lagged_liquidity,weekly,baseline,0.0027575282545412223,True,False
standard_csad,market_return_sq,0.2716312760817321,0.10355794880498216,0.21816623265819118,0.08317469136284125,1.2450656216230607,0.2131076297724298,-0.15596668257110874,0.699229234734573,0.01995337741219871,3.2498427259141732e-121,714,0.250621848129027,-4694.734977459487,-4681.022328572468,0.05780635637373099,0.008997848822724131,-1.6540612639285858e-15,1.4910633197737133,3.3689179574044346,7.152002879900025e-130,0.7865044616328473,6.0,7.442121819426128e-216,0.7532547998687565,3.8317541310019987,3.8317541310019987,3.640268351997151,3.0,3.0,HAC,low,estimated,binance_pit50_equal,binance_archive,five_year,point_in_time_top50,equal,daily,baseline,0.3196614446586447,False,False
no_intercept_csad,market_return_sq,-2.567373018256723,-0.9787970200748279,0.9472886993689582,0.36114867200812056,-2.710232920509865,0.006723597359470792,-4.424024751981672,-0.7107212845317745,,,714,0.6975631522051526,-3996.848016250103,-3983.1353673630842,0.1536275951153601,0.014668493414155407,0.00693908951159401,0.532426289285846,2.0698848719289327,4.320648525755814e-35,1.2491020610855217,6.0,4.042753036722536e-17,6.406031802551606e-47,3.562428725116166,3.562428725116166,4.053286245207927,3.0,3.0,HAC,low,estimated,binance_pit50_equal,binance_archive,five_year,point_in_time_top50,equal,daily,baseline,0.015128094058809282,True,False
scsad,market_return_cu,-2.781706184773499,-0.08550475784661482,3.312508576788582,0.10182069022009414,-0.8397581833494643,0.40104398389345797,-9.274103693759152,3.710691324212154,0.0008077107828439441,0.26551765678326145,714,0.6626666466065196,-3917.1555432020605,-3898.872011352702,0.17128767410806012,0.015488663700674025,1.2594967086083709e-17,-0.19755155663519092,0.6672394607361154,0.0001702578341763243,1.9363941030839378,6.0,0.6009085609830502,7.880692945009976e-07,4.226813715693275,4.226813715693275,4.100654229587627,4.0,4.0,HAC,low,estimated,binance_pit50_equal,binance_archive,five_year,point_in_time_top50,equal,daily,baseline,0.41415266891846836,False,False
standard_csad,market_return_sq,0.24854812426214523,0.11360349477792703,0.13948790803214037,0.06375551567228896,1.7818614370851096,0.0747718304835407,-0.02484315175968521,0.5219394002839757,0.020814518877922975,1.2866581003107906e-131,585,0.22455357287471145,-4026.6842789333277,-4013.5694433916324,0.03474420028883103,0.007706607253877879,-1.0010985392987523e-17,1.3705135738760343,3.4499490840358993,7.565514805215911e-102,1.0310272827635767,5.0,3.655494899515508e-74,0.8410420546205482,5.26757385510925,5.26757385510925,4.360930274825485,3.0,3.0,HAC,mid,estimated,binance_pit50_equal,binance_archive,five_year,point_in_time_top50,equal,daily,baseline,0.13458929487037327,False,False
no_intercept_csad,market_return_sq,-3.5218446646326584,-1.6097239243104684,0.6207752577282711,0.28373675705240775,-5.673300636241302,1.4007209280866265e-08,-4.73854181227364,-2.305147516991677,,,585,0.7660283100380143,-3427.7199462969234,-3414.605110755228,0.09672610396851425,0.012858606746749265,0.005111073669758008,0.5250779208908288,0.8423080940799741,3.900801623067148e-10,1.3608964137293371,5.0,3.8543833393619627e-14,1.801919957472038e-35,4.04070099582047,4.04070099582047,4.532341515836306,3.0,3.0,HAC,mid,estimated,binance_pit50_equal,binance_archive,five_year,point_in_time_top50,equal,daily,baseline,6.303244176389819e-08,True,False
scsad,market_return_cu,-13.043020149631307,-0.34311947121049696,2.266687707965402,0.05962918701604605,-5.754220179425966,8.70426499989561e-09,-17.48564642144314,-8.600393877819474,0.0015393493212853512,0.05889987497273923,585,0.7284190946934331,-3339.042357918927,-3321.5559105299994,0.11217387599822835,0.013847390201102405,1.0010985392987523e-17,-0.1633644119204965,0.44966899717433284,0.02713661312104621,1.8084983320714063,5.0,0.16475334409993783,4.2751467048013744e-06,2.6048745514130998,2.6048745514130998,2.90118928161791,4.0,4.0,HAC,mid,estimated,binance_pit50_equal,binance_archive,five_year,point_in_time_top50,equal,daily,baseline,6.303244176389819e-08,True,False
standard_csad,market_return_sq,1.2297102007556662,0.5131544542414336,0.2795964876418749,0.11667479291911285,4.398160402968859,1.0917228355975624e-05,0.681711154773693,1.7777092467376394,0.02031041658095414,1.569993456263103e-15,327,0.4488302701085336,-1802.3029646447176,-1790.933084132026,0.0759336473922017,0.015238536313142993,-7.893787560408224e-18,8.6095310477415,119.07996397461133,0.0,1.7642562722137283,5.0,0.12607305184619516,7.192021650327684e-10,3.433409222293941,3.4334092222939425,3.412884944758218,3.0,3.0,HAC,high,estimated,binance_pit50_equal,binance_archive,five_year,point_in_time_top50,equal,daily,baseline,3.275168506792687e-05,False,True
no_intercept_csad,market_return_sq,-0.2225956514827494,-0.09288851144192667,0.2725857947705748,0.11374925137931302,-0.8166076727149328,0.41415266891846836,-0.7568539919303027,0.31166268896480387,,,327,0.6804650735056345,-1650.4946600600906,-1639.124779547399,0.12079627852180912,0.01921997865704845,0.006756146800655638,3.289355583069461,39.97816022039515,0.0,1.5587649167117987,5.0,0.19231889280015496,7.386901554334007e-09,2.8206449998868033,2.8206449998868033,3.7571986254973453,3.0,3.0,HAC,high,estimated,binance_pit50_equal,binance_archive,five_year,point_in_time_top50,equal,daily,baseline,0.41415266891846836,False,False
scsad,market_return_cu,-2.2087257808465446,-0.18411663274107812,2.0587558951566884,0.1716153296797276,-1.0728449089290608,0.28334070745102213,-6.243813188313174,1.8263616266200846,0.0022852212307869087,0.16128017028235542,327,0.684842189555434,-1654.6821948322763,-1639.5223541486873,0.11853204588226136,0.01903899474081708,3.6311422777877824e-16,-2.404706595908894,25.620442795712272,0.0,2.2841946374922313,5.0,0.04316208882996231,2.9086319457112293e-13,5.409088494678302,5.409088494678302,4.690655882703428,4.0,4.0,HAC,high,estimated,binance_pit50_equal,binance_archive,five_year,point_in_time_top50,equal,daily,baseline,0.3642951952941713,False,False
standard_csad,market_return_sq,0.08405987519062369,0.06332885955411227,0.22306753609713625,0.16805417129804567,0.3768359872591198,0.7062954949345425,-0.3531444616798518,0.5212642120610992,0.056519247758719124,1.2899728839417597e-59,108,0.20340248150030593,-504.43551782174245,-496.3891241403698,0.056022569988733346,0.022775590001044517,-1.9981444482547668e-17,1.25464546578391,2.20015287685872,8.567881238905068e-11,1.1247531864921985,4.0,1.642546688880038e-06,0.2285562708557414,7.936320349507881,7.936320349507881,5.450837049262121,3.0,3.0,HAC,low,estimated,binance_pit50_equal,binance_archive,five_year,point_in_time_top50,equal,weekly,baseline,0.7945824318013602,False,False
no_intercept_csad,market_return_sq,-2.4198010949312767,-1.823024877711015,0.31504668640371164,0.2373492383970916,-7.680769864789057,1.5813534168837257e-14,-3.037281253731236,-1.8023209361313173,,,108,0.7782009846437034,-412.7561888136761,-404.70979513230344,0.13092666025556704,0.03481786741394783,0.013389646566082233,0.371540791047529,-0.5627669446339421,0.13577241661680828,1.4021676631177231,4.0,0.46738118076255064,1.813026685955094e-05,6.39769076448203,6.39769076448203,5.650045585790541,3.0,3.0,HAC,low,estimated,binance_pit50_equal,binance_archive,five_year,point_in_time_top50,equal,weekly,baseline,9.862035632628944e-14,True,False
scsad,market_return_cu,-5.131288972218159,-0.40893497829319125,0.726592408287438,0.057905343534487744,-7.06212852445361,1.639712140722058e-12,-6.5553839239017595,-3.7071940205345584,0.002727171433357178,0.583612826830086,108,0.7500766134591624,-398.03876005589393,-387.31023514739707,0.1472882116937217,0.03692938853954707,-5.943034130661284e-18,-0.2215483608969257,-0.1274448204779146,0.6066852083031089,1.6841630508034149,4.0,0.03205755777435594,0.33769266044638185,3.2554260282929466,3.2554260282929466,3.3620829484031645,4.0,4.0,HAC,low,estimated,binance_pit50_equal,binance_archive,five_year,point_in_time_top50,equal,weekly,baseline,4.9191364221661745e-12,True,False
standard_csad,market_return_sq,0.009274478911604156,0.006475982645926247,0.37369828500983876,0.2609379601379169,0.02481809332188928,0.9802000591192885,-0.7231607007920642,0.7417096586152725,0.05833290471294066,5.326566442414491e-20,48,0.03196855559828449,-248.60745146718938,-242.9938484344657,0.013967836838188693,0.01705862247649551,-6.187180397650612e-17,0.8445543641914035,0.38767907061990403,0.06540775733510605,1.0083238565984214,3.0,0.0015948614689851284,0.2688785156967821,6.67025777152157,6.67025777152157,4.963914524587514,3.0,3.0,HAC,mid,estimated,binance_pit50_equal,binance_archive,five_year,point_in_time_top50,equal,weekly,baseline,0.9802000591192885,False,False
no_intercept_csad,market_return_sq,-3.660604003669074,-2.556047431592981,0.8811575995723199,0.6152756804499947,-4.154312469694174,3.262670704920035e-05,-5.387641163534587,-1.9335668438035607,,,48,0.7390557011658061,-185.36638849086086,-179.75278545813717,0.052158098575032466,0.03296402666008068,0.013793140394053436,0.6478631329245877,-0.09773275732155717,0.1981080661058113,1.285571278962661,3.0,0.31864773457473566,0.0005197432031131347,6.905842370058116,6.905842370058116,5.625364799500784,3.0,3.0,HAC,mid,estimated,binance_pit50_equal,binance_archive,five_year,point_in_time_top50,equal,weekly,baseline,5.872807268856063e-05,True,False
scsad,market_return_cu,-11.744103035761908,-0.5634026108071271,3.6931247754615244,0.17717114148228516,-3.179990861341603,0.0014727969691868345,-18.98249458607907,-4.505711485444746,0.010489206427463866,0.2451376211999109,48,0.7110660757806835,-178.49923261731152,-171.01442857367996,0.05772431819747286,0.0346783788901291,1.5358085173981333e-15,-0.23563419323138207,0.5048416932347495,0.7275429749809461,1.9252019905367994,3.0,0.6275039448780424,0.14646916493276022,5.99788644251697,5.99788644251697,4.775497278393546,4.0,4.0,HAC,mid,estimated,binance_pit50_equal,binance_archive,five_year,point_in_time_top50,equal,weekly,baseline,0.002209195453780252,True,False
standard_csad,market_return_sq,-0.5773243146745196,-0.5159949302546548,0.28256861773376574,0.2525512445840587,-2.0431296274325508,0.041039607734369155,-1.1311486285939665,-0.023500000755072747,0.05756200129411525,4.564772714798878e-33,48,0.14282938073425677,-230.92383869339926,-225.31023566067557,0.02018956561770016,0.02050892367650612,-1.7925475918427008e-17,2.0479733352141327,5.8851203614229295,3.7168507886399603e-19,1.6616047723433969,3.0,0.6783083849921557,0.6097178117760922,10.930672807055668,10.930672807055668,6.457453807098432,3.0,3.0,HAC,high,estimated,binance_pit50_equal,binance_archive,five_year,point_in_time_top50,equal,weekly,baseline,0.052765209944188915,False,False
no_intercept_csad,market_return_sq,-3.9890072619043817,-3.5652534833078757,0.5221994058781326,0.46672596176209796,-7.638858292449512,2.1915634739175432e-14,-5.012499290173736,-2.9655152336350277,,,48,0.8184819117628133,-187.34019991338562,-181.72659688066193,0.0500568015659478,0.03229318864132052,0.010656841318192035,0.7630903901945204,1.1435197083589355,0.04956883215350017,1.7913938633058515,3.0,0.642124004164234,0.20239046977273814,11.531550765523587,11.531550765523587,8.406204708606138,3.0,3.0,HAC,high,estimated,binance_pit50_equal,binance_archive,five_year,point_in_time_top50,equal,weekly,baseline,9.862035632628944e-14,True,False
scsad,market_return_cu,-13.01642775324882,-0.9675316622570737,3.0697066698519104,0.2281761519539907,-4.240283894577055,2.2323726640878818e-05,-19.03294226926095,-6.999913237236689,0.005178515041544705,0.6072261406700139,48,0.7891764242672827,-178.16125794851348,-170.67645390488192,0.05813219742374159,0.03480068169343741,5.100087019371813e-16,0.5089404114190031,1.1166939342060465,0.17404942821573588,1.6290998775853653,3.0,0.34533534291221263,0.3011386268728257,12.895645276394948,12.895645276394948,7.244180989898931,4.0,4.0,HAC,high,estimated,binance_pit50_equal,binance_archive,five_year,point_in_time_top50,equal,weekly,baseline,5.022838494197734e-05,True,False
standard_csad,market_return_sq,0.042623751400604225,0.008073348355280072,0.8455141342984561,0.1601485069051836,0.050411636744511906,0.9597943633968711,-1.6145535002439322,1.6998010030451407,0.019550197638512266,6.427910592638137e-127,813,0.25690359886720604,-4997.936181313793,-4983.833987985149,0.10105917840679794,0.01114917182936411,-4.395827695287059e-16,3.039303945739267,21.274267380826526,0.0,1.167333203540347,6.0,1.0646779829398515e-65,2.438030454139539e-06,4.825862512040123,4.825862512040123,4.152765799449716,3.0,3.0,HAC,low,estimated,binance_pit50_lagged,binance_archive,five_year,point_in_time_top50,lagged_liquidity,daily,baseline,0.959794363396871,False,False
no_intercept_csad,market_return_sq,-5.989306456020401,-1.134432231727383,1.0846679549742413,0.2054465400760608,-5.521787961517343,3.355672988378506e-08,-8.115216582954627,-3.863396329086175,,,813,0.7093002653825348,-4441.0398108687195,-4426.937617540076,0.20047622388803782,0.015703127754192768,0.006252676295253067,1.1090253312570768,7.211427136344632,0.0,1.3813002459055288,6.0,9.17202202337641e-09,3.4696671400583195e-14,3.948656148235825,3.948656148235825,4.3807749204986575,3.0,3.0,HAC,low,estimated,binance_pit50_lagged,binance_archive,five_year,point_in_time_top50,lagged_liquidity,daily,baseline,1.5100528447703278e-07,True,False
scsad,market_return_cu,-28.203970719950014,-0.33075375837511206,5.070620065410056,0.059464203128686444,-5.562233091046862,2.6634420992003963e-08,-38.14220342743985,-18.265738012460172,0.0012480529027004777,0.045846376979820073,813,0.6793276645455484,-4359.261978030634,-4340.459053592443,0.22114605626037628,0.01649279749842203,9.087305187414643e-16,0.4163072323822564,4.404371761657439,2.803905055532567e-146,1.9595245603399725,6.0,0.6131393726839733,1.3063898009999563e-09,2.699951525140075,2.699951525140075,2.9765605327667783,4.0,4.0,HAC,low,estimated,binance_pit50_lagged,binance_archive,five_year,point_in_time_top50,lagged_liquidity,daily,baseline,1.5100528447703278e-07,True,False
standard_csad,market_return_sq,0.20369925859256843,0.061313708845912696,0.22946060653547617,0.06906790391840927,0.887730846998677,0.3746855488003934,-0.246035266087681,0.6534337832728179,0.023394787354891443,5.067315890571697e-155,584,0.15800682069065186,-3721.3631315662615,-3708.253428617777,0.057818458719577456,0.00995008593612451,-9.977749220453997e-16,1.4345545041407455,3.1811505957251747,3.2085591367798024e-96,1.0763872472004705,5.0,1.0153098455648017e-61,0.03456102776344409,4.544058848696155,4.544058848696155,4.01424690861416,3.0,3.0,HAC,mid,estimated,binance_pit50_lagged,binance_archive,five_year,point_in_time_top50,lagged_liquidity,daily,baseline,0.4215212424004426,False,False
no_intercept_csad,market_return_sq,-4.807008019650348,-1.4469148890047145,1.2329813100274665,0.3711287786603371,-3.898686849959846,9.671575500988023e-05,-7.223606980915196,-2.3904090583854987,,,584,0.7033729422964199,-3151.7570942605744,-3138.64739131209,0.15334049148312634,0.016203991321010414,0.006992255050247348,0.37431262105234026,1.2291667977303558,2.1777049128432085e-11,1.388325195493543,5.0,4.009803042419637e-12,2.1466394814422525e-39,3.637461798682568,3.637461798682568,4.084478528700572,3.0,3.0,HAC,mid,estimated,binance_pit50_lagged,binance_archive,five_year,point_in_time_top50,lagged_liquidity,daily,baseline,0.0001740883590177844,True,False
scsad,market_return_cu,-16.15953891379904,-0.30720272588893344,3.857751135368576,0.07333821038509691,-4.188849499814904,2.803722552203497e-05,-23.720592200439953,-8.598485627158128,-8.665655856813018e-05,0.9138859609067375,584,0.66043782222949,-3071.3661774999846,-3053.886573568672,0.17536892629697487,0.01732885620454604,1.2893985726918021e-15,-0.1519477643272777,0.3656229554778352,0.07226321381930578,2.0473650896019175,5.0,0.3241626683716158,1.5309774525484216e-06,2.1554057472904904,2.1554057472904904,2.5510157515987175,4.0,4.0,HAC,mid,estimated,binance_pit50_lagged,binance_archive,five_year,point_in_time_top50,lagged_liquidity,daily,baseline,8.328377154078164e-05,True,False
standard_csad,market_return_sq,0.2786425471042806,0.5482376090002923,0.06754376071927508,0.13289438481110685,4.125363233213692,3.701500957368073e-05,0.14625920871411024,0.41102588549445096,0.01480389076597962,1.1326628631011351e-06,229,0.978870105197011,-1136.5275587040528,-1126.2263926933902,0.09132247310212287,0.019969679320134517,-3.096746537027593e-17,8.685011980147607,110.52214503647161,0.0,1.9788501035045507,4.0,0.14791915046561133,5.0985003652906506e-09,13.880950060427544,13.880950060427544,7.314718753186384,3.0,3.0,HAC,high,estimated,binance_pit50_lagged,binance_archive,five_year,point_in_time_top50,lagged_liquidity,daily,baseline,8.328377154078164e-05,False,True
no_intercept_csad,market_return_sq,0.19740624223908954,0.38840273092388894,0.05429852508618026,0.10683398452551879,3.635572824966699,0.0002773636223632256,0.0909830886565316,0.3038293958216475,,,229,0.9737999526518596,-1070.3524724800668,-1060.0513064694042,0.12192072990322807,0.023073901578953476,0.008711696931073869,3.680297768527797,50.54531453119438,0.0,1.7941280992071766,4.0,0.0018581933908644703,2.509057594379064e-14,11.303910856407425,15.730422115791606,10.719011913187535,3.0,3.0,HAC,high,estimated,binance_pit50_lagged,binance_archive,five_year,point_in_time_top50,lagged_liquidity,daily,baseline,0.0004160454335448384,False,True
scsad,market_return_cu,0.24497207069952273,0.9402467528867824,0.08245585342638391,0.3164803572067654,2.970948216771928,0.0029688183472959995,0.08336156766929664,0.4065825737297488,-0.0006477274233349662,0.5681676930275257,229,0.9756362350961179,-1087.8079596162027,-1074.0730716019857,0.11199034022111126,0.022114266594028213,5.090542252648098e-18,-4.140199892060762,42.393777874323966,0.0,2.061240295112855,4.0,0.46869892002351776,1.4343738740617661e-06,375.0088836897698,495.4551733511171,50.522973261251074,4.0,4.0,HAC,high,estimated,binance_pit50_lagged,binance_archive,five_year,point_in_time_top50,lagged_liquidity,daily,baseline,0.003817052160809142,False,True
standard_csad,market_return_sq,-0.18228149300943786,-0.0916031140914747,0.36333928020488,0.18259127127512964,-0.5016839712641387,0.6158898412714635,-0.8944133963797096,0.5298504103608339,0.055745118166360505,1.3950830617023414e-53,112,0.2839738205549328,-526.2048598141014,-518.0493632002161,0.05663051523675806,0.022486209114214808,-1.1895246692412391e-17,0.9128807387426544,0.9265424942062337,0.00010228630246856261,1.4079168817178485,4.0,0.01551568061535189,0.04960527287295989,7.642073476175943,7.642073476175943,5.3416520917948445,3.0,3.0,HAC,low,estimated,binance_pit50_lagged,binance_archive,five_year,point_in_time_top50,lagged_liquidity,weekly,baseline,0.6158898412714635,False,False
no_intercept_csad,market_return_sq,-3.9611004043938496,-1.9905977632775336,0.4262907801156464,0.21422670136378283,-9.29201519047459,1.513943181162547e-20,-4.7966149803619995,-3.125585828425699,,,112,0.7834912145173727,-420.53241191728034,-412.37691530339504,0.14548194323950114,0.03604089235550724,0.014354468615539243,-0.02845351408785307,-0.5531031465008693,0.4505850757009281,1.5314864491577382,4.0,0.7189772761368276,0.0011328542648994721,5.963489638587818,5.963489638587818,5.3468686199899444,3.0,3.0,HAC,low,estimated,binance_pit50_lagged,binance_archive,five_year,point_in_time_top50,lagged_liquidity,weekly,baseline,1.3625488630462921e-19,True,False
scsad,market_return_cu,-9.867533669995801,-0.4418093888498916,1.142920912367334,0.05117319146649411,-8.633610220288263,5.9445321022185485e-18,-12.107617495413436,-7.627449844578167,-0.007291383800030153,0.09951666982248361,112,0.7609207047396394,-408.4457076972533,-397.5717122120729,0.15919212984972236,0.03770090585423199,5.376403687330976e-16,-0.0040052844880581915,-0.6676234269876984,0.32785242703147904,1.9963351047212161,4.0,0.9785362685635617,0.32669471418517126,2.6266876446410974,2.6266876446410974,2.896735999548841,4.0,4.0,HAC,low,estimated,binance_pit50_lagged,binance_archive,five_year,point_in_time_top50,lagged_liquidity,weekly,baseline,2.6750394459983468e-17,True,False
standard_csad,market_return_sq,2.1642290108662996,0.6686177154140287,1.5033514958581455,0.46444597017142214,1.439602792047585,0.1499798092570642,-0.782285777120082,5.110743798852681,0.0615677260692669,1.8301727416797714e-43,53,0.2678070265568093,-271.1286208057304,-265.21774506507404,0.016631994570888473,0.017714717562486014,-2.5228770854394773e-16,0.649803977404085,0.22263177682722635,0.17047128370909492,1.7335760728380627,3.0,0.7135401994170953,0.15114173589515137,12.374253686494615,12.374253686494615,6.890279490003541,3.0,3.0,HAC,mid,estimated,binance_pit50_lagged,binance_archive,five_year,point_in_time_top50,lagged_liquidity,weekly,baseline,0.1687272854141972,False,False
no_intercept_csad,market_return_sq,-9.488767382734482,-2.9314633237448176,2.3045769463601298,0.7119768587957165,-4.117357590390344,3.832411947058263e-05,-14.005655197201632,-4.971879568267331,,,53,0.7838328161230228,-205.77687447170467,-199.8659987310483,0.05707579045639826,0.032816180562711676,0.012675143699968047,-0.23338647447526306,-0.9562820608095501,0.2762451790847541,1.6576810559305482,3.0,0.9272398728726202,0.002660018395880362,10.324490220805318,10.324490220805318,7.265936661336121,3.0,3.0,HAC,mid,estimated,binance_pit50_lagged,binance_archive,five_year,point_in_time_top50,lagged_liquidity,weekly,baseline,5.748617920587395e-05,True,False
scsad,market_return_cu,-43.12818060897075,-0.6431183445772523,9.271940122299688,0.13826121803136007,-4.651473158810027,3.2957217641613795e-06,-61.30084931549004,-24.95551190245146,0.006338237580045015,0.2984281845581196,53,0.7551358769817044,-197.17135475833794,-189.29018710412944,0.0646515764420577,0.03492622317034129,1.372264461392521e-15,-0.23338176213932763,-0.9601175660614154,0.2741705033803443,2.0927233375147423,3.0,0.8454271632724182,0.13114044952584064,5.247085203083239,5.247085203083239,4.400981187994062,4.0,4.0,HAC,mid,estimated,binance_pit50_lagged,binance_archive,five_year,point_in_time_top50,lagged_liquidity,weekly,baseline,5.932299175490483e-06,True,False
standard_csad,market_return_sq,-1.2952133621447826,-0.668737365965155,0.7424425925735934,0.3833338338293838,-1.7445299813081463,0.08106671817693366,-2.7503741041775704,0.15994737988800534,0.05553907153067192,1.457687363156937e-41,39,0.302340601357318,-183.15173339525833,-178.1610484568694,0.01787486279363716,0.021408638798892977,-2.0994602068232126e-17,1.8954282505393056,4.972562173890115,1.1719181757916928e-11,1.668508252815083,3.0,0.39360934535346825,0.2956819203609168,9.181936308022285,9.181936308022285,5.890579419395975,3.0,3.0,HAC,high,estimated,binance_pit50_lagged,binance_archive,five_year,point_in_time_top50,lagged_liquidity,weekly,baseline,0.10422863765605757,False,False
no_intercept_csad,market_return_sq,-5.574949911891052,-2.8784271599021296,0.6880156655194518,0.3552324252896411,-8.102940370815489,5.364653606693688e-16,-6.923435837108533,-4.22646398667357,,,39,0.8340449969865573,-147.19427889989518,-142.20359396150624,0.044942389011638224,0.033946560194169376,0.012379721907842943,0.10448801782837387,-0.7906943578431025,0.5433292953028017,1.6875081475130445,3.0,0.29070228242592894,0.12269451475095404,12.363322774913412,12.363322774913412,7.517420917143457,3.0,3.0,HAC,high,estimated,binance_pit50_lagged,binance_archive,five_year,point_in_time_top50,lagged_liquidity,weekly,baseline,1.6093960820081064e-15,True,False
scsad,market_return_cu,-19.31701115514815,-0.727313124677977,3.4081150210416737,0.12832040967969086,-5.667945781138572,1.445196783766468e-08,-25.9967938515598,-12.637228458736502,0.004794948242021479,0.48054308374373833,39,0.8130238570149476,-140.54333081995574,-133.88908423543717,0.05063466923099872,0.03603227514433262,6.455840135981379e-15,0.32417646140577905,-0.7361560690803013,0.4364166793193902,2.0678907416547356,3.0,0.7445133824977193,0.20932042201449383,9.833304299479675,9.833304299479675,6.267157262563269,4.0,4.0,HAC,high,estimated,binance_pit50_lagged,binance_archive,five_year,point_in_time_top50,lagged_liquidity,weekly,baseline,3.251692763474553e-08,True,False
