phase,dgp,scenario,observations,assets,weighting,model,repetitions,mean_target_coefficient,median_target_coefficient,target_coefficient_std,monte_carlo_standard_error,mean_ci_confidence,mean_ci_lower,mean_ci_upper,negative_coefficient_rate,raw_false_positive_rate,bh3_false_positive_rate,bh4_false_positive_rate,raw_wilson_ci_lower,raw_wilson_ci_upper,bh3_wilson_ci_lower,bh3_wilson_ci_upper,bh4_wilson_ci_lower,bh4_wilson_ci_upper,theoretical_target_coefficient,coefficient_bias,absolute_relative_error,theory_inside_mean_ci
robustness,independent_gaussian,n14_t250_equal,250,14,equal,standard_csad,300,0.33093591025922886,0.05320802334743968,12.557351988787602,0.7249990551035403,0.95,-1.0958112403236047,1.7576830608420624,0.49333333333333335,0.043333333333333335,0.043333333333333335,0.043333333333333335,0.025496448084407246,0.07271746563401146,0.025496448084407246,0.07271746563401146,0.025496448084407246,0.07271746563401146,,,,False
robustness,independent_gaussian,n14_t250_equal,250,14,equal,no_intercept_csad,300,-273.88093151317577,-271.99411632775923,40.42175689717775,2.3337512225703185,0.95,-278.4735897842902,-269.28827324206134,1.0,1.0,1.0,1.0,0.9873570287754538,0.9999999999999998,0.9873570287754538,0.9999999999999998,0.9873570287754538,0.9999999999999998,,,,False
robustness,independent_gaussian,n14_t250_equal,250,14,equal,intercept_restored,300,0.28607539656969266,0.05763389437750133,12.590083277669535,0.7268887969482312,0.95,-1.1443906330561826,1.716541426195568,0.5,0.043333333333333335,,0.043333333333333335,0.025496448084407246,0.07271746563401146,,,0.025496448084407246,0.07271746563401146,,,,False
robustness,independent_gaussian,n14_t250_equal,250,14,equal,scsad,300,-10185.443081192976,-9937.166688595918,2487.434835960432,143.61211721334078,0.95,-10468.061627494446,-9902.824534891506,1.0,1.0,1.0,1.0,0.9873570287754538,0.9999999999999998,0.9873570287754538,0.9999999999999998,0.9873570287754538,0.9999999999999998,,,,False
robustness,independent_gaussian,n14_t1000_equal,1000,14,equal,standard_csad,300,-0.4666924016201436,-0.259661948678767,5.709562131770587,0.3296417233732642,0.95,-1.1154041292083283,0.18201932596804127,0.52,0.03666666666666667,0.03666666666666667,0.03,0.02059530516285303,0.06445384817189295,0.02059530516285303,0.06445384817189295,0.01586185380943231,0.05602253914164096,,,,False
robustness,independent_gaussian,n14_t1000_equal,1000,14,equal,no_intercept_csad,300,-264.95162091805685,-266.53547508987924,22.649010463491486,1.3076412287975459,0.95,-267.52496688870104,-262.37827494741265,1.0,1.0,1.0,1.0,0.9873570287754538,0.9999999999999998,0.9873570287754538,0.9999999999999998,0.9873570287754538,0.9999999999999998,,,,False
robustness,independent_gaussian,n14_t1000_equal,1000,14,equal,intercept_restored,300,-0.46512028529471156,-0.18610876714582059,5.7156371518201725,0.32999246481936023,0.95,-1.1145222473808398,0.18428167679141666,0.5266666666666666,0.03666666666666667,,0.03,0.02059530516285303,0.06445384817189295,,,0.01586185380943231,0.05602253914164096,,,,False
robustness,independent_gaussian,n14_t1000_equal,1000,14,equal,scsad,300,-9158.030258231063,-9243.57843302604,1438.593627520434,83.05724181034027,0.95,-9321.481068620393,-8994.579447841734,1.0,1.0,1.0,1.0,0.9873570287754538,0.9999999999999998,0.9873570287754538,0.9999999999999998,0.9873570287754538,0.9999999999999998,,,,False
robustness,independent_gaussian,n14_t2500_equal,2500,14,equal,standard_csad,300,0.3101605928685625,0.1903114751986441,3.838060377850226,0.22159051923178644,0.95,-0.1259139643113369,0.7462351500484619,0.47,0.02666666666666667,0.02666666666666667,0.02666666666666667,0.01357306980864708,0.05172894295058982,0.01357306980864708,0.05172894295058982,0.01357306980864708,0.05172894295058982,,,,False
robustness,independent_gaussian,n14_t2500_equal,2500,14,equal,no_intercept_csad,300,-261.54415306312615,-261.1313949903823,14.396847136537655,0.8312023569761907,0.95,-263.1799008424169,-259.9084052838354,1.0,1.0,1.0,1.0,0.9873570287754538,0.9999999999999998,0.9873570287754538,0.9999999999999998,0.9873570287754538,0.9999999999999998,,,,False
robustness,independent_gaussian,n14_t2500_equal,2500,14,equal,intercept_restored,300,0.318577867967543,0.1594354343809563,3.8451495251924195,0.22199981134442048,0.95,-0.11830214730412353,0.7554578832392096,0.4633333333333333,0.03,,0.02666666666666667,0.01586185380943231,0.05602253914164096,,,0.01357306980864708,0.05172894295058982,,,,False
robustness,independent_gaussian,n14_t2500_equal,2500,14,equal,scsad,300,-8794.964927222403,-8774.918275004959,964.2521116537514,55.67112162299584,0.95,-8904.52177917446,-8685.408075270347,1.0,1.0,1.0,1.0,0.9873570287754538,0.9999999999999998,0.9873570287754538,0.9999999999999998,0.9873570287754538,0.9999999999999998,,,,False
robustness,independent_gaussian,n50_t1000_equal,1000,50,equal,standard_csad,300,0.6556731034374036,0.45474474184907265,10.911861698584989,0.629996628903801,0.95,-0.5841159539937412,1.8954621608685485,0.48333333333333334,0.023333333333333334,0.023333333333333334,0.023333333333333334,0.011347660299125234,0.04737197226827532,0.011347660299125234,0.04737197226827532,0.011347660299125234,0.04737197226827532,,,,False
robustness,independent_gaussian,n50_t1000_equal,1000,50,equal,no_intercept_csad,300,-967.7121982329071,-972.3019083828881,81.97138100984964,4.732619889188206,0.95,-977.0256613252509,-958.3987351405633,1.0,1.0,1.0,1.0,0.9873570287754538,0.9999999999999998,0.9873570287754538,0.9999999999999998,0.9873570287754538,0.9999999999999998,,,,False
robustness,independent_gaussian,n50_t1000_equal,1000,50,equal,intercept_restored,300,0.6817155675986879,0.5218374496403868,10.971629697843355,0.6334473359498752,0.95,-0.5648642386076803,1.9282953738050561,0.4766666666666667,0.023333333333333334,,0.023333333333333334,0.011347660299125234,0.04737197226827532,,,0.011347660299125234,0.04737197226827532,,,,False
robustness,independent_gaussian,n50_t1000_equal,1000,50,equal,scsad,300,-63045.72503813662,-63782.451912269535,9981.520889888405,576.2833772698942,0.95,-64179.810194055404,-61911.63988221783,1.0,1.0,1.0,1.0,0.9873570287754538,0.9999999999999998,0.9873570287754538,0.9999999999999998,0.9873570287754538,0.9999999999999998,,,,False
robustness,independent_gaussian,n62_t2500_equal,2500,62,equal,standard_csad,300,-0.09950602510458377,-0.5571916669691017,7.525465239884851,0.434482938202469,0.95,-0.9545378898960485,0.755525839686881,0.5333333333333333,0.016666666666666666,0.016666666666666666,0.016666666666666666,0.00713947735063333,0.0384153948330945,0.00713947735063333,0.0384153948330945,0.00713947735063333,0.0384153948330945,,,,False
robustness,independent_gaussian,n62_t2500_equal,2500,62,equal,no_intercept_csad,300,-1195.1729295617388,-1198.734045927013,64.13159917235545,3.7026396045720595,0.95,-1202.4594638934336,-1187.886395230044,1.0,1.0,1.0,1.0,0.9873570287754538,0.9999999999999998,0.9873570287754538,0.9999999999999998,0.9873570287754538,0.9999999999999998,,,,False
robustness,independent_gaussian,n62_t2500_equal,2500,62,equal,intercept_restored,300,-0.09718797868846328,-0.45181398740130074,7.552027274156178,0.43601649796614644,0.95,-0.9552377812381542,0.7608618238612276,0.5233333333333333,0.02,,0.016666666666666666,0.009197631557703617,0.042939620817860576,,,0.00713947735063333,0.0384153948330945,,,,False
robustness,independent_gaussian,n62_t2500_equal,2500,62,equal,scsad,300,-84965.16321347641,-85347.6964819794,8904.694472043157,514.1127750485489,0.95,-85976.90099674014,-83953.42543021268,1.0,1.0,1.0,1.0,0.9873570287754538,0.9999999999999998,0.9873570287754538,0.9999999999999998,0.9873570287754538,0.9999999999999998,,,,False
robustness,independent_gaussian,n14_t1000_lagged,1000,14,lagged_lognormal_liquidity,standard_csad,300,4.518531147200161,4.590385118008795,5.088188070414701,0.293766675214137,0.95,3.940418991263482,5.096643303136839,0.19666666666666666,0.0,0.0,0.0,8.673617379884035e-19,0.012642971224546034,8.673617379884035e-19,0.012642971224546034,8.673617379884035e-19,0.012642971224546034,,,,False
robustness,independent_gaussian,n14_t1000_lagged,1000,14,lagged_lognormal_liquidity,no_intercept_csad,300,-198.95693151969976,-201.15298075648127,22.52823729825987,1.3006683868518103,0.95,-201.51655542780122,-196.3973076115983,1.0,1.0,1.0,1.0,0.9873570287754538,0.9999999999999998,0.9873570287754538,0.9999999999999998,0.9873570287754538,0.9999999999999998,,,,False
robustness,independent_gaussian,n14_t1000_lagged,1000,14,lagged_lognormal_liquidity,intercept_restored,300,4.527235901057506,4.679716844161977,5.101607776924953,0.29454146233075096,0.95,3.947599018566833,5.106872783548179,0.2,0.0,,0.0,8.673617379884035e-19,0.012642971224546034,,,8.673617379884035e-19,0.012642971224546034,,,,False
robustness,independent_gaussian,n14_t1000_lagged,1000,14,lagged_lognormal_liquidity,scsad,300,-5945.027729084045,-6008.736856960892,1169.874512644349,67.5427364793297,0.95,-6077.947084131602,-5812.1083740364875,1.0,1.0,1.0,1.0,0.9873570287754538,0.9999999999999998,0.9873570287754538,0.9999999999999998,0.9873570287754538,0.9999999999999998,,,,False
robustness,independent_gaussian,n50_t1000_lagged,1000,50,lagged_lognormal_liquidity,standard_csad,300,5.7979055311411845,6.219939124000538,8.782032860543113,0.5070309036066705,0.95,4.800104372800442,6.795706689481927,0.25333333333333335,0.0033333333333333335,0.0033333333333333335,0.0033333333333333335,0.0005886577218511581,0.018636693694531237,0.0005886577218511581,0.018636693694531237,0.0005886577218511581,0.018636693694531237,,,,False
robustness,independent_gaussian,n50_t1000_lagged,1000,50,lagged_lognormal_liquidity,no_intercept_csad,300,-710.7376809308017,-714.7973631603869,87.91273129865709,5.075643908047491,0.95,-720.7261911670608,-700.7491706945426,1.0,1.0,1.0,1.0,0.9873570287754538,0.9999999999999998,0.9873570287754538,0.9999999999999998,0.9873570287754538,0.9999999999999998,,,,False
robustness,independent_gaussian,n50_t1000_lagged,1000,50,lagged_lognormal_liquidity,intercept_restored,300,5.806706053874386,6.09173365728877,8.768511006394782,0.5062502189934223,0.95,4.810441227946238,6.802970879802534,0.25333333333333335,0.0033333333333333335,,0.0033333333333333335,0.0005886577218511581,0.018636693694531237,,,0.0005886577218511581,0.018636693694531237,,,,False
robustness,independent_gaussian,n50_t1000_lagged,1000,50,lagged_lognormal_liquidity,scsad,300,-39281.997123388996,-39725.743147834386,8532.505203098483,492.6244175870791,0.95,-40251.447330464805,-38312.546916313186,1.0,1.0,1.0,1.0,0.9873570287754538,0.9999999999999998,0.9873570287754538,0.9999999999999998,0.9873570287754538,0.9999999999999998,,,,False
robustness,independent_gaussian,n14_t1000_concentrated,1000,14,concentrated_static,standard_csad,300,9.46765695408363,9.397338541846592,2.3265881202821066,0.13432562775382595,0.95,9.203313565911005,9.732000342256255,0.0,0.0,0.0,0.0,8.673617379884035e-19,0.012642971224546034,8.673617379884035e-19,0.012642971224546034,8.673617379884035e-19,0.012642971224546034,,,,False
robustness,independent_gaussian,n14_t1000_concentrated,1000,14,concentrated_static,no_intercept_csad,300,-72.07310022614907,-71.76701659784925,7.1182432341723825,0.4109719647406657,0.95,-72.88186414871643,-71.2643363035817,1.0,1.0,1.0,1.0,0.9873570287754538,0.9999999999999998,0.9873570287754538,0.9999999999999998,0.9873570287754538,0.9999999999999998,,,,False
robustness,independent_gaussian,n14_t1000_concentrated,1000,14,concentrated_static,intercept_restored,300,9.468125417873017,9.487250300943286,2.3248671932583234,0.13422626998578227,0.95,9.203977558799977,9.732273276946056,0.0,0.0,,0.0,8.673617379884035e-19,0.012642971224546034,,,8.673617379884035e-19,0.012642971224546034,,,,False
robustness,independent_gaussian,n14_t1000_concentrated,1000,14,concentrated_static,scsad,300,-1364.081398391989,-1360.2156982887273,238.54713809072555,13.772525439109522,0.95,-1391.1847598215743,-1336.9780369624038,1.0,1.0,1.0,1.0,0.9873570287754538,0.9999999999999998,0.9873570287754538,0.9999999999999998,0.9873570287754538,0.9999999999999998,,,,False
robustness,independent_gaussian,n62_t1000_concentrated,1000,62,concentrated_static,standard_csad,300,12.00828927251549,12.05316791778128,1.1936271018243472,0.06891409285503196,0.95,11.872671184569327,12.143907360461654,0.0,0.0,0.0,0.0,8.673617379884035e-19,0.012642971224546034,8.673617379884035e-19,0.012642971224546034,8.673617379884035e-19,0.012642971224546034,,,,False
robustness,independent_gaussian,n62_t1000_concentrated,1000,62,concentrated_static,no_intercept_csad,300,-80.7006083204507,-80.54183409476059,7.639063799845628,0.44104155411975987,0.95,-81.56854708009381,-79.83266956080759,1.0,1.0,1.0,1.0,0.9873570287754538,0.9999999999999998,0.9873570287754538,0.9999999999999998,0.9873570287754538,0.9999999999999998,,,,False
robustness,independent_gaussian,n62_t1000_concentrated,1000,62,concentrated_static,intercept_restored,300,12.009138259382341,12.055954401010789,1.1926006628166141,0.06885483137128982,0.95,11.873636793868267,12.144639724896416,0.0,0.0,,0.0,8.673617379884035e-19,0.012642971224546034,,,8.673617379884035e-19,0.012642971224546034,,,,False
robustness,independent_gaussian,n62_t1000_concentrated,1000,62,concentrated_static,scsad,300,-1602.4411724313954,-1594.345404154611,270.3742115763141,15.610062383551776,0.95,-1633.160677331953,-1571.721667530838,1.0,1.0,1.0,1.0,0.9873570287754538,0.9999999999999998,0.9873570287754538,0.9999999999999998,0.9873570287754538,0.9999999999999998,,,,False
robustness,common_factor,n14_t250_equal,250,14,equal,standard_csad,300,0.4661616843804786,0.5053496606647425,1.4643733530522052,0.08454563495788055,0.95,0.29978182095686984,0.6325415478040874,0.36333333333333334,0.03333333333333333,0.03333333333333333,0.02666666666666667,0.01820494733885481,0.06026182580405482,0.01820494733885481,0.06026182580405482,0.01357306980864708,0.05172894295058982,,,,False
robustness,common_factor,n14_t250_equal,250,14,equal,no_intercept_csad,300,-33.249297717364506,-32.82794108079321,5.7387744523700945,0.3313282974894421,0.95,-33.90132850419499,-32.59726693053402,1.0,1.0,1.0,1.0,0.9873570287754538,0.9999999999999998,0.9873570287754538,0.9999999999999998,0.9873570287754538,0.9999999999999998,,,,False
robustness,common_factor,n14_t250_equal,250,14,equal,intercept_restored,300,0.4670192514413598,0.5207322728811528,1.4802695549224596,0.08546340260076894,0.95,0.2988332858440025,0.6352052170387171,0.36666666666666664,0.023333333333333334,,0.023333333333333334,0.011347660299125234,0.04737197226827532,,,0.011347660299125234,0.04737197226827532,,,,False
robustness,common_factor,n14_t250_equal,250,14,equal,scsad,300,-433.56487401346914,-418.62073876952945,119.03472969108132,6.872473323006013,0.95,-447.089418165675,-420.0403298612633,1.0,1.0,1.0,1.0,0.9873570287754538,0.9999999999999998,0.9873570287754538,0.9999999999999998,0.9873570287754538,0.9999999999999998,,,,False
robustness,common_factor,n14_t1000_equal,1000,14,equal,standard_csad,300,0.4586767020954693,0.4599360936948206,0.7104626571953512,0.04101858063809128,0.95,0.3779550202748068,0.5393983839161317,0.24333333333333335,0.01,0.01,0.01,0.003406618437715286,0.02898349336233983,0.003406618437715286,0.02898349336233983,0.003406618437715286,0.02898349336233983,,,,False
robustness,common_factor,n14_t1000_equal,1000,14,equal,no_intercept_csad,300,-31.712233982880054,-31.52457592570351,4.0299104536482675,0.2326669885223914,0.95,-32.17010625260543,-31.25436171315468,1.0,1.0,1.0,1.0,0.9873570287754538,0.9999999999999998,0.9873570287754538,0.9999999999999998,0.9873570287754538,0.9999999999999998,,,,False
robustness,common_factor,n14_t1000_equal,1000,14,equal,intercept_restored,300,0.4612940919692852,0.45169682645622206,0.713577645373082,0.041198424564384814,0.95,0.38021848995026847,0.542369693988302,0.24,0.01,,0.01,0.003406618437715286,0.02898349336233983,,,0.003406618437715286,0.02898349336233983,,,,False
robustness,common_factor,n14_t1000_equal,1000,14,equal,scsad,300,-382.4687599355617,-378.32697109401215,82.30038630784476,4.7516150189244355,0.95,-391.8196041072811,-373.1179157638423,1.0,1.0,1.0,1.0,0.9873570287754538,0.9999999999999998,0.9873570287754538,0.9999999999999998,0.9873570287754538,0.9999999999999998,,,,False
robustness,common_factor,n14_t2500_equal,2500,14,equal,standard_csad,300,0.47452784117574426,0.4482186486725176,0.4966539059505346,0.02867432662946202,0.95,0.4180987830611461,0.5309568992903424,0.16,0.0,0.0,0.0,8.673617379884035e-19,0.012642971224546034,8.673617379884035e-19,0.012642971224546034,8.673617379884035e-19,0.012642971224546034,,,,False
robustness,common_factor,n14_t2500_equal,2500,14,equal,no_intercept_csad,300,-31.24724913209878,-31.221481789658217,3.4622699773442003,0.19989425034268332,0.95,-31.640626958023788,-30.853871306173772,1.0,1.0,1.0,1.0,0.9873570287754538,0.9999999999999998,0.9873570287754538,0.9999999999999998,0.9873570287754538,0.9999999999999998,,,,False
robustness,common_factor,n14_t2500_equal,2500,14,equal,intercept_restored,300,0.4734630885261741,0.44190864348095793,0.4974977064342659,0.02872304347310448,0.95,0.41693815908958876,0.5299880179627594,0.14666666666666667,0.0,,0.0,8.673617379884035e-19,0.012642971224546034,,,8.673617379884035e-19,0.012642971224546034,,,,False
robustness,common_factor,n14_t2500_equal,2500,14,equal,scsad,300,-366.0279881910255,-359.7434215867354,66.90695302972205,3.8628747342367666,0.95,-373.6298539884142,-358.4261223936368,1.0,1.0,1.0,1.0,0.9873570287754538,0.9999999999999998,0.9873570287754538,0.9999999999999998,0.9873570287754538,0.9999999999999998,,,,False
robustness,common_factor,n50_t1000_equal,1000,50,equal,standard_csad,300,0.5476668602465973,0.5254555093639566,0.4477418692752362,0.025850388875352383,0.95,0.4967951130219062,0.5985386074712884,0.1,0.0,0.0,0.0,8.673617379884035e-19,0.012642971224546034,8.673617379884035e-19,0.012642971224546034,8.673617379884035e-19,0.012642971224546034,,,,False
robustness,common_factor,n50_t1000_equal,1000,50,equal,no_intercept_csad,300,-35.701490226548984,-35.442176226522946,3.4854125697647986,0.20123038853906117,0.95,-36.09749747847261,-35.305482974625356,1.0,1.0,1.0,1.0,0.9873570287754538,0.9999999999999998,0.9873570287754538,0.9999999999999998,0.9873570287754538,0.9999999999999998,,,,False
robustness,common_factor,n50_t1000_equal,1000,50,equal,intercept_restored,300,0.5482962405445697,0.5371084046642354,0.4451290781295853,0.0256995393082246,0.95,0.4977213546585951,0.5988711264305443,0.09,0.0,,0.0,8.673617379884035e-19,0.012642971224546034,,,8.673617379884035e-19,0.012642971224546034,,,,False
robustness,common_factor,n50_t1000_equal,1000,50,equal,scsad,300,-450.0743362682738,-442.3366259945994,77.56724331944812,4.478346881078057,0.95,-458.887407963915,-441.26126457263257,1.0,1.0,1.0,1.0,0.9873570287754538,0.9999999999999998,0.9873570287754538,0.9999999999999998,0.9873570287754538,0.9999999999999998,,,,False
robustness,common_factor,n62_t2500_equal,2500,62,equal,standard_csad,300,0.5856548381833409,0.5650953070055955,0.2636869519366683,0.015223973268242734,0.95,0.5556951295077033,0.6156145468589784,0.0,0.0,0.0,0.0,8.673617379884035e-19,0.012642971224546034,8.673617379884035e-19,0.012642971224546034,8.673617379884035e-19,0.012642971224546034,,,,False
robustness,common_factor,n62_t2500_equal,2500,62,equal,no_intercept_csad,300,-35.6496828465653,-35.490761801193706,2.709354306862865,0.1564246438397347,0.95,-35.957515544150546,-35.34185014898005,1.0,1.0,1.0,1.0,0.9873570287754538,0.9999999999999998,0.9873570287754538,0.9999999999999998,0.9873570287754538,0.9999999999999998,,,,False
robustness,common_factor,n62_t2500_equal,2500,62,equal,intercept_restored,300,0.5858871665943599,0.5657902859054527,0.26467107115774685,0.015280791417963173,0.95,0.5558156437961461,0.6159586893925737,0.0,0.0,,0.0,8.673617379884035e-19,0.012642971224546034,,,8.673617379884035e-19,0.012642971224546034,,,,False
robustness,common_factor,n62_t2500_equal,2500,62,equal,scsad,300,-440.8525533829441,-435.5397270898323,58.28135149290958,3.364875397316654,0.95,-447.47439151003266,-434.23071525585556,1.0,1.0,1.0,1.0,0.9873570287754538,0.9999999999999998,0.9873570287754538,0.9999999999999998,0.9873570287754538,0.9999999999999998,,,,False
robustness,common_factor,n14_t1000_lagged,1000,14,lagged_lognormal_liquidity,standard_csad,300,0.596541827232536,0.595550852055679,0.7520826884692361,0.04342151426405709,0.95,0.5110913410365399,0.6819923134285322,0.19666666666666666,0.013333333333333334,0.013333333333333334,0.01,0.005196961739358857,0.03377553025253262,0.005196961739358857,0.03377553025253262,0.003406618437715286,0.02898349336233983,,,,False
robustness,common_factor,n14_t1000_lagged,1000,14,lagged_lognormal_liquidity,no_intercept_csad,300,-30.48798845800499,-30.319817028552364,4.191309882602334,0.24198538889775958,0.95,-30.964198684297283,-30.011778231712693,1.0,1.0,1.0,1.0,0.9873570287754538,0.9999999999999998,0.9873570287754538,0.9999999999999998,0.9873570287754538,0.9999999999999998,,,,False
robustness,common_factor,n14_t1000_lagged,1000,14,lagged_lognormal_liquidity,intercept_restored,300,0.6015480525009116,0.6027682673377999,0.7595336246991294,0.04385169426786145,0.95,0.5152510023123901,0.6878451026894331,0.19,0.01,,0.01,0.003406618437715286,0.02898349336233983,,,0.003406618437715286,0.02898349336233983,,,,False
robustness,common_factor,n14_t1000_lagged,1000,14,lagged_lognormal_liquidity,scsad,300,-358.22546096593095,-353.1567808838412,81.50175526661059,4.705506034260462,0.95,-367.48556589871964,-348.96535603314226,1.0,1.0,1.0,1.0,0.9873570287754538,0.9999999999999998,0.9873570287754538,0.9999999999999998,0.9873570287754538,0.9999999999999998,,,,False
robustness,common_factor,n50_t1000_lagged,1000,50,lagged_lognormal_liquidity,standard_csad,300,0.5447055383372165,0.5428707347009333,0.42445212187117515,0.02450575468204308,0.95,0.49647993663557893,0.5929311400388539,0.09666666666666666,0.0,0.0,0.0,8.673617379884035e-19,0.012642971224546034,8.673617379884035e-19,0.012642971224546034,8.673617379884035e-19,0.012642971224546034,,,,False
robustness,common_factor,n50_t1000_lagged,1000,50,lagged_lognormal_liquidity,no_intercept_csad,300,-34.90370704125337,-34.80262336294622,3.495753175594787,0.2018274036950139,0.95,-35.30088917701528,-34.50652490549146,1.0,1.0,1.0,1.0,0.9873570287754538,0.9999999999999998,0.9873570287754538,0.9999999999999998,0.9873570287754538,0.9999999999999998,,,,False
robustness,common_factor,n50_t1000_lagged,1000,50,lagged_lognormal_liquidity,intercept_restored,300,0.5471059357436844,0.5479517792743864,0.4277262499163384,0.02469478655286671,0.95,0.49850833261505406,0.5957035388723148,0.09666666666666666,0.0,,0.0,8.673617379884035e-19,0.012642971224546034,,,8.673617379884035e-19,0.012642971224546034,,,,False
robustness,common_factor,n50_t1000_lagged,1000,50,lagged_lognormal_liquidity,scsad,300,-432.97147166950845,-434.10557575249766,76.21843260473185,4.400473258155327,0.95,-441.6312935521624,-424.3116497868545,1.0,1.0,1.0,1.0,0.9873570287754538,0.9999999999999998,0.9873570287754538,0.9999999999999998,0.9873570287754538,0.9999999999999998,,,,False
robustness,common_factor,n14_t1000_concentrated,1000,14,concentrated_static,standard_csad,300,1.2606064447939458,1.2082986180349429,0.8270829773485574,0.04775165796143467,0.95,1.1666345403445626,1.354578349243329,0.05,0.0,0.0,0.0,8.673617379884035e-19,0.012642971224546034,8.673617379884035e-19,0.012642971224546034,8.673617379884035e-19,0.012642971224546034,,,,False
robustness,common_factor,n14_t1000_concentrated,1000,14,concentrated_static,no_intercept_csad,300,-25.421717859450247,-25.1839925766252,4.594833059507479,0.26528281037880347,0.95,-25.943775772687818,-24.899659946212676,1.0,1.0,1.0,1.0,0.9873570287754538,0.9999999999999998,0.9873570287754538,0.9999999999999998,0.9873570287754538,0.9999999999999998,,,,False
robustness,common_factor,n14_t1000_concentrated,1000,14,concentrated_static,intercept_restored,300,1.2642369027305744,1.2169633363208194,0.8290407612155343,0.04786469066569609,0.95,1.1700425578689004,1.3584312475922484,0.06333333333333334,0.0,,0.0,8.673617379884035e-19,0.012642971224546034,,,8.673617379884035e-19,0.012642971224546034,,,,False
robustness,common_factor,n14_t1000_concentrated,1000,14,concentrated_static,scsad,300,-272.3513928211234,-264.32054195563956,77.46252368655927,4.472300890254275,0.95,-281.1525664320436,-263.5502192102032,1.0,1.0,1.0,1.0,0.9873570287754538,0.9999999999999998,0.9873570287754538,0.9999999999999998,0.9873570287754538,0.9999999999999998,,,,False
robustness,common_factor,n62_t1000_concentrated,1000,62,concentrated_static,standard_csad,300,1.348507875041652,1.3505592760598077,0.6615935658380719,0.03819712233307352,0.95,1.2733386247294656,1.4236771253538383,0.016666666666666666,0.0,0.0,0.0,8.673617379884035e-19,0.012642971224546034,8.673617379884035e-19,0.012642971224546034,8.673617379884035e-19,0.012642971224546034,,,,False
robustness,common_factor,n62_t1000_concentrated,1000,62,concentrated_static,no_intercept_csad,300,-27.09292542309755,-26.86886501171835,4.526297843029607,0.2613259278105566,0.95,-27.60719646973206,-26.578654376463042,1.0,1.0,1.0,1.0,0.9873570287754538,0.9999999999999998,0.9873570287754538,0.9999999999999998,0.9873570287754538,0.9999999999999998,,,,False
robustness,common_factor,n62_t1000_concentrated,1000,62,concentrated_static,intercept_restored,300,1.3498282167183464,1.3446375397941113,0.66149115205474,0.038191209470535975,0.95,1.2746706025037768,1.424985830932916,0.013333333333333334,0.0,,0.0,8.673617379884035e-19,0.012642971224546034,,,8.673617379884035e-19,0.012642971224546034,,,,False
robustness,common_factor,n62_t1000_concentrated,1000,62,concentrated_static,scsad,300,-293.56590452554025,-285.5638661883465,76.32072610502553,4.406379176148418,0.95,-302.23734883943587,-284.8944602116446,1.0,1.0,1.0,1.0,0.9873570287754538,0.9999999999999998,0.9873570287754538,0.9999999999999998,0.9873570287754538,0.9999999999999998,,,,False
robustness,stochastic_volatility_factor,n14_t250_equal,250,14,equal,standard_csad,300,0.22760864890309648,0.049014261440303436,2.4114065168100676,0.13922262016059103,0.95,-0.04637167591599087,0.5015889737221838,0.49666666666666665,0.08333333333333333,0.08333333333333333,0.08,0.057080874056394275,0.12012160196406074,0.057080874056394275,0.12012160196406074,0.054346855395144764,0.11627324043347391,,,,False
robustness,stochastic_volatility_factor,n14_t250_equal,250,14,equal,no_intercept_csad,300,-14.255006571734414,-12.918475836735697,6.5058380706378385,0.3756147361386871,0.95,-14.99418995512001,-13.515823188348818,1.0,1.0,1.0,1.0,0.9873570287754538,0.9999999999999998,0.9873570287754538,0.9999999999999998,0.9873570287754538,0.9999999999999998,,,,False
robustness,stochastic_volatility_factor,n14_t250_equal,250,14,equal,intercept_restored,300,0.23998468997781713,0.06796485816988297,2.4197265582280596,0.13970297797582568,0.95,-0.03494094523763802,0.5149103251932723,0.49,0.08666666666666667,,0.07666666666666666,0.05982889751804311,0.12395595869424827,,,0.051627611786607464,0.1124101038501748,,,,False
robustness,stochastic_volatility_factor,n14_t250_equal,250,14,equal,scsad,300,-144.86825489197543,-111.71524590292346,110.53038146836269,6.381474549439122,0.95,-157.42654799020414,-132.3099617937467,1.0,0.98,0.98,0.9733333333333334,0.9570603791821394,0.9908023684422963,0.9570603791821394,0.9908023684422963,0.9482710570494102,0.9864269301913529,,,,False
robustness,stochastic_volatility_factor,n14_t1000_equal,1000,14,equal,standard_csad,300,0.18379574225226425,0.07155953893051492,1.0699538041036172,0.06177381168196874,0.95,0.06222922547204249,0.30536225903248604,0.46,0.07333333333333333,0.07333333333333333,0.07,0.04892399383922859,0.10853134160571733,0.04892399383922859,0.10853134160571733,0.046236944827176336,0.10463601042593323,,,,False
robustness,stochastic_volatility_factor,n14_t1000_equal,1000,14,equal,no_intercept_csad,300,-9.449968840397307,-9.244053991754711,3.412449482998093,0.19701786276049482,0.95,-9.837686137859594,-9.062251542935021,1.0,1.0,1.0,1.0,0.9873570287754538,0.9999999999999998,0.9873570287754538,0.9999999999999998,0.9873570287754538,0.9999999999999998,,,,False
robustness,stochastic_volatility_factor,n14_t1000_equal,1000,14,equal,intercept_restored,300,0.1872368528070118,0.0727114416433618,1.0620893103346165,0.061319754922511474,0.95,0.06656388779516582,0.3079098178188578,0.47333333333333333,0.06666666666666667,,0.06666666666666667,0.043567515545158274,0.10072305951611496,,,0.043567515545158274,0.10072305951611496,,,,False
robustness,stochastic_volatility_factor,n14_t1000_equal,1000,14,equal,scsad,300,-65.03186301256244,-59.012052584299425,37.361778986788266,2.157083315542551,0.95,-69.27685126786517,-60.78687475725971,1.0,1.0,1.0,1.0,0.9873570287754538,0.9999999999999998,0.9873570287754538,0.9999999999999998,0.9873570287754538,0.9999999999999998,,,,False
robustness,stochastic_volatility_factor,n14_t2500_equal,2500,14,equal,standard_csad,300,0.09396631434527829,0.014109796972625877,0.7389466364921033,0.042663103949548434,0.95,0.010008326308529172,0.1779243023820274,0.49,0.08666666666666667,0.08666666666666667,0.08666666666666667,0.05982889751804311,0.12395595869424827,0.05982889751804311,0.12395595869424827,0.05982889751804311,0.12395595869424827,,,,False
robustness,stochastic_volatility_factor,n14_t2500_equal,2500,14,equal,no_intercept_csad,300,-8.114793199441783,-7.935485062885272,2.308846873334711,0.13330133638374211,0.95,-8.377120854237452,-7.852465544646114,1.0,1.0,1.0,1.0,0.9873570287754538,0.9999999999999998,0.9873570287754538,0.9999999999999998,0.9873570287754538,0.9999999999999998,,,,False
robustness,stochastic_volatility_factor,n14_t2500_equal,2500,14,equal,intercept_restored,300,0.09520235933226481,0.011094216649388478,0.7386677877065762,0.0426470046074097,0.95,0.01127605366856295,0.1791286649959667,0.49666666666666665,0.08666666666666667,,0.08,0.05982889751804311,0.12395595869424827,,,0.054346855395144764,0.11627324043347391,,,,False
robustness,stochastic_volatility_factor,n14_t2500_equal,2500,14,equal,scsad,300,-45.59886604601636,-41.22733548757447,21.69097369771586,1.2523289503361343,0.95,-48.063361342812705,-43.13437074922002,1.0,0.9966666666666667,0.9933333333333333,0.99,0.9813633063054688,0.9994113422781488,0.9760224167496929,0.998169851642088,0.9710165066376601,0.9965933815622847,,,,False
robustness,stochastic_volatility_factor,n50_t1000_equal,1000,50,equal,standard_csad,300,0.15731458417889435,0.08157557098185753,1.0799099602993745,0.06234863062794019,0.95,0.03461686414055433,0.2800123042172344,0.47333333333333333,0.07666666666666666,0.07666666666666666,0.07333333333333333,0.051627611786607464,0.1124101038501748,0.051627611786607464,0.1124101038501748,0.04892399383922859,0.10853134160571733,,,,False
robustness,stochastic_volatility_factor,n50_t1000_equal,1000,50,equal,no_intercept_csad,300,-10.812841726166209,-10.4240802527474,3.8371288963500643,0.2215367401223001,0.95,-11.248810449840974,-10.376873002491443,1.0,1.0,0.9966666666666667,0.9966666666666667,0.9873570287754538,0.9999999999999998,0.9813633063054688,0.9994113422781488,0.9813633063054688,0.9994113422781488,,,,False
robustness,stochastic_volatility_factor,n50_t1000_equal,1000,50,equal,intercept_restored,300,0.16402841336357385,0.06677814364031187,1.0729458022198586,0.061946554773751425,0.95,0.04212195032790682,0.28593487639924087,0.48,0.07,,0.07,0.046236944827176336,0.10463601042593323,,,0.046236944827176336,0.10463601042593323,,,,False
robustness,stochastic_volatility_factor,n50_t1000_equal,1000,50,equal,scsad,300,-79.04455432315771,-70.32821104160031,46.753316373177285,2.699303979356164,0.95,-84.35659470995974,-73.73251393635569,1.0,0.9966666666666667,0.9966666666666667,0.9966666666666667,0.9813633063054688,0.9994113422781488,0.9813633063054688,0.9994113422781488,0.9813633063054688,0.9994113422781488,,,,False
robustness,stochastic_volatility_factor,n62_t2500_equal,2500,62,equal,standard_csad,300,0.13558305660312195,0.07610457543714541,0.7069540574353331,0.04081601153649877,0.95,0.05526001652751937,0.2159060966787245,0.4633333333333333,0.06666666666666667,0.06666666666666667,0.06666666666666667,0.043567515545158274,0.10072305951611496,0.043567515545158274,0.10072305951611496,0.043567515545158274,0.10072305951611496,,,,False
robustness,stochastic_volatility_factor,n62_t2500_equal,2500,62,equal,no_intercept_csad,300,-9.190870402394848,-9.078034855290856,2.7973453685731613,0.16150481015620674,0.95,-9.508700509998066,-8.87304029479163,1.0,1.0,1.0,1.0,0.9873570287754538,0.9999999999999998,0.9873570287754538,0.9999999999999998,0.9873570287754538,0.9999999999999998,,,,False
robustness,stochastic_volatility_factor,n62_t2500_equal,2500,62,equal,intercept_restored,300,0.1431334981724489,0.07954974915644139,0.7072641766668053,0.04083391627867591,0.95,0.06277522282349894,0.22349177352139882,0.4633333333333333,0.06333333333333334,,0.06333333333333334,0.040916882383915276,0.09679131248552161,,,0.040916882383915276,0.09679131248552161,,,,False
robustness,stochastic_volatility_factor,n62_t2500_equal,2500,62,equal,scsad,300,-55.53283353282468,-51.033925478200814,28.04650885537653,1.619265943748086,0.95,-58.71943502563416,-52.3462320400152,1.0,1.0,1.0,1.0,0.9873570287754538,0.9999999999999998,0.9873570287754538,0.9999999999999998,0.9873570287754538,0.9999999999999998,,,,False
robustness,stochastic_volatility_factor,n14_t1000_lagged,1000,14,lagged_lognormal_liquidity,standard_csad,300,0.05460603297460508,-0.026444983336388422,1.0541742812953345,0.06086278050786416,0.95,-0.06516763852865254,0.1743797044778627,0.5266666666666666,0.09666666666666666,0.09666666666666666,0.08666666666666667,0.06815029481828931,0.13538170196951116,0.06815029481828931,0.13538170196951116,0.05982889751804311,0.12395595869424827,,,,False
robustness,stochastic_volatility_factor,n14_t1000_lagged,1000,14,lagged_lognormal_liquidity,no_intercept_csad,300,-9.754034878490735,-9.736261494039674,3.6525083289309603,0.210877666692564,0.95,-10.169027295318374,-9.339042461663096,1.0,0.9966666666666667,0.9966666666666667,0.9966666666666667,0.9813633063054688,0.9994113422781488,0.9813633063054688,0.9994113422781488,0.9813633063054688,0.9994113422781488,,,,False
robustness,stochastic_volatility_factor,n14_t1000_lagged,1000,14,lagged_lognormal_liquidity,intercept_restored,300,0.06023446102891988,-0.032203852758784235,1.0625997011636616,0.06134922235076559,0.95,-0.060496493809258436,0.1809654158670982,0.5166666666666667,0.08,,0.08,0.054346855395144764,0.11627324043347391,,,0.054346855395144764,0.11627324043347391,,,,False
robustness,stochastic_volatility_factor,n14_t1000_lagged,1000,14,lagged_lognormal_liquidity,scsad,300,-68.59058636897412,-62.81973495491705,40.35188609900687,2.329717230157073,0.95,-73.17530602673371,-64.00586671121452,1.0,0.9933333333333333,0.9933333333333333,0.9933333333333333,0.9760224167496929,0.998169851642088,0.9760224167496929,0.998169851642088,0.9760224167496929,0.998169851642088,,,,False
robustness,stochastic_volatility_factor,n50_t1000_lagged,1000,50,lagged_lognormal_liquidity,standard_csad,300,0.07013326088885319,0.01641645194741237,1.1028153595057306,0.06367107446770874,0.95,-0.05516693561744049,0.19543345739514686,0.49666666666666665,0.1,0.1,0.1,0.07094791459501532,0.1391664623846215,0.07094791459501532,0.1391664623846215,0.07094791459501532,0.1391664623846215,,,,False
robustness,stochastic_volatility_factor,n50_t1000_lagged,1000,50,lagged_lognormal_liquidity,no_intercept_csad,300,-10.952803597807376,-10.771223254156995,3.928885780063825,0.2268343262735142,0.95,-11.399197598443548,-10.506409597171205,1.0,1.0,0.9966666666666667,0.9966666666666667,0.9873570287754538,0.9999999999999998,0.9813633063054688,0.9994113422781488,0.9813633063054688,0.9994113422781488,,,,False
robustness,stochastic_volatility_factor,n50_t1000_lagged,1000,50,lagged_lognormal_liquidity,intercept_restored,300,0.07756677914381256,-0.021527519266837547,1.109856773756244,0.06407761070900969,0.95,-0.0485334520932877,0.20366701038091284,0.51,0.1,,0.1,0.07094791459501532,0.1391664623846215,,,0.07094791459501532,0.1391664623846215,,,,False
robustness,stochastic_volatility_factor,n50_t1000_lagged,1000,50,lagged_lognormal_liquidity,scsad,300,-80.60910599799652,-71.46507004998585,47.349538455683145,2.7337268773393197,0.95,-85.98888822703482,-75.22932376895822,1.0,1.0,0.9966666666666667,0.9933333333333333,0.9873570287754538,0.9999999999999998,0.9813633063054688,0.9994113422781488,0.9760224167496929,0.998169851642088,,,,False
robustness,stochastic_volatility_factor,n14_t1000_concentrated,1000,14,concentrated_static,standard_csad,300,0.24714844666892874,0.2245086299255391,0.9353396757461875,0.05400186135757986,0.95,0.1408765815185764,0.3534203118192811,0.42,0.06333333333333334,0.06333333333333334,0.06333333333333334,0.040916882383915276,0.09679131248552161,0.040916882383915276,0.09679131248552161,0.040916882383915276,0.09679131248552161,,,,False
robustness,stochastic_volatility_factor,n14_t1000_concentrated,1000,14,concentrated_static,no_intercept_csad,300,-7.393915463733177,-7.101571680755049,3.1888587109507833,0.18410884351751175,0.95,-7.756228719228657,-7.031602208237697,1.0,0.9966666666666667,0.9966666666666667,0.9966666666666667,0.9813633063054688,0.9994113422781488,0.9813633063054688,0.9994113422781488,0.9813633063054688,0.9994113422781488,,,,False
robustness,stochastic_volatility_factor,n14_t1000_concentrated,1000,14,concentrated_static,intercept_restored,300,0.24974696698566778,0.20310964644136814,0.9383511031000363,0.05417572619691882,0.95,0.143132948059573,0.3563609859117626,0.42,0.06333333333333334,,0.06,0.040916882383915276,0.09679131248552161,,,0.038286369524692054,0.09283944515290843,,,,False
robustness,stochastic_volatility_factor,n14_t1000_concentrated,1000,14,concentrated_static,scsad,300,-44.93794129151387,-38.73293691252637,30.62606354499909,1.7681966031923808,0.95,-48.417627847677295,-41.45825473535045,1.0,0.9833333333333333,0.98,0.98,0.9615846051669054,0.9928605226493666,0.9570603791821394,0.9908023684422963,0.9570603791821394,0.9908023684422963,,,,False
robustness,stochastic_volatility_factor,n62_t1000_concentrated,1000,62,concentrated_static,standard_csad,300,0.3940506791351829,0.2881052691465758,0.9637277628587394,0.05564084833120089,0.95,0.2845534028922296,0.5035479553781361,0.36,0.03666666666666667,0.03666666666666667,0.03666666666666667,0.02059530516285303,0.06445384817189295,0.02059530516285303,0.06445384817189295,0.02059530516285303,0.06445384817189295,,,,False
robustness,stochastic_volatility_factor,n62_t1000_concentrated,1000,62,concentrated_static,no_intercept_csad,300,-8.287679461311614,-8.036436890512457,3.1867782937993296,0.18398873057726992,0.95,-8.649756342988352,-7.925602579634874,1.0,0.9966666666666667,0.9966666666666667,0.9966666666666667,0.9813633063054688,0.9994113422781488,0.9813633063054688,0.9994113422781488,0.9813633063054688,0.9994113422781488,,,,False
robustness,stochastic_volatility_factor,n62_t1000_concentrated,1000,62,concentrated_static,intercept_restored,300,0.40337302094477867,0.30436679460827715,0.965467833712755,0.05574131136879839,0.95,0.2936780405094928,0.5130680013800646,0.3466666666666667,0.03666666666666667,,0.03666666666666667,0.02059530516285303,0.06445384817189295,,,0.02059530516285303,0.06445384817189295,,,,False
robustness,stochastic_volatility_factor,n62_t1000_concentrated,1000,62,concentrated_static,scsad,300,-52.13159113492274,-46.473489481800335,32.43626888088377,1.8727088569885326,0.95,-55.81695045611254,-48.44623181373295,1.0,0.9966666666666667,0.9966666666666667,0.9966666666666667,0.9813633063054688,0.9994113422781488,0.9813633063054688,0.9994113422781488,0.9813633063054688,0.9994113422781488,,,,False
robustness,student_t_factor,n14_t250_equal,250,14,equal,standard_csad,300,0.5397953570294383,0.4457041213755876,1.4602081735595256,0.08430515820774838,0.95,0.37388873493713504,0.7057019791217415,0.30333333333333334,0.02666666666666667,0.02666666666666667,0.02,0.01357306980864708,0.05172894295058982,0.01357306980864708,0.05172894295058982,0.009197631557703617,0.042939620817860576,,,,False
robustness,student_t_factor,n14_t250_equal,250,14,equal,no_intercept_csad,300,-21.06852606769737,-20.266756476716267,7.954296779815107,0.4592415387040425,0.95,-21.972281116980426,-20.164771018414314,1.0,1.0,1.0,1.0,0.9873570287754538,0.9999999999999998,0.9873570287754538,0.9999999999999998,0.9873570287754538,0.9999999999999998,,,,False
robustness,student_t_factor,n14_t250_equal,250,14,equal,intercept_restored,300,0.521003118477886,0.42680042912130034,1.4764844438431963,0.08524486911071642,0.95,0.35324721141928755,0.6887590255364846,0.31666666666666665,0.02,,0.02,0.009197631557703617,0.042939620817860576,,,0.009197631557703617,0.042939620817860576,,,,False
robustness,student_t_factor,n14_t250_equal,250,14,equal,scsad,300,-229.1031439049283,-205.83497626243178,127.11871448006158,7.339202402410272,0.95,-243.5461780599095,-214.66010974994708,0.9966666666666667,0.99,0.99,0.99,0.9710165066376601,0.9965933815622847,0.9710165066376601,0.9965933815622847,0.9710165066376601,0.9965933815622847,,,,False
robustness,student_t_factor,n14_t1000_equal,1000,14,equal,standard_csad,300,0.46929942974089434,0.45075979889324924,0.5270553208703819,0.030429553138233954,0.95,0.4094162093037534,0.5291826501780353,0.16,0.01,0.01,0.006666666666666667,0.003406618437715286,0.02898349336233983,0.003406618437715286,0.02898349336233983,0.0018301483579117855,0.023977583250306973,,,,False
robustness,student_t_factor,n14_t1000_equal,1000,14,equal,no_intercept_csad,300,-16.083094128146005,-16.19920295604222,5.283577539820518,0.30504749148996363,0.95,-16.68340613712316,-15.482782119168848,1.0,1.0,1.0,1.0,0.9873570287754538,0.9999999999999998,0.9873570287754538,0.9999999999999998,0.9873570287754538,0.9999999999999998,,,,False
robustness,student_t_factor,n14_t1000_equal,1000,14,equal,intercept_restored,300,0.4691492424921942,0.4266752775999333,0.5294076371626627,0.0305653641826907,0.95,0.40899875547128,0.5292997295131083,0.16333333333333333,0.01,,0.01,0.003406618437715286,0.02898349336233983,,,0.003406618437715286,0.02898349336233983,,,,False
robustness,student_t_factor,n14_t1000_equal,1000,14,equal,scsad,300,-128.86766426968254,-122.34785319301051,64.85779972412023,3.7445668129767644,0.95,-136.2367083987382,-121.49862014062688,1.0,1.0,1.0,1.0,0.9873570287754538,0.9999999999999998,0.9873570287754538,0.9999999999999998,0.9873570287754538,0.9999999999999998,,,,False
robustness,student_t_factor,n14_t2500_equal,2500,14,equal,standard_csad,300,0.4187389682761514,0.4094320780900421,0.301651087539807,0.017415833659245095,0.95,0.3844658325066105,0.45301210404569237,0.07,0.0033333333333333335,0.0033333333333333335,0.0033333333333333335,0.0005886577218511581,0.018636693694531237,0.0005886577218511581,0.018636693694531237,0.0005886577218511581,0.018636693694531237,,,,False
robustness,student_t_factor,n14_t2500_equal,2500,14,equal,no_intercept_csad,300,-13.898145279657417,-14.361442911527512,4.563886887713801,0.2634961323172566,0.95,-14.4166871361286,-13.379603423186234,1.0,1.0,1.0,1.0,0.9873570287754538,0.9999999999999998,0.9873570287754538,0.9999999999999998,0.9873570287754538,0.9999999999999998,,,,False
robustness,student_t_factor,n14_t2500_equal,2500,14,equal,intercept_restored,300,0.4186597187487869,0.4015061019101529,0.3013596396254867,0.01739900690606633,0.95,0.3844196968460605,0.4528997406515133,0.07333333333333333,0.0033333333333333335,,0.0033333333333333335,0.0005886577218511581,0.018636693694531237,,,0.0005886577218511581,0.018636693694531237,,,,False
robustness,student_t_factor,n14_t2500_equal,2500,14,equal,scsad,300,-92.34517728788506,-90.9302464115915,48.30551976382238,2.788920483898764,0.95,-97.83357665281443,-86.8567779229557,1.0,1.0,1.0,1.0,0.9873570287754538,0.9999999999999998,0.9873570287754538,0.9999999999999998,0.9873570287754538,0.9999999999999998,,,,False
robustness,student_t_factor,n50_t1000_equal,1000,50,equal,standard_csad,300,0.5840335001803745,0.542068928602983,0.27267661156798234,0.01574299150904896,0.95,0.5530524001098681,0.6150146002508808,0.013333333333333334,0.0,0.0,0.0,8.673617379884035e-19,0.012642971224546034,8.673617379884035e-19,0.012642971224546034,8.673617379884035e-19,0.012642971224546034,,,,False
robustness,student_t_factor,n50_t1000_equal,1000,50,equal,no_intercept_csad,300,-16.224267848409784,-16.52241381907766,6.0683400681101265,0.35035577718575733,0.95,-16.913743377062197,-15.534792319757372,1.0,1.0,1.0,1.0,0.9873570287754538,0.9999999999999998,0.9873570287754538,0.9999999999999998,0.9873570287754538,0.9999999999999998,,,,False
robustness,student_t_factor,n50_t1000_equal,1000,50,equal,intercept_restored,300,0.5838992283570673,0.5425103635368527,0.2777526460998525,0.01603605649938807,0.95,0.5523413969971082,0.6154570597170265,0.013333333333333334,0.0,,0.0,8.673617379884035e-19,0.012642971224546034,,,8.673617379884035e-19,0.012642971224546034,,,,False
robustness,student_t_factor,n50_t1000_equal,1000,50,equal,scsad,300,-129.39467310876742,-121.00719266196246,74.9359472939571,4.326428934214573,0.95,-137.90878096951243,-120.88056524802239,1.0,0.9933333333333333,0.9933333333333333,0.9933333333333333,0.9760224167496929,0.998169851642088,0.9760224167496929,0.998169851642088,0.9760224167496929,0.998169851642088,,,,False
robustness,student_t_factor,n62_t2500_equal,2500,62,equal,standard_csad,300,0.5612116872908185,0.5357049056260348,0.1791902620563998,0.010345554603442199,0.95,0.5408523634437656,0.5815710111378714,0.0,0.0,0.0,0.0,8.673617379884035e-19,0.012642971224546034,8.673617379884035e-19,0.012642971224546034,8.673617379884035e-19,0.012642971224546034,,,,False
robustness,student_t_factor,n62_t2500_equal,2500,62,equal,no_intercept_csad,300,-14.530912130657235,-14.903370804884698,4.462955621871137,0.2576688629668654,0.95,-15.037986330884145,-14.023837930430325,1.0,1.0,1.0,1.0,0.9873570287754538,0.9999999999999998,0.9873570287754538,0.9999999999999998,0.9873570287754538,0.9999999999999998,,,,False
robustness,student_t_factor,n62_t2500_equal,2500,62,equal,intercept_restored,300,0.5609305861201731,0.5336189510939848,0.17939809172686705,0.010357553655061186,0.95,0.5405476489834387,0.5813135232569075,0.0,0.0,,0.0,8.673617379884035e-19,0.012642971224546034,,,8.673617379884035e-19,0.012642971224546034,,,,False
robustness,student_t_factor,n62_t2500_equal,2500,62,equal,scsad,300,-95.51779039876523,-91.79310683346708,47.73620480386981,2.756051069360534,0.95,-100.94150506761999,-90.09407572991047,1.0,1.0,1.0,1.0,0.9873570287754538,0.9999999999999998,0.9873570287754538,0.9999999999999998,0.9873570287754538,0.9999999999999998,,,,False
robustness,student_t_factor,n14_t1000_lagged,1000,14,lagged_lognormal_liquidity,standard_csad,300,0.40647622420035173,0.35431273484293446,0.5535303270227637,0.03195808833112142,0.95,0.3435849540069165,0.46936749439378694,0.2,0.01,0.01,0.01,0.003406618437715286,0.02898349336233983,0.003406618437715286,0.02898349336233983,0.003406618437715286,0.02898349336233983,,,,False
robustness,student_t_factor,n14_t1000_lagged,1000,14,lagged_lognormal_liquidity,no_intercept_csad,300,-15.983649735547793,-16.221519582362408,4.743102147500116,0.27384313016530837,0.95,-16.522553756069914,-15.44474571502567,1.0,1.0,1.0,1.0,0.9873570287754538,0.9999999999999998,0.9873570287754538,0.9999999999999998,0.9873570287754538,0.9999999999999998,,,,False
robustness,student_t_factor,n14_t1000_lagged,1000,14,lagged_lognormal_liquidity,intercept_restored,300,0.4065462054456678,0.3601039107527686,0.5633547617465355,0.032525302334361975,0.95,0.34253869798654596,0.4705537129047896,0.20333333333333334,0.013333333333333334,,0.01,0.005196961739358857,0.03377553025253262,,,0.003406618437715286,0.02898349336233983,,,,False
robustness,student_t_factor,n14_t1000_lagged,1000,14,lagged_lognormal_liquidity,scsad,300,-126.83831663880609,-122.90177534183371,58.64093087227225,3.3856357224636615,0.95,-133.50100962569093,-120.17562365192127,1.0,0.9966666666666667,0.9966666666666667,0.9966666666666667,0.9813633063054688,0.9994113422781488,0.9813633063054688,0.9994113422781488,0.9813633063054688,0.9994113422781488,,,,False
robustness,student_t_factor,n50_t1000_lagged,1000,50,lagged_lognormal_liquidity,standard_csad,300,0.5751892430243984,0.5372891418888817,0.2868283617758325,0.016560043188249624,0.95,0.5426002427132331,0.6077782433355637,0.006666666666666667,0.0,0.0,0.0,8.673617379884035e-19,0.012642971224546034,8.673617379884035e-19,0.012642971224546034,8.673617379884035e-19,0.012642971224546034,,,,False
robustness,student_t_factor,n50_t1000_lagged,1000,50,lagged_lognormal_liquidity,no_intercept_csad,300,-16.78545540145048,-17.130023985928144,5.5201036272350255,0.31870333151387714,0.95,-17.412641143166713,-16.15826965973425,1.0,1.0,1.0,1.0,0.9873570287754538,0.9999999999999998,0.9873570287754538,0.9999999999999998,0.9873570287754538,0.9999999999999998,,,,False
robustness,student_t_factor,n50_t1000_lagged,1000,50,lagged_lognormal_liquidity,intercept_restored,300,0.5765576137095881,0.5441124982293005,0.29065084032969185,0.01678073409045385,0.95,0.5435343092242823,0.609580918194894,0.01,0.0,,0.0,8.673617379884035e-19,0.012642971224546034,,,8.673617379884035e-19,0.012642971224546034,,,,False
robustness,student_t_factor,n50_t1000_lagged,1000,50,lagged_lognormal_liquidity,scsad,300,-133.83695903473725,-126.94997293618269,67.58896210239664,3.9022505464066106,0.95,-141.51631366113853,-126.15760440833596,1.0,1.0,1.0,1.0,0.9873570287754538,0.9999999999999998,0.9873570287754538,0.9999999999999998,0.9873570287754538,0.9999999999999998,,,,False
robustness,student_t_factor,n14_t1000_concentrated,1000,14,concentrated_static,standard_csad,300,1.1590922062167264,0.6562233850858659,1.5411734124477217,0.08897968845445861,0.95,0.9839864373629772,1.3341979750704756,0.18,0.03,0.03,0.02666666666666667,0.01586185380943231,0.05602253914164096,0.01586185380943231,0.05602253914164096,0.01357306980864708,0.05172894295058982,,,,False
robustness,student_t_factor,n14_t1000_concentrated,1000,14,concentrated_static,no_intercept_csad,300,-13.052961499922263,-12.897522054579833,4.67137345325481,0.2697018720721936,0.95,-13.583715815775687,-12.52220718406884,1.0,0.98,0.9766666666666667,0.9766666666666667,0.9570603791821394,0.9908023684422963,0.9526280277317246,0.9886523397008747,0.9526280277317246,0.9886523397008747,,,,False
robustness,student_t_factor,n14_t1000_concentrated,1000,14,concentrated_static,intercept_restored,300,1.1687434511951178,0.6522466738238476,1.532053513759955,0.0884531508582222,0.95,0.9946738712988809,1.3428130310913549,0.17666666666666667,0.03,,0.02666666666666667,0.01586185380943231,0.05602253914164096,,,0.01357306980864708,0.05172894295058982,,,,False
robustness,student_t_factor,n14_t1000_concentrated,1000,14,concentrated_static,scsad,300,-96.00307649162245,-86.76545300236636,54.904377666875845,3.1699057225659644,0.95,-102.24122801120106,-89.76492497204384,1.0,0.9733333333333334,0.97,0.97,0.9482710570494102,0.9864269301913529,0.9439774608583589,0.9841381461905676,0.9439774608583589,0.9841381461905676,,,,False
robustness,student_t_factor,n62_t1000_concentrated,1000,62,concentrated_static,standard_csad,300,1.1112413412885183,0.6538063450377078,1.4585404818985326,0.08420887398480842,0.95,0.9455241997752015,1.276958482801835,0.18333333333333332,0.02666666666666667,0.02666666666666667,0.02666666666666667,0.01357306980864708,0.05172894295058982,0.01357306980864708,0.05172894295058982,0.01357306980864708,0.05172894295058982,,,,False
robustness,student_t_factor,n62_t1000_concentrated,1000,62,concentrated_static,no_intercept_csad,300,-14.106368054808344,-14.66657132301155,5.091063544100475,0.2939326907647899,0.95,-14.68480691767268,-13.52792919194401,0.9966666666666667,0.97,0.9666666666666667,0.9666666666666667,0.9439774608583589,0.9841381461905676,0.9397381741959452,0.9817950526611452,0.9397381741959452,0.9817950526611452,,,,False
robustness,student_t_factor,n62_t1000_concentrated,1000,62,concentrated_static,intercept_restored,300,1.1161896892897496,0.6669240282142535,1.44940600150498,0.08368149451339592,0.95,0.9515103934850817,1.2808689850944175,0.18,0.023333333333333334,,0.023333333333333334,0.011347660299125234,0.04737197226827532,,,0.011347660299125234,0.04737197226827532,,,,False
robustness,student_t_factor,n62_t1000_concentrated,1000,62,concentrated_static,scsad,300,-105.94407197806159,-102.92446479656277,58.256909294761975,3.3634642263486434,0.95,-112.56313301993409,-99.32501093618909,0.9933333333333333,0.9633333333333334,0.96,0.96,0.9355461518281071,0.979404694837147,0.9313957879613599,0.9769726785120576,0.9313957879613599,0.9769726785120576,,,,False
robustness,skewed_factor,n14_t250_equal,250,14,equal,standard_csad,300,2.4426562057852963,2.0000031344607496,1.8087687360459568,0.10442931166579122,0.95,2.2371466650380802,2.6481657465325124,0.013333333333333334,0.0,0.0,0.0,8.673617379884035e-19,0.012642971224546034,8.673617379884035e-19,0.012642971224546034,8.673617379884035e-19,0.012642971224546034,,,,False
robustness,skewed_factor,n14_t250_equal,250,14,equal,no_intercept_csad,300,-15.44888265938058,-13.643068413313603,9.646360057433363,0.5569328575859205,0.95,-16.544887353501437,-14.352877965259722,1.0,1.0,1.0,1.0,0.9873570287754538,0.9999999999999998,0.9873570287754538,0.9999999999999998,0.9873570287754538,0.9999999999999998,,,,False
robustness,skewed_factor,n14_t250_equal,250,14,equal,intercept_restored,300,-0.24617807873259062,-0.04082676544792359,1.5455035986375898,0.08922969187069477,0.95,-0.42177583672651864,-0.07058032073866258,0.52,0.056666666666666664,,0.05,0.03567747646328951,0.08886595802247463,,,0.03053164062934728,0.08084703347274415,,,,False
robustness,skewed_factor,n14_t250_equal,250,14,equal,scsad,300,-141.85176210258805,-77.83201009466458,192.796080974216,11.131086924916849,0.95,-163.75695831108087,-119.94656589409524,0.78,0.5,0.4766666666666667,0.4666666666666667,0.4437795161339169,0.5562204838660831,0.42080166187431245,0.533121676782833,0.41099110566704244,0.5231850924145939,,,,False
robustness,skewed_factor,n14_t1000_equal,1000,14,equal,standard_csad,300,1.7705172340485915,1.6883639624789326,0.775438576030963,0.044769967061149656,0.95,1.6824130875858623,1.8586213805113208,0.0,0.0,0.0,0.0,8.673617379884035e-19,0.012642971224546034,8.673617379884035e-19,0.012642971224546034,8.673617379884035e-19,0.012642971224546034,,,,False
robustness,skewed_factor,n14_t1000_equal,1000,14,equal,no_intercept_csad,300,-10.339349239569023,-10.133101932451918,3.9764287681232546,0.2295792219689333,0.95,-10.7911450018827,-9.887553477255345,1.0,1.0,1.0,1.0,0.9873570287754538,0.9999999999999998,0.9873570287754538,0.9999999999999998,0.9873570287754538,0.9999999999999998,,,,False
robustness,skewed_factor,n14_t1000_equal,1000,14,equal,intercept_restored,300,0.10311459189667425,0.12700953904999282,0.49990618991261376,0.02886209733156077,0.95,0.046316014246434715,0.15991316954691379,0.38,0.016666666666666666,,0.01,0.00713947735063333,0.0384153948330945,,,0.003406618437715286,0.02898349336233983,,,,False
robustness,skewed_factor,n14_t1000_equal,1000,14,equal,scsad,300,-28.448545099179192,-18.072654988301867,46.98616029695912,2.7127472295636252,0.95,-33.78704085691315,-23.110049341445233,0.6633333333333333,0.25333333333333335,0.25333333333333335,0.23666666666666666,0.20744975020452644,0.30545411559958296,0.20744975020452644,0.30545411559958296,0.19208870391653038,0.28790326092839713,,,,False
robustness,skewed_factor,n14_t2500_equal,2500,14,equal,standard_csad,300,1.4471033391710126,1.3197245614563804,0.5948529136021954,0.03434384897964607,0.95,1.3795170598140565,1.5146896185279688,0.0,0.0,0.0,0.0,8.673617379884035e-19,0.012642971224546034,8.673617379884035e-19,0.012642971224546034,8.673617379884035e-19,0.012642971224546034,,,,False
robustness,skewed_factor,n14_t2500_equal,2500,14,equal,no_intercept_csad,300,-8.348442788275042,-7.925538434313202,3.0219249615290535,0.17447091900096484,0.95,-8.691789286166195,-8.00509629038389,1.0,1.0,1.0,1.0,0.9873570287754538,0.9999999999999998,0.9873570287754538,0.9999999999999998,0.9873570287754538,0.9999999999999998,,,,False
robustness,skewed_factor,n14_t2500_equal,2500,14,equal,intercept_restored,300,0.14856936542127056,0.16557915763569755,0.3051342220340283,0.017616932523031325,0.95,0.11390048123126928,0.18323824961127183,0.3,0.02666666666666667,,0.016666666666666666,0.01357306980864708,0.05172894295058982,,,0.00713947735063333,0.0384153948330945,,,,False
robustness,skewed_factor,n14_t2500_equal,2500,14,equal,scsad,300,-1.792636333461224,8.367805684915048,26.528210474857005,1.5316069458777741,0.95,-4.806731083601154,1.2214584166787052,0.36,0.09,0.09,0.08666666666666667,0.06259022560547936,0.12777701079864834,0.06259022560547936,0.12777701079864834,0.05982889751804311,0.12395595869424827,,,,False
robustness,skewed_factor,n50_t1000_equal,1000,50,equal,standard_csad,300,1.1044792125485992,1.0667741134766076,0.41644172471102847,0.02404327418637043,0.95,1.05716373993576,1.1517946851614382,0.0,0.0,0.0,0.0,8.673617379884035e-19,0.012642971224546034,8.673617379884035e-19,0.012642971224546034,8.673617379884035e-19,0.012642971224546034,,,,False
robustness,skewed_factor,n50_t1000_equal,1000,50,equal,no_intercept_csad,300,-8.8125244258615,-8.621904976588837,3.7915502818724693,0.21890525758850715,0.95,-9.243314576984387,-8.381734274738614,1.0,1.0,1.0,1.0,0.9873570287754538,0.9999999999999998,0.9873570287754538,0.9999999999999998,0.9873570287754538,0.9999999999999998,,,,False
robustness,skewed_factor,n50_t1000_equal,1000,50,equal,intercept_restored,300,0.6044365598914809,0.5884842863597686,0.2354249894840897,0.013592268105260399,0.95,0.577687932217244,0.6311851875657178,0.0033333333333333335,0.0,,0.0,8.673617379884035e-19,0.012642971224546034,,,8.673617379884035e-19,0.012642971224546034,,,,False
robustness,skewed_factor,n50_t1000_equal,1000,50,equal,scsad,300,14.448057433841047,27.483517360096776,32.19837672553544,1.8589741469956864,0.95,10.78972705594219,18.106387811739904,0.23,0.04666666666666667,0.04666666666666667,0.043333333333333335,0.027998933682334012,0.07679736022792105,0.027998933682334012,0.07679736022792105,0.025496448084407246,0.07271746563401146,,,,False
robustness,skewed_factor,n62_t2500_equal,2500,62,equal,standard_csad,300,0.9078769124385656,0.9017234497716053,0.2763726025572272,0.015956379648305256,0.95,0.87647587951779,0.9392779453593412,0.0,0.0,0.0,0.0,8.673617379884035e-19,0.012642971224546034,8.673617379884035e-19,0.012642971224546034,8.673617379884035e-19,0.012642971224546034,,,,False
robustness,skewed_factor,n62_t2500_equal,2500,62,equal,no_intercept_csad,300,-7.345732078355465,-7.279067826249603,2.7640358026269083,0.15958168146964086,0.95,-7.6597776039589585,-7.031686552751972,1.0,1.0,1.0,1.0,0.9873570287754538,0.9999999999999998,0.9873570287754538,0.9999999999999998,0.9873570287754538,0.9999999999999998,,,,False
robustness,skewed_factor,n62_t2500_equal,2500,62,equal,intercept_restored,300,0.5696681866070634,0.564293255293749,0.14976664573641796,0.008646781323154822,0.95,0.5526519290993042,0.5866844441148227,0.0,0.0,,0.0,8.673617379884035e-19,0.012642971224546034,,,8.673617379884035e-19,0.012642971224546034,,,,False
robustness,skewed_factor,n62_t2500_equal,2500,62,equal,scsad,300,30.337917222507773,33.71498263063937,13.872764936219824,0.8009444570330916,0.95,28.76171486223866,31.914119582776888,0.03666666666666667,0.0033333333333333335,0.0033333333333333335,0.0033333333333333335,0.0005886577218511581,0.018636693694531237,0.0005886577218511581,0.018636693694531237,0.0005886577218511581,0.018636693694531237,,,,False
robustness,skewed_factor,n14_t1000_lagged,1000,14,lagged_lognormal_liquidity,standard_csad,300,1.6876932565576928,1.5824098537965718,0.8939243754347209,0.051610747879240415,0.95,1.5861269345634674,1.789259578551918,0.0,0.0,0.0,0.0,8.673617379884035e-19,0.012642971224546034,8.673617379884035e-19,0.012642971224546034,8.673617379884035e-19,0.012642971224546034,,,,False
robustness,skewed_factor,n14_t1000_lagged,1000,14,lagged_lognormal_liquidity,no_intercept_csad,300,-10.418705932833568,-9.865006079199006,4.328794695703685,0.24992307828311466,0.95,-10.910536973571132,-9.926874892096004,1.0,1.0,1.0,1.0,0.9873570287754538,0.9999999999999998,0.9873570287754538,0.9999999999999998,0.9873570287754538,0.9999999999999998,,,,False
robustness,skewed_factor,n14_t1000_lagged,1000,14,lagged_lognormal_liquidity,intercept_restored,300,-0.08041744655985916,-0.06416041698998999,0.5828719985324453,0.03365213052558024,0.95,-0.146642472648419,-0.014192420471299316,0.5666666666666667,0.06666666666666667,,0.05333333333333334,0.043567515545158274,0.10072305951611496,,,0.03309191251909646,0.08486914177483133,,,,False
robustness,skewed_factor,n14_t1000_lagged,1000,14,lagged_lognormal_liquidity,scsad,300,-34.92668831285426,-16.93889337366653,54.61035478402694,3.152930303509892,0.95,-41.1314334016276,-28.721943224080917,0.6566666666666666,0.33,0.3233333333333333,0.3,0.2792344636154957,0.3850641466008499,0.2729253960837475,0.37820845374892526,0.2509396637848768,0.35411752470494157,,,,False
robustness,skewed_factor,n50_t1000_lagged,1000,50,lagged_lognormal_liquidity,standard_csad,300,1.1547062726833448,1.1210343006199337,0.43259058701832764,0.024975629186392966,0.95,1.1055559910038597,1.20385655436283,0.0,0.0,0.0,0.0,8.673617379884035e-19,0.012642971224546034,8.673617379884035e-19,0.012642971224546034,8.673617379884035e-19,0.012642971224546034,,,,False
robustness,skewed_factor,n50_t1000_lagged,1000,50,lagged_lognormal_liquidity,no_intercept_csad,300,-9.558542480646508,-9.31789911450267,4.080006913693775,0.2355593089916635,0.95,-10.022106633635811,-9.094978327657206,1.0,1.0,1.0,1.0,0.9873570287754538,0.9999999999999998,0.9873570287754538,0.9999999999999998,0.9873570287754538,0.9999999999999998,,,,False
robustness,skewed_factor,n50_t1000_lagged,1000,50,lagged_lognormal_liquidity,intercept_restored,300,0.5445828453422443,0.5231708416280852,0.24775852186857356,0.01430434492948447,0.95,0.5164329005589627,0.5727327901255259,0.013333333333333334,0.0,,0.0,8.673617379884035e-19,0.012642971224546034,,,8.673617379884035e-19,0.012642971224546034,,,,False
robustness,skewed_factor,n50_t1000_lagged,1000,50,lagged_lognormal_liquidity,scsad,300,3.364728160036309,18.16402572129404,44.151390825390685,2.549081737813568,0.95,-1.6516854206804883,8.381141740753106,0.2866666666666667,0.08333333333333333,0.08333333333333333,0.07666666666666666,0.057080874056394275,0.12012160196406074,0.057080874056394275,0.12012160196406074,0.051627611786607464,0.1124101038501748,,,,False
robustness,skewed_factor,n14_t1000_concentrated,1000,14,concentrated_static,standard_csad,300,2.072533446688955,1.6642824853207392,1.711819311149882,0.09883193400963841,0.95,1.8780391515002473,2.267027741877663,0.02666666666666667,0.0,0.0,0.0,8.673617379884035e-19,0.012642971224546034,8.673617379884035e-19,0.012642971224546034,8.673617379884035e-19,0.012642971224546034,,,,False
robustness,skewed_factor,n14_t1000_concentrated,1000,14,concentrated_static,no_intercept_csad,300,-9.013842866485371,-8.526301404461961,4.009055995022906,0.23146295579227574,0.95,-9.469345684478625,-8.558340048492116,0.9933333333333333,0.97,0.96,0.9566666666666667,0.9439774608583589,0.9841381461905676,0.9313957879613599,0.9769726785120576,0.9272825343659885,0.9745035519155927,,,,False
robustness,skewed_factor,n14_t1000_concentrated,1000,14,concentrated_static,intercept_restored,300,-0.010612854389397519,-0.3773756878737693,1.3127211238339287,0.07578998942164267,0.95,-0.15976222319042138,0.13853651441162634,0.62,0.27,,0.24666666666666667,0.22290402938898543,0.32291173737430573,,,0.20129380271657715,0.2984453027038595,,,,False
robustness,skewed_factor,n14_t1000_concentrated,1000,14,concentrated_static,scsad,300,-43.7947116756478,-28.047426658093187,55.42450430199138,3.199935247845629,0.95,-50.09195918897222,-37.497464162323375,0.8366666666666667,0.48,0.4533333333333333,0.4266666666666667,0.42407680086272237,0.5364289179862594,0.39794515245358275,0.509901524860708,0.3719735758386311,0.4832140599409689,,,,False
robustness,skewed_factor,n62_t1000_concentrated,1000,62,concentrated_static,standard_csad,300,1.7074048594946944,1.2668094993936017,1.6567259791182036,0.0956511190017341,0.95,1.5191701845318508,1.895639534457538,0.07666666666666666,0.006666666666666667,0.006666666666666667,0.006666666666666667,0.0018301483579117855,0.023977583250306973,0.0018301483579117855,0.023977583250306973,0.0018301483579117855,0.023977583250306973,,,,False
robustness,skewed_factor,n62_t1000_concentrated,1000,62,concentrated_static,no_intercept_csad,300,-8.820339364922818,-8.314838489719534,3.697034447395041,0.2134483833406846,0.95,-9.240390771313054,-8.400287958532582,0.9933333333333333,0.9566666666666667,0.9466666666666667,0.9466666666666667,0.9272825343659885,0.9745035519155927,0.9151308582251686,0.9669080874809034,0.9151308582251686,0.9669080874809034,,,,False
robustness,skewed_factor,n62_t1000_concentrated,1000,62,concentrated_static,intercept_restored,300,0.1674754368279655,-0.2542406358407557,1.4659261625320776,0.084635286455001,0.95,0.0009191455632972245,0.3340317280926338,0.5966666666666667,0.26,,0.24333333333333335,0.21362060325993487,0.3124480229278472,,,0.19822154125071836,0.2949351839778819,,,,False
robustness,skewed_factor,n62_t1000_concentrated,1000,62,concentrated_static,scsad,300,-27.599508182177367,-14.249004836851409,46.399506530688214,2.6788767585758637,0.95,-32.87134923514928,-22.32766712920545,0.6733333333333333,0.3333333333333333,0.31333333333333335,0.3,0.2823934472922627,0.38848754311591926,0.2634843975598553,0.36790231169730847,0.2509396637848768,0.35411752470494157,,,,False
robustness,jump_diffusion_factor,n14_t250_equal,250,14,equal,standard_csad,300,0.5826346457394661,0.49516178619423923,1.4304849106928643,0.08258908482602229,0.95,0.42010513536935556,0.7451641561095766,0.2733333333333333,0.023333333333333334,0.023333333333333334,0.023333333333333334,0.011347660299125234,0.04737197226827532,0.011347660299125234,0.04737197226827532,0.011347660299125234,0.04737197226827532,,,,False
robustness,jump_diffusion_factor,n14_t250_equal,250,14,equal,no_intercept_csad,300,-22.938249436014004,-19.622925022011465,13.639479877288883,0.787475737875922,0.95,-24.487946304249412,-21.388552567778596,1.0,1.0,1.0,1.0,0.9873570287754538,0.9999999999999998,0.9873570287754538,0.9999999999999998,0.9873570287754538,0.9999999999999998,,,,False
robustness,jump_diffusion_factor,n14_t250_equal,250,14,equal,intercept_restored,300,0.6044270856838222,0.5497941877863416,1.4720717331736537,0.08499010114142479,0.95,0.4371725440707203,0.771681627296924,0.29,0.02666666666666667,,0.023333333333333334,0.01357306980864708,0.05172894295058982,,,0.011347660299125234,0.04737197226827532,,,,False
robustness,jump_diffusion_factor,n14_t250_equal,250,14,equal,scsad,300,-303.83586522439293,-203.17607020647566,264.74387798283925,15.284994921969766,0.95,-333.9156602228553,-273.75607022593056,1.0,0.9566666666666667,0.95,0.95,0.9272825343659885,0.9745035519155927,0.9191529665272558,0.9694683593706526,0.9191529665272558,0.9694683593706526,,,,False
robustness,jump_diffusion_factor,n14_t1000_equal,1000,14,equal,standard_csad,300,0.6347594802148344,0.6362370923298957,0.47043962226802494,0.027160844255391003,0.95,0.5813088489677786,0.6882101114618903,0.08333333333333333,0.0033333333333333335,0.0033333333333333335,0.0,0.0005886577218511581,0.018636693694531237,0.0005886577218511581,0.018636693694531237,8.673617379884035e-19,0.012642971224546034,,,,False
robustness,jump_diffusion_factor,n14_t1000_equal,1000,14,equal,no_intercept_csad,300,-13.767455180087875,-11.679734209749931,6.537945883300815,0.3774684815670931,0.95,-14.510286604100926,-13.024623756074824,1.0,1.0,1.0,1.0,0.9873570287754538,0.9999999999999998,0.9873570287754538,0.9999999999999998,0.9873570287754538,0.9999999999999998,,,,False
robustness,jump_diffusion_factor,n14_t1000_equal,1000,14,equal,intercept_restored,300,0.6336295749993176,0.642007332374634,0.47299609647420965,0.02730844236250271,0.95,0.5798884810581787,0.6873706689404565,0.07666666666666666,0.0,,0.0,8.673617379884035e-19,0.012642971224546034,,,8.673617379884035e-19,0.012642971224546034,,,,False
robustness,jump_diffusion_factor,n14_t1000_equal,1000,14,equal,scsad,300,-110.99169755954009,-85.08055457156088,87.47671891358293,5.0504707212582325,0.95,-120.93066873465165,-101.05272638442852,1.0,1.0,1.0,1.0,0.9873570287754538,0.9999999999999998,0.9873570287754538,0.9999999999999998,0.9873570287754538,0.9999999999999998,,,,False
robustness,jump_diffusion_factor,n14_t2500_equal,2500,14,equal,standard_csad,300,0.6188740577907975,0.6015647177243173,0.31266677449193536,0.01805182464195709,0.95,0.5833493364971194,0.6543987790844756,0.0033333333333333335,0.0,0.0,0.0,8.673617379884035e-19,0.012642971224546034,8.673617379884035e-19,0.012642971224546034,8.673617379884035e-19,0.012642971224546034,,,,False
robustness,jump_diffusion_factor,n14_t2500_equal,2500,14,equal,no_intercept_csad,300,-11.555087042235431,-10.766878949025113,3.7721213509571037,0.21778352773910184,0.95,-11.983669707906996,-11.126504376563867,1.0,1.0,1.0,1.0,0.9873570287754538,0.9999999999999998,0.9873570287754538,0.9999999999999998,0.9873570287754538,0.9999999999999998,,,,False
robustness,jump_diffusion_factor,n14_t2500_equal,2500,14,equal,intercept_restored,300,0.6203109889876067,0.6082827110314952,0.31266153876841063,0.018051522357318446,0.95,0.5847868625688375,0.655835115406376,0.0033333333333333335,0.0,,0.0,8.673617379884035e-19,0.012642971224546034,,,8.673617379884035e-19,0.012642971224546034,,,,False
robustness,jump_diffusion_factor,n14_t2500_equal,2500,14,equal,scsad,300,-73.13612445301357,-63.90265509570271,38.42530267018076,2.218485884032171,0.95,-77.50194864460386,-68.77030026142327,1.0,1.0,1.0,1.0,0.9873570287754538,0.9999999999999998,0.9873570287754538,0.9999999999999998,0.9873570287754538,0.9999999999999998,,,,False
robustness,jump_diffusion_factor,n50_t1000_equal,1000,50,equal,standard_csad,300,0.6155423248070083,0.6074410090771113,0.26283915357463367,0.015175025606988812,0.95,0.5856789416861837,0.6454057079278329,0.01,0.0,0.0,0.0,8.673617379884035e-19,0.012642971224546034,8.673617379884035e-19,0.012642971224546034,8.673617379884035e-19,0.012642971224546034,,,,False
robustness,jump_diffusion_factor,n50_t1000_equal,1000,50,equal,no_intercept_csad,300,-13.999612998251196,-12.13997439565727,7.152119573891263,0.4129278161262512,0.95,-14.81222589878854,-13.187000097713852,1.0,1.0,1.0,1.0,0.9873570287754538,0.9999999999999998,0.9873570287754538,0.9999999999999998,0.9873570287754538,0.9999999999999998,,,,False
robustness,jump_diffusion_factor,n50_t1000_equal,1000,50,equal,intercept_restored,300,0.6185310004684688,0.602872738436145,0.26291957014662565,0.0151796684599375,0.95,0.5886584805395774,0.6484035203973602,0.01,0.0,,0.0,8.673617379884035e-19,0.012642971224546034,,,8.673617379884035e-19,0.012642971224546034,,,,False
robustness,jump_diffusion_factor,n50_t1000_equal,1000,50,equal,scsad,300,-115.25994267700683,-83.89635820282098,102.60735584218831,5.924038451632313,0.95,-126.91803370665991,-103.60185164735375,1.0,0.9966666666666667,0.9966666666666667,0.9966666666666667,0.9813633063054688,0.9994113422781488,0.9813633063054688,0.9994113422781488,0.9813633063054688,0.9994113422781488,,,,False
robustness,jump_diffusion_factor,n62_t2500_equal,2500,62,equal,standard_csad,300,0.5960549966243512,0.5957933721953664,0.13841896897815928,0.00799162290004907,0.95,0.58032804481536,0.6117819484333424,0.0,0.0,0.0,0.0,8.673617379884035e-19,0.012642971224546034,8.673617379884035e-19,0.012642971224546034,8.673617379884035e-19,0.012642971224546034,,,,False
robustness,jump_diffusion_factor,n62_t2500_equal,2500,62,equal,no_intercept_csad,300,-11.720882914119265,-11.119899148655373,3.3320092173986438,0.1923736418607421,0.95,-12.099460711483234,-11.342305116755297,1.0,1.0,1.0,1.0,0.9873570287754538,0.9999999999999998,0.9873570287754538,0.9999999999999998,0.9873570287754538,0.9999999999999998,,,,False
robustness,jump_diffusion_factor,n62_t2500_equal,2500,62,equal,intercept_restored,300,0.5963316280029133,0.5929761158553799,0.13838746829870582,0.00798980420747286,0.95,0.5806082552530017,0.6120550007528248,0.0,0.0,,0.0,8.673617379884035e-19,0.012642971224546034,,,8.673617379884035e-19,0.012642971224546034,,,,False
robustness,jump_diffusion_factor,n62_t2500_equal,2500,62,equal,scsad,300,-73.16643331581678,-65.98128388680297,32.48592937546949,1.8755760069802478,0.95,-76.85743498654092,-69.47543164509263,1.0,1.0,1.0,1.0,0.9873570287754538,0.9999999999999998,0.9873570287754538,0.9999999999999998,0.9873570287754538,0.9999999999999998,,,,False
robustness,jump_diffusion_factor,n14_t1000_lagged,1000,14,lagged_lognormal_liquidity,standard_csad,300,0.6208037417894039,0.5637349995871948,0.4309157337820549,0.02487893148971145,0.95,0.5718437543761485,0.6697637292026593,0.056666666666666664,0.0,0.0,0.0,8.673617379884035e-19,0.012642971224546034,8.673617379884035e-19,0.012642971224546034,8.673617379884035e-19,0.012642971224546034,,,,False
robustness,jump_diffusion_factor,n14_t1000_lagged,1000,14,lagged_lognormal_liquidity,no_intercept_csad,300,-13.62940463602344,-12.269119858829814,6.336589763643186,0.365843180578362,0.95,-14.349358285308947,-12.909450986737932,1.0,1.0,1.0,1.0,0.9873570287754538,0.9999999999999998,0.9873570287754538,0.9999999999999998,0.9873570287754538,0.9999999999999998,,,,False
robustness,jump_diffusion_factor,n14_t1000_lagged,1000,14,lagged_lognormal_liquidity,intercept_restored,300,0.6192863256413833,0.5703195367329632,0.433816576410239,0.025046411716937333,0.95,0.5699967489199883,0.6685759023627783,0.05333333333333334,0.0,,0.0,8.673617379884035e-19,0.012642971224546034,,,8.673617379884035e-19,0.012642971224546034,,,,False
robustness,jump_diffusion_factor,n14_t1000_lagged,1000,14,lagged_lognormal_liquidity,scsad,300,-108.11450352104188,-84.62707214914357,85.45913834005844,4.933985652534621,0.95,-117.8242402734091,-98.40476676867466,1.0,0.9966666666666667,0.9966666666666667,0.9966666666666667,0.9813633063054688,0.9994113422781488,0.9813633063054688,0.9994113422781488,0.9813633063054688,0.9994113422781488,,,,False
robustness,jump_diffusion_factor,n50_t1000_lagged,1000,50,lagged_lognormal_liquidity,standard_csad,300,0.6079203510889413,0.5932595571198109,0.25653761199261615,0.014811205934120069,0.95,0.5787729394965448,0.6370677626813377,0.006666666666666667,0.0,0.0,0.0,8.673617379884035e-19,0.012642971224546034,8.673617379884035e-19,0.012642971224546034,8.673617379884035e-19,0.012642971224546034,,,,False
robustness,jump_diffusion_factor,n50_t1000_lagged,1000,50,lagged_lognormal_liquidity,no_intercept_csad,300,-15.132892054010705,-12.947956634502017,7.457157811174511,0.4305392069671124,0.95,-15.98016293309729,-14.28562117492412,1.0,1.0,1.0,1.0,0.9873570287754538,0.9999999999999998,0.9873570287754538,0.9999999999999998,0.9873570287754538,0.9999999999999998,,,,False
robustness,jump_diffusion_factor,n50_t1000_lagged,1000,50,lagged_lognormal_liquidity,intercept_restored,300,0.6059627461153632,0.5956962774849875,0.2561715996362016,0.014790074200869802,0.95,0.5768569202877888,0.6350685719429375,0.006666666666666667,0.0,,0.0,8.673617379884035e-19,0.012642971224546034,,,8.673617379884035e-19,0.012642971224546034,,,,False
robustness,jump_diffusion_factor,n50_t1000_lagged,1000,50,lagged_lognormal_liquidity,scsad,300,-127.04784590511534,-92.75795679969227,103.05968392054956,5.950153625412703,0.95,-138.75732976006367,-115.33836205016702,1.0,1.0,1.0,1.0,0.9873570287754538,0.9999999999999998,0.9873570287754538,0.9999999999999998,0.9873570287754538,0.9999999999999998,,,,False
robustness,jump_diffusion_factor,n14_t1000_concentrated,1000,14,concentrated_static,standard_csad,300,0.5390619400168248,0.3376325203230173,0.7354104636410208,0.04245894291480108,0.95,0.45550572653762217,0.6226181534960274,0.21666666666666667,0.013333333333333334,0.013333333333333334,0.01,0.005196961739358857,0.03377553025253262,0.005196961739358857,0.03377553025253262,0.003406618437715286,0.02898349336233983,,,,False
robustness,jump_diffusion_factor,n14_t1000_concentrated,1000,14,concentrated_static,no_intercept_csad,300,-13.117543895885369,-12.102956336646226,5.866527422979265,0.33870411868654,0.95,-13.78408978008335,-12.450998011687387,1.0,1.0,1.0,1.0,0.9873570287754538,0.9999999999999998,0.9873570287754538,0.9999999999999998,0.9873570287754538,0.9999999999999998,,,,False
robustness,jump_diffusion_factor,n14_t1000_concentrated,1000,14,concentrated_static,intercept_restored,300,0.5419842742040367,0.3668078549725129,0.7478205060243647,0.0431754370458689,0.95,0.4570180506665943,0.6269504977414792,0.22,0.013333333333333334,,0.013333333333333334,0.005196961739358857,0.03377553025253262,,,0.005196961739358857,0.03377553025253262,,,,False
robustness,jump_diffusion_factor,n14_t1000_concentrated,1000,14,concentrated_static,scsad,300,-100.66496179721734,-79.45499698059635,76.15983086858493,4.397089885341388,0.95,-109.31812544012922,-92.01179815430547,1.0,0.9966666666666667,0.9933333333333333,0.9933333333333333,0.9813633063054688,0.9994113422781488,0.9760224167496929,0.998169851642088,0.9760224167496929,0.998169851642088,,,,False
robustness,jump_diffusion_factor,n62_t1000_concentrated,1000,62,concentrated_static,standard_csad,300,0.5445100442683507,0.33142958067927436,0.6489244319981788,0.037465669549787355,0.95,0.47078024158991394,0.6182398469467875,0.12333333333333334,0.0033333333333333335,0.0033333333333333335,0.0033333333333333335,0.0005886577218511581,0.018636693694531237,0.0005886577218511581,0.018636693694531237,0.0005886577218511581,0.018636693694531237,,,,False
robustness,jump_diffusion_factor,n62_t1000_concentrated,1000,62,concentrated_static,no_intercept_csad,300,-14.719541007335083,-13.54800781167846,6.699578815016698,0.38680036323070044,0.95,-15.480736918142156,-13.95834509652801,1.0,1.0,1.0,1.0,0.9873570287754538,0.9999999999999998,0.9873570287754538,0.9999999999999998,0.9873570287754538,0.9999999999999998,,,,False
robustness,jump_diffusion_factor,n62_t1000_concentrated,1000,62,concentrated_static,intercept_restored,300,0.5546776052840605,0.3374043488149708,0.6514866711337327,0.03761360049525137,0.95,0.48065668490907215,0.6286985256590488,0.12666666666666668,0.0033333333333333335,,0.0033333333333333335,0.0005886577218511581,0.018636693694531237,,,0.0005886577218511581,0.018636693694531237,,,,False
robustness,jump_diffusion_factor,n62_t1000_concentrated,1000,62,concentrated_static,scsad,300,-118.02829178929785,-91.33022740817111,90.97536931826923,5.252465396552836,0.95,-128.36477427891495,-107.69180929968076,1.0,1.0,1.0,1.0,0.9873570287754538,0.9999999999999998,0.9873570287754538,0.9999999999999998,0.9873570287754538,0.9999999999999998,,,,False
robustness,time_varying_correlation,n14_t250_equal,250,14,equal,standard_csad,300,-0.365223171975922,-0.5002886793712715,1.4504830832348208,0.08374367985606221,0.95,-0.5300248441614039,-0.20042149979044013,0.6166666666666667,0.08666666666666667,0.08666666666666667,0.08333333333333333,0.05982889751804311,0.12395595869424827,0.05982889751804311,0.12395595869424827,0.057080874056394275,0.12012160196406074,,,,False
robustness,time_varying_correlation,n14_t250_equal,250,14,equal,no_intercept_csad,300,-31.421612002356007,-30.84352735998868,7.508675117099352,0.4335135600114755,0.95,-32.27473619904487,-30.568487805667143,1.0,1.0,1.0,1.0,0.9873570287754538,0.9999999999999998,0.9873570287754538,0.9999999999999998,0.9873570287754538,0.9999999999999998,,,,False
robustness,time_varying_correlation,n14_t250_equal,250,14,equal,intercept_restored,300,-0.367155312922031,-0.5081400248250882,1.4758484546237782,0.08520815025601315,0.95,-0.5348389598570449,-0.19947166598701718,0.6133333333333333,0.09333333333333334,,0.08,0.06536421957889091,0.1315853970170732,,,0.054346855395144764,0.11627324043347391,,,,False
robustness,time_varying_correlation,n14_t250_equal,250,14,equal,scsad,300,-400.95564755791713,-379.0306788242063,149.03871940300067,8.604754476699952,0.95,-417.8891991876406,-384.02209592819366,1.0,1.0,1.0,1.0,0.9873570287754538,0.9999999999999998,0.9873570287754538,0.9999999999999998,0.9873570287754538,0.9999999999999998,,,,False
robustness,time_varying_correlation,n14_t1000_equal,1000,14,equal,standard_csad,300,-0.3781772796447704,-0.41877606924825617,0.6728431722438194,0.03884661866173708,0.95,-0.4546246930520829,-0.30172986623745784,0.72,0.08,0.08,0.07666666666666666,0.054346855395144764,0.11627324043347391,0.054346855395144764,0.11627324043347391,0.051627611786607464,0.1124101038501748,,,,False
robustness,time_varying_correlation,n14_t1000_equal,1000,14,equal,no_intercept_csad,300,-29.92782960524335,-29.74233057423725,4.230579880682232,0.2442526432940101,0.95,-30.408501628729347,-29.447157581757352,1.0,1.0,1.0,1.0,0.9873570287754538,0.9999999999999998,0.9873570287754538,0.9999999999999998,0.9873570287754538,0.9999999999999998,,,,False
robustness,time_varying_correlation,n14_t1000_equal,1000,14,equal,intercept_restored,300,-0.3794433745569852,-0.3868067314920468,0.6737968484398917,0.03890167918258929,0.95,-0.45599914319687695,-0.3028876059170934,0.7233333333333334,0.08333333333333333,,0.07666666666666666,0.057080874056394275,0.12012160196406074,,,0.051627611786607464,0.1124101038501748,,,,False
robustness,time_varying_correlation,n14_t1000_equal,1000,14,equal,scsad,300,-346.64795684448694,-340.05618151845897,81.00237192209974,4.676674123422247,0.95,-355.8513226045213,-337.4445910844526,1.0,1.0,1.0,1.0,0.9873570287754538,0.9999999999999998,0.9873570287754538,0.9999999999999998,0.9873570287754538,0.9999999999999998,,,,False
robustness,time_varying_correlation,n14_t2500_equal,2500,14,equal,standard_csad,300,-0.44738430823385167,-0.49039205677322223,0.4023972113142572,0.02323241382734411,0.95,-0.49310406468869367,-0.40166455177900967,0.8766666666666667,0.21,0.21,0.19666666666666666,0.1677218007333024,0.25961112257693425,0.1677218007333024,0.25961112257693425,0.1556446341979055,0.24535876834498568,,,,False
robustness,time_varying_correlation,n14_t2500_equal,2500,14,equal,no_intercept_csad,300,-29.263363734902565,-29.285386227762245,2.469529379755724,0.14257834521736565,0.95,-29.543947890622107,-28.982779579183024,1.0,1.0,1.0,1.0,0.9873570287754538,0.9999999999999998,0.9873570287754538,0.9999999999999998,0.9873570287754538,0.9999999999999998,,,,False
robustness,time_varying_correlation,n14_t2500_equal,2500,14,equal,intercept_restored,300,-0.44636054584179363,-0.49605950391853404,0.402586029699148,0.023243315261878575,0.95,-0.4921017555530914,-0.4006193361304959,0.8733333333333333,0.19666666666666666,,0.19666666666666666,0.1556446341979055,0.24535876834498568,,,0.1556446341979055,0.24535876834498568,,,,False
robustness,time_varying_correlation,n14_t2500_equal,2500,14,equal,scsad,300,-323.6736693803611,-324.29040968634126,49.12570938666001,2.836274153851948,0.95,-329.2552574373305,-318.0920813233917,1.0,1.0,1.0,1.0,0.9873570287754538,0.9999999999999998,0.9873570287754538,0.9999999999999998,0.9873570287754538,0.9999999999999998,,,,False
robustness,time_varying_correlation,n50_t1000_equal,1000,50,equal,standard_csad,300,-0.4682900383311587,-0.4736749114711005,0.4549473968785562,0.02626640020549539,0.95,-0.5199804665951057,-0.4165996100672117,0.8666666666666667,0.18666666666666668,0.18666666666666668,0.18,0.1466374821326313,0.23461877983475085,0.1466374821326313,0.23461877983475085,0.1406583026966649,0.2274331988870445,,,,False
robustness,time_varying_correlation,n50_t1000_equal,1000,50,equal,no_intercept_csad,300,-33.02289769492488,-32.9485319392312,4.7524948148179,0.27438541606574146,0.95,-33.56286889595958,-32.482926493890176,1.0,1.0,1.0,1.0,0.9873570287754538,0.9999999999999998,0.9873570287754538,0.9999999999999998,0.9873570287754538,0.9999999999999998,,,,False
robustness,time_varying_correlation,n50_t1000_equal,1000,50,equal,intercept_restored,300,-0.46829537115136843,-0.47198581648481863,0.45626444103785113,0.026342439785485745,0.95,-0.5201354399608017,-0.4164553023419351,0.86,0.19,,0.18333333333333332,0.14963485033440665,0.23820379182481183,,,0.14364526409824455,0.23102861767730118,,,,False
robustness,time_varying_correlation,n50_t1000_equal,1000,50,equal,scsad,300,-392.98386877973775,-387.6827630408536,94.21239575406298,5.439355204960782,0.95,-403.6881372681668,-382.27960029130867,1.0,1.0,1.0,1.0,0.9873570287754538,0.9999999999999998,0.9873570287754538,0.9999999999999998,0.9873570287754538,0.9999999999999998,,,,False
robustness,time_varying_correlation,n62_t2500_equal,2500,62,equal,standard_csad,300,-0.4617265667119414,-0.46702674849151227,0.27014468548945686,0.015596810688748469,0.95,-0.4924199932091301,-0.4310331402147527,0.9533333333333334,0.4266666666666667,0.4266666666666667,0.42333333333333334,0.3719735758386311,0.4832140599409689,0.3719735758386311,0.4832140599409689,0.3687385228107271,0.47986673277703656,,,,False
robustness,time_varying_correlation,n62_t2500_equal,2500,62,equal,no_intercept_csad,300,-32.920456518596524,-32.65401584400536,2.8530883590191727,0.1647231332101507,0.95,-33.244620059622235,-32.59629297757081,1.0,1.0,1.0,1.0,0.9873570287754538,0.9999999999999998,0.9873570287754538,0.9999999999999998,0.9873570287754538,0.9999999999999998,,,,False
robustness,time_varying_correlation,n62_t2500_equal,2500,62,equal,intercept_restored,300,-0.46156805638104004,-0.4675178805558329,0.2708178527404691,0.015635676018106625,0.95,-0.4923379671129706,-0.43079814564910945,0.9533333333333334,0.4266666666666667,,0.42333333333333334,0.3719735758386311,0.4832140599409689,,,0.3687385228107271,0.47986673277703656,,,,False
robustness,time_varying_correlation,n62_t2500_equal,2500,62,equal,scsad,300,-377.7010998749404,-372.73355718418514,57.89857693646906,3.342775897996667,0.95,-384.27944774164564,-371.1227520082351,1.0,1.0,1.0,1.0,0.9873570287754538,0.9999999999999998,0.9873570287754538,0.9999999999999998,0.9873570287754538,0.9999999999999998,,,,False
robustness,time_varying_correlation,n14_t1000_lagged,1000,14,lagged_lognormal_liquidity,standard_csad,300,-0.3412549721705645,-0.3744050162517814,0.667439329384168,0.03853462764876926,0.95,-0.4170884092069758,-0.2654215351341532,0.68,0.07,0.07,0.06333333333333334,0.046236944827176336,0.10463601042593323,0.046236944827176336,0.10463601042593323,0.040916882383915276,0.09679131248552161,,,,False
robustness,time_varying_correlation,n14_t1000_lagged,1000,14,lagged_lognormal_liquidity,no_intercept_csad,300,-29.26713403594429,-28.918489132097612,3.8477879682029656,0.22215214192265853,0.95,-29.70431382708038,-28.829954244808203,1.0,1.0,1.0,1.0,0.9873570287754538,0.9999999999999998,0.9873570287754538,0.9999999999999998,0.9873570287754538,0.9999999999999998,,,,False
robustness,time_varying_correlation,n14_t1000_lagged,1000,14,lagged_lognormal_liquidity,intercept_restored,300,-0.34563174144333186,-0.3622242450590729,0.6717048752598181,0.038780899054724,0.95,-0.42194982328616404,-0.2693136596004997,0.69,0.07333333333333333,,0.06333333333333334,0.04892399383922859,0.10853134160571733,,,0.040916882383915276,0.09679131248552161,,,,False
robustness,time_varying_correlation,n14_t1000_lagged,1000,14,lagged_lognormal_liquidity,scsad,300,-333.5616618811499,-327.69466586024197,73.95409795361361,4.2697418361194766,0.95,-341.96421351970037,-325.15911024259947,1.0,1.0,1.0,1.0,0.9873570287754538,0.9999999999999998,0.9873570287754538,0.9999999999999998,0.9873570287754538,0.9999999999999998,,,,False
robustness,time_varying_correlation,n50_t1000_lagged,1000,50,lagged_lognormal_liquidity,standard_csad,300,-0.43655828830052645,-0.43769891802824434,0.45084078538519495,0.02602930488038046,0.95,-0.487782129639783,-0.3853344469612699,0.83,0.19666666666666666,0.19666666666666666,0.18333333333333332,0.1556446341979055,0.24535876834498568,0.1556446341979055,0.24535876834498568,0.14364526409824455,0.23102861767730118,,,,False
robustness,time_varying_correlation,n50_t1000_lagged,1000,50,lagged_lognormal_liquidity,no_intercept_csad,300,-32.93987425313894,-32.52112529769231,4.79262353870526,0.27670224901960183,0.95,-33.48440481848181,-32.395343687796064,1.0,1.0,1.0,1.0,0.9873570287754538,0.9999999999999998,0.9873570287754538,0.9999999999999998,0.9873570287754538,0.9999999999999998,,,,False
robustness,time_varying_correlation,n50_t1000_lagged,1000,50,lagged_lognormal_liquidity,intercept_restored,300,-0.4362056029712961,-0.4505804538113589,0.4500331118172546,0.025982673825193685,0.95,-0.4873376776735508,-0.38507352826904145,0.8366666666666667,0.19,,0.18333333333333332,0.14963485033440665,0.23820379182481183,,,0.14364526409824455,0.23102861767730118,,,,False
robustness,time_varying_correlation,n50_t1000_lagged,1000,50,lagged_lognormal_liquidity,scsad,300,-389.09851221511485,-380.6609770695947,97.76414023796353,5.644415268348056,0.95,-400.2063244862243,-377.9906999440054,1.0,1.0,1.0,1.0,0.9873570287754538,0.9999999999999998,0.9873570287754538,0.9999999999999998,0.9873570287754538,0.9999999999999998,,,,False
robustness,time_varying_correlation,n14_t1000_concentrated,1000,14,concentrated_static,standard_csad,300,0.18606615094895085,0.2214706117337727,0.7479566565190703,0.043183297698345766,0.95,0.10108445820028096,0.27104784369762075,0.38666666666666666,0.02666666666666667,0.02666666666666667,0.023333333333333334,0.01357306980864708,0.05172894295058982,0.01357306980864708,0.05172894295058982,0.011347660299125234,0.04737197226827532,,,,False
robustness,time_varying_correlation,n14_t1000_concentrated,1000,14,concentrated_static,no_intercept_csad,300,-24.93947046803147,-24.923390401093247,2.827869746457411,0.1632671359350385,0.95,-25.26076870882141,-24.61817222724153,1.0,1.0,1.0,1.0,0.9873570287754538,0.9999999999999998,0.9873570287754538,0.9999999999999998,0.9873570287754538,0.9999999999999998,,,,False
robustness,time_varying_correlation,n14_t1000_concentrated,1000,14,concentrated_static,intercept_restored,300,0.19218819630095108,0.24121705292185086,0.7447169295594723,0.04299625197512329,0.95,0.10757459638048256,0.2768017962214196,0.38,0.02666666666666667,,0.02666666666666667,0.01357306980864708,0.05172894295058982,,,0.01357306980864708,0.05172894295058982,,,,False
robustness,time_varying_correlation,n14_t1000_concentrated,1000,14,concentrated_static,scsad,300,-262.7693345387692,-259.8354826929948,51.652499154062355,2.9821584290914815,0.95,-268.63801258923263,-256.9006564883058,1.0,1.0,1.0,1.0,0.9873570287754538,0.9999999999999998,0.9873570287754538,0.9999999999999998,0.9873570287754538,0.9999999999999998,,,,False
robustness,time_varying_correlation,n62_t1000_concentrated,1000,62,concentrated_static,standard_csad,300,0.2691388359746822,0.24873488398811933,0.6891687230464958,0.03978917477679649,0.95,0.19083653842378498,0.34744113352557937,0.35333333333333333,0.023333333333333334,0.023333333333333334,0.023333333333333334,0.011347660299125234,0.04737197226827532,0.011347660299125234,0.04737197226827532,0.011347660299125234,0.04737197226827532,,,,False
robustness,time_varying_correlation,n62_t1000_concentrated,1000,62,concentrated_static,no_intercept_csad,300,-26.46229674413594,-26.700347945632238,3.15733582553666,0.182288868879564,0.95,-26.821028417544458,-26.103565070727424,1.0,1.0,1.0,1.0,0.9873570287754538,0.9999999999999998,0.9873570287754538,0.9999999999999998,0.9873570287754538,0.9999999999999998,,,,False
robustness,time_varying_correlation,n62_t1000_concentrated,1000,62,concentrated_static,intercept_restored,300,0.26661523361582323,0.24851760257649108,0.6891976359664819,0.0397908440650102,0.95,0.18830965102312403,0.34492081620852244,0.36,0.023333333333333334,,0.023333333333333334,0.011347660299125234,0.04737197226827532,,,0.011347660299125234,0.04737197226827532,,,,False
robustness,time_varying_correlation,n62_t1000_concentrated,1000,62,concentrated_static,scsad,300,-280.29658233100423,-279.3383903935546,57.69925390053497,3.3312679771514424,0.95,-286.8522834188489,-273.74088124315955,1.0,1.0,1.0,1.0,0.9873570287754538,0.9999999999999998,0.9873570287754538,0.9999999999999998,0.9873570287754538,0.9999999999999998,,,,False
robustness,asymmetric_common_shock,n14_t250_equal,250,14,equal,standard_csad,300,1.3651866130542025,1.3030781191025032,3.0387315646103645,0.17544124868228064,0.95,1.019930574594414,1.710442651513991,0.3466666666666667,0.016666666666666666,0.016666666666666666,0.016666666666666666,0.00713947735063333,0.0384153948330945,0.00713947735063333,0.0384153948330945,0.00713947735063333,0.0384153948330945,,,,False
robustness,asymmetric_common_shock,n14_t250_equal,250,14,equal,no_intercept_csad,300,-42.7411241193943,-42.07668872128767,7.795616697306775,0.45008013986892076,0.95,-43.626850180099574,-41.855398058689026,1.0,1.0,1.0,1.0,0.9873570287754538,0.9999999999999998,0.9873570287754538,0.9999999999999998,0.9873570287754538,0.9999999999999998,,,,False
robustness,asymmetric_common_shock,n14_t250_equal,250,14,equal,intercept_restored,300,-2.438325059073953,-2.322039798112895,3.1222774869716385,0.18026477475877836,0.95,-2.7930734576091933,-2.083576660538713,0.7866666666666666,0.21,,0.18333333333333332,0.1677218007333024,0.25961112257693425,,,0.14364526409824455,0.23102861767730118,,,,False
robustness,asymmetric_common_shock,n14_t250_equal,250,14,equal,scsad,300,-530.235773912196,-520.5925312557351,154.7841578973453,8.936467522832183,0.95,-547.8221134870192,-512.6494343373728,1.0,1.0,1.0,1.0,0.9873570287754538,0.9999999999999998,0.9873570287754538,0.9999999999999998,0.9873570287754538,0.9999999999999998,,,,False
robustness,asymmetric_common_shock,n14_t1000_equal,1000,14,equal,standard_csad,300,1.2330707916408434,1.2676278730569963,1.4408651285772107,0.08318838698499972,0.95,1.069361896771346,1.3967796865103408,0.18333333333333332,0.0,0.0,0.0,8.673617379884035e-19,0.012642971224546034,8.673617379884035e-19,0.012642971224546034,8.673617379884035e-19,0.012642971224546034,,,,False
robustness,asymmetric_common_shock,n14_t1000_equal,1000,14,equal,no_intercept_csad,300,-40.51807663202645,-40.50876667492517,4.797122243534688,0.27696198186402937,0.95,-41.0631183333399,-39.973034930713,1.0,1.0,1.0,1.0,0.9873570287754538,0.9999999999999998,0.9873570287754538,0.9999999999999998,0.9873570287754538,0.9999999999999998,,,,False
robustness,asymmetric_common_shock,n14_t1000_equal,1000,14,equal,intercept_restored,300,-2.355184412110697,-2.5218600418024137,1.5739399817284543,0.09087146721392377,0.95,-2.5340130685125057,-2.1763557557088884,0.9233333333333333,0.43,,0.38333333333333336,0.3752111767337645,0.48655883923767185,,,0.330119832453064,0.43949686083266337,,,,False
robustness,asymmetric_common_shock,n14_t1000_equal,1000,14,equal,scsad,300,-464.4686376227614,-464.709187112625,93.10489400594108,5.375413561720165,0.95,-475.04707345436844,-453.8902017911543,1.0,1.0,1.0,1.0,0.9873570287754538,0.9999999999999998,0.9873570287754538,0.9999999999999998,0.9873570287754538,0.9999999999999998,,,,False
robustness,asymmetric_common_shock,n14_t2500_equal,2500,14,equal,standard_csad,300,1.1713718322917124,1.1714156871644787,0.9504223403696035,0.05487265940562246,0.95,1.0633862978268525,1.2793573667565723,0.10333333333333333,0.0033333333333333335,0.0033333333333333335,0.0033333333333333335,0.0005886577218511581,0.018636693694531237,0.0005886577218511581,0.018636693694531237,0.0005886577218511581,0.018636693694531237,,,,False
robustness,asymmetric_common_shock,n14_t2500_equal,2500,14,equal,no_intercept_csad,300,-39.959740493152516,-40.01836769851947,4.040269873385107,0.23326508989976263,0.95,-40.41878978432353,-39.5006912019815,1.0,1.0,1.0,1.0,0.9873570287754538,0.9999999999999998,0.9873570287754538,0.9999999999999998,0.9873570287754538,0.9999999999999998,,,,False
robustness,asymmetric_common_shock,n14_t2500_equal,2500,14,equal,intercept_restored,300,-2.3137487867575888,-2.280394302692999,1.020070465785809,0.058893795801382376,0.95,-2.429647634839024,-2.1978499386761534,0.9966666666666667,0.7066666666666667,,0.6633333333333333,0.6527939127218992,0.755313659171955,,,0.6080919973085686,0.7144446320914131,,,,False
robustness,asymmetric_common_shock,n14_t2500_equal,2500,14,equal,scsad,300,-444.02636155236956,-440.4766883697514,74.36115907191946,4.293243520742528,0.95,-452.47516285336275,-435.5775602513764,1.0,1.0,1.0,1.0,0.9873570287754538,0.9999999999999998,0.9873570287754538,0.9999999999999998,0.9873570287754538,0.9999999999999998,,,,False
robustness,asymmetric_common_shock,n50_t1000_equal,1000,50,equal,standard_csad,300,0.9201901397191589,0.8556172502569954,1.6185625628036162,0.09344775313349182,0.95,0.7362915338202358,1.104088745618082,0.2733333333333333,0.0033333333333333335,0.0033333333333333335,0.0033333333333333335,0.0005886577218511581,0.018636693694531237,0.0005886577218511581,0.018636693694531237,0.0005886577218511581,0.018636693694531237,,,,False
robustness,asymmetric_common_shock,n50_t1000_equal,1000,50,equal,no_intercept_csad,300,-48.48218715504626,-48.16475102691621,5.06463707564514,0.29240695789714805,0.95,-49.057623482933295,-47.90675082715923,1.0,1.0,1.0,1.0,0.9873570287754538,0.9999999999999998,0.9873570287754538,0.9999999999999998,0.9873570287754538,0.9999999999999998,,,,False
robustness,asymmetric_common_shock,n50_t1000_equal,1000,50,equal,intercept_restored,300,-0.38759395791835544,-0.42257095793371424,1.6328645540783697,0.0942734789847345,0.95,-0.5731175342184534,-0.2020703816182575,0.6,0.08,,0.07,0.054346855395144764,0.11627324043347391,,,0.046236944827176336,0.10463601042593323,,,,False
robustness,asymmetric_common_shock,n50_t1000_equal,1000,50,equal,scsad,300,-596.8620294203091,-591.364278927824,109.20149025645675,6.304750979547359,0.95,-609.2693359290312,-584.454722911587,1.0,1.0,1.0,1.0,0.9873570287754538,0.9999999999999998,0.9873570287754538,0.9999999999999998,0.9873570287754538,0.9999999999999998,,,,False
robustness,asymmetric_common_shock,n62_t2500_equal,2500,62,equal,standard_csad,300,0.7950444566248213,0.8313685850785104,0.9949441216615742,0.05744312564699456,0.95,0.6820004253802335,0.908088487869409,0.2,0.0033333333333333335,0.0033333333333333335,0.0033333333333333335,0.0005886577218511581,0.018636693694531237,0.0005886577218511581,0.018636693694531237,0.0005886577218511581,0.018636693694531237,,,,False
robustness,asymmetric_common_shock,n62_t2500_equal,2500,62,equal,no_intercept_csad,300,-49.020934095300504,-48.72655994865816,3.7611796363084684,0.21715180754932328,0.95,-49.448273580068054,-48.59359461053295,1.0,1.0,1.0,1.0,0.9873570287754538,0.9999999999999998,0.9873570287754538,0.9999999999999998,0.9873570287754538,0.9999999999999998,,,,False
robustness,asymmetric_common_shock,n62_t2500_equal,2500,62,equal,intercept_restored,300,-0.3472949357731394,-0.40108038504969024,1.1282789392546397,0.06514121492996516,0.95,-0.4754882653128014,-0.2191016062334774,0.6366666666666667,0.07,,0.06666666666666667,0.046236944827176336,0.10463601042593323,,,0.043567515545158274,0.10072305951611496,,,,False
robustness,asymmetric_common_shock,n62_t2500_equal,2500,62,equal,scsad,300,-596.9892014199362,-594.778571262982,80.80565505178276,4.665316669619082,0.95,-606.1702165096663,-587.8081863302061,1.0,1.0,1.0,1.0,0.9873570287754538,0.9999999999999998,0.9873570287754538,0.9999999999999998,0.9873570287754538,0.9999999999999998,,,,False
robustness,asymmetric_common_shock,n14_t1000_lagged,1000,14,lagged_lognormal_liquidity,standard_csad,300,1.5931329071552085,1.6557512734309685,1.4240388967027668,0.082216924034784,0.95,1.4313357830478388,1.7549300312625782,0.13666666666666666,0.0033333333333333335,0.0033333333333333335,0.0033333333333333335,0.0005886577218511581,0.018636693694531237,0.0005886577218511581,0.018636693694531237,0.0005886577218511581,0.018636693694531237,,,,False
robustness,asymmetric_common_shock,n14_t1000_lagged,1000,14,lagged_lognormal_liquidity,no_intercept_csad,300,-38.090778727000774,-38.18230869912581,4.415247865977409,0.2549144543960977,0.95,-38.592432444880544,-37.589125009121005,1.0,1.0,1.0,1.0,0.9873570287754538,0.9999999999999998,0.9873570287754538,0.9999999999999998,0.9873570287754538,0.9999999999999998,,,,False
robustness,asymmetric_common_shock,n14_t1000_lagged,1000,14,lagged_lognormal_liquidity,intercept_restored,300,-2.3473837020749837,-2.3841040077801914,1.2916738420253873,0.07457482403985555,0.95,-2.4941417108683672,-2.2006256932816,0.9533333333333334,0.46,,0.42333333333333334,0.4044631474970939,0.5165482902008698,,,0.3687385228107271,0.47986673277703656,,,,False
robustness,asymmetric_common_shock,n14_t1000_lagged,1000,14,lagged_lognormal_liquidity,scsad,300,-423.1498297695502,-425.0652421744036,84.48544746493914,4.87776958364886,0.95,-432.74893725207886,-413.55072228702153,1.0,1.0,1.0,1.0,0.9873570287754538,0.9999999999999998,0.9873570287754538,0.9999999999999998,0.9873570287754538,0.9999999999999998,,,,False
robustness,asymmetric_common_shock,n50_t1000_lagged,1000,50,lagged_lognormal_liquidity,standard_csad,300,1.0458210318474324,1.05401799264419,1.4772333121215937,0.08528810504092844,0.95,0.8779800395189999,1.2136620241758647,0.21333333333333335,0.0033333333333333335,0.0033333333333333335,0.0033333333333333335,0.0005886577218511581,0.018636693694531237,0.0005886577218511581,0.018636693694531237,0.0005886577218511581,0.018636693694531237,,,,False
robustness,asymmetric_common_shock,n50_t1000_lagged,1000,50,lagged_lognormal_liquidity,no_intercept_csad,300,-48.121037717860794,-47.89242258012718,5.044477085128962,0.2912430203020105,0.95,-48.69418349842142,-47.54789193730017,1.0,1.0,1.0,1.0,0.9873570287754538,0.9999999999999998,0.9873570287754538,0.9999999999999998,0.9873570287754538,0.9999999999999998,,,,False
robustness,asymmetric_common_shock,n50_t1000_lagged,1000,50,lagged_lognormal_liquidity,intercept_restored,300,-0.8585150177544265,-1.0110198801695465,1.6337679212163312,0.0943256349107624,0.95,-1.0441412332487723,-0.6728888022600806,0.7033333333333334,0.14333333333333334,,0.11666666666666667,0.1081847423238497,0.18750057714965976,,,0.08509313461466292,0.15793314332415567,,,,False
robustness,asymmetric_common_shock,n50_t1000_lagged,1000,50,lagged_lognormal_liquidity,scsad,300,-590.7067869420156,-581.6091103068378,109.83734096064174,6.341461837069921,0.95,-603.1863378364332,-578.227236047598,1.0,1.0,1.0,1.0,0.9873570287754538,0.9999999999999998,0.9873570287754538,0.9999999999999998,0.9873570287754538,0.9999999999999998,,,,False
robustness,asymmetric_common_shock,n14_t1000_concentrated,1000,14,concentrated_static,standard_csad,300,3.2593652334915024,3.2103413485476313,1.2302755402032237,0.07102999143137434,0.95,3.1195832059602204,3.3991472610227844,0.0033333333333333335,0.0,0.0,0.0,8.673617379884035e-19,0.012642971224546034,8.673617379884035e-19,0.012642971224546034,8.673617379884035e-19,0.012642971224546034,,,,False
robustness,asymmetric_common_shock,n14_t1000_concentrated,1000,14,concentrated_static,no_intercept_csad,300,-25.09744018192159,-24.965214722983017,3.2405169776005667,0.18709133493312394,0.95,-25.465622770761588,-24.729257593081595,1.0,1.0,1.0,1.0,0.9873570287754538,0.9999999999999998,0.9873570287754538,0.9999999999999998,0.9873570287754538,0.9999999999999998,,,,False
robustness,asymmetric_common_shock,n14_t1000_concentrated,1000,14,concentrated_static,intercept_restored,300,-0.03208954784173248,-0.12465706722104675,1.1433132094828065,0.06600921892629533,0.95,-0.1619910481986402,0.09781195251517522,0.5433333333333333,0.03666666666666667,,0.03333333333333333,0.02059530516285303,0.06445384817189295,,,0.01820494733885481,0.06026182580405482,,,,False
robustness,asymmetric_common_shock,n14_t1000_concentrated,1000,14,concentrated_static,scsad,300,-235.12381709132382,-233.1114547481647,49.1737530596405,2.839047956604762,0.95,-240.7108637970266,-229.53677038562103,1.0,1.0,1.0,1.0,0.9873570287754538,0.9999999999999998,0.9873570287754538,0.9999999999999998,0.9873570287754538,0.9999999999999998,,,,False
robustness,asymmetric_common_shock,n62_t1000_concentrated,1000,62,concentrated_static,standard_csad,300,3.5617121804911434,3.4988600666332434,1.1043097067106746,0.06375735064381247,0.95,3.4362421985381615,3.687182162444125,0.0,0.0,0.0,0.0,8.673617379884035e-19,0.012642971224546034,8.673617379884035e-19,0.012642971224546034,8.673617379884035e-19,0.012642971224546034,,,,False
robustness,asymmetric_common_shock,n62_t1000_concentrated,1000,62,concentrated_static,no_intercept_csad,300,-27.058980443675043,-26.866060151177813,3.5642314053986888,0.2057809961361051,0.95,-27.463942971301172,-26.654017916048915,1.0,1.0,1.0,1.0,0.9873570287754538,0.9999999999999998,0.9873570287754538,0.9999999999999998,0.9873570287754538,0.9999999999999998,,,,False
robustness,asymmetric_common_shock,n62_t1000_concentrated,1000,62,concentrated_static,intercept_restored,300,0.026411180900828286,-0.0019442325007784367,0.9564690170422132,0.05522176444608585,0.95,-0.0822613677307798,0.1350837295324364,0.5,0.05333333333333334,,0.05333333333333334,0.03309191251909646,0.08486914177483133,,,0.03309191251909646,0.08486914177483133,,,,False
robustness,asymmetric_common_shock,n62_t1000_concentrated,1000,62,concentrated_static,scsad,300,-257.5163623937256,-256.18714919204865,56.718316444301614,3.2746335267099913,0.95,-263.96061086625537,-251.07211392119586,1.0,1.0,1.0,1.0,0.9873570287754538,0.9999999999999998,0.9873570287754538,0.9999999999999998,0.9873570287754538,0.9999999999999998,,,,False
